text,true,pred,correct,confidence,top1,top1_prob,top2,top2_prob,top3,top3_prob
How do I locate my card?,card_arrival,card_arrival,True,0.5047,card_arrival,0.5047,lost_or_stolen_card,0.154,card_linking,0.115
"I still have not received my new card, I ordered over a week ago.",card_arrival,card_arrival,True,0.9054,card_arrival,0.9054,card_delivery_estimate,0.0195,lost_or_stolen_card,0.0095
I ordered a card but it has not arrived. Help please!,card_arrival,card_arrival,True,0.829,card_arrival,0.829,card_delivery_estimate,0.0606,card_about_to_expire,0.0209
Is there a way to know when my card will arrive?,card_arrival,card_delivery_estimate,False,0.5269,card_delivery_estimate,0.5269,card_arrival,0.3726,card_about_to_expire,0.0115
My card has not arrived yet.,card_arrival,card_arrival,True,0.888,card_arrival,0.888,card_delivery_estimate,0.0424,card_about_to_expire,0.0107
When will I get my card?,card_arrival,card_delivery_estimate,False,0.8417,card_delivery_estimate,0.8417,card_arrival,0.0452,transfer_timing,0.0185
Do you know if there is a tracking number for the new card you sent me?,card_arrival,card_arrival,True,0.893,card_arrival,0.893,card_linking,0.0147,card_delivery_estimate,0.0142
i have not received my card,card_arrival,card_arrival,True,0.8566,card_arrival,0.8566,card_delivery_estimate,0.0584,lost_or_stolen_card,0.0136
still waiting on that card,card_arrival,card_arrival,True,0.8893,card_arrival,0.8893,card_delivery_estimate,0.0271,lost_or_stolen_card,0.0109
Is it normal to have to wait over a week for my new card?,card_arrival,card_arrival,True,0.8868,card_arrival,0.8868,card_delivery_estimate,0.032,card_about_to_expire,0.0117
How do I track my card?,card_arrival,card_arrival,True,0.8586,card_arrival,0.8586,card_delivery_estimate,0.0216,lost_or_stolen_card,0.0207
How long does a card delivery take?,card_arrival,card_delivery_estimate,False,0.6053,card_delivery_estimate,0.6053,card_arrival,0.2743,card_about_to_expire,0.0159
I still don't have my card after 2 weeks.  What should I do?,card_arrival,card_arrival,True,0.8839,card_arrival,0.8839,card_delivery_estimate,0.0299,lost_or_stolen_card,0.0127
still waiting on my new card,card_arrival,card_arrival,True,0.8976,card_arrival,0.8976,card_delivery_estimate,0.0173,card_linking,0.0116
I am still waiting for my card after 1 week.  Is this ok?,card_arrival,card_arrival,True,0.8506,card_arrival,0.8506,card_delivery_estimate,0.0487,card_about_to_expire,0.0133
"I have been waiting longer than expected for my bank card, could you provide information on when it will arrive?",card_arrival,card_arrival,True,0.7166,card_arrival,0.7166,card_delivery_estimate,0.1672,card_about_to_expire,0.0112
I've been waiting longer than expected for my card.,card_arrival,card_arrival,True,0.7246,card_arrival,0.7246,card_delivery_estimate,0.1683,card_about_to_expire,0.011
Why hasn't my card been delivered?,card_arrival,card_arrival,True,0.8589,card_arrival,0.8589,card_delivery_estimate,0.0559,lost_or_stolen_card,0.0109
Where is my new card? I have been waiting a week!,card_arrival,card_arrival,True,0.9068,card_arrival,0.9068,card_delivery_estimate,0.017,card_linking,0.0089
My card still hasn't arrived after 2 weeks. Is it lost?,card_arrival,card_arrival,True,0.9023,card_arrival,0.9023,card_delivery_estimate,0.0204,lost_or_stolen_card,0.0119
"I did not get my card yet, is it lost?",card_arrival,card_arrival,True,0.8314,card_arrival,0.8314,card_delivery_estimate,0.0528,lost_or_stolen_card,0.0291
Status of the card I ordered.,card_arrival,card_arrival,True,0.666,card_arrival,0.666,card_linking,0.1115,lost_or_stolen_card,0.0491
How long should my new card take to arrive?,card_arrival,card_arrival,True,0.8339,card_arrival,0.8339,card_delivery_estimate,0.083,card_about_to_expire,0.0169
I ordered my card 2 weeks ago and it still isn't here? What do I do?,card_arrival,card_arrival,True,0.8989,card_arrival,0.8989,card_delivery_estimate,0.0289,lost_or_stolen_card,0.0087
"My card has not arrived yet, where is it?",card_arrival,card_arrival,True,0.9069,card_arrival,0.9069,card_delivery_estimate,0.0291,lost_or_stolen_card,0.0105
What is the tracking number for my card that was mailed?,card_arrival,card_arrival,True,0.8991,card_arrival,0.8991,card_delivery_estimate,0.0219,lost_or_stolen_card,0.0102
I think something went wrong with my card delivery as I haven't received it yet.,card_arrival,card_arrival,True,0.8313,card_arrival,0.8313,card_delivery_estimate,0.0778,card_about_to_expire,0.0089
"I'm still waiting for delivery of my new card, why is it taking so long?",card_arrival,card_arrival,True,0.8981,card_arrival,0.8981,card_delivery_estimate,0.0286,card_about_to_expire,0.0101
"I ordered a card a week ago, and it's still not here. What do I do?",card_arrival,card_arrival,True,0.8718,card_arrival,0.8718,card_delivery_estimate,0.0211,card_linking,0.0206
i want to track the card you sent,card_arrival,card_arrival,True,0.906,card_arrival,0.906,card_delivery_estimate,0.0222,lost_or_stolen_card,0.0074
My card hasn't arrived yet.,card_arrival,card_arrival,True,0.8999,card_arrival,0.8999,card_delivery_estimate,0.0324,card_about_to_expire,0.0094
I was expecting my new card and am wondering why I haven't received it yet?,card_arrival,card_arrival,True,0.8942,card_arrival,0.8942,card_delivery_estimate,0.0311,card_about_to_expire,0.0128
How do I know when my card will arrive?,card_arrival,card_delivery_estimate,False,0.6237,card_delivery_estimate,0.6237,card_arrival,0.2758,card_about_to_expire,0.0105
I'm still waiting on my card to be delivered.,card_arrival,card_arrival,True,0.6784,card_arrival,0.6784,card_delivery_estimate,0.221,card_about_to_expire,0.01
Does the card you sent have a way to track to it?,card_arrival,card_arrival,True,0.9064,card_arrival,0.9064,card_delivery_estimate,0.0227,card_linking,0.0074
I ordered a card and I still haven't received it. It's been two weeks. What can I do?,card_arrival,card_arrival,True,0.8733,card_arrival,0.8733,card_delivery_estimate,0.0401,card_about_to_expire,0.0143
"I'm starting to think my card is lost because it still hasn't arrived, can you help?",card_arrival,card_arrival,True,0.8634,card_arrival,0.8634,lost_or_stolen_card,0.0286,card_delivery_estimate,0.026
Is there tracking info available?,card_arrival,card_arrival,True,0.1652,card_arrival,0.1652,transfer_not_received_by_recipient,0.1149,unable_to_verify_identity,0.0656
What is the tracking number for the card you sent?,card_arrival,card_arrival,True,0.9101,card_arrival,0.9101,card_delivery_estimate,0.0207,lost_or_stolen_card,0.0085
Where is the tracking number for the card you sent me?,card_arrival,card_arrival,True,0.9087,card_arrival,0.9087,card_delivery_estimate,0.0188,lost_or_stolen_card,0.0096
Why won't my card show up on the app?,card_linking,card_linking,True,0.7735,card_linking,0.7735,lost_or_stolen_phone,0.067,compromised_card,0.0131
I would like to reactivate my card.,card_linking,card_linking,True,0.8838,card_linking,0.8838,activate_my_card,0.0189,lost_or_stolen_card,0.0105
Where do I link the new card?,card_linking,card_linking,True,0.9186,card_linking,0.9186,activate_my_card,0.0091,lost_or_stolen_card,0.0069
"I have received my card, can you help me put it in the app?",card_linking,card_linking,True,0.9064,card_linking,0.9064,lost_or_stolen_phone,0.0136,activate_my_card,0.0089
How do I link a card that I already have?,card_linking,card_linking,True,0.9192,card_linking,0.9192,lost_or_stolen_card,0.0071,card_arrival,0.0061
"I received my new card, but I don't see it in the app anywhere.  What do I do?",card_linking,card_linking,True,0.8412,card_linking,0.8412,card_arrival,0.0482,lost_or_stolen_card,0.0127
How do I re-add a card to the app?,card_linking,card_linking,True,0.9103,card_linking,0.9103,lost_or_stolen_phone,0.009,activate_my_card,0.0069
How do I add the card to my account?,card_linking,card_linking,True,0.5152,card_linking,0.5152,order_physical_card,0.1238,card_arrival,0.0559
Can I put my old card back into the system? I just found it/,card_linking,card_linking,True,0.7095,card_linking,0.7095,activate_my_card,0.0427,lost_or_stolen_card,0.0396
"I have one of your cards already, how do I link it?",card_linking,card_linking,True,0.9163,card_linking,0.9163,lost_or_stolen_card,0.007,lost_or_stolen_phone,0.0058
How do I link a new card?,card_linking,card_linking,True,0.9153,card_linking,0.9153,activate_my_card,0.0108,lost_or_stolen_card,0.0072
Can I link an existing card?,card_linking,card_linking,True,0.9147,card_linking,0.9147,lost_or_stolen_card,0.0086,order_physical_card,0.0059
How do I link one your card if I have one already?,card_linking,card_linking,True,0.8974,card_linking,0.8974,lost_or_stolen_card,0.0096,compromised_card,0.0091
How do I add a card to the app?,card_linking,card_linking,True,0.911,card_linking,0.911,lost_or_stolen_phone,0.0083,activate_my_card,0.0071
Can I link my new card?,card_linking,card_linking,True,0.9092,card_linking,0.9092,activate_my_card,0.0125,lost_or_stolen_card,0.008
"Hello, I found the card I misplaced and I need to reactive it, how do I do that?",card_linking,card_linking,True,0.8308,card_linking,0.8308,lost_or_stolen_card,0.0379,card_arrival,0.0218
Can you tell me how to link one of your cards that I already have?,card_linking,card_linking,True,0.8853,card_linking,0.8853,lost_or_stolen_card,0.0125,compromised_card,0.0101
How do I view the card I received in the app?,card_linking,card_linking,True,0.9012,card_linking,0.9012,activate_my_card,0.0092,card_arrival,0.0079
Where on the website do I go to link my card?,card_linking,card_linking,True,0.8676,card_linking,0.8676,lost_or_stolen_card,0.0143,order_physical_card,0.0093
"I found my card, can I add it to the app?",card_linking,card_linking,True,0.9116,card_linking,0.9116,lost_or_stolen_phone,0.0104,lost_or_stolen_card,0.0072
How do I link to my credit card with you?,card_linking,card_linking,True,0.6756,card_linking,0.6756,topping_up_by_card,0.0341,lost_or_stolen_phone,0.0269
I've received my card so now I need to know how to sync it to the app.,card_linking,card_linking,True,0.6197,card_linking,0.6197,lost_or_stolen_phone,0.1692,activate_my_card,0.0299
"I found my card, I would like to reactivate it.",card_linking,card_linking,True,0.9051,card_linking,0.9051,activate_my_card,0.0106,lost_or_stolen_card,0.0076
How do I link this new card?,card_linking,card_linking,True,0.9091,card_linking,0.9091,activate_my_card,0.0125,lost_or_stolen_card,0.0083
Can I reactivate my lost card that I found this morning in my jacket pocket?,card_linking,card_linking,True,0.8686,card_linking,0.8686,lost_or_stolen_card,0.0306,card_arrival,0.0137
how do I link an already existing card?,card_linking,card_linking,True,0.9213,card_linking,0.9213,lost_or_stolen_card,0.0073,lost_or_stolen_phone,0.0061
The app doesn't show the card I received.,card_linking,card_arrival,False,0.6516,card_arrival,0.6516,card_linking,0.1056,lost_or_stolen_card,0.04
how do I link a card I already have?,card_linking,card_linking,True,0.9183,card_linking,0.9183,lost_or_stolen_phone,0.0078,lost_or_stolen_card,0.0064
I would like to link my card. How do I do it?,card_linking,card_linking,True,0.9101,card_linking,0.9101,lost_or_stolen_phone,0.0094,lost_or_stolen_card,0.0079
Can you please show me where I can find the location to link my card?,card_linking,card_linking,True,0.9021,card_linking,0.9021,lost_or_stolen_card,0.0105,compromised_card,0.0074
Where do I go if I want to link my new card?,card_linking,card_linking,True,0.9063,card_linking,0.9063,lost_or_stolen_phone,0.0098,activate_my_card,0.0082
Is there a way to make my old card usable with the app?,card_linking,card_linking,True,0.6661,card_linking,0.6661,activate_my_card,0.089,card_not_working,0.0458
Can I reactivate a card I thought I lost?,card_linking,card_linking,True,0.9003,card_linking,0.9003,lost_or_stolen_card,0.0122,card_arrival,0.0076
How do I link my card,card_linking,card_linking,True,0.9069,card_linking,0.9069,lost_or_stolen_card,0.0083,lost_or_stolen_phone,0.0082
Where do I need to go in the app to enter my card info?,card_linking,card_linking,True,0.8274,card_linking,0.8274,compromised_card,0.0188,card_arrival,0.0145
I have found my lost or stolen card. Is there a way I can link the card with my account through my app again?,card_linking,card_linking,True,0.7691,card_linking,0.7691,lost_or_stolen_card,0.0666,compromised_card,0.0301
"Could you help me reactivate my card? It was previously lost, but I found it this morning in my jacket.",card_linking,card_linking,True,0.8816,card_linking,0.8816,lost_or_stolen_card,0.0186,card_arrival,0.0144
"I already have one of your cards, how do I link them?",card_linking,card_linking,True,0.9041,card_linking,0.9041,lost_or_stolen_card,0.0086,getting_spare_card,0.0074
How do I link my replacement card?,card_linking,card_linking,True,0.9073,card_linking,0.9073,activate_my_card,0.0097,lost_or_stolen_phone,0.0089
Can I link another card to my account?,card_linking,card_linking,True,0.6998,card_linking,0.6998,getting_spare_card,0.1093,order_physical_card,0.0262
I need to know your exchange rates.,exchange_rate,exchange_rate,True,0.9121,exchange_rate,0.9121,exchange_charge,0.0111,card_payment_wrong_exchange_rate,0.0075
What exchange rates do you offer?,exchange_rate,exchange_rate,True,0.9016,exchange_rate,0.9016,exchange_charge,0.0197,fiat_currency_support,0.0057
How did you come up with your exchange rates?,exchange_rate,exchange_rate,True,0.8976,exchange_rate,0.8976,card_payment_wrong_exchange_rate,0.0156,wrong_exchange_rate_for_cash_withdrawal,0.0144
Where do you guys acquire your exchange rate?,exchange_rate,exchange_rate,True,0.9091,exchange_rate,0.9091,exchange_charge,0.0168,card_payment_wrong_exchange_rate,0.0123
How do I find the exchange rate?,exchange_rate,exchange_rate,True,0.9179,exchange_rate,0.9179,exchange_charge,0.0115,card_payment_wrong_exchange_rate,0.0089
What are your international exchange rates?,exchange_rate,exchange_rate,True,0.9046,exchange_rate,0.9046,exchange_charge,0.0157,card_payment_wrong_exchange_rate,0.0073
How often do your exchange rates change,exchange_rate,exchange_rate,True,0.8344,exchange_rate,0.8344,card_payment_wrong_exchange_rate,0.0428,wrong_exchange_rate_for_cash_withdrawal,0.0322
Please advise what is the exchange rate,exchange_rate,exchange_rate,True,0.9011,exchange_rate,0.9011,card_payment_wrong_exchange_rate,0.0201,exchange_charge,0.0152
How are exchange rates calculated?,exchange_rate,exchange_rate,True,0.9125,exchange_rate,0.9125,exchange_charge,0.0142,card_payment_wrong_exchange_rate,0.0045
what are exchange rates based on,exchange_rate,exchange_rate,True,0.9067,exchange_rate,0.9067,exchange_charge,0.0194,card_payment_wrong_exchange_rate,0.0112
what are exchange rates,exchange_rate,exchange_rate,True,0.9097,exchange_rate,0.9097,exchange_charge,0.0163,card_payment_wrong_exchange_rate,0.011
What are the most current exchange rates?,exchange_rate,exchange_rate,True,0.9157,exchange_rate,0.9157,exchange_charge,0.0131,card_payment_wrong_exchange_rate,0.0075
Can you explain your exchange rate policy to me?,exchange_rate,exchange_rate,True,0.9061,exchange_rate,0.9061,exchange_charge,0.0176,card_payment_wrong_exchange_rate,0.0146
Is it a good time to exchange?,exchange_rate,exchange_rate,True,0.2567,exchange_rate,0.2567,exchange_charge,0.1511,exchange_via_app,0.1355
What is the exchange rate like on this app?,exchange_rate,exchange_rate,True,0.8545,exchange_rate,0.8545,card_payment_wrong_exchange_rate,0.0476,exchange_charge,0.0248
Do you have a list of exchange rates?,exchange_rate,exchange_rate,True,0.9087,exchange_rate,0.9087,exchange_charge,0.0169,card_payment_wrong_exchange_rate,0.0055
Can you tell me where you get your exchange rates?,exchange_rate,exchange_rate,True,0.9123,exchange_rate,0.9123,exchange_charge,0.0103,card_payment_wrong_exchange_rate,0.0056
Will I get a curreng foreign exchange rate?,exchange_rate,exchange_rate,True,0.8208,exchange_rate,0.8208,exchange_charge,0.0786,card_payment_wrong_exchange_rate,0.0223
What currencies is an exchange rate calculated in?,exchange_rate,exchange_rate,True,0.7221,exchange_rate,0.7221,exchange_charge,0.1171,fiat_currency_support,0.05
Where do you get your exchange rates from?,exchange_rate,exchange_rate,True,0.9125,exchange_rate,0.9125,exchange_charge,0.0127,card_payment_wrong_exchange_rate,0.0059
What is the base of the exchange rates?,exchange_rate,exchange_rate,True,0.9176,exchange_rate,0.9176,exchange_charge,0.0108,card_payment_wrong_exchange_rate,0.006
What exchange rate do you use?,exchange_rate,exchange_rate,True,0.9073,exchange_rate,0.9073,exchange_charge,0.0185,card_payment_wrong_exchange_rate,0.0065
The exchange rates are?,exchange_rate,exchange_rate,True,0.9134,exchange_rate,0.9134,exchange_charge,0.0163,card_payment_wrong_exchange_rate,0.0078
What do you base your exchange rates on?,exchange_rate,exchange_rate,True,0.9096,exchange_rate,0.9096,exchange_charge,0.0203,card_payment_wrong_exchange_rate,0.0084
What foreign exchange rate will you use?,exchange_rate,exchange_rate,True,0.8988,exchange_rate,0.8988,exchange_charge,0.0237,card_payment_wrong_exchange_rate,0.0081
How much will I get with the exchange rate?,exchange_rate,exchange_rate,True,0.8655,exchange_rate,0.8655,exchange_charge,0.0315,card_payment_wrong_exchange_rate,0.0271
The exchange rate would be?,exchange_rate,exchange_rate,True,0.8937,exchange_rate,0.8937,exchange_charge,0.0249,card_payment_wrong_exchange_rate,0.0151
What is the exchange rate like?,exchange_rate,exchange_rate,True,0.9112,exchange_rate,0.9112,exchange_charge,0.0148,card_payment_wrong_exchange_rate,0.0119
How do your exchange rates work?,exchange_rate,exchange_rate,True,0.9154,exchange_rate,0.9154,exchange_charge,0.0119,card_payment_wrong_exchange_rate,0.0066
what is the exchange rate?,exchange_rate,exchange_rate,True,0.9145,exchange_rate,0.9145,card_payment_wrong_exchange_rate,0.0116,exchange_charge,0.0114
Where did your guys exchange rates come from?,exchange_rate,exchange_rate,True,0.8842,exchange_rate,0.8842,card_payment_wrong_exchange_rate,0.0221,wrong_exchange_rate_for_cash_withdrawal,0.0156
How are you determining your exchange rates?,exchange_rate,exchange_rate,True,0.9118,exchange_rate,0.9118,exchange_charge,0.012,card_payment_wrong_exchange_rate,0.0045
I'm trying to figure out the current exchange rate.,exchange_rate,exchange_rate,True,0.7913,exchange_rate,0.7913,card_payment_wrong_exchange_rate,0.069,wrong_exchange_rate_for_cash_withdrawal,0.0508
From where are you getting your exchange rates?,exchange_rate,exchange_rate,True,0.915,exchange_rate,0.915,exchange_charge,0.0094,card_payment_wrong_exchange_rate,0.0066
Can you tell me the foreign exchange rate?,exchange_rate,exchange_rate,True,0.9074,exchange_rate,0.9074,exchange_charge,0.0193,card_payment_wrong_exchange_rate,0.0121
why do your exchange rates change,exchange_rate,exchange_rate,True,0.5862,exchange_rate,0.5862,card_payment_wrong_exchange_rate,0.1603,wrong_exchange_rate_for_cash_withdrawal,0.126
What kind of foreign exchange rate will I get when I exchange my money?,exchange_rate,exchange_rate,True,0.7434,exchange_rate,0.7434,wrong_exchange_rate_for_cash_withdrawal,0.0633,exchange_charge,0.0588
What is my foreign exchange rate?,exchange_rate,exchange_rate,True,0.8987,exchange_rate,0.8987,card_payment_wrong_exchange_rate,0.0181,exchange_charge,0.0151
when does the rate get determined,exchange_rate,card_payment_wrong_exchange_rate,False,0.333,card_payment_wrong_exchange_rate,0.333,exchange_rate,0.2952,wrong_exchange_rate_for_cash_withdrawal,0.144
What is the current exchange rate for me?,exchange_rate,exchange_rate,True,0.9067,exchange_rate,0.9067,card_payment_wrong_exchange_rate,0.0179,exchange_charge,0.014
I purchased something in a foreign currency but the rate applied is wrong,card_payment_wrong_exchange_rate,card_payment_wrong_exchange_rate,True,0.8776,card_payment_wrong_exchange_rate,0.8776,wrong_exchange_rate_for_cash_withdrawal,0.0415,extra_charge_on_statement,0.0217
I made a currency exchange and think I was charged more than I should of been.,card_payment_wrong_exchange_rate,card_payment_wrong_exchange_rate,True,0.5724,card_payment_wrong_exchange_rate,0.5724,exchange_charge,0.227,wrong_exchange_rate_for_cash_withdrawal,0.0686
the card payment exchange rate is wrong,card_payment_wrong_exchange_rate,card_payment_wrong_exchange_rate,True,0.8574,card_payment_wrong_exchange_rate,0.8574,wrong_exchange_rate_for_cash_withdrawal,0.0721,exchange_charge,0.0125
The exchange rate was wrong when I bought something outside the country.,card_payment_wrong_exchange_rate,card_payment_wrong_exchange_rate,True,0.8311,card_payment_wrong_exchange_rate,0.8311,wrong_exchange_rate_for_cash_withdrawal,0.1074,exchange_charge,0.0121
The exchange rate on my purchase is wrong.,card_payment_wrong_exchange_rate,card_payment_wrong_exchange_rate,True,0.8944,card_payment_wrong_exchange_rate,0.8944,wrong_exchange_rate_for_cash_withdrawal,0.0322,extra_charge_on_statement,0.016
This rate is too low. Are you sure your using the right exchange rate.,card_payment_wrong_exchange_rate,card_payment_wrong_exchange_rate,True,0.5507,card_payment_wrong_exchange_rate,0.5507,wrong_exchange_rate_for_cash_withdrawal,0.3162,exchange_rate,0.0575
"I bought something, but the exchange rate looks wrong.",card_payment_wrong_exchange_rate,card_payment_wrong_exchange_rate,True,0.8674,card_payment_wrong_exchange_rate,0.8674,wrong_exchange_rate_for_cash_withdrawal,0.0667,exchange_charge,0.0102
The rate applied to my foreign purchase was incorrect,card_payment_wrong_exchange_rate,card_payment_wrong_exchange_rate,True,0.8835,card_payment_wrong_exchange_rate,0.8835,wrong_exchange_rate_for_cash_withdrawal,0.041,exchange_charge,0.0156
I bought something in a foreign currency but the rate applied is wrong!,card_payment_wrong_exchange_rate,card_payment_wrong_exchange_rate,True,0.8715,card_payment_wrong_exchange_rate,0.8715,wrong_exchange_rate_for_cash_withdrawal,0.0537,extra_charge_on_statement,0.0151
My exchange went wrong. I swapped Russian Ruble for UK pounds and was charged too much.,card_payment_wrong_exchange_rate,card_payment_wrong_exchange_rate,True,0.7707,card_payment_wrong_exchange_rate,0.7707,wrong_exchange_rate_for_cash_withdrawal,0.1253,exchange_charge,0.0295
You did not apply the correct exchange rate for an item that I bought.,card_payment_wrong_exchange_rate,card_payment_wrong_exchange_rate,True,0.8935,card_payment_wrong_exchange_rate,0.8935,wrong_exchange_rate_for_cash_withdrawal,0.036,extra_charge_on_statement,0.0187
The rate of exchange for my card payment is incorrect,card_payment_wrong_exchange_rate,card_payment_wrong_exchange_rate,True,0.8719,card_payment_wrong_exchange_rate,0.8719,wrong_exchange_rate_for_cash_withdrawal,0.0438,exchange_charge,0.0194
The rate for a currency exchange was wrong when I bought something.,card_payment_wrong_exchange_rate,card_payment_wrong_exchange_rate,True,0.8566,card_payment_wrong_exchange_rate,0.8566,wrong_exchange_rate_for_cash_withdrawal,0.0676,exchange_charge,0.0244
Why is the exchange rate wrong when I purchase something abroad?,card_payment_wrong_exchange_rate,card_payment_wrong_exchange_rate,True,0.8272,card_payment_wrong_exchange_rate,0.8272,wrong_exchange_rate_for_cash_withdrawal,0.0917,exchange_rate,0.0157
I bought an item and noticed the exchange rate was not correct.,card_payment_wrong_exchange_rate,card_payment_wrong_exchange_rate,True,0.8907,card_payment_wrong_exchange_rate,0.8907,wrong_exchange_rate_for_cash_withdrawal,0.0466,exchange_charge,0.0109
I bought something overseas and the wrong exchange rate is on my statement.,card_payment_wrong_exchange_rate,card_payment_wrong_exchange_rate,True,0.8912,card_payment_wrong_exchange_rate,0.8912,wrong_exchange_rate_for_cash_withdrawal,0.0488,extra_charge_on_statement,0.0112
The exchange rate for my transaction last Saturday seems to have been wrong I got charged extra.  Please fix.,card_payment_wrong_exchange_rate,card_payment_wrong_exchange_rate,True,0.8164,card_payment_wrong_exchange_rate,0.8164,wrong_exchange_rate_for_cash_withdrawal,0.1206,exchange_charge,0.0124
Why is your exchange rate for my card payment wrong,card_payment_wrong_exchange_rate,card_payment_wrong_exchange_rate,True,0.8927,card_payment_wrong_exchange_rate,0.8927,wrong_exchange_rate_for_cash_withdrawal,0.039,extra_charge_on_statement,0.0121
Why am I being charged more ?,card_payment_wrong_exchange_rate,card_payment_fee_charged,False,0.3737,card_payment_fee_charged,0.3737,transaction_charged_twice,0.2032,extra_charge_on_statement,0.1441
I purchased an item and the exchange rate I was given was incorrect.,card_payment_wrong_exchange_rate,card_payment_wrong_exchange_rate,True,0.8905,card_payment_wrong_exchange_rate,0.8905,wrong_exchange_rate_for_cash_withdrawal,0.0482,extra_charge_on_statement,0.0133
I don't think my card payment exchange rate is correct.,card_payment_wrong_exchange_rate,card_payment_wrong_exchange_rate,True,0.8655,card_payment_wrong_exchange_rate,0.8655,wrong_exchange_rate_for_cash_withdrawal,0.0531,exchange_charge,0.0178
"When I made a purchase last Saturday, I was charged extra. Did I receive the right exchange rate?",card_payment_wrong_exchange_rate,card_payment_wrong_exchange_rate,True,0.8158,card_payment_wrong_exchange_rate,0.8158,exchange_charge,0.0697,wrong_exchange_rate_for_cash_withdrawal,0.0387
They charged me wrong for a currency exchange on a purchase.,card_payment_wrong_exchange_rate,card_payment_wrong_exchange_rate,True,0.762,card_payment_wrong_exchange_rate,0.762,extra_charge_on_statement,0.0653,exchange_charge,0.0546
I believe my card payment exchange rate is incorrect.,card_payment_wrong_exchange_rate,card_payment_wrong_exchange_rate,True,0.8679,card_payment_wrong_exchange_rate,0.8679,wrong_exchange_rate_for_cash_withdrawal,0.0585,exchange_charge,0.0151
"Hi, I have been overcharged for my payment last Saturday. I guess exchange rate was wrong.",card_payment_wrong_exchange_rate,card_payment_wrong_exchange_rate,True,0.8054,card_payment_wrong_exchange_rate,0.8054,wrong_exchange_rate_for_cash_withdrawal,0.1343,exchange_charge,0.0102
The exchange rate seems off on this transaction,card_payment_wrong_exchange_rate,card_payment_wrong_exchange_rate,True,0.7127,card_payment_wrong_exchange_rate,0.7127,wrong_exchange_rate_for_cash_withdrawal,0.1962,exchange_rate,0.0253
"The exchange rate given to me wasn't correct, after i purchased an item",card_payment_wrong_exchange_rate,card_payment_wrong_exchange_rate,True,0.8941,card_payment_wrong_exchange_rate,0.8941,wrong_exchange_rate_for_cash_withdrawal,0.0329,extra_charge_on_statement,0.0145
"Hi, I don't think your exchange rate is right. I need you to check the official interbank exchange please.",card_payment_wrong_exchange_rate,card_payment_wrong_exchange_rate,True,0.5352,card_payment_wrong_exchange_rate,0.5352,wrong_exchange_rate_for_cash_withdrawal,0.1806,exchange_rate,0.1675
I'm pretty sure something went wrong with my exchange. I changed Russian Ruble to UK pounds and was charged way too much!,card_payment_wrong_exchange_rate,card_payment_wrong_exchange_rate,True,0.7797,card_payment_wrong_exchange_rate,0.7797,wrong_exchange_rate_for_cash_withdrawal,0.1146,exchange_charge,0.0266
I wasn't applied the correct exchange rate for an item I bought,card_payment_wrong_exchange_rate,card_payment_wrong_exchange_rate,True,0.8889,card_payment_wrong_exchange_rate,0.8889,wrong_exchange_rate_for_cash_withdrawal,0.0443,extra_charge_on_statement,0.0125
the conversion value for my card payments is incorrect.,card_payment_wrong_exchange_rate,reverted_card_payment?,False,0.1554,reverted_card_payment?,0.1554,transaction_charged_twice,0.1473,card_payment_wrong_exchange_rate,0.1051
The wrong exchange rate was used when I bought something with a foriegn currency.,card_payment_wrong_exchange_rate,card_payment_wrong_exchange_rate,True,0.824,card_payment_wrong_exchange_rate,0.824,wrong_exchange_rate_for_cash_withdrawal,0.1109,exchange_charge,0.0133
I paid for something in foreign currency but noticed the exchange rate is incorrect.,card_payment_wrong_exchange_rate,card_payment_wrong_exchange_rate,True,0.7904,card_payment_wrong_exchange_rate,0.7904,wrong_exchange_rate_for_cash_withdrawal,0.1494,exchange_charge,0.0174
The incorrect rate was used in my foreign purchase,card_payment_wrong_exchange_rate,card_payment_wrong_exchange_rate,True,0.8786,card_payment_wrong_exchange_rate,0.8786,wrong_exchange_rate_for_cash_withdrawal,0.0445,extra_charge_on_statement,0.0172
Why was the exchange rate incorrect for an item I recently bought?,card_payment_wrong_exchange_rate,card_payment_wrong_exchange_rate,True,0.8975,card_payment_wrong_exchange_rate,0.8975,wrong_exchange_rate_for_cash_withdrawal,0.0415,exchange_charge,0.0099
Why is my exchange rate wrong for an item I bought?,card_payment_wrong_exchange_rate,card_payment_wrong_exchange_rate,True,0.9003,card_payment_wrong_exchange_rate,0.9003,wrong_exchange_rate_for_cash_withdrawal,0.0313,extra_charge_on_statement,0.0131
How can I check the exchange rate applied to my transaction?,card_payment_wrong_exchange_rate,exchange_rate,False,0.7865,exchange_rate,0.7865,card_payment_wrong_exchange_rate,0.0649,wrong_exchange_rate_for_cash_withdrawal,0.0476
Your exchange rate is totally wrong for my card payment,card_payment_wrong_exchange_rate,card_payment_wrong_exchange_rate,True,0.8902,card_payment_wrong_exchange_rate,0.8902,wrong_exchange_rate_for_cash_withdrawal,0.047,exchange_charge,0.0114
The wrong rate was applied to an item I bought in a currency different from mine. Can this be changed?,card_payment_wrong_exchange_rate,card_payment_wrong_exchange_rate,True,0.841,card_payment_wrong_exchange_rate,0.841,extra_charge_on_statement,0.0545,wrong_exchange_rate_for_cash_withdrawal,0.0255
I go the wrong exchange rate applied to my purchase in a foreign country.,card_payment_wrong_exchange_rate,card_payment_wrong_exchange_rate,True,0.8555,card_payment_wrong_exchange_rate,0.8555,wrong_exchange_rate_for_cash_withdrawal,0.085,exchange_charge,0.0099
My statement has a dollar I have been charged showing up on it.,extra_charge_on_statement,extra_charge_on_statement,True,0.9169,extra_charge_on_statement,0.9169,card_payment_wrong_exchange_rate,0.0196,wrong_amount_of_cash_received,0.0078
Why is there a fee for an extra pound in my statement?,extra_charge_on_statement,extra_charge_on_statement,True,0.9401,extra_charge_on_statement,0.9401,card_payment_wrong_exchange_rate,0.014,transaction_charged_twice,0.0032
I'm not okay with this fee on my statement.,extra_charge_on_statement,extra_charge_on_statement,True,0.9258,extra_charge_on_statement,0.9258,card_payment_wrong_exchange_rate,0.0218,transaction_charged_twice,0.0038
Why is there an extra dollar charged to my account?,extra_charge_on_statement,extra_charge_on_statement,True,0.9298,extra_charge_on_statement,0.9298,card_payment_wrong_exchange_rate,0.0125,cash_withdrawal_charge,0.0095
There is a fee I don't recognize on my statement.,extra_charge_on_statement,extra_charge_on_statement,True,0.9101,extra_charge_on_statement,0.9101,card_payment_wrong_exchange_rate,0.0165,card_payment_fee_charged,0.008
I would like a refund on the extra pound I was charged.,extra_charge_on_statement,extra_charge_on_statement,True,0.6065,extra_charge_on_statement,0.6065,request_refund,0.2224,card_payment_wrong_exchange_rate,0.0208
Can you explain what this random $1 charge is?,extra_charge_on_statement,extra_charge_on_statement,True,0.9474,extra_charge_on_statement,0.9474,card_payment_wrong_exchange_rate,0.0075,transaction_charged_twice,0.0045
What is this $1 charge on my statement?,extra_charge_on_statement,extra_charge_on_statement,True,0.9343,extra_charge_on_statement,0.9343,card_payment_wrong_exchange_rate,0.0119,wrong_amount_of_cash_received,0.005
Why does my statement have these extra charges?,extra_charge_on_statement,extra_charge_on_statement,True,0.8958,extra_charge_on_statement,0.8958,card_payment_wrong_exchange_rate,0.0197,transaction_charged_twice,0.0169
"I do not remember purchasing anything for 1£, and it is on my statement. Can you please tell me what that is about?",extra_charge_on_statement,extra_charge_on_statement,True,0.9198,extra_charge_on_statement,0.9198,card_payment_wrong_exchange_rate,0.0132,request_refund,0.0063
I can see an extra 1£ charge on my app. Why did you charge me extra?,extra_charge_on_statement,extra_charge_on_statement,True,0.945,extra_charge_on_statement,0.945,card_payment_wrong_exchange_rate,0.0097,transaction_charged_twice,0.0045
Can you tell me why I noticed a $1 charge on my statement?,extra_charge_on_statement,extra_charge_on_statement,True,0.9394,extra_charge_on_statement,0.9394,card_payment_wrong_exchange_rate,0.0132,wrong_amount_of_cash_received,0.0044
When will the $1 transaction be credited to me?,extra_charge_on_statement,extra_charge_on_statement,True,0.8267,extra_charge_on_statement,0.8267,wrong_amount_of_cash_received,0.0481,card_payment_wrong_exchange_rate,0.0362
Where did this fee come from?,extra_charge_on_statement,card_payment_fee_charged,False,0.7182,card_payment_fee_charged,0.7182,transfer_fee_charged,0.1308,extra_charge_on_statement,0.036
"I noticed an extra $1 charge on my statement, can you tell me why that is?",extra_charge_on_statement,extra_charge_on_statement,True,0.9366,extra_charge_on_statement,0.9366,card_payment_wrong_exchange_rate,0.0145,wrong_amount_of_cash_received,0.0049
There is an extra $1 charge,extra_charge_on_statement,extra_charge_on_statement,True,0.9439,extra_charge_on_statement,0.9439,card_payment_wrong_exchange_rate,0.0089,wrong_amount_of_cash_received,0.005
I need information about an extra €1 fee in my statement.,extra_charge_on_statement,extra_charge_on_statement,True,0.9369,extra_charge_on_statement,0.9369,card_payment_wrong_exchange_rate,0.0109,request_refund,0.0044
Why is there an extra 1 pound charge on my card?,extra_charge_on_statement,extra_charge_on_statement,True,0.9497,extra_charge_on_statement,0.9497,card_payment_wrong_exchange_rate,0.0101,card_payment_fee_charged,0.0042
Why are there so many fees on my statement?,extra_charge_on_statement,extra_charge_on_statement,True,0.8728,extra_charge_on_statement,0.8728,card_payment_fee_charged,0.0456,card_payment_wrong_exchange_rate,0.014
What would be the reason there's an extra fee on my statement?,extra_charge_on_statement,extra_charge_on_statement,True,0.947,extra_charge_on_statement,0.947,card_payment_wrong_exchange_rate,0.0099,card_payment_fee_charged,0.0041
Where did this 1 euro fee come from?,extra_charge_on_statement,extra_charge_on_statement,True,0.8055,extra_charge_on_statement,0.8055,card_payment_wrong_exchange_rate,0.0461,exchange_charge,0.0328
I got a extra €1 fee in my statement,extra_charge_on_statement,extra_charge_on_statement,True,0.937,extra_charge_on_statement,0.937,card_payment_wrong_exchange_rate,0.0129,transaction_charged_twice,0.0044
I have a 1 euro fee on my statement.,extra_charge_on_statement,extra_charge_on_statement,True,0.9154,extra_charge_on_statement,0.9154,card_payment_wrong_exchange_rate,0.0216,exchange_charge,0.005
Why was I overcharged a pound!?,extra_charge_on_statement,extra_charge_on_statement,True,0.8313,extra_charge_on_statement,0.8313,card_payment_wrong_exchange_rate,0.0914,wrong_amount_of_cash_received,0.0105
"Something went wrong, I was charged an extra pound?",extra_charge_on_statement,extra_charge_on_statement,True,0.9412,extra_charge_on_statement,0.9412,card_payment_wrong_exchange_rate,0.0161,wrong_amount_of_cash_received,0.004
Where did the extra fee on my statement come from?,extra_charge_on_statement,extra_charge_on_statement,True,0.9431,extra_charge_on_statement,0.9431,card_payment_wrong_exchange_rate,0.0126,card_payment_fee_charged,0.0031
There is an extra charge on my app that I was not told about or I was aware of!,extra_charge_on_statement,extra_charge_on_statement,True,0.7004,extra_charge_on_statement,0.7004,direct_debit_payment_not_recognised,0.0899,card_payment_fee_charged,0.038
I am seeing an extra fee on my statement what is that for?,extra_charge_on_statement,extra_charge_on_statement,True,0.9414,extra_charge_on_statement,0.9414,card_payment_wrong_exchange_rate,0.0111,card_payment_fee_charged,0.0031
What is this €1 fee in my statement?,extra_charge_on_statement,extra_charge_on_statement,True,0.9375,extra_charge_on_statement,0.9375,card_payment_wrong_exchange_rate,0.0112,request_refund,0.0034
"I am a new customer, and I happened to look at my app and there is a charge I am not familiar with.  Could you tell me why the extra charge is there?",extra_charge_on_statement,direct_debit_payment_not_recognised,False,0.3494,direct_debit_payment_not_recognised,0.3494,card_payment_fee_charged,0.1973,extra_charge_on_statement,0.1691
For some reason my account's been charged an extra dollar.,extra_charge_on_statement,extra_charge_on_statement,True,0.9306,extra_charge_on_statement,0.9306,card_payment_wrong_exchange_rate,0.0136,transaction_charged_twice,0.0066
There is a transaction for $1 and I don't know why it was charged.,extra_charge_on_statement,extra_charge_on_statement,True,0.9306,extra_charge_on_statement,0.9306,card_payment_wrong_exchange_rate,0.0166,wrong_amount_of_cash_received,0.0078
"Can you help me with a weird charge?  It's a pound charge that never goes away from the statement view on the app I'm using.  It's not described as anything but ""Pending"", and that status has never changed during the last two days.",extra_charge_on_statement,extra_charge_on_statement,True,0.904,extra_charge_on_statement,0.904,card_payment_wrong_exchange_rate,0.0204,direct_debit_payment_not_recognised,0.0113
What is the purpose of the extra fee that is showing up on my statement?,extra_charge_on_statement,extra_charge_on_statement,True,0.9403,extra_charge_on_statement,0.9403,card_payment_wrong_exchange_rate,0.0124,card_payment_fee_charged,0.0066
"$1 extra has been charged on my statement, why is that?",extra_charge_on_statement,extra_charge_on_statement,True,0.9364,extra_charge_on_statement,0.9364,card_payment_wrong_exchange_rate,0.0149,wrong_amount_of_cash_received,0.0052
What is the extra  €1 fee in my statement,extra_charge_on_statement,extra_charge_on_statement,True,0.9378,extra_charge_on_statement,0.9378,card_payment_wrong_exchange_rate,0.0116,wrong_amount_of_cash_received,0.0039
"It's been two weeks, why has the transaction for $1.00 not been reversed?",extra_charge_on_statement,extra_charge_on_statement,True,0.6144,extra_charge_on_statement,0.6144,wrong_amount_of_cash_received,0.1167,card_payment_wrong_exchange_rate,0.0449
What is the €1 fee for?,extra_charge_on_statement,extra_charge_on_statement,True,0.9094,extra_charge_on_statement,0.9094,card_payment_fee_charged,0.012,card_payment_wrong_exchange_rate,0.0109
I'm quite confused as to what is going on. There is some odd extra pound charge on my statement in the app that's just listed as pending and doesn't go away since a couple days.,extra_charge_on_statement,extra_charge_on_statement,True,0.9119,extra_charge_on_statement,0.9119,card_payment_wrong_exchange_rate,0.0192,direct_debit_payment_not_recognised,0.0076
Can you please check why I am having this extra fee on my statement.,extra_charge_on_statement,extra_charge_on_statement,True,0.9444,extra_charge_on_statement,0.9444,card_payment_wrong_exchange_rate,0.0114,card_payment_fee_charged,0.0039
My withdrawl is still pending.  Why?,pending_cash_withdrawal,pending_cash_withdrawal,True,0.9157,pending_cash_withdrawal,0.9157,cash_withdrawal_not_recognised,0.0127,declined_cash_withdrawal,0.0095
My card was denied at an ATM earlier today but the transaction is pending. Please cancel it as I did not receive my money.,pending_cash_withdrawal,pending_cash_withdrawal,True,0.886,pending_cash_withdrawal,0.886,cash_withdrawal_not_recognised,0.0196,declined_cash_withdrawal,0.0192
My transaction is still showing that is pending from my cash withdrawal.,pending_cash_withdrawal,pending_cash_withdrawal,True,0.9182,pending_cash_withdrawal,0.9182,cash_withdrawal_not_recognised,0.0103,cash_withdrawal_charge,0.0057
"Hey I tried to get some money out earlier but the machine didn't work. Now just saw the transaction still seems in progress! Can you please check what's going there, seems something is broken, I don't want to be charged for money that I haven't actually received!",pending_cash_withdrawal,pending_cash_withdrawal,True,0.8314,pending_cash_withdrawal,0.8314,declined_cash_withdrawal,0.0311,cash_withdrawal_not_recognised,0.0218
How long does the cash withdrawal take to pend?,pending_cash_withdrawal,pending_cash_withdrawal,True,0.8483,pending_cash_withdrawal,0.8483,wrong_exchange_rate_for_cash_withdrawal,0.0373,cash_withdrawal_charge,0.0127
Why is it taking so long for my cash withdrawal to no longer show as pending?,pending_cash_withdrawal,pending_cash_withdrawal,True,0.929,pending_cash_withdrawal,0.929,cash_withdrawal_not_recognised,0.0091,wrong_exchange_rate_for_cash_withdrawal,0.0069
"I tried taking money from the ATM but no money came out, but the transaction is still pending? How is this possible?",pending_cash_withdrawal,pending_cash_withdrawal,True,0.912,pending_cash_withdrawal,0.912,declined_cash_withdrawal,0.0151,cash_withdrawal_not_recognised,0.0114
"I got some cash of an ATM earlier but this shows up as pending in the app. How can this be still pending, I've got the cash already?",pending_cash_withdrawal,pending_cash_withdrawal,True,0.9127,pending_cash_withdrawal,0.9127,cash_withdrawal_not_recognised,0.0125,wrong_amount_of_cash_received,0.0076
Why is my withdrawal still pending?,pending_cash_withdrawal,pending_cash_withdrawal,True,0.9271,pending_cash_withdrawal,0.9271,cash_withdrawal_not_recognised,0.0093,declined_cash_withdrawal,0.0071
Are you sure when the withdrawal will show?,pending_cash_withdrawal,pending_cash_withdrawal,True,0.9158,pending_cash_withdrawal,0.9158,cash_withdrawal_not_recognised,0.0133,declined_cash_withdrawal,0.0109
"Hi! I was wondering if you can help me. I used the city centre ATM to get some cash, but the machine declined my card. My account shows that transaction is still pending. I didn't receive the money, so please cancel that transaction.",pending_cash_withdrawal,pending_cash_withdrawal,True,0.8953,pending_cash_withdrawal,0.8953,declined_cash_withdrawal,0.0198,cash_withdrawal_not_recognised,0.0155
Why is a transaction showing as pending when I recieved cash from an ATM?,pending_cash_withdrawal,pending_cash_withdrawal,True,0.9203,pending_cash_withdrawal,0.9203,cash_withdrawal_not_recognised,0.0094,wrong_exchange_rate_for_cash_withdrawal,0.0079
My cash in the ATM is still pending,pending_cash_withdrawal,pending_cash_withdrawal,True,0.908,pending_cash_withdrawal,0.908,wrong_amount_of_cash_received,0.0121,declined_cash_withdrawal,0.011
my atm cash out is still pending,pending_cash_withdrawal,pending_cash_withdrawal,True,0.919,pending_cash_withdrawal,0.919,declined_cash_withdrawal,0.011,cash_withdrawal_not_recognised,0.0084
I am still waiting for a cash withdrawal to show,pending_cash_withdrawal,pending_cash_withdrawal,True,0.9176,pending_cash_withdrawal,0.9176,cash_withdrawal_not_recognised,0.0234,declined_cash_withdrawal,0.0072
Is my pending cash withdrawal processed?,pending_cash_withdrawal,pending_cash_withdrawal,True,0.9246,pending_cash_withdrawal,0.9246,cash_withdrawal_not_recognised,0.0077,declined_cash_withdrawal,0.0073
how long til my cash out goes through?,pending_cash_withdrawal,pending_cash_withdrawal,True,0.7061,pending_cash_withdrawal,0.7061,balance_not_updated_after_cheque_or_cash_deposit,0.0575,transfer_not_received_by_recipient,0.0305
Why is my ATM cash withdrawal showing up as a pending transaction?,pending_cash_withdrawal,pending_cash_withdrawal,True,0.9245,pending_cash_withdrawal,0.9245,declined_cash_withdrawal,0.0093,cash_withdrawal_not_recognised,0.0086
"Hi,I tried to get some money out but the machine was not working .The transaction still seems in progress! Can you please check what's going on.I don't want to be charged for money that I did not received.",pending_cash_withdrawal,pending_cash_withdrawal,True,0.8008,pending_cash_withdrawal,0.8008,declined_cash_withdrawal,0.0443,wrong_exchange_rate_for_cash_withdrawal,0.0314
"Hey, my card was declined at an ATM in the city centre theatre. My account says the transaction is pending, though. I didn't get the money, though, so what does that mean?",pending_cash_withdrawal,pending_cash_withdrawal,True,0.8839,pending_cash_withdrawal,0.8839,declined_cash_withdrawal,0.0262,cash_withdrawal_not_recognised,0.0202
Why do I have a pending cash withdrawal?,pending_cash_withdrawal,pending_cash_withdrawal,True,0.9285,pending_cash_withdrawal,0.9285,cash_withdrawal_not_recognised,0.0118,cash_withdrawal_charge,0.0067
I have a pending cash withdrawal,pending_cash_withdrawal,pending_cash_withdrawal,True,0.9267,pending_cash_withdrawal,0.9267,cash_withdrawal_not_recognised,0.0139,cash_withdrawal_charge,0.0053
I made a withdrawal from my account but it has not posted?,pending_cash_withdrawal,pending_cash_withdrawal,True,0.6972,pending_cash_withdrawal,0.6972,cash_withdrawal_not_recognised,0.2067,declined_cash_withdrawal,0.0102
Is my cash withdrawal pending?,pending_cash_withdrawal,pending_cash_withdrawal,True,0.9276,pending_cash_withdrawal,0.9276,cash_withdrawal_not_recognised,0.0089,wrong_exchange_rate_for_cash_withdrawal,0.0069
I'm not quite understanding why my cash withdrawal is showing as pending.,pending_cash_withdrawal,pending_cash_withdrawal,True,0.927,pending_cash_withdrawal,0.927,cash_withdrawal_not_recognised,0.0124,wrong_exchange_rate_for_cash_withdrawal,0.0062
I made a cash withdrawal but the pending status is taking forever.,pending_cash_withdrawal,pending_cash_withdrawal,True,0.9207,pending_cash_withdrawal,0.9207,cash_withdrawal_not_recognised,0.0181,wrong_exchange_rate_for_cash_withdrawal,0.0058
My cash withdrawal is still showing as pending.,pending_cash_withdrawal,pending_cash_withdrawal,True,0.9256,pending_cash_withdrawal,0.9256,cash_withdrawal_not_recognised,0.0095,wrong_amount_of_cash_received,0.0069
Why am I unable to take money from my card but the statement says the transaction is still pending?,pending_cash_withdrawal,pending_cash_withdrawal,True,0.7776,pending_cash_withdrawal,0.7776,cash_withdrawal_not_recognised,0.04,pending_card_payment,0.0334
Why does my account have a pending cash withdrawal?,pending_cash_withdrawal,pending_cash_withdrawal,True,0.927,pending_cash_withdrawal,0.927,cash_withdrawal_not_recognised,0.0137,cash_withdrawal_charge,0.0059
I have a pending transaction in my app. How is it still pending if I pulled the cash out from the ATM earlier?,pending_cash_withdrawal,pending_cash_withdrawal,True,0.9161,pending_cash_withdrawal,0.9161,cash_withdrawal_not_recognised,0.0152,pending_card_payment,0.0057
Cash withdrawal still pending?,pending_cash_withdrawal,pending_cash_withdrawal,True,0.9275,pending_cash_withdrawal,0.9275,cash_withdrawal_not_recognised,0.0093,declined_cash_withdrawal,0.0083
"I received cash from the ATM earlier, but this shows up as pending in the app.  I've got the cash already.  How can this be still pending?",pending_cash_withdrawal,pending_cash_withdrawal,True,0.913,pending_cash_withdrawal,0.913,cash_withdrawal_not_recognised,0.0111,wrong_amount_of_cash_received,0.009
"I tried to take money from my card, but it didn't work. Later I saw that the transaction is still in progress. What's goign on?",pending_cash_withdrawal,pending_cash_withdrawal,True,0.6249,pending_cash_withdrawal,0.6249,cash_withdrawal_not_recognised,0.0928,declined_cash_withdrawal,0.0418
Why does it say pending cash withdrawal on my statement?,pending_cash_withdrawal,pending_cash_withdrawal,True,0.904,pending_cash_withdrawal,0.904,cash_withdrawal_not_recognised,0.0287,cash_withdrawal_charge,0.0077
How long with my cash withdrawal stay pending for?,pending_cash_withdrawal,pending_cash_withdrawal,True,0.922,pending_cash_withdrawal,0.922,wrong_exchange_rate_for_cash_withdrawal,0.0098,cash_withdrawal_not_recognised,0.0079
Where's accounting for my cash withdrawal?,pending_cash_withdrawal,pending_cash_withdrawal,True,0.5198,pending_cash_withdrawal,0.5198,declined_cash_withdrawal,0.1486,cash_withdrawal_not_recognised,0.1302
My account was charged for a withdraw I tried to make that was decline.,pending_cash_withdrawal,declined_cash_withdrawal,False,0.6678,declined_cash_withdrawal,0.6678,cash_withdrawal_charge,0.1431,wrong_exchange_rate_for_cash_withdrawal,0.0393
how long does it take to post atm with drawl,pending_cash_withdrawal,pending_cash_withdrawal,True,0.6822,pending_cash_withdrawal,0.6822,declined_cash_withdrawal,0.0337,wrong_exchange_rate_for_cash_withdrawal,0.0252
Why is my cash withdrawal from the ATM still not yet showing as confirmed in my account?,pending_cash_withdrawal,pending_cash_withdrawal,True,0.8871,pending_cash_withdrawal,0.8871,cash_withdrawal_not_recognised,0.0218,wrong_amount_of_cash_received,0.0124
"What's a pending transaction? My card was declined at an ATM, but my account says it's still pending. Can I cancel the payment?",pending_cash_withdrawal,pending_cash_withdrawal,True,0.8706,pending_cash_withdrawal,0.8706,pending_card_payment,0.0188,cash_withdrawal_not_recognised,0.013
"If I request that my funds be held, what currencies do you use?",fiat_currency_support,fiat_currency_support,True,0.5862,fiat_currency_support,0.5862,supported_cards_and_currencies,0.1528,exchange_via_app,0.0914
I want to know how many different currencies my money can be in,fiat_currency_support,fiat_currency_support,True,0.8176,fiat_currency_support,0.8176,exchange_via_app,0.0638,supported_cards_and_currencies,0.0177
Do you support all fiat currencies?,fiat_currency_support,fiat_currency_support,True,0.845,fiat_currency_support,0.845,exchange_via_app,0.0488,exchange_charge,0.0155
Does your system support multiple currency.,fiat_currency_support,fiat_currency_support,True,0.5916,fiat_currency_support,0.5916,exchange_via_app,0.2343,supported_cards_and_currencies,0.0315
What currencies can I hold money in?,fiat_currency_support,fiat_currency_support,True,0.7672,fiat_currency_support,0.7672,exchange_via_app,0.0854,supported_cards_and_currencies,0.0555
Do you support any currency?,fiat_currency_support,fiat_currency_support,True,0.7429,fiat_currency_support,0.7429,exchange_via_app,0.1017,supported_cards_and_currencies,0.0499
"There is an incoming payment into my account, but it is deactivated. Will they still be processed?",fiat_currency_support,pending_card_payment,False,0.8246,pending_card_payment,0.8246,reverted_card_payment?,0.0258,transfer_not_received_by_recipient,0.0245
What currencies do you do exchanges for?,fiat_currency_support,fiat_currency_support,True,0.6284,fiat_currency_support,0.6284,exchange_via_app,0.1768,exchange_charge,0.0883
"In terms of holding and exchange, what fiat currencies do you use.",fiat_currency_support,fiat_currency_support,True,0.8298,fiat_currency_support,0.8298,exchange_via_app,0.0496,exchange_charge,0.0277
What fiat currencies are used for holding transactions?,fiat_currency_support,fiat_currency_support,True,0.8499,fiat_currency_support,0.8499,exchange_via_app,0.0447,supported_cards_and_currencies,0.0183
Where can I exchange my money for EUR?,fiat_currency_support,fiat_currency_support,True,0.7524,fiat_currency_support,0.7524,exchange_via_app,0.136,exchange_charge,0.0219
Is it permissible to hold money in multiple currencies?,fiat_currency_support,fiat_currency_support,True,0.7977,fiat_currency_support,0.7977,exchange_via_app,0.0733,exchange_charge,0.0209
Can I exchange to EUR?,fiat_currency_support,fiat_currency_support,True,0.7668,fiat_currency_support,0.7668,exchange_via_app,0.1238,exchange_charge,0.0199
Can someone assist me with the details explaining which fiat currencies that you support?,fiat_currency_support,fiat_currency_support,True,0.851,fiat_currency_support,0.851,exchange_via_app,0.0436,supported_cards_and_currencies,0.0225
Do you offer additional currency options?,fiat_currency_support,fiat_currency_support,True,0.3191,fiat_currency_support,0.3191,exchange_charge,0.2454,exchange_via_app,0.1923
How do I change currencies to euros?,fiat_currency_support,exchange_via_app,False,0.5137,exchange_via_app,0.5137,fiat_currency_support,0.3757,exchange_charge,0.0193
What fiat currencies are supported for holding and exchange?,fiat_currency_support,fiat_currency_support,True,0.8426,fiat_currency_support,0.8426,exchange_via_app,0.0546,exchange_charge,0.0197
"When considering currency holdings and exchanges, what fiat currencies are supported?",fiat_currency_support,fiat_currency_support,True,0.7993,fiat_currency_support,0.7993,exchange_via_app,0.0704,exchange_charge,0.0429
Will you handle EUR?,fiat_currency_support,fiat_currency_support,True,0.7567,fiat_currency_support,0.7567,exchange_via_app,0.0426,exchange_rate,0.0191
Can I hold money in other currencies?,fiat_currency_support,fiat_currency_support,True,0.7907,fiat_currency_support,0.7907,exchange_via_app,0.0978,supported_cards_and_currencies,0.0253
What options do I have for holding currencies?,fiat_currency_support,fiat_currency_support,True,0.7833,fiat_currency_support,0.7833,exchange_via_app,0.1007,supported_cards_and_currencies,0.0363
Do you happen to do exchanges of EUR?,fiat_currency_support,fiat_currency_support,True,0.8029,fiat_currency_support,0.8029,exchange_via_app,0.0593,exchange_charge,0.0234
Do you accept exchanges to EUR?,fiat_currency_support,fiat_currency_support,True,0.809,fiat_currency_support,0.809,exchange_via_app,0.0676,exchange_charge,0.0245
Can you tell me what currency I can have?,fiat_currency_support,fiat_currency_support,True,0.7816,fiat_currency_support,0.7816,exchange_via_app,0.0861,supported_cards_and_currencies,0.038
Am I able to exchange currencies?,fiat_currency_support,exchange_via_app,False,0.8349,exchange_via_app,0.8349,fiat_currency_support,0.0616,exchange_charge,0.0177
What currencies are used in your exchange?,fiat_currency_support,fiat_currency_support,True,0.5301,fiat_currency_support,0.5301,exchange_via_app,0.2893,exchange_charge,0.0769
Which fiat currencies do you support?,fiat_currency_support,fiat_currency_support,True,0.8475,fiat_currency_support,0.8475,exchange_via_app,0.0398,supported_cards_and_currencies,0.0244
Which country's currency do you support?,fiat_currency_support,fiat_currency_support,True,0.631,fiat_currency_support,0.631,country_support,0.0987,supported_cards_and_currencies,0.067
I want to make a currency exchange to EU.,fiat_currency_support,exchange_via_app,False,0.5018,exchange_via_app,0.5018,fiat_currency_support,0.3137,exchange_charge,0.0465
Can I exchange and hold all fiat currencies?,fiat_currency_support,fiat_currency_support,True,0.7801,fiat_currency_support,0.7801,exchange_via_app,0.1155,exchange_charge,0.027
What kind of currency can I hold money in?,fiat_currency_support,fiat_currency_support,True,0.7785,fiat_currency_support,0.7785,exchange_via_app,0.0941,supported_cards_and_currencies,0.0321
Can I exchange currencies?,fiat_currency_support,exchange_via_app,False,0.8033,exchange_via_app,0.8033,fiat_currency_support,0.0734,exchange_charge,0.03
Do you work with all fiat currencies?,fiat_currency_support,fiat_currency_support,True,0.8428,fiat_currency_support,0.8428,exchange_via_app,0.0473,exchange_charge,0.0162
Can I hold money in multiple currencies?,fiat_currency_support,fiat_currency_support,True,0.8153,fiat_currency_support,0.8153,exchange_via_app,0.075,supported_cards_and_currencies,0.0174
How man currencies can I hold?,fiat_currency_support,fiat_currency_support,True,0.7267,fiat_currency_support,0.7267,exchange_via_app,0.1065,supported_cards_and_currencies,0.0662
Besides USD what other currencies can I have?,fiat_currency_support,fiat_currency_support,True,0.7472,fiat_currency_support,0.7472,exchange_via_app,0.1221,supported_cards_and_currencies,0.0383
How do I accept exchanges to EU?,fiat_currency_support,fiat_currency_support,True,0.424,fiat_currency_support,0.424,country_support,0.2075,exchange_via_app,0.1329
What kind of fiat currency can I used for holding and exchange?,fiat_currency_support,fiat_currency_support,True,0.8075,fiat_currency_support,0.8075,exchange_via_app,0.0788,exchange_charge,0.0306
Do you support the exchange of EUR from my currency.,fiat_currency_support,fiat_currency_support,True,0.721,fiat_currency_support,0.721,exchange_via_app,0.1217,exchange_charge,0.0419
What countries can I travel to and have access to their currencies?,fiat_currency_support,country_support,False,0.6314,country_support,0.6314,fiat_currency_support,0.1446,supported_cards_and_currencies,0.0631
I need my card now!,card_delivery_estimate,card_delivery_estimate,True,0.6892,card_delivery_estimate,0.6892,card_arrival,0.0774,order_physical_card,0.0542
my card was not in the mail again can you advise?,card_delivery_estimate,card_arrival,False,0.6318,card_arrival,0.6318,lost_or_stolen_card,0.0734,card_delivery_estimate,0.0512
i need my card quick,card_delivery_estimate,card_delivery_estimate,True,0.8263,card_delivery_estimate,0.8263,card_arrival,0.0195,order_physical_card,0.0139
How long will it take to get to me?,card_delivery_estimate,card_delivery_estimate,True,0.7085,card_delivery_estimate,0.7085,transfer_timing,0.0971,transfer_not_received_by_recipient,0.0399
I'm just wondering when my card will get here.,card_delivery_estimate,card_delivery_estimate,True,0.4632,card_delivery_estimate,0.4632,card_arrival,0.4098,lost_or_stolen_card,0.017
Can you get me my card fast?,card_delivery_estimate,card_delivery_estimate,True,0.8003,card_delivery_estimate,0.8003,card_arrival,0.0307,transfer_timing,0.0125
How long will it take to deliver something to US?,card_delivery_estimate,card_delivery_estimate,True,0.8212,card_delivery_estimate,0.8212,transfer_timing,0.0416,card_arrival,0.0222
"I live in the US, how long will it take for delivery?",card_delivery_estimate,card_delivery_estimate,True,0.7389,card_delivery_estimate,0.7389,transfer_timing,0.0814,country_support,0.0169
When can I expect my card to be delivered to the US?,card_delivery_estimate,card_delivery_estimate,True,0.811,card_delivery_estimate,0.811,transfer_timing,0.0487,card_arrival,0.0131
I need my card quickly,card_delivery_estimate,card_delivery_estimate,True,0.85,card_delivery_estimate,0.85,card_arrival,0.0271,transfer_timing,0.0143
Does delivery to the US take long?,card_delivery_estimate,card_delivery_estimate,True,0.8231,card_delivery_estimate,0.8231,transfer_timing,0.0523,card_arrival,0.0129
How long will it take to arrive?,card_delivery_estimate,card_delivery_estimate,True,0.7066,card_delivery_estimate,0.7066,transfer_timing,0.0942,transfer_not_received_by_recipient,0.0464
Can I have my card delivered on a specific day?,card_delivery_estimate,card_delivery_estimate,True,0.6818,card_delivery_estimate,0.6818,card_arrival,0.1636,order_physical_card,0.0376
What is the difference between standard and express delivery?,card_delivery_estimate,card_delivery_estimate,True,0.3013,card_delivery_estimate,0.3013,card_arrival,0.0475,exchange_rate,0.047
Can it be delivered by a specific date?,card_delivery_estimate,card_delivery_estimate,True,0.8703,card_delivery_estimate,0.8703,card_arrival,0.0184,transfer_timing,0.0178
May I choose when it's delivered?,card_delivery_estimate,card_delivery_estimate,True,0.8638,card_delivery_estimate,0.8638,card_arrival,0.0207,transfer_timing,0.0167
I need it delivered on a certain date.,card_delivery_estimate,card_delivery_estimate,True,0.8538,card_delivery_estimate,0.8538,card_arrival,0.0285,transfer_timing,0.0152
When should I expect my card?,card_delivery_estimate,card_delivery_estimate,True,0.8176,card_delivery_estimate,0.8176,transfer_timing,0.0369,card_arrival,0.0229
How long does it take to get my card? Can I choose when to receive it?,card_delivery_estimate,card_delivery_estimate,True,0.7893,card_delivery_estimate,0.7893,card_arrival,0.0873,order_physical_card,0.0164
How long will it take for the card to arrive?,card_delivery_estimate,card_delivery_estimate,True,0.8009,card_delivery_estimate,0.8009,card_arrival,0.0921,transfer_timing,0.0118
How fast can you deliver?,card_delivery_estimate,card_delivery_estimate,True,0.805,card_delivery_estimate,0.805,transfer_timing,0.0494,transfer_not_received_by_recipient,0.014
"Ordered awhile back, what is the ETA in the US?",card_delivery_estimate,country_support,False,0.1649,country_support,0.1649,card_delivery_estimate,0.0549,verify_source_of_funds,0.0389
How long should I expect for the card to arrive?,card_delivery_estimate,card_delivery_estimate,True,0.833,card_delivery_estimate,0.833,card_arrival,0.0678,transfer_timing,0.0116
Whats the delivery time to the United States?,card_delivery_estimate,card_delivery_estimate,True,0.819,card_delivery_estimate,0.819,transfer_timing,0.0583,card_arrival,0.0138
When will the card arrive?,card_delivery_estimate,card_delivery_estimate,True,0.7333,card_delivery_estimate,0.7333,card_arrival,0.1568,card_about_to_expire,0.0103
Send my card as soon as you are able to.,card_delivery_estimate,card_delivery_estimate,True,0.7832,card_delivery_estimate,0.7832,card_arrival,0.0949,order_physical_card,0.0151
When are cards delivered?,card_delivery_estimate,card_delivery_estimate,True,0.7498,card_delivery_estimate,0.7498,card_arrival,0.0643,order_physical_card,0.0497
How long does shipping take to get to a US destination?,card_delivery_estimate,card_delivery_estimate,True,0.4731,card_delivery_estimate,0.4731,transfer_timing,0.3345,transfer_not_received_by_recipient,0.0219
Can I get my card expedited?,card_delivery_estimate,card_delivery_estimate,True,0.5565,card_delivery_estimate,0.5565,card_arrival,0.2752,card_about_to_expire,0.044
How long until my card is delivered?,card_delivery_estimate,card_delivery_estimate,True,0.7086,card_delivery_estimate,0.7086,card_arrival,0.186,card_about_to_expire,0.0102
I need my card to come as soon as possible.,card_delivery_estimate,card_delivery_estimate,True,0.8489,card_delivery_estimate,0.8489,card_arrival,0.046,card_about_to_expire,0.0117
When can I expect to receive my new card?,card_delivery_estimate,card_arrival,False,0.517,card_arrival,0.517,card_delivery_estimate,0.3417,card_about_to_expire,0.0382
I am waiting for my card to arrive.,card_delivery_estimate,card_delivery_estimate,True,0.5361,card_delivery_estimate,0.5361,card_arrival,0.3487,card_about_to_expire,0.0124
I need my card as soon as possible.,card_delivery_estimate,card_delivery_estimate,True,0.8552,card_delivery_estimate,0.8552,card_arrival,0.0305,transfer_timing,0.0148
I need it delivered by Saturday.,card_delivery_estimate,card_delivery_estimate,True,0.8438,card_delivery_estimate,0.8438,card_arrival,0.0219,transfer_timing,0.0199
What's the U.S. Delivery time?,card_delivery_estimate,card_delivery_estimate,True,0.783,card_delivery_estimate,0.783,transfer_timing,0.0616,transfer_not_received_by_recipient,0.0224
When will my card arrive?,card_delivery_estimate,card_delivery_estimate,True,0.726,card_delivery_estimate,0.726,card_arrival,0.1673,transfer_not_received_by_recipient,0.0095
can I choose a date for delivery?,card_delivery_estimate,card_delivery_estimate,True,0.8512,card_delivery_estimate,0.8512,transfer_timing,0.0223,card_arrival,0.0221
Can I make sure my card is delivered on a specific day?,card_delivery_estimate,card_delivery_estimate,True,0.6453,card_delivery_estimate,0.6453,card_arrival,0.2476,order_physical_card,0.0122
Can I have it be delivered at a certain time?,card_delivery_estimate,card_delivery_estimate,True,0.853,card_delivery_estimate,0.853,transfer_timing,0.0227,card_arrival,0.0184
"When traveling, can I auto top-up my card at certain times?",automatic_top_up,automatic_top_up,True,0.9403,automatic_top_up,0.9403,top_up_by_card_charge,0.0038,pending_top_up,0.0034
Is there a limit when using auto top-up?,automatic_top_up,automatic_top_up,True,0.9285,automatic_top_up,0.9285,top_up_limits,0.0058,top_up_by_card_charge,0.0049
Will it automatically top-up or do I need to do that manually if there isn't much cash left?,automatic_top_up,automatic_top_up,True,0.8904,automatic_top_up,0.8904,pending_top_up,0.01,wrong_exchange_rate_for_cash_withdrawal,0.0078
"I'm running out of money, can I  auto top up?",automatic_top_up,automatic_top_up,True,0.9297,automatic_top_up,0.9297,apple_pay_or_google_pay,0.0039,pending_top_up,0.0039
How do I use auto top up?,automatic_top_up,automatic_top_up,True,0.9394,automatic_top_up,0.9394,apple_pay_or_google_pay,0.0035,top_up_by_card_charge,0.0034
Can it automatically top-up money if there isn't much left?,automatic_top_up,automatic_top_up,True,0.9145,automatic_top_up,0.9145,top_up_limits,0.008,pending_top_up,0.0074
If there isn't much money left can it automatically top-up?,automatic_top_up,automatic_top_up,True,0.9229,automatic_top_up,0.9229,top_up_limits,0.0065,pending_top_up,0.0058
"I read about the auto-top up function, but can't find it in the app.",automatic_top_up,automatic_top_up,True,0.8876,automatic_top_up,0.8876,top_up_reverted,0.0107,pending_top_up,0.0088
Can I have it add money at certain time intervals when I travel?,automatic_top_up,automatic_top_up,True,0.7071,automatic_top_up,0.7071,top_up_by_card_charge,0.0417,supported_cards_and_currencies,0.0201
"I'm going to be away for awhile, can I have it add money automatically in certain intervals?",automatic_top_up,automatic_top_up,True,0.9182,automatic_top_up,0.9182,pending_top_up,0.0053,top_up_by_card_charge,0.0046
"Where can I find the ""auto-top"" feature?",automatic_top_up,automatic_top_up,True,0.9398,automatic_top_up,0.9398,top_up_by_card_charge,0.0039,top_up_limits,0.0033
"I just activated auto top-up, but it is not letting me enable it. Why not?",automatic_top_up,automatic_top_up,True,0.7984,automatic_top_up,0.7984,top_up_reverted,0.0193,activate_my_card,0.0175
Is there an auto top-up option?,automatic_top_up,automatic_top_up,True,0.9408,automatic_top_up,0.9408,top_up_by_card_charge,0.0044,topping_up_by_card,0.0029
where is theft-top option?,automatic_top_up,automatic_top_up,True,0.3149,automatic_top_up,0.3149,pin_blocked,0.092,top_up_limits,0.0507
Are there limits on auto top-up?,automatic_top_up,automatic_top_up,True,0.9275,automatic_top_up,0.9275,top_up_limits,0.0071,top_up_by_card_charge,0.0051
can you assist me with the auto top up ?,automatic_top_up,automatic_top_up,True,0.9418,automatic_top_up,0.9418,top_up_by_card_charge,0.0036,apple_pay_or_google_pay,0.0034
Do you have any limit on the auto top-up?,automatic_top_up,automatic_top_up,True,0.9365,automatic_top_up,0.9365,top_up_limits,0.0058,top_up_by_card_charge,0.0044
Why are there limits on auto top-up?,automatic_top_up,automatic_top_up,True,0.9147,automatic_top_up,0.9147,top_up_limits,0.0069,pending_top_up,0.0057
How can I top up automatically?,automatic_top_up,automatic_top_up,True,0.9336,automatic_top_up,0.9336,top_up_by_card_charge,0.0041,top_up_limits,0.0038
How do I make sure I don't run out of money on my card while traveling?,automatic_top_up,wrong_amount_of_cash_received,False,0.3726,wrong_amount_of_cash_received,0.3726,wrong_exchange_rate_for_cash_withdrawal,0.2044,declined_cash_withdrawal,0.0756
What's the limit on automatic top-up?,automatic_top_up,automatic_top_up,True,0.8603,automatic_top_up,0.8603,top_up_limits,0.0345,top_up_by_card_charge,0.0109
"If I will be traveling, is there a way to auto top-up my card on certain days?",automatic_top_up,automatic_top_up,True,0.9371,automatic_top_up,0.9371,top_up_by_card_charge,0.0042,pending_top_up,0.0034
Where is the auto top-up option?,automatic_top_up,automatic_top_up,True,0.9439,automatic_top_up,0.9439,top_up_by_card_charge,0.0037,topping_up_by_card,0.0029
Can I have a auto top-up when my account is short?,automatic_top_up,automatic_top_up,True,0.9351,automatic_top_up,0.9351,pending_top_up,0.0039,apple_pay_or_google_pay,0.0029
Do you have an auto top-up option?,automatic_top_up,automatic_top_up,True,0.9401,automatic_top_up,0.9401,top_up_by_card_charge,0.0042,apple_pay_or_google_pay,0.0029
Can I space out how often money is transferred along my travels?,automatic_top_up,transfer_timing,False,0.1555,transfer_timing,0.1555,receiving_money,0.1475,top_up_by_bank_transfer_charge,0.1118
Will it automatically top-up money if there isn't a lot left?,automatic_top_up,automatic_top_up,True,0.9113,automatic_top_up,0.9113,top_up_limits,0.0095,top_up_by_card_charge,0.0071
Can I have it add money automatically in certain intervals?,automatic_top_up,automatic_top_up,True,0.9312,automatic_top_up,0.9312,top_up_by_card_charge,0.0051,top_up_limits,0.004
Can I set up an automatic top-up for travel.,automatic_top_up,automatic_top_up,True,0.9325,automatic_top_up,0.9325,top_up_by_card_charge,0.0051,top_up_limits,0.0045
I've tried looking for the auto-top up option on your website and I can't seem to find it. Can you help me?,automatic_top_up,automatic_top_up,True,0.8958,automatic_top_up,0.8958,top_up_reverted,0.0097,pending_top_up,0.0095
how do I top up my money automatically,automatic_top_up,automatic_top_up,True,0.9249,automatic_top_up,0.9249,topping_up_by_card,0.005,pending_top_up,0.0044
Can I be topped up once I hit a certain balance?,automatic_top_up,pending_top_up,False,0.3378,pending_top_up,0.3378,top_up_limits,0.2478,automatic_top_up,0.1168
Will it automatically top-up if there isn't much money left?,automatic_top_up,automatic_top_up,True,0.9175,automatic_top_up,0.9175,pending_top_up,0.0074,top_up_limits,0.0066
Is there any way to Auto top-up?,automatic_top_up,automatic_top_up,True,0.9401,automatic_top_up,0.9401,top_up_by_card_charge,0.0035,apple_pay_or_google_pay,0.0033
Can you explain where I can find the auto-top option?,automatic_top_up,automatic_top_up,True,0.9385,automatic_top_up,0.9385,top_up_by_card_charge,0.004,top_up_limits,0.003
What is the auto top up function and where can I find that at?,automatic_top_up,automatic_top_up,True,0.9402,automatic_top_up,0.9402,topping_up_by_card,0.0034,apple_pay_or_google_pay,0.0031
Is there a way to top-up automatically?,automatic_top_up,automatic_top_up,True,0.9296,automatic_top_up,0.9296,top_up_by_card_charge,0.0048,top_up_limits,0.0041
"Is there a top-up feature, if there isn't a lot of money left?",automatic_top_up,top_up_limits,False,0.3783,top_up_limits,0.3783,pending_top_up,0.1888,top_up_failed,0.1012
What is the highest limit for Auto Top?,automatic_top_up,automatic_top_up,True,0.9313,automatic_top_up,0.9313,top_up_limits,0.0061,top_up_by_card_charge,0.0043
How do I enable auto-top up?,automatic_top_up,automatic_top_up,True,0.9359,automatic_top_up,0.9359,apple_pay_or_google_pay,0.0033,top_up_by_card_charge,0.0033
I've tried my card a bunch of times and it never worked.,card_not_working,card_not_working,True,0.7159,card_not_working,0.7159,declined_card_payment,0.0725,pin_blocked,0.0271
I can't get my card to work.,card_not_working,card_not_working,True,0.8045,card_not_working,0.8045,declined_card_payment,0.04,pin_blocked,0.0148
My card appears to be broken how can I fix it?,card_not_working,card_not_working,True,0.7351,card_not_working,0.7351,pin_blocked,0.0272,lost_or_stolen_card,0.0231
How do I know why my card isn't working?,card_not_working,card_not_working,True,0.805,card_not_working,0.805,declined_card_payment,0.0561,activate_my_card,0.0105
My card broke.,card_not_working,card_not_working,True,0.7883,card_not_working,0.7883,declined_card_payment,0.0287,lost_or_stolen_card,0.0276
My card won't work.,card_not_working,card_not_working,True,0.786,card_not_working,0.786,declined_card_payment,0.0705,pin_blocked,0.0104
Why is my card not working?,card_not_working,card_not_working,True,0.8023,card_not_working,0.8023,declined_card_payment,0.0503,activate_my_card,0.0129
Can you please identify the problem with my bank card?,card_not_working,compromised_card,False,0.2526,compromised_card,0.2526,card_not_working,0.1318,lost_or_stolen_card,0.1041
How do I unblock my card using the app?,card_not_working,pin_blocked,False,0.822,pin_blocked,0.822,cancel_transfer,0.02,card_not_working,0.0135
My card does not work,card_not_working,card_not_working,True,0.7882,card_not_working,0.7882,declined_card_payment,0.0715,pin_blocked,0.0102
How can I get my physical card to work?,card_not_working,card_not_working,True,0.7621,card_not_working,0.7621,activate_my_card,0.0395,declined_card_payment,0.0235
Can someone assist me by explaining why my card is not working?,card_not_working,card_not_working,True,0.8307,card_not_working,0.8307,declined_card_payment,0.0355,activate_my_card,0.0145
Help me.  My card doesn't work.,card_not_working,card_not_working,True,0.8195,card_not_working,0.8195,declined_card_payment,0.0477,pin_blocked,0.0094
Can a card stop working?,card_not_working,card_not_working,True,0.7879,card_not_working,0.7879,declined_card_payment,0.0284,activate_my_card,0.0232
I think my card is broken,card_not_working,card_not_working,True,0.7977,card_not_working,0.7977,lost_or_stolen_card,0.0369,compromised_card,0.0157
Why isn't my card working?,card_not_working,card_not_working,True,0.8114,card_not_working,0.8114,declined_card_payment,0.0503,pin_blocked,0.0103
My card isn't working anymore.,card_not_working,card_not_working,True,0.8479,card_not_working,0.8479,declined_card_payment,0.0312,lost_or_stolen_card,0.0092
My card was declined today when eating and I need to know what's wrong.,card_not_working,declined_card_payment,False,0.4097,declined_card_payment,0.4097,card_not_working,0.3909,declined_cash_withdrawal,0.0147
My card doesn't work.,card_not_working,card_not_working,True,0.7951,card_not_working,0.7951,declined_card_payment,0.0672,pin_blocked,0.0095
How can I resolve a problem where my card won't go through at all?,card_not_working,card_not_working,True,0.7615,card_not_working,0.7615,declined_card_payment,0.0789,lost_or_stolen_card,0.0134
My actual card isn't working.,card_not_working,card_not_working,True,0.8191,card_not_working,0.8191,declined_card_payment,0.0505,activate_my_card,0.0085
Is my card broken?,card_not_working,card_not_working,True,0.7664,card_not_working,0.7664,lost_or_stolen_card,0.0402,declined_card_payment,0.0204
I broke my card,card_not_working,card_not_working,True,0.6531,card_not_working,0.6531,lost_or_stolen_card,0.0709,compromised_card,0.041
My card stopped working,card_not_working,card_not_working,True,0.7796,card_not_working,0.7796,declined_card_payment,0.0472,activate_my_card,0.0164
"My card is broke, what do I do?",card_not_working,card_not_working,True,0.7936,card_not_working,0.7936,lost_or_stolen_card,0.0289,declined_card_payment,0.0187
"I tried using my card today and it's not working, can you help me?",card_not_working,card_not_working,True,0.7778,card_not_working,0.7778,declined_card_payment,0.0426,activate_my_card,0.0182
My card stopped working when I use it,card_not_working,card_not_working,True,0.785,card_not_working,0.785,declined_card_payment,0.0419,activate_my_card,0.0204
I can't use my card.,card_not_working,card_not_working,True,0.8031,card_not_working,0.8031,declined_card_payment,0.0232,pin_blocked,0.0138
Need help with my card. It's not working.,card_not_working,card_not_working,True,0.822,card_not_working,0.822,declined_card_payment,0.0443,activate_my_card,0.0131
I cannot use my card.,card_not_working,card_not_working,True,0.7715,card_not_working,0.7715,declined_card_payment,0.0328,compromised_card,0.0192
The card I've got seems to be broken.,card_not_working,card_not_working,True,0.7842,card_not_working,0.7842,lost_or_stolen_card,0.0417,compromised_card,0.0151
My card isn't working,card_not_working,card_not_working,True,0.7834,card_not_working,0.7834,declined_card_payment,0.0616,pin_blocked,0.0144
My card suddenly quit working.,card_not_working,card_not_working,True,0.8125,card_not_working,0.8125,declined_card_payment,0.0341,activate_my_card,0.0179
I have tried to use my card several times and it does not work.,card_not_working,card_not_working,True,0.6915,card_not_working,0.6915,declined_card_payment,0.0648,pin_blocked,0.034
The card I have doesn't work.,card_not_working,card_not_working,True,0.7554,card_not_working,0.7554,declined_card_payment,0.087,activate_my_card,0.0094
My card doesn't accept any transaction at all. What's wrong??,card_not_working,card_not_working,True,0.5404,card_not_working,0.5404,declined_card_payment,0.2202,declined_cash_withdrawal,0.0176
How can i check if my card is working?,card_not_working,card_not_working,True,0.7519,card_not_working,0.7519,activate_my_card,0.0315,declined_card_payment,0.0238
Nothing goes through on my card.,card_not_working,card_not_working,True,0.312,card_not_working,0.312,declined_card_payment,0.1609,card_arrival,0.1208
How do I find out why my card won't work?,card_not_working,card_not_working,True,0.7795,card_not_working,0.7795,declined_card_payment,0.0766,activate_my_card,0.011
"Could it be that I deactivated my card, its not working?",card_not_working,card_not_working,True,0.5229,card_not_working,0.5229,lost_or_stolen_card,0.1185,card_linking,0.0669
May I exchange currencies with this?,exchange_via_app,exchange_via_app,True,0.8098,exchange_via_app,0.8098,fiat_currency_support,0.0613,exchange_charge,0.0299
Tell me how I can exchange between different currency.,exchange_via_app,exchange_via_app,True,0.7829,exchange_via_app,0.7829,fiat_currency_support,0.1037,exchange_charge,0.0252
Can I change from one currency to another?,exchange_via_app,exchange_via_app,True,0.772,exchange_via_app,0.772,fiat_currency_support,0.1102,receiving_money,0.026
How do I change GBP to AUD?,exchange_via_app,exchange_via_app,True,0.8613,exchange_via_app,0.8613,fiat_currency_support,0.0322,receiving_money,0.0173
Will this app exchange currencies?,exchange_via_app,exchange_via_app,True,0.8426,exchange_via_app,0.8426,fiat_currency_support,0.0304,receiving_money,0.017
How do I convert currencies with the app?,exchange_via_app,exchange_via_app,True,0.7742,exchange_via_app,0.7742,fiat_currency_support,0.0443,supported_cards_and_currencies,0.0266
How are currencies exchanged?,exchange_via_app,exchange_via_app,True,0.4974,exchange_via_app,0.4974,fiat_currency_support,0.2784,exchange_charge,0.1025
Can I exchange currencies with this app?,exchange_via_app,exchange_via_app,True,0.8286,exchange_via_app,0.8286,fiat_currency_support,0.0214,receiving_money,0.0165
How do I make an exchange from one currency to another?,exchange_via_app,exchange_via_app,True,0.6754,exchange_via_app,0.6754,fiat_currency_support,0.1478,exchange_charge,0.0642
How do I interconvert between AUD and GBP?,exchange_via_app,exchange_via_app,True,0.8191,exchange_via_app,0.8191,fiat_currency_support,0.0516,exchange_charge,0.012
What all currencies can be exchanged?,exchange_via_app,exchange_via_app,True,0.5048,exchange_via_app,0.5048,fiat_currency_support,0.2891,exchange_charge,0.1038
What is the best way to exchange currency between USD and GBP using your app?,exchange_via_app,exchange_via_app,True,0.839,exchange_via_app,0.839,fiat_currency_support,0.0197,receiving_money,0.0169
If I wanted to make a change from GBP to AUD what is the process?,exchange_via_app,exchange_via_app,True,0.8439,exchange_via_app,0.8439,fiat_currency_support,0.0317,receiving_money,0.0244
Can I get some money exchanged?,exchange_via_app,exchange_via_app,True,0.4897,exchange_via_app,0.4897,exchange_charge,0.1644,exchange_rate,0.0586
Is it possible to change to another currency?,exchange_via_app,exchange_via_app,True,0.811,exchange_via_app,0.811,fiat_currency_support,0.0707,receiving_money,0.0254
How do I exchange my GBP to AUD?,exchange_via_app,exchange_via_app,True,0.874,exchange_via_app,0.874,fiat_currency_support,0.0296,receiving_money,0.0149
How would I use my money in a different country?,exchange_via_app,receiving_money,False,0.2638,receiving_money,0.2638,exchange_via_app,0.1767,fiat_currency_support,0.1511
"If I receive foreign currencies, am I able to exchange them on the app?",exchange_via_app,exchange_via_app,True,0.7815,exchange_via_app,0.7815,fiat_currency_support,0.079,exchange_charge,0.0421
Can I change to another currency?,exchange_via_app,exchange_via_app,True,0.7837,exchange_via_app,0.7837,fiat_currency_support,0.0692,receiving_money,0.0461
"I need AUD not GBP, how do I change it?",exchange_via_app,exchange_via_app,True,0.831,exchange_via_app,0.831,fiat_currency_support,0.0398,receiving_money,0.027
What is the best way to exchange currency?,exchange_via_app,exchange_via_app,True,0.7202,exchange_via_app,0.7202,fiat_currency_support,0.1047,exchange_charge,0.0648
If I need GBP instead of AUD what do I do?,exchange_via_app,exchange_via_app,True,0.7869,exchange_via_app,0.7869,fiat_currency_support,0.092,supported_cards_and_currencies,0.0252
I was wondering whether exchanging currencies can be done on this app.,exchange_via_app,exchange_via_app,True,0.8072,exchange_via_app,0.8072,fiat_currency_support,0.0473,exchange_charge,0.0237
"I might need AUD instead of GBP, how to change?",exchange_via_app,exchange_via_app,True,0.8504,exchange_via_app,0.8504,fiat_currency_support,0.0349,receiving_money,0.0236
How do I go through the process of currency exchange?,exchange_via_app,exchange_via_app,True,0.5078,exchange_via_app,0.5078,fiat_currency_support,0.1696,exchange_charge,0.1096
Change currency,exchange_via_app,exchange_via_app,True,0.5474,exchange_via_app,0.5474,fiat_currency_support,0.1665,exchange_charge,0.089
Can am I able to exchange currencies?,exchange_via_app,exchange_via_app,True,0.8289,exchange_via_app,0.8289,fiat_currency_support,0.0662,exchange_charge,0.0174
Where do I go to change GBP?,exchange_via_app,exchange_via_app,True,0.4327,exchange_via_app,0.4327,receiving_money,0.1835,transfer_into_account,0.0654
What currency's can i exchange for?,exchange_via_app,exchange_via_app,True,0.4187,exchange_via_app,0.4187,fiat_currency_support,0.3621,exchange_charge,0.081
What currencies will this app exchange?,exchange_via_app,exchange_via_app,True,0.7886,exchange_via_app,0.7886,fiat_currency_support,0.0866,supported_cards_and_currencies,0.0269
Can this app help me exchange currencies?,exchange_via_app,exchange_via_app,True,0.8285,exchange_via_app,0.8285,fiat_currency_support,0.0317,receiving_money,0.0172
I would like to exchange some currency.,exchange_via_app,exchange_via_app,True,0.7896,exchange_via_app,0.7896,fiat_currency_support,0.0537,exchange_charge,0.0425
Can I exchange between GBP and USD on the app?,exchange_via_app,exchange_via_app,True,0.8796,exchange_via_app,0.8796,fiat_currency_support,0.0221,receiving_money,0.0175
Is there currency exchange on this app?,exchange_via_app,exchange_via_app,True,0.6268,exchange_via_app,0.6268,fiat_currency_support,0.153,exchange_charge,0.0806
Can I change my currency from USD to EUR?,exchange_via_app,fiat_currency_support,False,0.4546,fiat_currency_support,0.4546,exchange_via_app,0.4317,exchange_charge,0.0291
"I think I want AUD and not GBP, can you help?",exchange_via_app,exchange_via_app,True,0.7628,exchange_via_app,0.7628,fiat_currency_support,0.1194,supported_cards_and_currencies,0.0225
How do I exchange currency?,exchange_via_app,exchange_via_app,True,0.7561,exchange_via_app,0.7561,fiat_currency_support,0.0827,exchange_charge,0.0518
Can I use this app to change dollars into euros?,exchange_via_app,exchange_via_app,True,0.5932,exchange_via_app,0.5932,fiat_currency_support,0.1262,receiving_money,0.0603
Can I exchange currencies with my account?,exchange_via_app,exchange_via_app,True,0.8119,exchange_via_app,0.8119,fiat_currency_support,0.0479,receiving_money,0.0241
I would like to exchange currencies,exchange_via_app,exchange_via_app,True,0.7941,exchange_via_app,0.7941,fiat_currency_support,0.074,exchange_charge,0.0431
"My entire gym bag, including my wallet, was stolen out of my locker today. Everything in my wallet is gone - how do I block the card to make it can't be used?",lost_or_stolen_card,lost_or_stolen_card,True,0.1966,lost_or_stolen_card,0.1966,card_not_working,0.118,cash_withdrawal_not_recognised,0.0857
I can't find my card and think it may have been stolen.,lost_or_stolen_card,lost_or_stolen_card,True,0.7272,lost_or_stolen_card,0.7272,compromised_card,0.0545,card_linking,0.0407
"Someone stole my card. I need to report it stolen. I made a police report already, but how do I report it with you?",lost_or_stolen_card,lost_or_stolen_card,True,0.6306,lost_or_stolen_card,0.6306,compromised_card,0.1393,card_linking,0.027
"I cant find my card, it's gone.",lost_or_stolen_card,lost_or_stolen_card,True,0.45,lost_or_stolen_card,0.45,card_arrival,0.2265,card_linking,0.1118
My card is lost! What can I do?,lost_or_stolen_card,lost_or_stolen_card,True,0.6903,lost_or_stolen_card,0.6903,card_linking,0.0564,card_arrival,0.0473
I lost my card,lost_or_stolen_card,lost_or_stolen_card,True,0.7567,lost_or_stolen_card,0.7567,compromised_card,0.034,card_arrival,0.029
Oh no!  I lost my card!  Help!,lost_or_stolen_card,lost_or_stolen_card,True,0.77,lost_or_stolen_card,0.77,compromised_card,0.0309,card_arrival,0.0244
"I believe my card has been stolen, what can I do about this situation? It's urgent.",lost_or_stolen_card,lost_or_stolen_card,True,0.7151,lost_or_stolen_card,0.7151,compromised_card,0.0717,card_linking,0.0267
Help! Someone stole my card!,lost_or_stolen_card,lost_or_stolen_card,True,0.6984,lost_or_stolen_card,0.6984,compromised_card,0.0893,card_not_working,0.0233
Help.  I have a stolen card!,lost_or_stolen_card,lost_or_stolen_card,True,0.7225,lost_or_stolen_card,0.7225,compromised_card,0.0625,card_linking,0.0251
"card is lost, please help",lost_or_stolen_card,lost_or_stolen_card,True,0.5954,lost_or_stolen_card,0.5954,card_linking,0.0882,card_arrival,0.0589
How do I report my card stolen?,lost_or_stolen_card,lost_or_stolen_card,True,0.7368,lost_or_stolen_card,0.7368,compromised_card,0.0608,card_linking,0.0225
My card is gone I think it was stolen,lost_or_stolen_card,lost_or_stolen_card,True,0.7114,lost_or_stolen_card,0.7114,compromised_card,0.0585,card_linking,0.0319
Is a copy of the police report necessary for completing the report process?,lost_or_stolen_card,edit_personal_details,False,0.2111,edit_personal_details,0.2111,transfer_not_received_by_recipient,0.071,card_arrival,0.0588
I lost my wallet today with all my credit cards. Will you please block the card and send a replacement?,lost_or_stolen_card,lost_or_stolen_card,True,0.2604,lost_or_stolen_card,0.2604,card_not_working,0.1043,compromised_card,0.088
How do I deal with a stolen card?,lost_or_stolen_card,lost_or_stolen_card,True,0.6993,lost_or_stolen_card,0.6993,compromised_card,0.0785,card_linking,0.0216
Can you freeze my card it was stolen,lost_or_stolen_card,lost_or_stolen_card,True,0.7237,lost_or_stolen_card,0.7237,compromised_card,0.0624,card_arrival,0.0239
Help!  I can't find my card.,lost_or_stolen_card,lost_or_stolen_card,True,0.5442,lost_or_stolen_card,0.5442,card_arrival,0.1599,card_linking,0.0752
What should I do if I lost my card?,lost_or_stolen_card,lost_or_stolen_card,True,0.7592,lost_or_stolen_card,0.7592,compromised_card,0.0344,card_linking,0.03
I need help with a lost card,lost_or_stolen_card,lost_or_stolen_card,True,0.5461,lost_or_stolen_card,0.5461,getting_spare_card,0.0976,card_linking,0.0775
I think my card was stolen.,lost_or_stolen_card,lost_or_stolen_card,True,0.7427,lost_or_stolen_card,0.7427,compromised_card,0.0619,card_not_working,0.0226
"Someone stole my wallet earlier today, not sure exactly when, probably on Piccadilly circus. Can you check if there were any attempts to use the card and obviously block it?",lost_or_stolen_card,compromised_card,False,0.2184,compromised_card,0.2184,pin_blocked,0.0801,cash_withdrawal_not_recognised,0.0729
I think I lost my card . I dont know how long it has been missing. Can you see if maybe someone else has been using it?,lost_or_stolen_card,lost_or_stolen_card,True,0.5787,lost_or_stolen_card,0.5787,compromised_card,0.0954,card_linking,0.0953
How can I freeze a stolen card?,lost_or_stolen_card,lost_or_stolen_card,True,0.6955,lost_or_stolen_card,0.6955,compromised_card,0.0817,card_linking,0.0308
What should I do if my card is missing?,lost_or_stolen_card,lost_or_stolen_card,True,0.7062,lost_or_stolen_card,0.7062,card_arrival,0.0519,card_linking,0.0497
My bags were stolen. I need a new card but need to cancel the stolen one.,lost_or_stolen_card,lost_or_stolen_card,True,0.585,lost_or_stolen_card,0.585,card_linking,0.0777,compromised_card,0.0479
Somehow I am missing my card.  What should I do?,lost_or_stolen_card,lost_or_stolen_card,True,0.6757,lost_or_stolen_card,0.6757,compromised_card,0.0805,card_linking,0.0604
My card was taken from me,lost_or_stolen_card,lost_or_stolen_card,True,0.4705,lost_or_stolen_card,0.4705,compromised_card,0.1438,card_linking,0.0459
My card got lost.,lost_or_stolen_card,lost_or_stolen_card,True,0.7096,lost_or_stolen_card,0.7096,card_linking,0.0544,compromised_card,0.0452
Some idiot stole my card.,lost_or_stolen_card,lost_or_stolen_card,True,0.5713,lost_or_stolen_card,0.5713,compromised_card,0.1823,card_not_working,0.0342
How do I report my card lost or stolen?,lost_or_stolen_card,lost_or_stolen_card,True,0.7375,lost_or_stolen_card,0.7375,compromised_card,0.0507,card_linking,0.0287
My card is lost! What do I do now?,lost_or_stolen_card,lost_or_stolen_card,True,0.6462,lost_or_stolen_card,0.6462,card_linking,0.0727,card_arrival,0.0704
I'm in Spain and my stuff has been stolen. My card was with it and I need a new one shipped and the old one frozen.,lost_or_stolen_card,lost_or_stolen_card,True,0.6126,lost_or_stolen_card,0.6126,card_arrival,0.056,compromised_card,0.0488
I believe my credit card was stolen.,lost_or_stolen_card,lost_or_stolen_card,True,0.4002,lost_or_stolen_card,0.4002,compromised_card,0.1505,lost_or_stolen_phone,0.1221
How do I report a stolen card?,lost_or_stolen_card,lost_or_stolen_card,True,0.7094,lost_or_stolen_card,0.7094,compromised_card,0.0663,card_linking,0.0287
"Somebody has stolen my card, I need help please.",lost_or_stolen_card,lost_or_stolen_card,True,0.6378,lost_or_stolen_card,0.6378,compromised_card,0.1416,card_linking,0.0235
I cannot find my credit card.,lost_or_stolen_card,topping_up_by_card,False,0.2731,topping_up_by_card,0.2731,supported_cards_and_currencies,0.1052,card_acceptance,0.0695
Are you able to locate my card?,lost_or_stolen_card,card_arrival,False,0.5426,card_arrival,0.5426,lost_or_stolen_card,0.1853,card_linking,0.0816
My card got stolen!,lost_or_stolen_card,lost_or_stolen_card,True,0.7261,lost_or_stolen_card,0.7261,compromised_card,0.0702,card_not_working,0.025
Help me please!  My card was stolen!,lost_or_stolen_card,lost_or_stolen_card,True,0.7357,lost_or_stolen_card,0.7357,compromised_card,0.0539,card_not_working,0.0267
how old do i need to be to get an account for myself,age_limit,age_limit,True,0.9397,age_limit,0.9397,receiving_money,0.0032,verify_source_of_funds,0.0031
How young can I be to open my own account?,age_limit,age_limit,True,0.9322,age_limit,0.9322,receiving_money,0.0052,card_about_to_expire,0.003
How old do I have to be?,age_limit,age_limit,True,0.9117,age_limit,0.9117,card_about_to_expire,0.0046,receiving_money,0.0045
Can I open an account for a child?,age_limit,age_limit,True,0.9337,age_limit,0.9337,receiving_money,0.004,verify_source_of_funds,0.0027
How old do we have to be?,age_limit,age_limit,True,0.914,age_limit,0.914,card_about_to_expire,0.0049,receiving_money,0.0044
How do I go about setting up an account for my daughter?,age_limit,age_limit,True,0.9322,age_limit,0.9322,receiving_money,0.0041,verify_source_of_funds,0.0039
Is there an age minimum?,age_limit,age_limit,True,0.9228,age_limit,0.9228,receiving_money,0.0043,country_support,0.0031
What is the youngest age in order to have an account?,age_limit,age_limit,True,0.9309,age_limit,0.9309,card_about_to_expire,0.0035,receiving_money,0.0029
What age do I have to be?,age_limit,age_limit,True,0.9077,age_limit,0.9077,why_verify_identity,0.0051,country_support,0.0049
Can my daughter open an account?,age_limit,age_limit,True,0.9353,age_limit,0.9353,receiving_money,0.0039,verify_source_of_funds,0.0037
What is the minimum age to open an account?,age_limit,age_limit,True,0.9373,age_limit,0.9373,receiving_money,0.0032,verify_source_of_funds,0.0031
What is the minimum age?,age_limit,age_limit,True,0.9102,age_limit,0.9102,card_about_to_expire,0.0055,receiving_money,0.0043
I am only 17. Can I make an account?,age_limit,age_limit,True,0.9011,age_limit,0.9011,why_verify_identity,0.0051,verify_source_of_funds,0.0046
Could I open an account for my children?,age_limit,age_limit,True,0.9385,age_limit,0.9385,receiving_money,0.004,verify_source_of_funds,0.0036
What is the age to open an account?,age_limit,age_limit,True,0.9337,age_limit,0.9337,receiving_money,0.0038,verify_source_of_funds,0.0038
How do I open up an account for my child?,age_limit,age_limit,True,0.9353,age_limit,0.9353,receiving_money,0.0039,verify_source_of_funds,0.0034
Can I open a bank account for my newborn baby?,age_limit,age_limit,True,0.8678,age_limit,0.8678,receiving_money,0.0081,verify_source_of_funds,0.0069
How old do I have to be to open an account?,age_limit,age_limit,True,0.9421,age_limit,0.9421,receiving_money,0.0028,verify_source_of_funds,0.0026
Do you offer services for children to have money saving experience?,age_limit,age_limit,True,0.3263,age_limit,0.3263,receiving_money,0.242,exchange_via_app,0.0628
If my kids wanted to use your service how old would they have to be?,age_limit,age_limit,True,0.9249,age_limit,0.9249,receiving_money,0.0062,verify_source_of_funds,0.0032
Can my 19 year old daughter open a savings account at the bank?,age_limit,age_limit,True,0.9033,age_limit,0.9033,receiving_money,0.0096,verify_source_of_funds,0.0049
How old do you have to be to get an account?,age_limit,age_limit,True,0.9389,age_limit,0.9389,verify_source_of_funds,0.0032,receiving_money,0.0028
What's the minimum age for opening an account?,age_limit,age_limit,True,0.9332,age_limit,0.9332,verify_source_of_funds,0.0032,receiving_money,0.003
"I would like an account for my children, how do I go about doing this?",age_limit,age_limit,True,0.935,age_limit,0.935,receiving_money,0.0054,verify_source_of_funds,0.0041
Can my children have their own account?,age_limit,age_limit,True,0.9295,age_limit,0.9295,verify_source_of_funds,0.0046,receiving_money,0.0046
Is it possible to open an account for my children?,age_limit,age_limit,True,0.9372,age_limit,0.9372,verify_source_of_funds,0.0033,receiving_money,0.0032
Do my kids have to be a certain age to use this service?,age_limit,age_limit,True,0.9307,age_limit,0.9307,receiving_money,0.0045,card_about_to_expire,0.0037
How old do you have to be to be able to open an account?,age_limit,age_limit,True,0.9404,age_limit,0.9404,receiving_money,0.003,verify_source_of_funds,0.0027
Is there an age limit?,age_limit,age_limit,True,0.931,age_limit,0.931,receiving_money,0.003,verify_source_of_funds,0.0028
What are the age requirements for opening an account?,age_limit,age_limit,True,0.9393,age_limit,0.9393,receiving_money,0.0028,verify_source_of_funds,0.0028
will i be able to open an account for my daughter,age_limit,age_limit,True,0.9359,age_limit,0.9359,verify_source_of_funds,0.0035,receiving_money,0.0029
How old do I need to be to open an account?,age_limit,age_limit,True,0.9416,age_limit,0.9416,receiving_money,0.003,verify_source_of_funds,0.0026
What age can sign up for services?,age_limit,age_limit,True,0.9125,age_limit,0.9125,receiving_money,0.0052,country_support,0.0046
How old do my kids have to be to use your service?,age_limit,age_limit,True,0.9317,age_limit,0.9317,receiving_money,0.0053,verify_source_of_funds,0.0029
What age do my kids need to be to use your service?,age_limit,age_limit,True,0.934,age_limit,0.934,receiving_money,0.0052,verify_source_of_funds,0.0031
How old do my children need to be to open an account?,age_limit,age_limit,True,0.9402,age_limit,0.9402,receiving_money,0.0035,card_about_to_expire,0.0026
How old does my kids need to be to open an account?,age_limit,age_limit,True,0.9409,age_limit,0.9409,receiving_money,0.0034,verify_source_of_funds,0.0027
How young can someone be in order to open an account?,age_limit,age_limit,True,0.929,age_limit,0.929,receiving_money,0.0062,verify_source_of_funds,0.0031
What is the youngest someone can be to open an account?,age_limit,age_limit,True,0.9355,age_limit,0.9355,receiving_money,0.0036,verify_source_of_funds,0.003
How old does one have to be to have an account with the bank?,age_limit,age_limit,True,0.92,age_limit,0.92,verify_source_of_funds,0.0047,receiving_money,0.0045
How do I get my PIN unlocked?,pin_blocked,pin_blocked,True,0.8473,pin_blocked,0.8473,get_physical_card,0.0292,change_pin,0.0278
Where can I view my PIN?,pin_blocked,get_physical_card,False,0.8579,get_physical_card,0.8579,change_pin,0.0472,pin_blocked,0.0313
Will you reinstate my PIN?,pin_blocked,change_pin,False,0.6449,change_pin,0.6449,pin_blocked,0.1619,get_physical_card,0.0959
I accidentally blocked my PIN. How do I reset it?,pin_blocked,pin_blocked,True,0.8917,pin_blocked,0.8917,change_pin,0.0149,get_physical_card,0.0105
How do I unblock my pin after entering it wrong too many times?,pin_blocked,pin_blocked,True,0.9032,pin_blocked,0.9032,get_physical_card,0.011,change_pin,0.0086
I used the wrong ping too many times and now the account is blocked.  How do I unblock?,pin_blocked,pin_blocked,True,0.715,pin_blocked,0.715,cancel_transfer,0.0654,transaction_charged_twice,0.0189
I need help because I drunken blocked my card?,pin_blocked,pin_blocked,True,0.4073,pin_blocked,0.4073,card_not_working,0.2423,cancel_transfer,0.0594
"How do I reset my PIN, I can't seem to use my card?",pin_blocked,pin_blocked,True,0.7501,pin_blocked,0.7501,change_pin,0.0903,get_physical_card,0.0234
"When I put the wrong pin too much, I got blocked, so can you help me unblock my pin",pin_blocked,pin_blocked,True,0.8812,pin_blocked,0.8812,declined_cash_withdrawal,0.0111,get_physical_card,0.0107
"My pin was blocked, how do I make it so I can use it?",pin_blocked,pin_blocked,True,0.8885,pin_blocked,0.8885,card_not_working,0.0132,get_physical_card,0.0107
How many tries do I have to enter my pin before I'm blocked?,pin_blocked,pin_blocked,True,0.8657,pin_blocked,0.8657,declined_cash_withdrawal,0.0133,get_physical_card,0.0108
What should I do if I've tried to enter my PIN too often?,pin_blocked,pin_blocked,True,0.8705,pin_blocked,0.8705,get_physical_card,0.0406,change_pin,0.014
I have exceeded the number of times I can try my PIN,pin_blocked,pin_blocked,True,0.844,pin_blocked,0.844,get_physical_card,0.0298,change_pin,0.018
How can I unblock a blocked pin number for my account?,pin_blocked,pin_blocked,True,0.9036,pin_blocked,0.9036,get_physical_card,0.0125,change_pin,0.0121
What do I do if the bank machine won't accept my PIN attempts anymore?,pin_blocked,pin_blocked,True,0.7776,pin_blocked,0.7776,declined_cash_withdrawal,0.0342,card_not_working,0.0297
Can you unlock my pin? I think I entered the wrong pin too many times.,pin_blocked,pin_blocked,True,0.8948,pin_blocked,0.8948,get_physical_card,0.0155,change_pin,0.0125
How do I deal with a blocked PIN?,pin_blocked,pin_blocked,True,0.8909,pin_blocked,0.8909,get_physical_card,0.0254,change_pin,0.0178
"I attempted to use my card while I was intoxicated, and I failed to input my PIN, and the machine kept my card. How soon can I have it back?",pin_blocked,pin_blocked,True,0.7297,pin_blocked,0.7297,declined_cash_withdrawal,0.0351,card_not_working,0.0302
Can I unblock my card using the app?,pin_blocked,pin_blocked,True,0.8157,pin_blocked,0.8157,cancel_transfer,0.0202,card_not_working,0.0165
I'v exhausted all the of times I can try my PIN,pin_blocked,pin_blocked,True,0.8098,pin_blocked,0.8098,get_physical_card,0.0571,change_pin,0.0374
How can I unlock my pin from too many tries?,pin_blocked,pin_blocked,True,0.8755,pin_blocked,0.8755,change_pin,0.0248,get_physical_card,0.0166
Help! I forgot my PIN and have been locked out of using my card.,pin_blocked,pin_blocked,True,0.8313,pin_blocked,0.8313,get_physical_card,0.0623,change_pin,0.0276
"My account is blocked, how do I log in now",pin_blocked,terminate_account,False,0.3656,terminate_account,0.3656,lost_or_stolen_phone,0.1566,passcode_forgotten,0.0493
Why did I get blocked?,pin_blocked,pin_blocked,True,0.5663,pin_blocked,0.5663,cancel_transfer,0.0633,declined_cash_withdrawal,0.0512
Are you able to unblock my pin?,pin_blocked,pin_blocked,True,0.9048,pin_blocked,0.9048,get_physical_card,0.013,change_pin,0.0126
Can you assist me with unblocking my PIN? I put it in wrong too many times.,pin_blocked,pin_blocked,True,0.8947,pin_blocked,0.8947,get_physical_card,0.0102,change_pin,0.0093
I entered the wrong pin too many times and now I am blocked.  Help me unblock!,pin_blocked,pin_blocked,True,0.8881,pin_blocked,0.8881,cancel_transfer,0.0099,get_physical_card,0.0098
"My pins seems to be blocked, can you unblock it please",pin_blocked,pin_blocked,True,0.8988,pin_blocked,0.8988,change_pin,0.0121,get_physical_card,0.0116
Can you unblock my pin after too many wrong pin attempts?,pin_blocked,pin_blocked,True,0.8926,pin_blocked,0.8926,get_physical_card,0.0113,declined_cash_withdrawal,0.0094
What can you do to unblock my pin?,pin_blocked,pin_blocked,True,0.9052,pin_blocked,0.9052,change_pin,0.0147,get_physical_card,0.0134
"My PIN is blocked, what do I do?",pin_blocked,pin_blocked,True,0.8888,pin_blocked,0.8888,card_not_working,0.0135,get_physical_card,0.0115
Can I reactivate my PIN?,pin_blocked,change_pin,False,0.4131,change_pin,0.4131,get_physical_card,0.3044,pin_blocked,0.1805
How do I reset my PIN?,pin_blocked,change_pin,False,0.4644,change_pin,0.4644,pin_blocked,0.3701,get_physical_card,0.0481
Can I unblock my pin?,pin_blocked,pin_blocked,True,0.9048,pin_blocked,0.9048,change_pin,0.0148,get_physical_card,0.0136
How do I unblock my PIN?,pin_blocked,pin_blocked,True,0.9067,pin_blocked,0.9067,get_physical_card,0.0136,change_pin,0.0126
"My card's frozen, what can I do?",pin_blocked,card_not_working,False,0.6203,card_not_working,0.6203,lost_or_stolen_card,0.132,declined_card_payment,0.0307
How can I unlock the pin?,pin_blocked,pin_blocked,True,0.7492,pin_blocked,0.7492,change_pin,0.0805,get_physical_card,0.0493
"Since my pin is blocked, would you help me unblock it?",pin_blocked,pin_blocked,True,0.9001,pin_blocked,0.9001,get_physical_card,0.0099,change_pin,0.0091
My PIN is not working and I need assistance.,pin_blocked,pin_blocked,True,0.8273,pin_blocked,0.8273,card_not_working,0.0293,get_physical_card,0.024
"
Where can I get my PIN unblocked?",pin_blocked,pin_blocked,True,0.9078,pin_blocked,0.9078,get_physical_card,0.0152,change_pin,0.0126
Are contactless payments enabled on my new card?,contactless_not_working,contactless_not_working,True,0.3213,contactless_not_working,0.3213,activate_my_card,0.0451,card_linking,0.0364
My contanctless has stopped working,contactless_not_working,card_not_working,False,0.1636,card_not_working,0.1636,activate_my_card,0.086,pin_blocked,0.0853
what is required documents for new card process ?,contactless_not_working,card_about_to_expire,False,0.7213,card_about_to_expire,0.7213,card_arrival,0.0845,card_linking,0.0245
"I don't know what's wrong, my contactless stopped working. Tried it in a few different places today and it didn't work in any of them.",contactless_not_working,contactless_not_working,True,0.3459,contactless_not_working,0.3459,activate_my_card,0.0247,compromised_card,0.0217
How do I get the contactless feature to work for my card?,contactless_not_working,contactless_not_working,True,0.314,contactless_not_working,0.314,get_disposable_virtual_card,0.0389,activate_my_card,0.0384
I tried to pay contactless at the bus today and it didn't work. Any ideas why?,contactless_not_working,contactless_not_working,True,0.3574,contactless_not_working,0.3574,compromised_card,0.0235,pin_blocked,0.0234
I've been unable to pay contactless with my card for over a week now. Is there a way to fix this issue?,contactless_not_working,contactless_not_working,True,0.364,contactless_not_working,0.364,compromised_card,0.0276,change_pin,0.0211
Do you know why my contactless won't work?,contactless_not_working,contactless_not_working,True,0.358,contactless_not_working,0.358,compromised_card,0.022,activate_my_card,0.0201
My contactless payments have not been completed successfully.,contactless_not_working,contactless_not_working,True,0.3648,contactless_not_working,0.3648,compromised_card,0.0252,activate_my_card,0.02
Do I need to replace my card if it didn't work when I tried to pay contactless at the shop today?,contactless_not_working,contactless_not_working,True,0.3641,contactless_not_working,0.3641,change_pin,0.0276,activate_my_card,0.0275
For some reason my contactless has stopped working. I don't know what the problem is. What can I do?,contactless_not_working,contactless_not_working,True,0.3523,contactless_not_working,0.3523,compromised_card,0.025,activate_my_card,0.0211
"I couldn't use my contactless this morning, it wasn't accepted.",contactless_not_working,contactless_not_working,True,0.3581,contactless_not_working,0.3581,compromised_card,0.0225,disposable_card_limits,0.0195
Contactless isn't working for me,contactless_not_working,contactless_not_working,True,0.3637,contactless_not_working,0.3637,compromised_card,0.0225,activate_my_card,0.0195
Why wouldn't the contactless payment work when I tried to pay at the bus today?,contactless_not_working,contactless_not_working,True,0.353,contactless_not_working,0.353,change_pin,0.0228,compromised_card,0.022
How do I check my security settings to allow contactless pay?,contactless_not_working,contactless_not_working,True,0.3219,contactless_not_working,0.3219,compromised_card,0.0339,change_pin,0.0251
What can I do if contactless doesn't work?,contactless_not_working,contactless_not_working,True,0.3647,contactless_not_working,0.3647,activate_my_card,0.0233,compromised_card,0.0225
Fix my contactless,contactless_not_working,contactless_not_working,True,0.3538,contactless_not_working,0.3538,change_pin,0.0239,compromised_card,0.0226
How can I make my contactless work for the metro?,contactless_not_working,contactless_not_working,True,0.3196,contactless_not_working,0.3196,get_disposable_virtual_card,0.0357,change_pin,0.0301
My contactless is not working,contactless_not_working,contactless_not_working,True,0.3644,contactless_not_working,0.3644,compromised_card,0.0194,activate_my_card,0.0186
Can you help my fix my contactless?,contactless_not_working,contactless_not_working,True,0.3506,contactless_not_working,0.3506,change_pin,0.0242,compromised_card,0.0233
For some reason my contactless won't work for me.,contactless_not_working,contactless_not_working,True,0.3666,contactless_not_working,0.3666,compromised_card,0.0246,activate_my_card,0.02
I'm unable to use contactless payments for purchases.,contactless_not_working,contactless_not_working,True,0.3565,contactless_not_working,0.3565,compromised_card,0.0312,get_disposable_virtual_card,0.0276
"When I tried to pay for my bus ride, the contactless payment wouldn't work. How can I prevent this in the future?",contactless_not_working,contactless_not_working,True,0.3448,contactless_not_working,0.3448,compromised_card,0.0247,pin_blocked,0.0226
The NFC payment wouldn't work on the bus today. Help?,contactless_not_working,declined_card_payment,False,0.2148,declined_card_payment,0.2148,card_not_working,0.1031,declined_cash_withdrawal,0.0726
"I wanted to use my card contactless but it doesn't seem to be working, what could be the problem?",contactless_not_working,contactless_not_working,True,0.3539,contactless_not_working,0.3539,activate_my_card,0.0361,card_not_working,0.0221
How do I make contactless work,contactless_not_working,contactless_not_working,True,0.3195,contactless_not_working,0.3195,get_disposable_virtual_card,0.032,change_pin,0.0281
what is the charges for new card?,contactless_not_working,card_about_to_expire,False,0.2435,card_about_to_expire,0.2435,order_physical_card,0.2085,getting_spare_card,0.1063
The contactless I have won't work.,contactless_not_working,contactless_not_working,True,0.3585,contactless_not_working,0.3585,activate_my_card,0.026,disposable_card_limits,0.0213
Why isn't my contactless not working?,contactless_not_working,contactless_not_working,True,0.3607,contactless_not_working,0.3607,compromised_card,0.0207,disposable_card_limits,0.019
I wanted to use my contactless at the metro today but it didn't accept it!,contactless_not_working,contactless_not_working,True,0.34,contactless_not_working,0.34,activate_my_card,0.0231,get_disposable_virtual_card,0.0218
It didnt work when I tried to pay contactless at the bus today. Why?,contactless_not_working,contactless_not_working,True,0.3702,contactless_not_working,0.3702,compromised_card,0.0255,change_pin,0.0206
I am not able to do contactless.,contactless_not_working,contactless_not_working,True,0.3617,contactless_not_working,0.3617,compromised_card,0.0274,disposable_card_limits,0.0234
How do I use contactless payments?,contactless_not_working,contactless_not_working,True,0.3128,contactless_not_working,0.3128,get_disposable_virtual_card,0.0344,change_pin,0.034
Help me with my contactless which isn't working.,contactless_not_working,contactless_not_working,True,0.3543,contactless_not_working,0.3543,activate_my_card,0.0227,disposable_card_limits,0.0213
How can I fix a problem where contactless isn't working?,contactless_not_working,contactless_not_working,True,0.3628,contactless_not_working,0.3628,change_pin,0.0308,activate_my_card,0.0208
How do I use contactless pay?,contactless_not_working,contactless_not_working,True,0.2793,contactless_not_working,0.2793,change_pin,0.0394,get_disposable_virtual_card,0.0389
How do I enable contactless pay?,contactless_not_working,contactless_not_working,True,0.2888,contactless_not_working,0.2888,change_pin,0.037,get_disposable_virtual_card,0.0329
Do I need to make a regular payment before a contactless one?,contactless_not_working,contactless_not_working,True,0.3554,contactless_not_working,0.3554,change_pin,0.0251,compromised_card,0.0242
How can I find out where my contactless works?,contactless_not_working,contactless_not_working,True,0.3286,contactless_not_working,0.3286,compromised_card,0.0278,get_disposable_virtual_card,0.0219
Should i reinstall the payment app?,contactless_not_working,reverted_card_payment?,False,0.198,reverted_card_payment?,0.198,pending_card_payment,0.1867,card_payment_not_recognised,0.0427
how much do you charge to accept transfers,top_up_by_bank_transfer_charge,top_up_by_bank_transfer_charge,True,0.7449,top_up_by_bank_transfer_charge,0.7449,transfer_fee_charged,0.1458,top_up_by_card_charge,0.0147
I would like to make a transfer. How much does it cost?,top_up_by_bank_transfer_charge,top_up_by_bank_transfer_charge,True,0.8261,top_up_by_bank_transfer_charge,0.8261,transfer_fee_charged,0.0744,top_up_by_card_charge,0.0115
"I need to make a transfer, what will the fee be?",top_up_by_bank_transfer_charge,transfer_fee_charged,False,0.4628,transfer_fee_charged,0.4628,top_up_by_bank_transfer_charge,0.4408,top_up_by_card_charge,0.0094
If I make a top-up are there charges applied?,top_up_by_bank_transfer_charge,top_up_by_card_charge,False,0.578,top_up_by_card_charge,0.578,top_up_by_bank_transfer_charge,0.0756,top_up_limits,0.0682
Can I also transfer with SWIFT?,top_up_by_bank_transfer_charge,top_up_by_bank_transfer_charge,True,0.8068,top_up_by_bank_transfer_charge,0.8068,transfer_into_account,0.0235,transfer_fee_charged,0.0195
Are SWIFT transfers accepted?,top_up_by_bank_transfer_charge,top_up_by_bank_transfer_charge,True,0.8384,top_up_by_bank_transfer_charge,0.8384,transfer_fee_charged,0.0356,top_up_by_card_charge,0.0139
I would like to refill my account using SWIFT.,top_up_by_bank_transfer_charge,top_up_by_cash_or_cheque,False,0.223,top_up_by_cash_or_cheque,0.223,top_up_by_bank_transfer_charge,0.067,top_up_by_card_charge,0.056
Do I have to pay for topping up by transfer?,top_up_by_bank_transfer_charge,top_up_by_bank_transfer_charge,True,0.7505,top_up_by_bank_transfer_charge,0.7505,receiving_money,0.0445,transfer_into_account,0.0433
Are there any sort of fees involved for top of transfers?,top_up_by_bank_transfer_charge,top_up_by_bank_transfer_charge,True,0.6338,top_up_by_bank_transfer_charge,0.6338,transfer_fee_charged,0.2538,top_up_by_card_charge,0.0175
Is it possible to get a transfer from SWIFT?,top_up_by_bank_transfer_charge,top_up_by_bank_transfer_charge,True,0.8097,top_up_by_bank_transfer_charge,0.8097,transfer_into_account,0.0356,transfer_fee_charged,0.0251
Do I have to pay any fees in order to receive money?,top_up_by_bank_transfer_charge,top_up_by_bank_transfer_charge,True,0.4423,top_up_by_bank_transfer_charge,0.4423,transfer_fee_charged,0.3058,card_payment_fee_charged,0.0441
How much am I charged to receive money?,top_up_by_bank_transfer_charge,top_up_by_bank_transfer_charge,True,0.654,top_up_by_bank_transfer_charge,0.654,transfer_fee_charged,0.1856,cash_withdrawal_charge,0.0204
Will you deal with SWIFT transfers?,top_up_by_bank_transfer_charge,top_up_by_bank_transfer_charge,True,0.8356,top_up_by_bank_transfer_charge,0.8356,transfer_fee_charged,0.0252,top_up_by_card_charge,0.0139
Will there be any charges for money received?,top_up_by_bank_transfer_charge,top_up_by_bank_transfer_charge,True,0.7321,top_up_by_bank_transfer_charge,0.7321,transfer_fee_charged,0.0692,top_up_by_card_charge,0.0399
Will a transfer incur a fee?,top_up_by_bank_transfer_charge,transfer_fee_charged,False,0.7295,transfer_fee_charged,0.7295,top_up_by_bank_transfer_charge,0.1917,card_payment_fee_charged,0.0077
Are there charges for receiving a SEPA transfer?,top_up_by_bank_transfer_charge,top_up_by_bank_transfer_charge,True,0.8471,top_up_by_bank_transfer_charge,0.8471,transfer_fee_charged,0.0232,top_up_by_card_charge,0.0154
If I transfer money from my bank to top-up my account will I be charged?,top_up_by_bank_transfer_charge,top_up_by_bank_transfer_charge,True,0.6625,top_up_by_bank_transfer_charge,0.6625,transfer_into_account,0.1107,top_up_by_card_charge,0.0406
Will I be charged if someone needs to send me money?,top_up_by_bank_transfer_charge,top_up_by_bank_transfer_charge,True,0.5453,top_up_by_bank_transfer_charge,0.5453,receiving_money,0.1908,transfer_fee_charged,0.0526
What are the fees for top-ups?,top_up_by_bank_transfer_charge,top_up_by_card_charge,False,0.7756,top_up_by_card_charge,0.7756,top_up_by_bank_transfer_charge,0.0561,top_up_limits,0.022
Will topping up by transfer lead to a charge on my account?,top_up_by_bank_transfer_charge,top_up_by_bank_transfer_charge,True,0.729,top_up_by_bank_transfer_charge,0.729,transfer_fee_charged,0.1382,transfer_into_account,0.0145
What are the charges for receiving money?,top_up_by_bank_transfer_charge,top_up_by_bank_transfer_charge,True,0.8115,top_up_by_bank_transfer_charge,0.8115,transfer_fee_charged,0.0346,top_up_by_card_charge,0.0158
What is the fee to receive money?,top_up_by_bank_transfer_charge,top_up_by_bank_transfer_charge,True,0.4551,top_up_by_bank_transfer_charge,0.4551,transfer_fee_charged,0.3389,card_payment_fee_charged,0.0342
How much am I charged for a SEPA transfer?,top_up_by_bank_transfer_charge,top_up_by_bank_transfer_charge,True,0.8459,top_up_by_bank_transfer_charge,0.8459,transfer_fee_charged,0.0472,top_up_by_card_charge,0.0161
How much is the fee for a SEPA transfer?,top_up_by_bank_transfer_charge,top_up_by_bank_transfer_charge,True,0.8346,top_up_by_bank_transfer_charge,0.8346,transfer_fee_charged,0.0531,top_up_by_card_charge,0.0142
What'll it charge me for a SEPA transfer?,top_up_by_bank_transfer_charge,top_up_by_bank_transfer_charge,True,0.8437,top_up_by_bank_transfer_charge,0.8437,transfer_fee_charged,0.0411,top_up_by_card_charge,0.0193
Is there a charge for topping up by transfer?,top_up_by_bank_transfer_charge,top_up_by_bank_transfer_charge,True,0.8351,top_up_by_bank_transfer_charge,0.8351,transfer_fee_charged,0.0549,top_up_by_card_charge,0.0176
Do you do SWIFT transfers?,top_up_by_bank_transfer_charge,top_up_by_bank_transfer_charge,True,0.8388,top_up_by_bank_transfer_charge,0.8388,transfer_fee_charged,0.0254,transfer_into_account,0.0187
Should I expect to be charged for topping up by transfer?,top_up_by_bank_transfer_charge,top_up_by_bank_transfer_charge,True,0.8405,top_up_by_bank_transfer_charge,0.8405,transfer_fee_charged,0.0479,top_up_by_card_charge,0.0152
Will I be charged for a SEPA transfer?,top_up_by_bank_transfer_charge,top_up_by_bank_transfer_charge,True,0.8432,top_up_by_bank_transfer_charge,0.8432,transfer_fee_charged,0.0218,top_up_by_card_charge,0.0175
is there a fee for a transfer? if so how much will it be?,top_up_by_bank_transfer_charge,top_up_by_bank_transfer_charge,True,0.5498,top_up_by_bank_transfer_charge,0.5498,transfer_fee_charged,0.3484,top_up_by_card_charge,0.0095
Please tell me about SWIFT transfers at this bank.,top_up_by_bank_transfer_charge,top_up_by_bank_transfer_charge,True,0.6537,top_up_by_bank_transfer_charge,0.6537,transfer_into_account,0.1213,transfer_fee_charged,0.0242
Is there a fee for transfer top-up?,top_up_by_bank_transfer_charge,top_up_by_bank_transfer_charge,True,0.6727,top_up_by_bank_transfer_charge,0.6727,transfer_fee_charged,0.1981,top_up_by_card_charge,0.0286
Can you tell me what the transfer policy is?,top_up_by_bank_transfer_charge,transfer_into_account,False,0.3,transfer_into_account,0.3,top_up_by_bank_transfer_charge,0.2277,receiving_money,0.0796
Is a SWIFT transfer okay?,top_up_by_bank_transfer_charge,top_up_by_bank_transfer_charge,True,0.809,top_up_by_bank_transfer_charge,0.809,transfer_fee_charged,0.0473,transfer_timing,0.0152
Will I be charged a fee if I receive a SEPA transfer,top_up_by_bank_transfer_charge,top_up_by_bank_transfer_charge,True,0.8088,top_up_by_bank_transfer_charge,0.8088,transfer_fee_charged,0.0787,top_up_by_card_charge,0.0117
"When topping up by transfer, will I be charged?",top_up_by_bank_transfer_charge,top_up_by_bank_transfer_charge,True,0.8108,top_up_by_bank_transfer_charge,0.8108,transfer_fee_charged,0.0355,transfer_timing,0.0218
What us the fee to transfer money from my bank?,top_up_by_bank_transfer_charge,transfer_fee_charged,False,0.5637,transfer_fee_charged,0.5637,top_up_by_bank_transfer_charge,0.2817,cash_withdrawal_charge,0.0185
Do I get charged if i am getting money?,top_up_by_bank_transfer_charge,top_up_by_bank_transfer_charge,True,0.5934,top_up_by_bank_transfer_charge,0.5934,transfer_fee_charged,0.1251,cash_withdrawal_charge,0.0953
Can you tell me the total cost of a transfer?,top_up_by_bank_transfer_charge,top_up_by_bank_transfer_charge,True,0.7514,top_up_by_bank_transfer_charge,0.7514,transfer_fee_charged,0.1416,receiving_money,0.0117
can i do a transfer with swift,top_up_by_bank_transfer_charge,top_up_by_bank_transfer_charge,True,0.7671,top_up_by_bank_transfer_charge,0.7671,transfer_into_account,0.0379,receiving_money,0.0302
"new customer and filling gas today, it's not working, the thing shows pending half an hour!",pending_top_up,pending_top_up,True,0.5448,pending_top_up,0.5448,automatic_top_up,0.0464,transfer_not_received_by_recipient,0.035
My card was topped this morning but I can't see the funds. Why didn't it complete?,pending_top_up,pending_top_up,True,0.3705,pending_top_up,0.3705,top_up_failed,0.1556,top_up_reverted,0.1488
What would lead to my top up still pending?,pending_top_up,pending_top_up,True,0.9095,pending_top_up,0.9095,top_up_reverted,0.0161,top_up_failed,0.0084
there's a delay in my top-up,pending_top_up,pending_top_up,True,0.8884,pending_top_up,0.8884,top_up_reverted,0.0307,top_up_failed,0.0207
Is there a reason my top up hasn't gone through,pending_top_up,pending_top_up,True,0.8326,pending_top_up,0.8326,top_up_reverted,0.0581,top_up_failed,0.0525
The top-up is pending.,pending_top_up,pending_top_up,True,0.9042,pending_top_up,0.9042,top_up_reverted,0.0159,top_up_failed,0.0122
Could you explain why my top-up has gone through yet?,pending_top_up,pending_top_up,True,0.907,pending_top_up,0.907,top_up_reverted,0.0247,top_up_failed,0.0129
"I've already topped up, but I cannot see the funds being available. What happened?",pending_top_up,pending_top_up,True,0.7145,pending_top_up,0.7145,top_up_reverted,0.1555,top_up_failed,0.0585
What is going on? My top-up is still pending. I use your system all the time but now it is just showing as pending.,pending_top_up,pending_top_up,True,0.8768,pending_top_up,0.8768,top_up_reverted,0.0279,top_up_failed,0.0093
I  do not see a top-up processed.,pending_top_up,pending_top_up,True,0.7417,pending_top_up,0.7417,top_up_reverted,0.0715,top_up_failed,0.0376
I topped up but it didn't complete,pending_top_up,pending_top_up,True,0.7036,pending_top_up,0.7036,top_up_reverted,0.1235,top_up_failed,0.1097
"So, I am a new customer and attempted to top up for the very first time today. It's already been pending for half an hour and doesn't seem to be working. I need to please get this fixed.",pending_top_up,pending_top_up,True,0.8868,pending_top_up,0.8868,top_up_reverted,0.0325,top_up_failed,0.0257
My top up is pending.,pending_top_up,pending_top_up,True,0.9125,pending_top_up,0.9125,top_up_reverted,0.0166,top_up_failed,0.012
Can you look into my top up please.  I made it over three hours ago and yet it's still pending.,pending_top_up,pending_top_up,True,0.9113,pending_top_up,0.9113,top_up_reverted,0.0175,top_up_failed,0.009
Can you please make my top up go through as soon as possible. I really need the money and it has been pending for an hour already.,pending_top_up,pending_top_up,True,0.9069,pending_top_up,0.9069,top_up_reverted,0.0168,top_up_failed,0.0092
"What's going on with the top-up? All it says is pending, pending, pending! I use your service several times a week and have never had a problem before! What's going on here?",pending_top_up,pending_top_up,True,0.8683,pending_top_up,0.8683,top_up_reverted,0.0204,top_up_failed,0.011
why hasn't my top up gone through yet,pending_top_up,pending_top_up,True,0.9063,pending_top_up,0.9063,top_up_reverted,0.0246,top_up_failed,0.0138
top-up is slow to process,pending_top_up,pending_top_up,True,0.7714,pending_top_up,0.7714,top_up_failed,0.1007,top_up_reverted,0.0457
"Is there something wrong with your website? I tried topping up my account and it's been close to two hours now and it's still at ""pending"" for some reason. I just joined with you guys and this is the first attempt at this, so maybe I'm wrong, but shouldn't this be instant?",pending_top_up,pending_top_up,True,0.8674,pending_top_up,0.8674,top_up_reverted,0.0397,top_up_failed,0.0184
"I topped up by card a while ago and it's still pending, surely it should be done by now?",pending_top_up,pending_top_up,True,0.8978,pending_top_up,0.8978,top_up_reverted,0.012,top_up_failed,0.0078
Why hasn't my top-up been completed?,pending_top_up,pending_top_up,True,0.8651,pending_top_up,0.8651,top_up_reverted,0.055,top_up_failed,0.0207
top up did not complete,pending_top_up,pending_top_up,True,0.6871,pending_top_up,0.6871,top_up_failed,0.1247,top_up_reverted,0.118
So I just put my top-up into the card and it hasn't changed.,pending_top_up,pending_top_up,True,0.4684,pending_top_up,0.4684,top_up_reverted,0.255,top_up_failed,0.1483
Why is my top up still pending?,pending_top_up,pending_top_up,True,0.9107,pending_top_up,0.9107,top_up_reverted,0.02,top_up_failed,0.0103
"Your top-up function isn't working, it still says pending even though I know my card works.",pending_top_up,pending_top_up,True,0.8915,pending_top_up,0.8915,top_up_failed,0.0226,top_up_reverted,0.0188
"Hi I'm a new customer and tried topping up for the first time today, seems it's not working, the thing shows up as pending since half an hour already! Please fix it!",pending_top_up,pending_top_up,True,0.8912,pending_top_up,0.8912,top_up_reverted,0.0328,top_up_failed,0.0215
"OMG!  I'm trying to load my card and it wont top up!  I desperately need the money either on my card or in my bank, where is it?",pending_top_up,topping_up_by_card,False,0.3984,topping_up_by_card,0.3984,top_up_failed,0.2637,pending_top_up,0.0938
I'm attempting to top-up my account but it has been pending for an hour.,pending_top_up,pending_top_up,True,0.908,pending_top_up,0.908,top_up_reverted,0.0122,top_up_failed,0.0104
Why is my top-up still outstanding?,pending_top_up,pending_top_up,True,0.4192,pending_top_up,0.4192,top_up_reverted,0.2958,top_up_failed,0.2014
What does it mean when my top up is saying  still pending?,pending_top_up,pending_top_up,True,0.9066,pending_top_up,0.9066,top_up_reverted,0.0156,top_up_failed,0.0088
"My top up hasn't worked, it's been stuck in pending for the last couple hours",pending_top_up,pending_top_up,True,0.9044,pending_top_up,0.9044,top_up_reverted,0.0203,top_up_failed,0.0157
It doesn't look like the top-up completed.,pending_top_up,pending_top_up,True,0.8818,pending_top_up,0.8818,top_up_reverted,0.0389,top_up_failed,0.0219
Why does my top up say still pending when I used my card to do it.,pending_top_up,pending_top_up,True,0.9001,pending_top_up,0.9001,top_up_reverted,0.0139,top_up_failed,0.0111
Where is the money I topped off with?,pending_top_up,top_up_by_cash_or_cheque,False,0.4395,top_up_by_cash_or_cheque,0.4395,topping_up_by_card,0.2215,pending_top_up,0.064
"Hi. I'm a new customer to your system and I think something isn't working right - or maybe it is. Maybe you can confirm. I tried to top up today (my first time ever) and it's been stuck at ""pending"" for over an hour now. Is it supposed to do this or is there something wrong in the system?",pending_top_up,pending_top_up,True,0.837,pending_top_up,0.837,top_up_reverted,0.0643,top_up_failed,0.0326
Why is my top-up still pending?,pending_top_up,pending_top_up,True,0.9088,pending_top_up,0.9088,top_up_reverted,0.0199,top_up_failed,0.0104
Topping up my card is not working because I believe the top up is pending,pending_top_up,pending_top_up,True,0.8663,pending_top_up,0.8663,top_up_failed,0.0373,top_up_reverted,0.0183
When will my top-up process?,pending_top_up,pending_top_up,True,0.8778,pending_top_up,0.8778,top_up_reverted,0.0108,top_up_limits,0.01
"The top-up has a definite problem! I regularly use your service and haven't had a problem before, but now the top-up just shows pending. Please tell my why it continues to show pending.",pending_top_up,pending_top_up,True,0.8729,pending_top_up,0.8729,top_up_reverted,0.0493,top_up_failed,0.0245
"I tried topping up but my funds seem to be pending. I want to buy something right now, what do I do?",pending_top_up,pending_top_up,True,0.868,pending_top_up,0.868,top_up_reverted,0.0281,top_up_limits,0.0097
I made a transaction this morning and would like to revert it.,cancel_transfer,cancel_transfer,True,0.917,cancel_transfer,0.917,transaction_charged_twice,0.0173,request_refund,0.0051
Can i cancel a charge?,cancel_transfer,cancel_transfer,True,0.7669,cancel_transfer,0.7669,transaction_charged_twice,0.0717,request_refund,0.0382
Can I cancel my transaction?,cancel_transfer,cancel_transfer,True,0.9448,cancel_transfer,0.9448,transaction_charged_twice,0.0072,request_refund,0.0042
I made a transaction but did it to the wrong account.,cancel_transfer,cancel_transfer,True,0.9092,cancel_transfer,0.9092,transaction_charged_twice,0.0129,pin_blocked,0.0081
Tell me how to cancel a transfer.,cancel_transfer,cancel_transfer,True,0.9399,cancel_transfer,0.9399,transaction_charged_twice,0.0074,failed_transfer,0.0049
I need you to cancel a transfer that I made.  It is the wrong account number and the app won't let me stop the transaction.  Please stop it!,cancel_transfer,cancel_transfer,True,0.9393,cancel_transfer,0.9393,failed_transfer,0.0058,transaction_charged_twice,0.0058
"I need to cancel my recent transfer immediately, I made a mistake there, please help quickly before it goes through",cancel_transfer,cancel_transfer,True,0.9374,cancel_transfer,0.9374,transaction_charged_twice,0.007,failed_transfer,0.0057
I would like to revert a transaction I did this morning,cancel_transfer,cancel_transfer,True,0.9346,cancel_transfer,0.9346,transaction_charged_twice,0.0114,failed_transfer,0.0041
If I make a transaction can I cancel it?,cancel_transfer,cancel_transfer,True,0.9462,cancel_transfer,0.9462,transaction_charged_twice,0.0065,failed_transfer,0.0033
How can I cancel a transfer?,cancel_transfer,cancel_transfer,True,0.9357,cancel_transfer,0.9357,transaction_charged_twice,0.0077,failed_transfer,0.0051
Is there any way to cancel a transfer?,cancel_transfer,cancel_transfer,True,0.9376,cancel_transfer,0.9376,transaction_charged_twice,0.0095,failed_transfer,0.0044
I accidentally made a transaction to the wrong account.,cancel_transfer,cancel_transfer,True,0.9203,cancel_transfer,0.9203,transaction_charged_twice,0.0109,failed_transfer,0.0065
I want to cancel a transfer right away! Can you help?,cancel_transfer,cancel_transfer,True,0.9387,cancel_transfer,0.9387,failed_transfer,0.0062,transaction_charged_twice,0.0058
Help me cancel my transaction,cancel_transfer,cancel_transfer,True,0.943,cancel_transfer,0.943,transaction_charged_twice,0.0067,failed_transfer,0.0046
"This is URGENT, I typed the wrong payment information for a payment I needed to make and have clicked send, I need to reverse the transaction immediately.",cancel_transfer,cancel_transfer,True,0.7741,cancel_transfer,0.7741,pin_blocked,0.0288,transaction_charged_twice,0.0267
Can I cancel a transfer,cancel_transfer,cancel_transfer,True,0.9334,cancel_transfer,0.9334,transaction_charged_twice,0.0096,failed_transfer,0.0046
I want to reverse my transaction from earlier,cancel_transfer,cancel_transfer,True,0.8909,cancel_transfer,0.8909,transaction_charged_twice,0.0341,request_refund,0.0089
Is there a way to revert my transaction from this morning?,cancel_transfer,cancel_transfer,True,0.8629,cancel_transfer,0.8629,transaction_charged_twice,0.0228,reverted_card_payment?,0.0123
I'd like to cancel a transfer,cancel_transfer,cancel_transfer,True,0.938,cancel_transfer,0.938,transaction_charged_twice,0.0093,failed_transfer,0.0043
Can I cancel a transfer if is already processed?,cancel_transfer,cancel_transfer,True,0.928,cancel_transfer,0.928,transaction_charged_twice,0.0072,failed_transfer,0.0058
I transferred the wrong amount and would like to cancel the transaction.,cancel_transfer,cancel_transfer,True,0.8851,cancel_transfer,0.8851,transaction_charged_twice,0.0282,transfer_fee_charged,0.0138
I made a mistake when I did a transfer so now what can I do to fix that?,cancel_transfer,cancel_transfer,True,0.6783,cancel_transfer,0.6783,beneficiary_not_allowed,0.096,failed_transfer,0.0853
I need to cancel an incorrect transaction.,cancel_transfer,cancel_transfer,True,0.9385,cancel_transfer,0.9385,transaction_charged_twice,0.0085,pin_blocked,0.0054
How do I cancel my transfer?,cancel_transfer,cancel_transfer,True,0.9409,cancel_transfer,0.9409,transaction_charged_twice,0.0065,failed_transfer,0.0056
I made a mistake with a transaction!,cancel_transfer,cancel_transfer,True,0.8761,cancel_transfer,0.8761,transaction_charged_twice,0.0238,failed_transfer,0.0095
I submitted a transaction to the incorrect account.,cancel_transfer,cancel_transfer,True,0.9036,cancel_transfer,0.9036,transaction_charged_twice,0.0166,failed_transfer,0.0096
The transfer I just made needs to be cancelled right now. It was my mistake. Please help me cancel it before it goes through!,cancel_transfer,cancel_transfer,True,0.9291,cancel_transfer,0.9291,failed_transfer,0.0072,transaction_charged_twice,0.0069
I want to go back on what I did this morning,cancel_transfer,cancel_transfer,True,0.1272,cancel_transfer,0.1272,terminate_account,0.0712,edit_personal_details,0.0627
Can a transaction be cancelled?,cancel_transfer,cancel_transfer,True,0.9089,cancel_transfer,0.9089,transaction_charged_twice,0.0085,failed_transfer,0.0068
How do i cancel my transaction?,cancel_transfer,cancel_transfer,True,0.9458,cancel_transfer,0.9458,transaction_charged_twice,0.0064,failed_transfer,0.0049
My transaction needs to be canceled.,cancel_transfer,cancel_transfer,True,0.9155,cancel_transfer,0.9155,failed_transfer,0.009,transfer_not_received_by_recipient,0.0066
I need to make an immediate cancellation related to a transfer. This was a mistake. Please assist quickly so this does not actually go through.,cancel_transfer,cancel_transfer,True,0.8752,cancel_transfer,0.8752,failed_transfer,0.0126,request_refund,0.011
I made a mistake and need to cancel a transaction,cancel_transfer,cancel_transfer,True,0.9459,cancel_transfer,0.9459,transaction_charged_twice,0.0071,failed_transfer,0.0032
I made an error in payment yesterday and I need it fixed asap because it's for my rent tomorrow.,cancel_transfer,cancel_transfer,True,0.4084,cancel_transfer,0.4084,transfer_not_received_by_recipient,0.1843,failed_transfer,0.0755
Cancel my last transfer,cancel_transfer,cancel_transfer,True,0.9206,cancel_transfer,0.9206,failed_transfer,0.0097,transaction_charged_twice,0.0082
"My recent transfer needs to be cancelled immediately; it was a mistake, please can you cancel it before it goes through?",cancel_transfer,cancel_transfer,True,0.9349,cancel_transfer,0.9349,transaction_charged_twice,0.0073,failed_transfer,0.0056
I need help cancelling a transaction.,cancel_transfer,cancel_transfer,True,0.9445,cancel_transfer,0.9445,transaction_charged_twice,0.0057,failed_transfer,0.0046
I don't want the transaction to go through now,cancel_transfer,cancel_transfer,True,0.2564,cancel_transfer,0.2564,failed_transfer,0.1771,transfer_not_received_by_recipient,0.1269
Can I change the amount I made on a payment that I made to the payment is correct.,cancel_transfer,request_refund,False,0.156,request_refund,0.156,reverted_card_payment?,0.0856,transaction_charged_twice,0.0684
Please help me!  I need to cancel a transaction.,cancel_transfer,cancel_transfer,True,0.9431,cancel_transfer,0.9431,transaction_charged_twice,0.0068,pin_blocked,0.004
can you limit my top up?,top_up_limits,top_up_limits,True,0.8713,top_up_limits,0.8713,top_up_failed,0.0247,pending_top_up,0.0145
Am I free to top-up as much as I want?,top_up_limits,top_up_by_card_charge,False,0.5231,top_up_by_card_charge,0.5231,top_up_limits,0.2565,top_up_by_bank_transfer_charge,0.0312
Is there a top up limit for my account?,top_up_limits,top_up_limits,True,0.8939,top_up_limits,0.8939,top_up_by_card_charge,0.0134,pending_top_up,0.0102
What is the limit to top up?,top_up_limits,top_up_limits,True,0.8996,top_up_limits,0.8996,top_up_by_card_charge,0.0114,pending_top_up,0.009
How much money can i top up?,top_up_limits,top_up_limits,True,0.6492,top_up_limits,0.6492,top_up_by_card_charge,0.1224,automatic_top_up,0.0303
What are the restrictions to top-offs?,top_up_limits,top_up_limits,True,0.7631,top_up_limits,0.7631,automatic_top_up,0.0368,top_up_failed,0.0354
Are the top-ups limited?,top_up_limits,top_up_limits,True,0.8407,top_up_limits,0.8407,top_up_by_card_charge,0.0319,topping_up_by_card,0.0134
what is the top up limit,top_up_limits,top_up_limits,True,0.8966,top_up_limits,0.8966,pending_top_up,0.0127,top_up_failed,0.0127
I need to find out what is the limit for top-ups.,top_up_limits,top_up_limits,True,0.8974,top_up_limits,0.8974,pending_top_up,0.0106,top_up_by_card_charge,0.0098
Do you have a limit to top ups?,top_up_limits,top_up_limits,True,0.8945,top_up_limits,0.8945,top_up_by_card_charge,0.0128,pending_top_up,0.0084
What is maximum top up?,top_up_limits,top_up_limits,True,0.8721,top_up_limits,0.8721,pending_top_up,0.0178,top_up_by_card_charge,0.0159
How can I tell what the limit is to top-ups?,top_up_limits,top_up_limits,True,0.8966,top_up_limits,0.8966,pending_top_up,0.0104,top_up_failed,0.0102
Is there a limit to top-up amounts?,top_up_limits,top_up_limits,True,0.8836,top_up_limits,0.8836,top_up_by_card_charge,0.0182,pending_top_up,0.0107
Is there any limit to the amount I can add to a card at a time?,top_up_limits,top_up_limits,True,0.218,top_up_limits,0.218,getting_spare_card,0.143,disposable_card_limits,0.1025
I want to know if there is a maximum I can top up.,top_up_limits,top_up_limits,True,0.8683,top_up_limits,0.8683,pending_top_up,0.0207,automatic_top_up,0.0159
What is the limit to a top-up?,top_up_limits,top_up_limits,True,0.9011,top_up_limits,0.9011,pending_top_up,0.0114,top_up_failed,0.0106
Tell me if there are any top-up limits?,top_up_limits,top_up_limits,True,0.8906,top_up_limits,0.8906,pending_top_up,0.0133,top_up_by_card_charge,0.0103
How can I top-up my limit?,top_up_limits,top_up_limits,True,0.8883,top_up_limits,0.8883,top_up_failed,0.0127,pending_top_up,0.0105
Is there a limit to top-ups?,top_up_limits,top_up_limits,True,0.895,top_up_limits,0.895,top_up_by_card_charge,0.0135,pending_top_up,0.009
Can I top-up as much as I want?,top_up_limits,top_up_limits,True,0.8556,top_up_limits,0.8556,top_up_by_card_charge,0.0335,top_up_by_cash_or_cheque,0.0141
Can you tell me the limits for top ups?,top_up_limits,top_up_limits,True,0.8978,top_up_limits,0.8978,pending_top_up,0.0106,top_up_by_card_charge,0.0101
When I top up what are the amoutn limits.,top_up_limits,top_up_limits,True,0.8231,top_up_limits,0.8231,pending_top_up,0.042,top_up_failed,0.0205
Is there a limit on top-ups?,top_up_limits,top_up_limits,True,0.8961,top_up_limits,0.8961,top_up_by_card_charge,0.0119,pending_top_up,0.0097
What is the top-ups limit?,top_up_limits,top_up_limits,True,0.8969,top_up_limits,0.8969,pending_top_up,0.01,top_up_by_card_charge,0.0093
Are there limits to top-ups?,top_up_limits,top_up_limits,True,0.8979,top_up_limits,0.8979,top_up_by_card_charge,0.0141,top_up_failed,0.009
Is there a maximum amount of top-ups?,top_up_limits,top_up_limits,True,0.8904,top_up_limits,0.8904,top_up_by_card_charge,0.0194,pending_top_up,0.0111
Do you have a top-up limit?,top_up_limits,top_up_limits,True,0.9002,top_up_limits,0.9002,top_up_by_card_charge,0.0104,pending_top_up,0.0097
What's the top up limit?,top_up_limits,top_up_limits,True,0.9004,top_up_limits,0.9004,pending_top_up,0.0103,top_up_failed,0.0099
What is the limit to top-up?,top_up_limits,top_up_limits,True,0.9009,top_up_limits,0.9009,pending_top_up,0.0106,top_up_by_card_charge,0.01
How much can I top-up to my card at a time?,top_up_limits,top_up_limits,True,0.8381,top_up_limits,0.8381,top_up_by_card_charge,0.0387,pending_top_up,0.0182
how much can i top up?,top_up_limits,top_up_limits,True,0.8576,top_up_limits,0.8576,top_up_by_card_charge,0.0317,pending_top_up,0.0134
what is the most i can top up?,top_up_limits,top_up_limits,True,0.8818,top_up_limits,0.8818,top_up_by_card_charge,0.0165,top_up_failed,0.0148
Is there a limit to how high I can top-up?,top_up_limits,top_up_limits,True,0.8803,top_up_limits,0.8803,pending_top_up,0.0153,automatic_top_up,0.0125
Is there an amount limit to my top-up?,top_up_limits,top_up_limits,True,0.8784,top_up_limits,0.8784,top_up_by_card_charge,0.0172,pending_top_up,0.0128
Is there a limit for top-ups?,top_up_limits,top_up_limits,True,0.8962,top_up_limits,0.8962,top_up_by_card_charge,0.0139,pending_top_up,0.0095
Is there a maximum i can top up?,top_up_limits,top_up_limits,True,0.8823,top_up_limits,0.8823,top_up_by_card_charge,0.016,pending_top_up,0.0136
How can I tell if there is a top-up limit?,top_up_limits,top_up_limits,True,0.8925,top_up_limits,0.8925,pending_top_up,0.0124,top_up_failed,0.0101
Do you have any restrictions to my top-up?,top_up_limits,top_up_limits,True,0.6716,top_up_limits,0.6716,top_up_failed,0.1119,pending_top_up,0.0492
As for limits are top ups included?,top_up_limits,top_up_limits,True,0.8929,top_up_limits,0.8929,top_up_by_card_charge,0.0134,pending_top_up,0.0116
What are the top-up limits?,top_up_limits,top_up_limits,True,0.8953,top_up_limits,0.8953,pending_top_up,0.0127,top_up_failed,0.011
"I don't know if this is an issue with the ATM or my account, but I just tried withdrawing 30 pounds from the ATM I'm at now and it only gave me 10. Is this a glitch or what exactly is going on?",wrong_amount_of_cash_received,wrong_amount_of_cash_received,True,0.8979,wrong_amount_of_cash_received,0.8979,wrong_exchange_rate_for_cash_withdrawal,0.0318,declined_cash_withdrawal,0.0269
I didn't get all the cash I requested for at the ATM,wrong_amount_of_cash_received,wrong_amount_of_cash_received,True,0.936,wrong_amount_of_cash_received,0.936,wrong_exchange_rate_for_cash_withdrawal,0.0147,declined_cash_withdrawal,0.0124
How come the ATM gave me less cash than what I asked for?,wrong_amount_of_cash_received,wrong_amount_of_cash_received,True,0.9351,wrong_amount_of_cash_received,0.9351,wrong_exchange_rate_for_cash_withdrawal,0.0165,cash_withdrawal_charge,0.0081
Why did I not get my cash back after I withdrew?,wrong_amount_of_cash_received,declined_cash_withdrawal,False,0.686,declined_cash_withdrawal,0.686,wrong_amount_of_cash_received,0.1001,pending_cash_withdrawal,0.0509
I got less cash than the one I specified in the ATM,wrong_amount_of_cash_received,wrong_amount_of_cash_received,True,0.9241,wrong_amount_of_cash_received,0.9241,wrong_exchange_rate_for_cash_withdrawal,0.0271,declined_cash_withdrawal,0.0096
The amount of cash I received was incorrect,wrong_amount_of_cash_received,wrong_amount_of_cash_received,True,0.9169,wrong_amount_of_cash_received,0.9169,wrong_exchange_rate_for_cash_withdrawal,0.0306,declined_cash_withdrawal,0.0073
I'm at an ATM and withdrew 30 pounds and was only given 10. What should I do?,wrong_amount_of_cash_received,wrong_amount_of_cash_received,True,0.9116,wrong_amount_of_cash_received,0.9116,wrong_exchange_rate_for_cash_withdrawal,0.031,declined_cash_withdrawal,0.0153
The ATM gave me the wrong amount of cash today when I went to withdraw. The app says it was more.,wrong_amount_of_cash_received,wrong_amount_of_cash_received,True,0.9165,wrong_amount_of_cash_received,0.9165,wrong_exchange_rate_for_cash_withdrawal,0.035,declined_cash_withdrawal,0.0091
The amount of cash I received was different than what I requested.,wrong_amount_of_cash_received,wrong_amount_of_cash_received,True,0.9301,wrong_amount_of_cash_received,0.9301,wrong_exchange_rate_for_cash_withdrawal,0.02,declined_cash_withdrawal,0.0041
"Hi. I just withdrew cash from an ATM and received the wrong amount. However, my app shows the correct amount I withdrew. How do I get the rest of the cash?",wrong_amount_of_cash_received,wrong_amount_of_cash_received,True,0.8949,wrong_amount_of_cash_received,0.8949,wrong_exchange_rate_for_cash_withdrawal,0.0523,declined_cash_withdrawal,0.009
"The wrong amount of cash came out of the ATM today when I went to withdraw. When I looked at the app, it was showing it was much more.",wrong_amount_of_cash_received,wrong_amount_of_cash_received,True,0.8858,wrong_amount_of_cash_received,0.8858,wrong_exchange_rate_for_cash_withdrawal,0.0553,declined_cash_withdrawal,0.0132
I did not get as much cash as I requested at the ATM.,wrong_amount_of_cash_received,wrong_amount_of_cash_received,True,0.9236,wrong_amount_of_cash_received,0.9236,wrong_exchange_rate_for_cash_withdrawal,0.0255,declined_cash_withdrawal,0.0119
"How can I request cash back? The ATM just gave me the wrong amount, the app shows the amount that I've been actually charged though...",wrong_amount_of_cash_received,wrong_amount_of_cash_received,True,0.9302,wrong_amount_of_cash_received,0.9302,wrong_exchange_rate_for_cash_withdrawal,0.0223,cash_withdrawal_charge,0.0069
Where is the money I pushed it's on my mobile app as being withdrawn.,wrong_amount_of_cash_received,cash_withdrawal_not_recognised,False,0.7222,cash_withdrawal_not_recognised,0.7222,pending_cash_withdrawal,0.065,declined_cash_withdrawal,0.0352
Why did I not get all the cash I asked for?,wrong_amount_of_cash_received,wrong_amount_of_cash_received,True,0.9426,wrong_amount_of_cash_received,0.9426,wrong_exchange_rate_for_cash_withdrawal,0.0145,declined_cash_withdrawal,0.0068
My cash withdrawal was partly declined,wrong_amount_of_cash_received,declined_cash_withdrawal,False,0.889,declined_cash_withdrawal,0.889,wrong_amount_of_cash_received,0.0252,wrong_exchange_rate_for_cash_withdrawal,0.0123
Why did I only get $20 when I tried to get $100,wrong_amount_of_cash_received,wrong_amount_of_cash_received,True,0.9379,wrong_amount_of_cash_received,0.9379,wrong_exchange_rate_for_cash_withdrawal,0.0131,declined_cash_withdrawal,0.0056
I have withdrawn cash from ATM but i received the wrong amount. I want cash back as in app its showing actual amount which i got. Please help me in this.,wrong_amount_of_cash_received,wrong_amount_of_cash_received,True,0.8757,wrong_amount_of_cash_received,0.8757,wrong_exchange_rate_for_cash_withdrawal,0.0582,cash_withdrawal_charge,0.0092
"I went to withdraw some cash earlier today, but seems the ATM gave me the wrong amount of cash! The amount showing up in the app is a lot more",wrong_amount_of_cash_received,wrong_amount_of_cash_received,True,0.9011,wrong_amount_of_cash_received,0.9011,wrong_exchange_rate_for_cash_withdrawal,0.0445,declined_cash_withdrawal,0.0103
I tried to get $100 but I just got $20,wrong_amount_of_cash_received,wrong_amount_of_cash_received,True,0.9387,wrong_amount_of_cash_received,0.9387,wrong_exchange_rate_for_cash_withdrawal,0.0093,declined_cash_withdrawal,0.0048
I have not received the amount of cash i was supposed to.,wrong_amount_of_cash_received,wrong_amount_of_cash_received,True,0.9385,wrong_amount_of_cash_received,0.9385,wrong_exchange_rate_for_cash_withdrawal,0.0142,declined_cash_withdrawal,0.005
I asked for $100 cash but only got $20?,wrong_amount_of_cash_received,wrong_amount_of_cash_received,True,0.9454,wrong_amount_of_cash_received,0.9454,wrong_exchange_rate_for_cash_withdrawal,0.0092,declined_cash_withdrawal,0.0055
Where is the money that I asked for? I asked for more than I got!,wrong_amount_of_cash_received,wrong_amount_of_cash_received,True,0.9106,wrong_amount_of_cash_received,0.9106,wrong_exchange_rate_for_cash_withdrawal,0.0137,extra_charge_on_statement,0.0136
I withdrew money but the full amount wasn't dispensed.,wrong_amount_of_cash_received,wrong_amount_of_cash_received,True,0.8614,wrong_amount_of_cash_received,0.8614,wrong_exchange_rate_for_cash_withdrawal,0.0256,declined_cash_withdrawal,0.0249
Something went wrong with my withdrawal. The amount of money isn't right.,wrong_amount_of_cash_received,wrong_amount_of_cash_received,True,0.8583,wrong_amount_of_cash_received,0.8583,wrong_exchange_rate_for_cash_withdrawal,0.0571,declined_cash_withdrawal,0.0283
I have got out the wrong amount from an ATM. Please tell me the process to get the cash back as in app its showing the amount i have been actually received.,wrong_amount_of_cash_received,wrong_amount_of_cash_received,True,0.9085,wrong_amount_of_cash_received,0.9085,wrong_exchange_rate_for_cash_withdrawal,0.0361,declined_cash_withdrawal,0.0076
I asked for 100 but only got 20.,wrong_amount_of_cash_received,wrong_amount_of_cash_received,True,0.9039,wrong_amount_of_cash_received,0.9039,wrong_exchange_rate_for_cash_withdrawal,0.0123,declined_transfer,0.0068
I didn't receive the right amount of cash back,wrong_amount_of_cash_received,wrong_amount_of_cash_received,True,0.9367,wrong_amount_of_cash_received,0.9367,wrong_exchange_rate_for_cash_withdrawal,0.0136,cash_withdrawal_charge,0.0048
The ATM gave me less cash than I requested,wrong_amount_of_cash_received,wrong_amount_of_cash_received,True,0.9419,wrong_amount_of_cash_received,0.9419,wrong_exchange_rate_for_cash_withdrawal,0.0129,declined_cash_withdrawal,0.0068
"I didn't get as much cash as I asked for from the ATM, why?",wrong_amount_of_cash_received,wrong_amount_of_cash_received,True,0.9213,wrong_amount_of_cash_received,0.9213,wrong_exchange_rate_for_cash_withdrawal,0.0258,declined_cash_withdrawal,0.0142
What do I do if the ATM didn't give me the correct amount I withdrew? I pulled out 30 pounds and the ATM gave me 10 pounds.,wrong_amount_of_cash_received,wrong_amount_of_cash_received,True,0.9246,wrong_amount_of_cash_received,0.9246,wrong_exchange_rate_for_cash_withdrawal,0.0309,declined_cash_withdrawal,0.0088
"I tried to take out cash but the amount isn't right, so what do I do?",wrong_amount_of_cash_received,wrong_amount_of_cash_received,True,0.8065,wrong_amount_of_cash_received,0.8065,declined_cash_withdrawal,0.0618,wrong_exchange_rate_for_cash_withdrawal,0.0393
I didn't receive all the cash I asked for,wrong_amount_of_cash_received,wrong_amount_of_cash_received,True,0.942,wrong_amount_of_cash_received,0.942,wrong_exchange_rate_for_cash_withdrawal,0.0127,declined_cash_withdrawal,0.0057
I just got $20 when I tried to get $100,wrong_amount_of_cash_received,wrong_amount_of_cash_received,True,0.9404,wrong_amount_of_cash_received,0.9404,wrong_exchange_rate_for_cash_withdrawal,0.0106,declined_cash_withdrawal,0.0054
The right amount of cash was not sent to me.,wrong_amount_of_cash_received,wrong_amount_of_cash_received,True,0.8902,wrong_amount_of_cash_received,0.8902,wrong_exchange_rate_for_cash_withdrawal,0.0332,cash_withdrawal_charge,0.0051
The ATM didn't give me the the withdraw amount requested.,wrong_amount_of_cash_received,wrong_amount_of_cash_received,True,0.8943,wrong_amount_of_cash_received,0.8943,wrong_exchange_rate_for_cash_withdrawal,0.041,declined_cash_withdrawal,0.0183
Why did I get less money than I asked for?,wrong_amount_of_cash_received,wrong_amount_of_cash_received,True,0.8922,wrong_amount_of_cash_received,0.8922,wrong_exchange_rate_for_cash_withdrawal,0.0265,extra_charge_on_statement,0.011
I didn't get the right amount at the ATM.,wrong_amount_of_cash_received,wrong_amount_of_cash_received,True,0.9239,wrong_amount_of_cash_received,0.9239,wrong_exchange_rate_for_cash_withdrawal,0.026,declined_cash_withdrawal,0.0097
did not receive correct cash upon withdrawal,wrong_amount_of_cash_received,wrong_amount_of_cash_received,True,0.5815,wrong_amount_of_cash_received,0.5815,declined_cash_withdrawal,0.2053,wrong_exchange_rate_for_cash_withdrawal,0.0954
Will declined funds I tried to withdraw be returned to me?,wrong_amount_of_cash_received,declined_cash_withdrawal,False,0.8188,declined_cash_withdrawal,0.8188,wrong_amount_of_cash_received,0.0346,cash_withdrawal_charge,0.0195
I payed with a card and was charged an extra fee,card_payment_fee_charged,card_payment_fee_charged,True,0.9392,card_payment_fee_charged,0.9392,order_physical_card,0.0093,transfer_fee_charged,0.0066
I was charged a fee after using my card and I shouldn't have been.,card_payment_fee_charged,card_payment_fee_charged,True,0.9426,card_payment_fee_charged,0.9426,cash_withdrawal_charge,0.0102,transfer_fee_charged,0.0095
Is there a reason I was charged a fee for using my card as payment? I've never had an extra fee before.,card_payment_fee_charged,card_payment_fee_charged,True,0.9384,card_payment_fee_charged,0.9384,transfer_fee_charged,0.0136,cash_withdrawal_charge,0.0099
"I show another charge on my card from when I used it, why?",card_payment_fee_charged,transaction_charged_twice,False,0.2,transaction_charged_twice,0.2,direct_debit_payment_not_recognised,0.1835,card_payment_not_recognised,0.1676
"Why do I get charged additional fees on some payments, but not others?",card_payment_fee_charged,card_payment_fee_charged,True,0.9305,card_payment_fee_charged,0.9305,transfer_fee_charged,0.0169,cash_withdrawal_charge,0.0116
I used my card for a purchase and was charged a fee,card_payment_fee_charged,card_payment_fee_charged,True,0.9417,card_payment_fee_charged,0.9417,transfer_fee_charged,0.0114,order_physical_card,0.0049
Why was I charged for card payment?,card_payment_fee_charged,card_payment_fee_charged,True,0.9081,card_payment_fee_charged,0.9081,cash_withdrawal_charge,0.0153,transfer_fee_charged,0.0088
There is an unauthorized fee.,card_payment_fee_charged,card_payment_fee_charged,True,0.8339,card_payment_fee_charged,0.8339,transfer_fee_charged,0.0423,cash_withdrawal_charge,0.0271
I would appreciate that someone let me know when there is an extra charge for payments. I was checking the app earlier and saying a charge on one of my payments that was additional that no one made me aware of before.,card_payment_fee_charged,card_payment_fee_charged,True,0.7267,card_payment_fee_charged,0.7267,extra_charge_on_statement,0.0657,direct_debit_payment_not_recognised,0.0483
Why was I charged an extra fee when paying with my card?,card_payment_fee_charged,card_payment_fee_charged,True,0.946,card_payment_fee_charged,0.946,transfer_fee_charged,0.0086,cash_withdrawal_charge,0.0082
Why did I have to pay extra because I paid with card?,card_payment_fee_charged,card_payment_fee_charged,True,0.9344,card_payment_fee_charged,0.9344,cash_withdrawal_charge,0.0095,transfer_fee_charged,0.0052
Why are there fees for card usage?,card_payment_fee_charged,card_payment_fee_charged,True,0.8116,card_payment_fee_charged,0.8116,order_physical_card,0.0471,cash_withdrawal_charge,0.0148
im not sure what this charge is for,card_payment_fee_charged,direct_debit_payment_not_recognised,False,0.3577,direct_debit_payment_not_recognised,0.3577,card_payment_not_recognised,0.2003,card_payment_fee_charged,0.1476
What is the fee charged with this card payment?,card_payment_fee_charged,card_payment_fee_charged,True,0.9187,card_payment_fee_charged,0.9187,order_physical_card,0.013,transfer_fee_charged,0.0073
When would my card be charged an extra fee for a transaction?,card_payment_fee_charged,card_payment_fee_charged,True,0.9252,card_payment_fee_charged,0.9252,transfer_fee_charged,0.0184,cash_withdrawal_charge,0.0076
Why did I have to pay more when I do it with my card?,card_payment_fee_charged,card_payment_fee_charged,True,0.7325,card_payment_fee_charged,0.7325,declined_card_payment,0.0803,card_payment_not_recognised,0.0242
I made a card payment and a fee is showing up?,card_payment_fee_charged,card_payment_fee_charged,True,0.9223,card_payment_fee_charged,0.9223,transfer_fee_charged,0.0239,cash_withdrawal_charge,0.0115
I have been charged a fee for paying with card,card_payment_fee_charged,card_payment_fee_charged,True,0.9358,card_payment_fee_charged,0.9358,order_physical_card,0.0113,cash_withdrawal_charge,0.0053
What is the fee on my card payment?,card_payment_fee_charged,card_payment_fee_charged,True,0.9358,card_payment_fee_charged,0.9358,transfer_fee_charged,0.0091,extra_charge_on_statement,0.0084
Why would I be charged a fee for card payment?,card_payment_fee_charged,card_payment_fee_charged,True,0.9413,card_payment_fee_charged,0.9413,cash_withdrawal_charge,0.0085,transfer_fee_charged,0.0085
Will I always be charged a fee for using my card?,card_payment_fee_charged,card_payment_fee_charged,True,0.9088,card_payment_fee_charged,0.9088,order_physical_card,0.0151,top_up_by_card_charge,0.0105
"Can I check somewhere if there will be a fee on my payment or not? Seems you are charging in some cases, what's the pattern there?",card_payment_fee_charged,card_payment_fee_charged,True,0.908,card_payment_fee_charged,0.908,transfer_fee_charged,0.0192,extra_charge_on_statement,0.0159
Paying in card resulted in a fee,card_payment_fee_charged,card_payment_fee_charged,True,0.9319,card_payment_fee_charged,0.9319,transfer_fee_charged,0.0161,cash_withdrawal_charge,0.008
I paid with card and I think there was a fee applied.,card_payment_fee_charged,card_payment_fee_charged,True,0.9439,card_payment_fee_charged,0.9439,transfer_fee_charged,0.0101,cash_withdrawal_charge,0.0097
So what items  actually come  with  extra  fees,card_payment_fee_charged,card_payment_fee_charged,True,0.9102,card_payment_fee_charged,0.9102,transfer_fee_charged,0.0201,extra_charge_on_statement,0.0137
How do I avoid getting charged a fee on my card?,card_payment_fee_charged,card_payment_fee_charged,True,0.9401,card_payment_fee_charged,0.9401,transfer_fee_charged,0.0113,cash_withdrawal_charge,0.0109
Is there a fee when you pay with your card?,card_payment_fee_charged,card_payment_fee_charged,True,0.8994,card_payment_fee_charged,0.8994,order_physical_card,0.0224,top_up_by_card_charge,0.0078
I have been charged with a fee for paying with my card.,card_payment_fee_charged,card_payment_fee_charged,True,0.9509,card_payment_fee_charged,0.9509,order_physical_card,0.0057,transfer_fee_charged,0.0055
For the first time I got a fee on my account. How do I know when you charge these fees?,card_payment_fee_charged,card_payment_fee_charged,True,0.722,card_payment_fee_charged,0.722,transfer_fee_charged,0.1701,cash_withdrawal_charge,0.0314
Someone needs to make me aware when there are extra charges for payments. I happened to be looking at the app earlier and noticed a charge associated to a payment that was extra that no one made me aware of before at all.,card_payment_fee_charged,card_payment_fee_charged,True,0.6549,card_payment_fee_charged,0.6549,extra_charge_on_statement,0.091,direct_debit_payment_not_recognised,0.066
Is using my card free?,card_payment_fee_charged,card_payment_fee_charged,True,0.7905,card_payment_fee_charged,0.7905,order_physical_card,0.0383,card_acceptance,0.0161
Why was I charged an extra fee when using a card?,card_payment_fee_charged,card_payment_fee_charged,True,0.9277,card_payment_fee_charged,0.9277,order_physical_card,0.0099,cash_withdrawal_charge,0.0097
What fees apply when using a card?,card_payment_fee_charged,order_physical_card,False,0.4168,order_physical_card,0.4168,card_payment_fee_charged,0.1594,card_acceptance,0.106
Why do you charge for payments? Why aren't your charges clearly laid out in the agreement?,card_payment_fee_charged,card_payment_fee_charged,True,0.7732,card_payment_fee_charged,0.7732,transfer_fee_charged,0.0555,direct_debit_payment_not_recognised,0.0303
Why was I charged a fee when I paid with card?,card_payment_fee_charged,card_payment_fee_charged,True,0.9404,card_payment_fee_charged,0.9404,cash_withdrawal_charge,0.0093,transfer_fee_charged,0.0089
There is a fee on my account. Why?,card_payment_fee_charged,card_payment_fee_charged,True,0.7554,card_payment_fee_charged,0.7554,transfer_fee_charged,0.0704,extra_charge_on_statement,0.07
Why do you charge fees on card payments?,card_payment_fee_charged,card_payment_fee_charged,True,0.9047,card_payment_fee_charged,0.9047,order_physical_card,0.017,transfer_fee_charged,0.0069
I was charged a fee for a card payment. Why?,card_payment_fee_charged,card_payment_fee_charged,True,0.9448,card_payment_fee_charged,0.9448,transfer_fee_charged,0.0091,cash_withdrawal_charge,0.0075
Why was a charged a fee for using the card?,card_payment_fee_charged,card_payment_fee_charged,True,0.9419,card_payment_fee_charged,0.9419,cash_withdrawal_charge,0.0083,order_physical_card,0.0066
They charged me for paying with my card.,card_payment_fee_charged,card_payment_fee_charged,True,0.9326,card_payment_fee_charged,0.9326,extra_charge_on_statement,0.0074,direct_debit_payment_not_recognised,0.0073
"I completed an in country transfer a few days ago and was sure to check the account information several times since the transaction was completed, but the funds are still not available. What is the problem?",transfer_not_received_by_recipient,transfer_not_received_by_recipient,True,0.7289,transfer_not_received_by_recipient,0.7289,balance_not_updated_after_bank_transfer,0.1058,pending_transfer,0.0834
My money transfer has not arrived.,transfer_not_received_by_recipient,transfer_not_received_by_recipient,True,0.5439,transfer_not_received_by_recipient,0.5439,pending_transfer,0.197,balance_not_updated_after_bank_transfer,0.1545
I am still waiting for a transaction to be completed,transfer_not_received_by_recipient,transfer_not_received_by_recipient,True,0.661,transfer_not_received_by_recipient,0.661,pending_transfer,0.152,balance_not_updated_after_bank_transfer,0.0437
I made a money transaction but the recipient can't see it,transfer_not_received_by_recipient,transfer_not_received_by_recipient,True,0.8886,transfer_not_received_by_recipient,0.8886,balance_not_updated_after_bank_transfer,0.0198,pending_transfer,0.0134
I tried to send someone money but they haven't received it.,transfer_not_received_by_recipient,transfer_not_received_by_recipient,True,0.7798,transfer_not_received_by_recipient,0.7798,failed_transfer,0.0369,balance_not_updated_after_bank_transfer,0.0275
How long does it take for a transfer to get to a recipient?,transfer_not_received_by_recipient,transfer_timing,False,0.5689,transfer_timing,0.5689,transfer_not_received_by_recipient,0.2446,pending_transfer,0.0459
How can the recipient see my money transaction?,transfer_not_received_by_recipient,transfer_not_received_by_recipient,True,0.8311,transfer_not_received_by_recipient,0.8311,transfer_timing,0.0419,balance_not_updated_after_bank_transfer,0.0173
I transferred money but the recipient says it has not arrived. Why would this be?,transfer_not_received_by_recipient,transfer_not_received_by_recipient,True,0.8361,transfer_not_received_by_recipient,0.8361,balance_not_updated_after_bank_transfer,0.0783,pending_transfer,0.018
The transfer I did hasn't arrived,transfer_not_received_by_recipient,transfer_not_received_by_recipient,True,0.8235,transfer_not_received_by_recipient,0.8235,balance_not_updated_after_bank_transfer,0.0836,transfer_timing,0.0189
how long do money transfers take?,transfer_not_received_by_recipient,pending_transfer,False,0.3353,pending_transfer,0.3353,transfer_timing,0.3294,balance_not_updated_after_bank_transfer,0.1642
I transferred some money and it didint arrive,transfer_not_received_by_recipient,transfer_not_received_by_recipient,True,0.8042,transfer_not_received_by_recipient,0.8042,balance_not_updated_after_bank_transfer,0.0851,transfer_timing,0.0256
Where is the transfer I started?,transfer_not_received_by_recipient,transfer_not_received_by_recipient,True,0.326,transfer_not_received_by_recipient,0.326,balance_not_updated_after_bank_transfer,0.292,transfer_timing,0.1699
transaction failed?,transfer_not_received_by_recipient,cancel_transfer,False,0.3661,cancel_transfer,0.3661,failed_transfer,0.2592,declined_transfer,0.0507
"I just finished sending money, but it's not logging on the recipient side.",transfer_not_received_by_recipient,transfer_not_received_by_recipient,True,0.8539,transfer_not_received_by_recipient,0.8539,balance_not_updated_after_bank_transfer,0.0379,pending_transfer,0.0159
I completed a money transaction but the recipient hasn't received it,transfer_not_received_by_recipient,transfer_not_received_by_recipient,True,0.8943,transfer_not_received_by_recipient,0.8943,pending_transfer,0.0158,balance_not_updated_after_bank_transfer,0.0154
The receipient doesn't see my money transfer.,transfer_not_received_by_recipient,transfer_not_received_by_recipient,True,0.4947,transfer_not_received_by_recipient,0.4947,balance_not_updated_after_bank_transfer,0.2132,pending_transfer,0.1749
"I transferred the rent payment for my new place a couple days ago but the landlord says it's not there yet, despite showing up as done on my side. I checked the account number I sent it to and it's definitely correct. Can you please verify if the transaction really went through or not?",transfer_not_received_by_recipient,transfer_not_received_by_recipient,True,0.8499,transfer_not_received_by_recipient,0.8499,balance_not_updated_after_bank_transfer,0.0444,pending_transfer,0.0213
I need to find out why my transfer didn't get there.,transfer_not_received_by_recipient,transfer_not_received_by_recipient,True,0.3836,transfer_not_received_by_recipient,0.3836,beneficiary_not_allowed,0.1914,failed_transfer,0.1545
"I've just moved address from a place in Durham to a place in Walton-On-The-Naze.  I have a new landlord at my new house and they haven't got my payment but I know I sent it on time, can you check they got it please?",transfer_not_received_by_recipient,transfer_not_received_by_recipient,True,0.6356,transfer_not_received_by_recipient,0.6356,balance_not_updated_after_bank_transfer,0.0553,edit_personal_details,0.0365
I sent money.  They haven't received it.,transfer_not_received_by_recipient,transfer_not_received_by_recipient,True,0.853,transfer_not_received_by_recipient,0.853,balance_not_updated_after_bank_transfer,0.0236,balance_not_updated_after_cheque_or_cash_deposit,0.0138
"Hey, I need some help figuring out way my transfer is not complete yet. My Landlord hasn't got the money yet.She should have received it by now.",transfer_not_received_by_recipient,transfer_not_received_by_recipient,True,0.6764,transfer_not_received_by_recipient,0.6764,balance_not_updated_after_bank_transfer,0.1123,pending_transfer,0.1038
"The day before yesterday, I performed a transfer which was within this country. It still hasn't gone through. Can you check on that? The account number is definitely correct, as I've checked and double checked.",transfer_not_received_by_recipient,transfer_not_received_by_recipient,True,0.8167,transfer_not_received_by_recipient,0.8167,balance_not_updated_after_bank_transfer,0.0501,pending_transfer,0.0497
"I'm having a problem with a money transfer.  I sent some money to a friend a couple of hours ago, and they haven't received it yet.  Why hasn't it gotten to them? How long do transfers need to go through?",transfer_not_received_by_recipient,transfer_not_received_by_recipient,True,0.8161,transfer_not_received_by_recipient,0.8161,balance_not_updated_after_bank_transfer,0.0595,pending_transfer,0.0493
I transferred some money but the receiver can't pick it up for some reason.,transfer_not_received_by_recipient,transfer_not_received_by_recipient,True,0.4528,transfer_not_received_by_recipient,0.4528,balance_not_updated_after_bank_transfer,0.3446,pending_transfer,0.057
Where is the transaction I made to a friend?,transfer_not_received_by_recipient,transfer_not_received_by_recipient,True,0.8127,transfer_not_received_by_recipient,0.8127,balance_not_updated_after_bank_transfer,0.0258,reverted_card_payment?,0.0149
My friend still hasn't gotten a transaction I made.,transfer_not_received_by_recipient,transfer_not_received_by_recipient,True,0.8813,transfer_not_received_by_recipient,0.8813,balance_not_updated_after_bank_transfer,0.0198,pending_transfer,0.0106
Im waiting for my transaction to go through.,transfer_not_received_by_recipient,transfer_not_received_by_recipient,True,0.5279,transfer_not_received_by_recipient,0.5279,pending_transfer,0.0841,cancel_transfer,0.0662
I made a transaction and it is taking a very long time to go through.,transfer_not_received_by_recipient,transfer_not_received_by_recipient,True,0.6141,transfer_not_received_by_recipient,0.6141,pending_transfer,0.1101,pending_card_payment,0.0592
Is there a reason why my transaction is taking so long?,transfer_not_received_by_recipient,transfer_not_received_by_recipient,True,0.6771,transfer_not_received_by_recipient,0.6771,pending_transfer,0.1168,balance_not_updated_after_bank_transfer,0.0456
How long will it take for my transaction to be completed?,transfer_not_received_by_recipient,transfer_not_received_by_recipient,True,0.7877,transfer_not_received_by_recipient,0.7877,pending_transfer,0.0589,transfer_timing,0.0457
I sent some money and the receiver can't access it.,transfer_not_received_by_recipient,transfer_not_received_by_recipient,True,0.6508,transfer_not_received_by_recipient,0.6508,balance_not_updated_after_bank_transfer,0.04,beneficiary_not_allowed,0.0338
I sent my friend some money a few hours ago but she has not received it yet. She really needs it. How long does this take?,transfer_not_received_by_recipient,transfer_not_received_by_recipient,True,0.8588,transfer_not_received_by_recipient,0.8588,transfer_timing,0.0191,balance_not_updated_after_bank_transfer,0.0159
The person I sent money to hasn't gotten it yet!,transfer_not_received_by_recipient,transfer_not_received_by_recipient,True,0.8498,transfer_not_received_by_recipient,0.8498,balance_not_updated_after_bank_transfer,0.0373,balance_not_updated_after_cheque_or_cash_deposit,0.0185
When will my funds transfer?,transfer_not_received_by_recipient,transfer_timing,False,0.6481,transfer_timing,0.6481,pending_transfer,0.1298,transfer_not_received_by_recipient,0.0976
"How long does it take for transfers to finish?  I sent funds to my pal, and she says that she has not gotten anything.",transfer_not_received_by_recipient,transfer_not_received_by_recipient,True,0.863,transfer_not_received_by_recipient,0.863,balance_not_updated_after_bank_transfer,0.0441,pending_transfer,0.0183
"How long do transfers need to come through? I sent some money to a friend, she needs it urgently, but seems it's still not there yet after a couple hours.",transfer_not_received_by_recipient,transfer_not_received_by_recipient,True,0.8512,transfer_not_received_by_recipient,0.8512,balance_not_updated_after_bank_transfer,0.0405,pending_transfer,0.0344
How long until my friend receives my transaction?,transfer_not_received_by_recipient,transfer_not_received_by_recipient,True,0.6941,transfer_not_received_by_recipient,0.6941,transfer_timing,0.0944,card_delivery_estimate,0.0644
Why hasn't my recipient received their money?,transfer_not_received_by_recipient,transfer_not_received_by_recipient,True,0.8614,transfer_not_received_by_recipient,0.8614,balance_not_updated_after_bank_transfer,0.0165,reverted_card_payment?,0.0118
I am still awaiting the completion of the transaction.,transfer_not_received_by_recipient,transfer_not_received_by_recipient,True,0.7616,transfer_not_received_by_recipient,0.7616,pending_transfer,0.068,balance_not_updated_after_bank_transfer,0.0282
I transferred some money but the recipient is having trouble withdrawing.,transfer_not_received_by_recipient,failed_transfer,False,0.1608,failed_transfer,0.1608,transfer_not_received_by_recipient,0.1418,declined_transfer,0.0884
"To add money to my account, what currencies can I use?",supported_cards_and_currencies,supported_cards_and_currencies,True,0.7737,supported_cards_and_currencies,0.7737,top_up_by_cash_or_cheque,0.0323,exchange_via_app,0.0233
"I need support options, I want to top my card",supported_cards_and_currencies,topping_up_by_card,False,0.2061,topping_up_by_card,0.2061,supported_cards_and_currencies,0.1619,top_up_limits,0.1465
I have 1 other US card.  Can you take that?,supported_cards_and_currencies,supported_cards_and_currencies,True,0.5439,supported_cards_and_currencies,0.5439,top_up_by_card_charge,0.1197,country_support,0.0746
What are the cards and currencies that are supported?,supported_cards_and_currencies,supported_cards_and_currencies,True,0.8763,supported_cards_and_currencies,0.8763,fiat_currency_support,0.0128,top_up_by_card_charge,0.0111
What currencies are accepted for adding money?,supported_cards_and_currencies,supported_cards_and_currencies,True,0.8125,supported_cards_and_currencies,0.8125,top_up_by_cash_or_cheque,0.0388,top_up_by_card_charge,0.027
What kind of currencies can I use to add money?,supported_cards_and_currencies,supported_cards_and_currencies,True,0.8346,supported_cards_and_currencies,0.8346,top_up_by_cash_or_cheque,0.0227,fiat_currency_support,0.0163
I only own one other credit card from the USA. Will it be accepted?,supported_cards_and_currencies,supported_cards_and_currencies,True,0.6718,supported_cards_and_currencies,0.6718,country_support,0.1414,fiat_currency_support,0.0315
"If I only have 1 other US card, can you take it?",supported_cards_and_currencies,supported_cards_and_currencies,True,0.4816,supported_cards_and_currencies,0.4816,top_up_by_card_charge,0.1728,visa_or_mastercard,0.0758
Can I use my American Express to add money to my account?,supported_cards_and_currencies,supported_cards_and_currencies,True,0.8769,supported_cards_and_currencies,0.8769,top_up_by_card_charge,0.0187,top_up_by_cash_or_cheque,0.0113
can you tell me what cards and currencies you take?,supported_cards_and_currencies,supported_cards_and_currencies,True,0.8622,supported_cards_and_currencies,0.8622,top_up_by_card_charge,0.0242,visa_or_mastercard,0.0117
Can I use American Express to add money into my account?,supported_cards_and_currencies,supported_cards_and_currencies,True,0.8735,supported_cards_and_currencies,0.8735,top_up_by_card_charge,0.0152,top_up_by_cash_or_cheque,0.0127
Will you accept my other card from the U.S.?,supported_cards_and_currencies,supported_cards_and_currencies,True,0.6946,supported_cards_and_currencies,0.6946,country_support,0.0626,top_up_by_card_charge,0.0572
What is accepted in regards to cards and currencies?,supported_cards_and_currencies,supported_cards_and_currencies,True,0.8491,supported_cards_and_currencies,0.8491,fiat_currency_support,0.0203,top_up_by_card_charge,0.016
Will you accept my other card?,supported_cards_and_currencies,order_physical_card,False,0.2395,order_physical_card,0.2395,card_acceptance,0.2342,supported_cards_and_currencies,0.1098
I would like to add money to my account through my American Express.,supported_cards_and_currencies,supported_cards_and_currencies,True,0.8341,supported_cards_and_currencies,0.8341,top_up_by_card_charge,0.0343,top_up_by_cash_or_cheque,0.0255
Which cards do you guys support? I want to top up using my credit card.,supported_cards_and_currencies,supported_cards_and_currencies,True,0.707,supported_cards_and_currencies,0.707,topping_up_by_card,0.0806,top_up_by_card_charge,0.0414
What credit cards are supported?,supported_cards_and_currencies,supported_cards_and_currencies,True,0.7947,supported_cards_and_currencies,0.7947,visa_or_mastercard,0.0283,top_up_by_card_charge,0.0222
What cards and currencies do you support?,supported_cards_and_currencies,supported_cards_and_currencies,True,0.8757,supported_cards_and_currencies,0.8757,top_up_by_card_charge,0.015,country_support,0.0115
How do I transfer funds from my American Express into my account?,supported_cards_and_currencies,supported_cards_and_currencies,True,0.8548,supported_cards_and_currencies,0.8548,top_up_by_card_charge,0.0135,exchange_via_app,0.0133
How can I use American Express to add money to my account?,supported_cards_and_currencies,supported_cards_and_currencies,True,0.8731,supported_cards_and_currencies,0.8731,top_up_by_card_charge,0.0141,fiat_currency_support,0.0116
"When adding money, what are the currencies you take?",supported_cards_and_currencies,supported_cards_and_currencies,True,0.7299,supported_cards_and_currencies,0.7299,fiat_currency_support,0.0889,exchange_via_app,0.0322
Which forms of currency are accepted?,supported_cards_and_currencies,fiat_currency_support,False,0.642,fiat_currency_support,0.642,exchange_via_app,0.1248,supported_cards_and_currencies,0.0938
Are US credit cards accepted?,supported_cards_and_currencies,supported_cards_and_currencies,True,0.8364,supported_cards_and_currencies,0.8364,top_up_by_card_charge,0.0311,country_support,0.0173
"I want to add money but don't know what currencies you accept, can you tell me?",supported_cards_and_currencies,supported_cards_and_currencies,True,0.7768,supported_cards_and_currencies,0.7768,fiat_currency_support,0.0754,exchange_via_app,0.0292
why wouldn't you support american express? its a card i like and use often and i don't want to get a different one,supported_cards_and_currencies,supported_cards_and_currencies,True,0.8133,supported_cards_and_currencies,0.8133,top_up_by_card_charge,0.0305,fiat_currency_support,0.0121
Tell me which cards and what currency is supported.,supported_cards_and_currencies,supported_cards_and_currencies,True,0.8359,supported_cards_and_currencies,0.8359,country_support,0.0271,fiat_currency_support,0.0234
Do you support all cards and currencies?,supported_cards_and_currencies,supported_cards_and_currencies,True,0.8452,supported_cards_and_currencies,0.8452,top_up_by_card_charge,0.0218,fiat_currency_support,0.0157
Which credit or debit cards can I use to top up?,supported_cards_and_currencies,supported_cards_and_currencies,True,0.6468,supported_cards_and_currencies,0.6468,top_up_by_card_charge,0.1302,top_up_by_cash_or_cheque,0.0526
What options do I have in regards to payment?,supported_cards_and_currencies,supported_cards_and_currencies,True,0.416,supported_cards_and_currencies,0.416,receiving_money,0.0824,top_up_by_card_charge,0.0461
I just have one other card from the US. Is that okay?,supported_cards_and_currencies,supported_cards_and_currencies,True,0.4368,supported_cards_and_currencies,0.4368,country_support,0.3014,top_up_by_card_charge,0.0279
What are all the currencies and cards supported to use this?,supported_cards_and_currencies,supported_cards_and_currencies,True,0.8543,supported_cards_and_currencies,0.8543,fiat_currency_support,0.0233,exchange_via_app,0.0148
What cards to do you support to top up.,supported_cards_and_currencies,supported_cards_and_currencies,True,0.675,supported_cards_and_currencies,0.675,top_up_by_card_charge,0.0755,topping_up_by_card,0.0527
Do you accept other currencies besides US Dollars?,supported_cards_and_currencies,fiat_currency_support,False,0.6398,fiat_currency_support,0.6398,supported_cards_and_currencies,0.1161,exchange_via_app,0.0861
Can I use any currency to add money?,supported_cards_and_currencies,supported_cards_and_currencies,True,0.7892,supported_cards_and_currencies,0.7892,exchange_via_app,0.0401,fiat_currency_support,0.0257
Is my currency okay to add money with?,supported_cards_and_currencies,supported_cards_and_currencies,True,0.5916,supported_cards_and_currencies,0.5916,fiat_currency_support,0.0999,exchange_via_app,0.0891
What cards and currencies will suffice?,supported_cards_and_currencies,supported_cards_and_currencies,True,0.8702,supported_cards_and_currencies,0.8702,top_up_by_card_charge,0.0212,top_up_by_cash_or_cheque,0.01
How can I use American Express to add funds to my account?,supported_cards_and_currencies,supported_cards_and_currencies,True,0.8725,supported_cards_and_currencies,0.8725,top_up_by_card_charge,0.0139,fiat_currency_support,0.0139
What cards and currencies are supported?,supported_cards_and_currencies,supported_cards_and_currencies,True,0.872,supported_cards_and_currencies,0.872,top_up_by_card_charge,0.0147,country_support,0.0116
What currencies or cards do you support for topping up?,supported_cards_and_currencies,supported_cards_and_currencies,True,0.8165,supported_cards_and_currencies,0.8165,top_up_by_card_charge,0.0475,top_up_by_cash_or_cheque,0.0246
Which cards and currencies do you support?,supported_cards_and_currencies,supported_cards_and_currencies,True,0.8676,supported_cards_and_currencies,0.8676,top_up_by_card_charge,0.0151,country_support,0.0139
Where can I obtain my virtual card?,getting_virtual_card,getting_virtual_card,True,0.7983,getting_virtual_card,0.7983,get_disposable_virtual_card,0.0387,virtual_card_not_working,0.0374
How do you get a virtual card?,getting_virtual_card,getting_virtual_card,True,0.7857,getting_virtual_card,0.7857,get_disposable_virtual_card,0.0489,virtual_card_not_working,0.0398
Where can I find a virtual card?,getting_virtual_card,getting_virtual_card,True,0.8244,getting_virtual_card,0.8244,get_disposable_virtual_card,0.0326,virtual_card_not_working,0.0278
Is there an option to have a virtual card?,getting_virtual_card,getting_virtual_card,True,0.7428,getting_virtual_card,0.7428,get_disposable_virtual_card,0.0652,virtual_card_not_working,0.0427
If I don't want a physical card can i get a virtual version?,getting_virtual_card,getting_virtual_card,True,0.6761,getting_virtual_card,0.6761,get_disposable_virtual_card,0.0737,disposable_card_limits,0.0441
I requested a virtual card but it is not showing up. Why?,getting_virtual_card,getting_virtual_card,True,0.6436,getting_virtual_card,0.6436,virtual_card_not_working,0.0947,get_disposable_virtual_card,0.0307
Can you tell me how to order a virtual card?,getting_virtual_card,getting_virtual_card,True,0.8086,getting_virtual_card,0.8086,get_disposable_virtual_card,0.0456,virtual_card_not_working,0.029
Where is the virtual card?,getting_virtual_card,getting_virtual_card,True,0.7968,getting_virtual_card,0.7968,virtual_card_not_working,0.0405,get_disposable_virtual_card,0.0388
what is the virtual card,getting_virtual_card,getting_virtual_card,True,0.72,getting_virtual_card,0.72,get_disposable_virtual_card,0.0771,virtual_card_not_working,0.0551
how do i get a virtual card?,getting_virtual_card,getting_virtual_card,True,0.7906,getting_virtual_card,0.7906,get_disposable_virtual_card,0.0475,virtual_card_not_working,0.0382
Where do I order a virtual card from?,getting_virtual_card,getting_virtual_card,True,0.821,getting_virtual_card,0.821,get_disposable_virtual_card,0.0349,virtual_card_not_working,0.0254
Why did I not get a virtual card yet?,getting_virtual_card,getting_virtual_card,True,0.7686,getting_virtual_card,0.7686,virtual_card_not_working,0.054,get_disposable_virtual_card,0.0304
How can I order virtual cards?,getting_virtual_card,getting_virtual_card,True,0.7523,getting_virtual_card,0.7523,get_disposable_virtual_card,0.0673,virtual_card_not_working,0.0315
Can you tell me where I can order a virtual card?,getting_virtual_card,getting_virtual_card,True,0.8163,getting_virtual_card,0.8163,get_disposable_virtual_card,0.0417,virtual_card_not_working,0.0242
Is it possible for me to get a virtual card?,getting_virtual_card,getting_virtual_card,True,0.7744,getting_virtual_card,0.7744,get_disposable_virtual_card,0.0545,virtual_card_not_working,0.0413
Is this where I order a virtual card?,getting_virtual_card,getting_virtual_card,True,0.8334,getting_virtual_card,0.8334,get_disposable_virtual_card,0.0301,virtual_card_not_working,0.023
What are the steps to getting a virtual card?,getting_virtual_card,getting_virtual_card,True,0.8024,getting_virtual_card,0.8024,get_disposable_virtual_card,0.0449,virtual_card_not_working,0.0327
help me obtain a virtual card,getting_virtual_card,getting_virtual_card,True,0.7772,getting_virtual_card,0.7772,get_disposable_virtual_card,0.0516,virtual_card_not_working,0.0432
Where is the virtual card located?,getting_virtual_card,getting_virtual_card,True,0.7813,getting_virtual_card,0.7813,virtual_card_not_working,0.0436,get_disposable_virtual_card,0.0358
Where can I order a virtual card?,getting_virtual_card,getting_virtual_card,True,0.8162,getting_virtual_card,0.8162,get_disposable_virtual_card,0.0399,virtual_card_not_working,0.0273
Where do I obtain my virtual card?,getting_virtual_card,getting_virtual_card,True,0.8116,getting_virtual_card,0.8116,virtual_card_not_working,0.0344,get_disposable_virtual_card,0.0322
I want a virtual card!,getting_virtual_card,getting_virtual_card,True,0.7786,getting_virtual_card,0.7786,get_disposable_virtual_card,0.0513,virtual_card_not_working,0.041
I want one of those virtual cards!,getting_virtual_card,getting_virtual_card,True,0.7824,getting_virtual_card,0.7824,get_disposable_virtual_card,0.0458,virtual_card_not_working,0.0359
Are virtual cards available to get?,getting_virtual_card,getting_virtual_card,True,0.7113,getting_virtual_card,0.7113,get_disposable_virtual_card,0.0836,virtual_card_not_working,0.0455
Can you help me sign up for a virtual card?,getting_virtual_card,getting_virtual_card,True,0.7745,getting_virtual_card,0.7745,get_disposable_virtual_card,0.0508,virtual_card_not_working,0.0441
Can I get a copy of the card by email?,getting_virtual_card,card_arrival,False,0.5885,card_arrival,0.5885,card_linking,0.0883,lost_or_stolen_card,0.0583
Where do I find the virtual card?,getting_virtual_card,getting_virtual_card,True,0.8202,getting_virtual_card,0.8202,virtual_card_not_working,0.0335,get_disposable_virtual_card,0.0265
why do i not have a virtual card,getting_virtual_card,getting_virtual_card,True,0.7279,getting_virtual_card,0.7279,virtual_card_not_working,0.0666,get_disposable_virtual_card,0.0401
How do I order a virtual card?,getting_virtual_card,getting_virtual_card,True,0.8169,getting_virtual_card,0.8169,get_disposable_virtual_card,0.0391,virtual_card_not_working,0.0287
"I thought I was going to get a virtual card but I haven't received it yet, how can we resolve this?",getting_virtual_card,getting_virtual_card,True,0.7702,getting_virtual_card,0.7702,virtual_card_not_working,0.0484,get_disposable_virtual_card,0.0366
Please help me get a virtual card.,getting_virtual_card,getting_virtual_card,True,0.7959,getting_virtual_card,0.7959,virtual_card_not_working,0.0406,get_disposable_virtual_card,0.04
Can I order a virtual card?,getting_virtual_card,getting_virtual_card,True,0.7976,getting_virtual_card,0.7976,get_disposable_virtual_card,0.048,virtual_card_not_working,0.0325
Where can I go to get a virtual card?,getting_virtual_card,getting_virtual_card,True,0.8109,getting_virtual_card,0.8109,get_disposable_virtual_card,0.0417,virtual_card_not_working,0.0306
Where are the virtual cards located?,getting_virtual_card,getting_virtual_card,True,0.7497,getting_virtual_card,0.7497,get_disposable_virtual_card,0.0461,disposable_card_limits,0.0383
I would like a virtual card- where can I purchase one?,getting_virtual_card,getting_virtual_card,True,0.7844,getting_virtual_card,0.7844,get_disposable_virtual_card,0.0531,virtual_card_not_working,0.0277
When should I receive my virtual card?,getting_virtual_card,getting_virtual_card,True,0.7534,getting_virtual_card,0.7534,virtual_card_not_working,0.054,get_disposable_virtual_card,0.0338
I need to reorder my virtual card!,getting_virtual_card,getting_virtual_card,True,0.6889,getting_virtual_card,0.6889,virtual_card_not_working,0.0731,get_disposable_virtual_card,0.0366
Where can I get a virtual card?,getting_virtual_card,getting_virtual_card,True,0.8038,getting_virtual_card,0.8038,get_disposable_virtual_card,0.0443,virtual_card_not_working,0.0329
Is there a way to obtain a virtual card?,getting_virtual_card,getting_virtual_card,True,0.8023,getting_virtual_card,0.8023,get_disposable_virtual_card,0.0458,virtual_card_not_working,0.0313
Can I have one of the virtual cards?,getting_virtual_card,getting_virtual_card,True,0.7514,getting_virtual_card,0.7514,get_disposable_virtual_card,0.0618,virtual_card_not_working,0.0371
Will my card be accepted all over the world?,card_acceptance,country_support,False,0.2214,country_support,0.2214,card_acceptance,0.2091,supported_cards_and_currencies,0.1582
Who accepts this card?,card_acceptance,card_acceptance,True,0.4867,card_acceptance,0.4867,order_physical_card,0.1702,visa_or_mastercard,0.0396
Can I use my card for payment all over the world?,card_acceptance,supported_cards_and_currencies,False,0.4885,supported_cards_and_currencies,0.4885,country_support,0.1146,card_acceptance,0.0391
It will be fine to use at any establishment that accepts Mastercard.,card_acceptance,visa_or_mastercard,False,0.7546,visa_or_mastercard,0.7546,top_up_by_card_charge,0.0449,card_acceptance,0.0391
Where can the card be used?,card_acceptance,card_acceptance,True,0.4908,card_acceptance,0.4908,order_physical_card,0.1726,atm_support,0.0227
Can my card be used everywhere?,card_acceptance,card_acceptance,True,0.5258,card_acceptance,0.5258,order_physical_card,0.1485,card_delivery_estimate,0.0215
Are there any limits on where I can use my card?,card_acceptance,card_acceptance,True,0.4853,card_acceptance,0.4853,order_physical_card,0.1041,visa_or_mastercard,0.028
What stores can I sue my card?,card_acceptance,compromised_card,False,0.2215,compromised_card,0.2215,lost_or_stolen_card,0.0654,card_not_working,0.0608
Can I use my card anywhere I want?,card_acceptance,card_acceptance,True,0.5534,card_acceptance,0.5534,order_physical_card,0.0994,topping_up_by_card,0.0354
Is there anywhere my card will not be accepted?,card_acceptance,card_acceptance,True,0.4385,card_acceptance,0.4385,declined_card_payment,0.0467,order_physical_card,0.0467
What are the rules to where I can use my card?,card_acceptance,card_acceptance,True,0.4941,card_acceptance,0.4941,order_physical_card,0.1642,compromised_card,0.0249
Do you know where my card will be accepted?,card_acceptance,card_acceptance,True,0.5343,card_acceptance,0.5343,order_physical_card,0.1146,visa_or_mastercard,0.0306
What places can I use my card?,card_acceptance,card_acceptance,True,0.4819,card_acceptance,0.4819,order_physical_card,0.0678,topping_up_by_card,0.0487
Is my card accepted everywhere?,card_acceptance,card_acceptance,True,0.5221,card_acceptance,0.5221,order_physical_card,0.0969,supported_cards_and_currencies,0.0324
What places will accept my card for payment?,card_acceptance,card_acceptance,True,0.26,card_acceptance,0.26,supported_cards_and_currencies,0.2207,order_physical_card,0.0934
Does this card work everywhere?,card_acceptance,card_not_working,False,0.2715,card_not_working,0.2715,card_acceptance,0.1635,order_physical_card,0.0841
"

What businesses accept this card?",card_acceptance,card_acceptance,True,0.5576,card_acceptance,0.5576,order_physical_card,0.0778,atm_support,0.0342
Where can I use my card?,card_acceptance,card_acceptance,True,0.5456,card_acceptance,0.5456,order_physical_card,0.0944,topping_up_by_card,0.0331
Which outlets accept my card?,card_acceptance,card_acceptance,True,0.4854,card_acceptance,0.4854,order_physical_card,0.0831,atm_support,0.0646
"I am traveling to Germany, Will I be able to use my card there?",card_acceptance,country_support,False,0.639,country_support,0.639,card_delivery_estimate,0.0464,supported_cards_and_currencies,0.0408
What stores will take my credit card as payment?,card_acceptance,supported_cards_and_currencies,False,0.5033,supported_cards_and_currencies,0.5033,topping_up_by_card,0.122,card_acceptance,0.0588
Is there any place I cannot use my card?,card_acceptance,card_acceptance,True,0.3686,card_acceptance,0.3686,card_not_working,0.1027,compromised_card,0.0539
Will I be able to use my card anywhere?,card_acceptance,card_acceptance,True,0.5445,card_acceptance,0.5445,order_physical_card,0.0836,topping_up_by_card,0.0362
Is my card usable anywhere?,card_acceptance,card_acceptance,True,0.4284,card_acceptance,0.4284,order_physical_card,0.1986,card_delivery_estimate,0.0378
Is it acceptable to use my card anywhere?,card_acceptance,card_acceptance,True,0.5723,card_acceptance,0.5723,order_physical_card,0.1057,topping_up_by_card,0.0275
Can I use my card everywhere?,card_acceptance,card_acceptance,True,0.5556,card_acceptance,0.5556,order_physical_card,0.0943,topping_up_by_card,0.0349
Where is my card accepted?,card_acceptance,card_acceptance,True,0.5216,card_acceptance,0.5216,order_physical_card,0.0845,supported_cards_and_currencies,0.033
Where can I pay with my debit or credit card?,card_acceptance,supported_cards_and_currencies,False,0.4599,supported_cards_and_currencies,0.4599,top_up_by_card_charge,0.1469,topping_up_by_card,0.0656
Where should my card work?,card_acceptance,card_not_working,False,0.7927,card_not_working,0.7927,lost_or_stolen_card,0.0219,declined_card_payment,0.0209
areas card is accpeted,card_acceptance,order_physical_card,False,0.3916,order_physical_card,0.3916,getting_spare_card,0.108,card_acceptance,0.0716
places i can use the card,card_acceptance,card_acceptance,True,0.5372,card_acceptance,0.5372,order_physical_card,0.1263,visa_or_mastercard,0.038
Can I make online purchases with my card?,card_acceptance,card_acceptance,True,0.3619,card_acceptance,0.3619,order_physical_card,0.2512,getting_spare_card,0.0389
Does every place of business accept this card?,card_acceptance,card_acceptance,True,0.523,card_acceptance,0.523,order_physical_card,0.1256,visa_or_mastercard,0.0339
What places will accept my card?,card_acceptance,card_acceptance,True,0.4368,card_acceptance,0.4368,order_physical_card,0.086,supported_cards_and_currencies,0.0742
Can I use my card anywere?,card_acceptance,card_acceptance,True,0.4916,card_acceptance,0.4916,order_physical_card,0.1118,atm_support,0.0332
Will any business take this card?,card_acceptance,card_acceptance,True,0.4763,card_acceptance,0.4763,order_physical_card,0.1917,visa_or_mastercard,0.0319
Will filling stations accept my card?,card_acceptance,atm_support,False,0.1648,atm_support,0.1648,card_acceptance,0.1371,topping_up_by_card,0.1332
Where am I able to use the card?,card_acceptance,card_acceptance,True,0.4364,card_acceptance,0.4364,order_physical_card,0.0855,atm_support,0.0576
What can I use my card to pay for?,card_acceptance,order_physical_card,False,0.3168,order_physical_card,0.3168,card_acceptance,0.2117,supported_cards_and_currencies,0.0891
Who accepts my card?,card_acceptance,card_acceptance,True,0.5194,card_acceptance,0.5194,order_physical_card,0.0942,supported_cards_and_currencies,0.0492
My top-up was cancelled; will I receive a refund?,top_up_reverted,top_up_reverted,True,0.6786,top_up_reverted,0.6786,Refund_not_showing_up,0.0989,pending_top_up,0.0566
How do I fix a reverted top up?,top_up_reverted,top_up_reverted,True,0.8642,top_up_reverted,0.8642,pending_top_up,0.0386,top_up_failed,0.0213
Is it possible to tell if my top up has reverted?,top_up_reverted,top_up_reverted,True,0.881,top_up_reverted,0.881,pending_top_up,0.0344,top_up_failed,0.0241
"My top-up showed as complete, but it's no longer there! What's going on here?",top_up_reverted,pending_top_up,False,0.6729,pending_top_up,0.6729,top_up_reverted,0.2171,top_up_failed,0.0428
"Hi, i don't know what's going on i've just paid for my top up twice by accident can you help me get a refund please.",top_up_reverted,transaction_charged_twice,False,0.4735,transaction_charged_twice,0.4735,top_up_reverted,0.0802,request_refund,0.0744
It seems my top up is reverted?,top_up_reverted,top_up_reverted,True,0.8761,top_up_reverted,0.8761,pending_top_up,0.0364,top_up_failed,0.0207
The app wouldn't accept my top up.,top_up_reverted,top_up_failed,False,0.759,top_up_failed,0.759,topping_up_by_card,0.0704,top_up_reverted,0.0515
"I topped up my account and even though it was confirmed at first, the money isn't there anymore! why did this happen, and where did my money go?",top_up_reverted,top_up_reverted,True,0.5879,top_up_reverted,0.5879,pending_top_up,0.1903,top_up_failed,0.1133
"I believe my money did not go through with my top up, was there a problem on your end?",top_up_reverted,top_up_failed,False,0.5832,top_up_failed,0.5832,top_up_reverted,0.2032,pending_top_up,0.1345
"My top-up was reverted, why did this happen?",top_up_reverted,top_up_reverted,True,0.8881,top_up_reverted,0.8881,pending_top_up,0.0279,top_up_failed,0.0278
I put money into my account for the minimum balance but the application didn't accept.,top_up_reverted,balance_not_updated_after_cheque_or_cash_deposit,False,0.1788,balance_not_updated_after_cheque_or_cash_deposit,0.1788,wrong_amount_of_cash_received,0.1139,wrong_exchange_rate_for_cash_withdrawal,0.1024
Can you tell me if my top-up has been cancelled?,top_up_reverted,top_up_reverted,True,0.8862,top_up_reverted,0.8862,pending_top_up,0.0301,top_up_failed,0.0274
I got topped up but the application reverted it.,top_up_reverted,top_up_reverted,True,0.8698,top_up_reverted,0.8698,top_up_failed,0.0409,pending_top_up,0.0298
Why would my top up be cancelled?,top_up_reverted,top_up_reverted,True,0.8839,top_up_reverted,0.8839,top_up_failed,0.0343,pending_top_up,0.0239
There appears to have been a reversion in my top up,top_up_reverted,top_up_reverted,True,0.5844,top_up_reverted,0.5844,pending_top_up,0.2255,top_up_failed,0.1228
The application reverted my top-up.,top_up_reverted,top_up_reverted,True,0.865,top_up_reverted,0.865,top_up_failed,0.0482,pending_top_up,0.0309
I think my top-up was cancelled.,top_up_reverted,top_up_reverted,True,0.8812,top_up_reverted,0.8812,top_up_failed,0.0393,pending_top_up,0.0248
I believed crypto top up with something you offered. This does not seem to be working. The money has been removed from my account though so what's going on?,top_up_reverted,top_up_reverted,True,0.8416,top_up_reverted,0.8416,top_up_failed,0.0729,pending_top_up,0.0279
I topped up but the app reverted it,top_up_reverted,top_up_reverted,True,0.8617,top_up_reverted,0.8617,top_up_failed,0.0457,pending_top_up,0.0312
I went to top up and it is no longer there.  Was it sent back?,top_up_reverted,top_up_reverted,True,0.5785,top_up_reverted,0.5785,pending_top_up,0.2553,top_up_failed,0.0493
What happened to my top-up?,top_up_reverted,top_up_reverted,True,0.4861,top_up_reverted,0.4861,top_up_failed,0.2085,pending_top_up,0.1972
Can you tell me why my top up was reverted?,top_up_reverted,top_up_reverted,True,0.8869,top_up_reverted,0.8869,top_up_failed,0.0241,pending_top_up,0.024
For what reason would a top up be reverted and returned to my account?,top_up_reverted,top_up_reverted,True,0.8847,top_up_reverted,0.8847,pending_top_up,0.0263,top_up_failed,0.0207
"When I topped up, the app reverted my funds.",top_up_reverted,top_up_reverted,True,0.8638,top_up_reverted,0.8638,top_up_failed,0.0442,pending_top_up,0.0312
What happened to where my top-up was canceled?,top_up_reverted,top_up_reverted,True,0.8822,top_up_reverted,0.8822,top_up_failed,0.0335,pending_top_up,0.0299
I tryed to make a top-up with cryptocurrency but the payment was referted.,top_up_reverted,top_up_reverted,True,0.5655,top_up_reverted,0.5655,top_up_failed,0.0843,beneficiary_not_allowed,0.0398
The app reverted my top off.,top_up_reverted,top_up_reverted,True,0.864,top_up_reverted,0.864,top_up_failed,0.0462,pending_top_up,0.0325
The app reverted my action when I topped up.,top_up_reverted,top_up_reverted,True,0.861,top_up_reverted,0.861,top_up_failed,0.0457,pending_top_up,0.0331
Was my top up reversed?,top_up_reverted,top_up_reverted,True,0.8164,top_up_reverted,0.8164,top_up_failed,0.0668,pending_top_up,0.0509
"I see my top-up was canceled, but why?",top_up_reverted,top_up_reverted,True,0.8824,top_up_reverted,0.8824,top_up_failed,0.0409,pending_top_up,0.0245
Do you know if my top-up has been cancelled?,top_up_reverted,top_up_reverted,True,0.8858,top_up_reverted,0.8858,pending_top_up,0.0304,top_up_failed,0.0258
has my top-up has been cancelled,top_up_reverted,top_up_reverted,True,0.874,top_up_reverted,0.874,top_up_failed,0.0395,pending_top_up,0.0295
My top-up was revoked.,top_up_reverted,top_up_reverted,True,0.7704,top_up_reverted,0.7704,top_up_failed,0.1252,pending_top_up,0.0308
Causes of top-up cancellation,top_up_reverted,top_up_reverted,True,0.8314,top_up_reverted,0.8314,pending_top_up,0.0598,top_up_failed,0.0576
The app reverted what I topped up.,top_up_reverted,top_up_reverted,True,0.8633,top_up_reverted,0.8633,top_up_failed,0.0454,pending_top_up,0.0295
Has my top up been reverted?,top_up_reverted,top_up_reverted,True,0.8803,top_up_reverted,0.8803,pending_top_up,0.0326,top_up_failed,0.0214
Im very upset as my top-up was canceled and I have no idea why.,top_up_reverted,top_up_reverted,True,0.8812,top_up_reverted,0.8812,top_up_failed,0.04,pending_top_up,0.0239
My top-up has been cancelled.,top_up_reverted,top_up_reverted,True,0.8672,top_up_reverted,0.8672,top_up_failed,0.0472,pending_top_up,0.033
On my last transaction it seem that my top-up was not successful.,top_up_reverted,top_up_failed,False,0.5644,top_up_failed,0.5644,top_up_reverted,0.1932,pending_top_up,0.1604
I'd like to know why my top-up was canceled please.,top_up_reverted,top_up_reverted,True,0.8728,top_up_reverted,0.8728,top_up_failed,0.0482,pending_top_up,0.0233
I tried making an update to my balance using cheque just yesterday but it doesn't appear to have worked. Should this not be a faster process? I need you to please check over my account because something has went wrong.,balance_not_updated_after_cheque_or_cash_deposit,balance_not_updated_after_cheque_or_cash_deposit,True,0.9374,balance_not_updated_after_cheque_or_cash_deposit,0.9374,direct_debit_payment_not_recognised,0.0077,top_up_by_cash_or_cheque,0.0072
How come I don't see my deposit in my account yet?,balance_not_updated_after_cheque_or_cash_deposit,balance_not_updated_after_cheque_or_cash_deposit,True,0.9369,balance_not_updated_after_cheque_or_cash_deposit,0.9369,direct_debit_payment_not_recognised,0.0064,card_payment_not_recognised,0.004
Is there a reason why my account isn't updating because I used a check to  balance my account?,balance_not_updated_after_cheque_or_cash_deposit,balance_not_updated_after_cheque_or_cash_deposit,True,0.8716,balance_not_updated_after_cheque_or_cash_deposit,0.8716,top_up_by_cash_or_cheque,0.0247,balance_not_updated_after_bank_transfer,0.0177
"I don't know why the deposit I made a week ago still hasn't showed up, I really need the money now.",balance_not_updated_after_cheque_or_cash_deposit,balance_not_updated_after_cheque_or_cash_deposit,True,0.9483,balance_not_updated_after_cheque_or_cash_deposit,0.9483,direct_debit_payment_not_recognised,0.0071,transfer_not_received_by_recipient,0.004
I made a cash deposit almost a week ago but it's still not there!! please sort this out asap I need the money,balance_not_updated_after_cheque_or_cash_deposit,balance_not_updated_after_cheque_or_cash_deposit,True,0.9442,balance_not_updated_after_cheque_or_cash_deposit,0.9442,transfer_not_received_by_recipient,0.0069,direct_debit_payment_not_recognised,0.0056
Where is my cash deposit?,balance_not_updated_after_cheque_or_cash_deposit,balance_not_updated_after_cheque_or_cash_deposit,True,0.9362,balance_not_updated_after_cheque_or_cash_deposit,0.9362,top_up_by_cash_or_cheque,0.0094,verify_source_of_funds,0.004
How can I get the cash deposit to show up on my account?,balance_not_updated_after_cheque_or_cash_deposit,balance_not_updated_after_cheque_or_cash_deposit,True,0.8928,balance_not_updated_after_cheque_or_cash_deposit,0.8928,top_up_by_cash_or_cheque,0.0328,direct_debit_payment_not_recognised,0.0045
When will I see the cash I deposited this morning as available?,balance_not_updated_after_cheque_or_cash_deposit,balance_not_updated_after_cheque_or_cash_deposit,True,0.946,balance_not_updated_after_cheque_or_cash_deposit,0.946,transfer_not_received_by_recipient,0.0058,balance_not_updated_after_bank_transfer,0.0047
cash from this morning has not deposited,balance_not_updated_after_cheque_or_cash_deposit,balance_not_updated_after_cheque_or_cash_deposit,True,0.9422,balance_not_updated_after_cheque_or_cash_deposit,0.9422,transfer_not_received_by_recipient,0.0061,direct_debit_payment_not_recognised,0.0043
Where is the cash from my cheque I recently deposited?,balance_not_updated_after_cheque_or_cash_deposit,balance_not_updated_after_cheque_or_cash_deposit,True,0.9352,balance_not_updated_after_cheque_or_cash_deposit,0.9352,top_up_by_cash_or_cheque,0.0105,direct_debit_payment_not_recognised,0.0054
Cash deposit to my account but it has not appeared.,balance_not_updated_after_cheque_or_cash_deposit,balance_not_updated_after_cheque_or_cash_deposit,True,0.9513,balance_not_updated_after_cheque_or_cash_deposit,0.9513,direct_debit_payment_not_recognised,0.0042,balance_not_updated_after_bank_transfer,0.004
"When I deposit cheques and cash, my balance does not update.",balance_not_updated_after_cheque_or_cash_deposit,balance_not_updated_after_cheque_or_cash_deposit,True,0.9436,balance_not_updated_after_cheque_or_cash_deposit,0.9436,top_up_by_cash_or_cheque,0.0071,balance_not_updated_after_bank_transfer,0.0059
I made a deposit this morning but it is still pending?,balance_not_updated_after_cheque_or_cash_deposit,balance_not_updated_after_cheque_or_cash_deposit,True,0.7909,balance_not_updated_after_cheque_or_cash_deposit,0.7909,pending_card_payment,0.0766,pending_cash_withdrawal,0.0175
cash deposit to my account has shown a red flag.,balance_not_updated_after_cheque_or_cash_deposit,balance_not_updated_after_cheque_or_cash_deposit,True,0.9007,balance_not_updated_after_cheque_or_cash_deposit,0.9007,direct_debit_payment_not_recognised,0.0172,cash_withdrawal_not_recognised,0.0121
I have paid money into my account but it doesn't show.,balance_not_updated_after_cheque_or_cash_deposit,reverted_card_payment?,False,0.2543,reverted_card_payment?,0.2543,balance_not_updated_after_cheque_or_cash_deposit,0.2083,pending_card_payment,0.1148
The balance on my account wasn't updated after I made a depost.,balance_not_updated_after_cheque_or_cash_deposit,balance_not_updated_after_cheque_or_cash_deposit,True,0.3067,balance_not_updated_after_cheque_or_cash_deposit,0.3067,transfer_not_received_by_recipient,0.1835,balance_not_updated_after_bank_transfer,0.1362
Are cheques accepted to my account? Mine didn't seem to work.,balance_not_updated_after_cheque_or_cash_deposit,balance_not_updated_after_cheque_or_cash_deposit,True,0.7802,balance_not_updated_after_cheque_or_cash_deposit,0.7802,top_up_by_cash_or_cheque,0.0428,cash_withdrawal_not_recognised,0.0296
I deposited a check but my balance is still the same.,balance_not_updated_after_cheque_or_cash_deposit,balance_not_updated_after_cheque_or_cash_deposit,True,0.944,balance_not_updated_after_cheque_or_cash_deposit,0.944,balance_not_updated_after_bank_transfer,0.0063,transfer_not_received_by_recipient,0.0052
IM still waiting for my account to update from a cash deposit?,balance_not_updated_after_cheque_or_cash_deposit,balance_not_updated_after_cheque_or_cash_deposit,True,0.9432,balance_not_updated_after_cheque_or_cash_deposit,0.9432,transfer_not_received_by_recipient,0.0063,balance_not_updated_after_bank_transfer,0.0061
"I Submitted a cheque couple days ago, nothing happened to my account yet.Would you please check What could be the possible issue?",balance_not_updated_after_cheque_or_cash_deposit,balance_not_updated_after_cheque_or_cash_deposit,True,0.9351,balance_not_updated_after_cheque_or_cash_deposit,0.9351,top_up_by_cash_or_cheque,0.0089,direct_debit_payment_not_recognised,0.0077
Where is my deposit?,balance_not_updated_after_cheque_or_cash_deposit,balance_not_updated_after_cheque_or_cash_deposit,True,0.9022,balance_not_updated_after_cheque_or_cash_deposit,0.9022,verify_source_of_funds,0.0126,top_up_by_cash_or_cheque,0.007
My bank statement doesn't show the cash deposit I made recently.,balance_not_updated_after_cheque_or_cash_deposit,balance_not_updated_after_cheque_or_cash_deposit,True,0.939,balance_not_updated_after_cheque_or_cash_deposit,0.939,direct_debit_payment_not_recognised,0.0078,transfer_not_received_by_recipient,0.0061
My cash deposit from a week ago hasn't shown up. I need the money - how quickly can you sort this out?,balance_not_updated_after_cheque_or_cash_deposit,balance_not_updated_after_cheque_or_cash_deposit,True,0.9481,balance_not_updated_after_cheque_or_cash_deposit,0.9481,transfer_not_received_by_recipient,0.0057,direct_debit_payment_not_recognised,0.0044
Why didn't my balance update after my cash or checque deposit?,balance_not_updated_after_cheque_or_cash_deposit,balance_not_updated_after_cheque_or_cash_deposit,True,0.9496,balance_not_updated_after_cheque_or_cash_deposit,0.9496,balance_not_updated_after_bank_transfer,0.0052,direct_debit_payment_not_recognised,0.0052
Why is the cash deposit not showing up in my account?,balance_not_updated_after_cheque_or_cash_deposit,balance_not_updated_after_cheque_or_cash_deposit,True,0.9508,balance_not_updated_after_cheque_or_cash_deposit,0.9508,direct_debit_payment_not_recognised,0.0051,balance_not_updated_after_bank_transfer,0.0037
I made a deposit of cash and check that has not been added to my balance.,balance_not_updated_after_cheque_or_cash_deposit,balance_not_updated_after_cheque_or_cash_deposit,True,0.9092,balance_not_updated_after_cheque_or_cash_deposit,0.9092,top_up_by_cash_or_cheque,0.0219,balance_not_updated_after_bank_transfer,0.0052
Why hasn't my balance increased after depositing a check?,balance_not_updated_after_cheque_or_cash_deposit,balance_not_updated_after_cheque_or_cash_deposit,True,0.912,balance_not_updated_after_cheque_or_cash_deposit,0.912,balance_not_updated_after_bank_transfer,0.0101,top_up_by_cash_or_cheque,0.0098
Why does my account not accept cash deposits?,balance_not_updated_after_cheque_or_cash_deposit,declined_cash_withdrawal,False,0.3462,declined_cash_withdrawal,0.3462,balance_not_updated_after_cheque_or_cash_deposit,0.1826,cash_withdrawal_not_recognised,0.1632
What happened to the cash that I tried to deposit into my account? It's gone!,balance_not_updated_after_cheque_or_cash_deposit,balance_not_updated_after_cheque_or_cash_deposit,True,0.6815,balance_not_updated_after_cheque_or_cash_deposit,0.6815,cash_withdrawal_not_recognised,0.1278,top_up_by_cash_or_cheque,0.0167
"I had a cheque deposited, but I still haven't seen the cash.",balance_not_updated_after_cheque_or_cash_deposit,balance_not_updated_after_cheque_or_cash_deposit,True,0.9488,balance_not_updated_after_cheque_or_cash_deposit,0.9488,direct_debit_payment_not_recognised,0.0052,top_up_by_cash_or_cheque,0.0041
"A cheque deposit hasn't posted to my account, when will my balance update?",balance_not_updated_after_cheque_or_cash_deposit,balance_not_updated_after_cheque_or_cash_deposit,True,0.9482,balance_not_updated_after_cheque_or_cash_deposit,0.9482,direct_debit_payment_not_recognised,0.0052,balance_not_updated_after_bank_transfer,0.0051
I submitted a cash deposit to my account but it hasn't posted yet.,balance_not_updated_after_cheque_or_cash_deposit,balance_not_updated_after_cheque_or_cash_deposit,True,0.9425,balance_not_updated_after_cheque_or_cash_deposit,0.9425,direct_debit_payment_not_recognised,0.0052,transfer_not_received_by_recipient,0.0051
I sent a cheque  a few days ago and nothing has happened to my account yet. Can you please check on this for me?,balance_not_updated_after_cheque_or_cash_deposit,balance_not_updated_after_cheque_or_cash_deposit,True,0.9286,balance_not_updated_after_cheque_or_cash_deposit,0.9286,top_up_by_cash_or_cheque,0.0116,transfer_not_received_by_recipient,0.0062
Has the check I deposited cleared to I can get the cash?,balance_not_updated_after_cheque_or_cash_deposit,balance_not_updated_after_cheque_or_cash_deposit,True,0.8849,balance_not_updated_after_cheque_or_cash_deposit,0.8849,top_up_by_cash_or_cheque,0.038,transfer_not_received_by_recipient,0.0066
How long does it take to process cheque deposits?,balance_not_updated_after_cheque_or_cash_deposit,balance_not_updated_after_cheque_or_cash_deposit,True,0.9001,balance_not_updated_after_cheque_or_cash_deposit,0.9001,top_up_by_cash_or_cheque,0.0266,direct_debit_payment_not_recognised,0.0051
How come my cash deposit is not showing up. This can't be right. There must be some mistake. Where did my cash go. You better not have lost it as I need this money asap.,balance_not_updated_after_cheque_or_cash_deposit,balance_not_updated_after_cheque_or_cash_deposit,True,0.9186,balance_not_updated_after_cheque_or_cash_deposit,0.9186,cash_withdrawal_not_recognised,0.0128,direct_debit_payment_not_recognised,0.0103
I deposited cash this morning and I am still waiting,balance_not_updated_after_cheque_or_cash_deposit,balance_not_updated_after_cheque_or_cash_deposit,True,0.9487,balance_not_updated_after_cheque_or_cash_deposit,0.9487,transfer_not_received_by_recipient,0.0045,direct_debit_payment_not_recognised,0.0042
Balance hasn't been updated following a cheque or cash deposit,balance_not_updated_after_cheque_or_cash_deposit,balance_not_updated_after_cheque_or_cash_deposit,True,0.9481,balance_not_updated_after_cheque_or_cash_deposit,0.9481,balance_not_updated_after_bank_transfer,0.0056,direct_debit_payment_not_recognised,0.0046
I tired to deposit some cash into my account but it's not there,balance_not_updated_after_cheque_or_cash_deposit,balance_not_updated_after_cheque_or_cash_deposit,True,0.8773,balance_not_updated_after_cheque_or_cash_deposit,0.8773,top_up_by_cash_or_cheque,0.0283,transfer_not_received_by_recipient,0.0094
"I sent you a cheque couple days ago, nothing happened to my account yet! This is unacceptable, where is my money??",balance_not_updated_after_cheque_or_cash_deposit,balance_not_updated_after_cheque_or_cash_deposit,True,0.9282,balance_not_updated_after_cheque_or_cash_deposit,0.9282,transfer_not_received_by_recipient,0.0094,top_up_by_cash_or_cheque,0.0086
I have a strange payment in my statement,card_payment_not_recognised,card_payment_not_recognised,True,0.918,card_payment_not_recognised,0.918,direct_debit_payment_not_recognised,0.0101,cash_withdrawal_not_recognised,0.0064
There is a charge on my card that I did not make,card_payment_not_recognised,card_payment_not_recognised,True,0.6868,card_payment_not_recognised,0.6868,direct_debit_payment_not_recognised,0.1605,card_payment_fee_charged,0.0224
I saw a payment i did not do,card_payment_not_recognised,card_payment_not_recognised,True,0.9012,card_payment_not_recognised,0.9012,direct_debit_payment_not_recognised,0.0277,cash_withdrawal_not_recognised,0.0095
There is a payment that is not mine in the app.  Please advise/,card_payment_not_recognised,card_payment_not_recognised,True,0.9035,card_payment_not_recognised,0.9035,direct_debit_payment_not_recognised,0.0247,cash_withdrawal_not_recognised,0.0083
An unauthorized payment is in my app,card_payment_not_recognised,card_payment_not_recognised,True,0.8487,card_payment_not_recognised,0.8487,direct_debit_payment_not_recognised,0.0401,reverted_card_payment?,0.0211
I did not make this card payment.,card_payment_not_recognised,card_payment_not_recognised,True,0.8424,card_payment_not_recognised,0.8424,declined_card_payment,0.0476,reverted_card_payment?,0.0212
What should I do if I see a payment I didn't make?,card_payment_not_recognised,card_payment_not_recognised,True,0.8808,card_payment_not_recognised,0.8808,direct_debit_payment_not_recognised,0.0332,cash_withdrawal_not_recognised,0.0101
I found an unauthorized card payment,card_payment_not_recognised,card_payment_not_recognised,True,0.839,card_payment_not_recognised,0.839,direct_debit_payment_not_recognised,0.0306,reverted_card_payment?,0.0284
there is a transaction on my account that i didnt make,card_payment_not_recognised,card_payment_not_recognised,True,0.4102,card_payment_not_recognised,0.4102,direct_debit_payment_not_recognised,0.2528,cash_withdrawal_not_recognised,0.1364
I don't recall making that payment?,card_payment_not_recognised,card_payment_not_recognised,True,0.8379,card_payment_not_recognised,0.8379,reverted_card_payment?,0.0536,direct_debit_payment_not_recognised,0.0184
There are some payments with my card that I don't know where they are coming from. Just checked today and it's been since a couple days as well! What to I do? Can I revert this retrospectively? My card needs to be frozen immediately as well!,card_payment_not_recognised,reverted_card_payment?,False,0.4693,reverted_card_payment?,0.4693,card_payment_not_recognised,0.1825,direct_debit_payment_not_recognised,0.0969
Has someone accessed my card there are payments I did not make that are showing up on the app.,card_payment_not_recognised,card_payment_not_recognised,True,0.8705,card_payment_not_recognised,0.8705,direct_debit_payment_not_recognised,0.0213,cash_withdrawal_not_recognised,0.0194
There are some strange charges on my card that I didn't make from a few days ago.  Is my card stolen and if so should I cancel it?  Will I get refunded the charges?,card_payment_not_recognised,card_payment_not_recognised,True,0.5905,card_payment_not_recognised,0.5905,direct_debit_payment_not_recognised,0.0817,compromised_card,0.0578
Why would there be a payment on my account I don't recognize?,card_payment_not_recognised,card_payment_not_recognised,True,0.9067,card_payment_not_recognised,0.9067,direct_debit_payment_not_recognised,0.0256,pending_card_payment,0.0073
I have a payment I didn't do,card_payment_not_recognised,card_payment_not_recognised,True,0.9017,card_payment_not_recognised,0.9017,direct_debit_payment_not_recognised,0.0248,reverted_card_payment?,0.0093
There is a payment that is not mine.,card_payment_not_recognised,card_payment_not_recognised,True,0.904,card_payment_not_recognised,0.904,direct_debit_payment_not_recognised,0.0282,pending_card_payment,0.0074
Can you freeze my account?  I just saw there are transactions on my account that I don't recognize.  How can I fix this?,card_payment_not_recognised,compromised_card,False,0.3186,compromised_card,0.3186,cash_withdrawal_not_recognised,0.1688,card_payment_not_recognised,0.149
There is a card payment I do not recognise.,card_payment_not_recognised,card_payment_not_recognised,True,0.8943,card_payment_not_recognised,0.8943,direct_debit_payment_not_recognised,0.0279,cash_withdrawal_not_recognised,0.01
I don't recognise a card payment,card_payment_not_recognised,card_payment_not_recognised,True,0.9087,card_payment_not_recognised,0.9087,direct_debit_payment_not_recognised,0.0178,reverted_card_payment?,0.0097
Payment i did not do,card_payment_not_recognised,card_payment_not_recognised,True,0.8505,card_payment_not_recognised,0.8505,direct_debit_payment_not_recognised,0.0313,declined_card_payment,0.0269
"Please put a freeze on my card,  I am worried there has been some payments on it and I don't know what for.",card_payment_not_recognised,card_payment_not_recognised,True,0.85,card_payment_not_recognised,0.85,direct_debit_payment_not_recognised,0.0362,declined_card_payment,0.0183
I think my statement has a fraudulent charge,card_payment_not_recognised,card_payment_not_recognised,True,0.2377,card_payment_not_recognised,0.2377,direct_debit_payment_not_recognised,0.2066,compromised_card,0.1357
"I'm concerned about a payment that has recently been made on my card.  I do not recognize the name that the transaction went to, can you help me?",card_payment_not_recognised,card_payment_not_recognised,True,0.8253,card_payment_not_recognised,0.8253,direct_debit_payment_not_recognised,0.0722,reverted_card_payment?,0.0235
What should I do to get transactions off of my account if I didn't make them?  My card must have been compromised and I need to freeze it asap!,card_payment_not_recognised,compromised_card,False,0.3956,compromised_card,0.3956,cancel_transfer,0.115,card_not_working,0.0655
I have a payment listed in error.,card_payment_not_recognised,card_payment_not_recognised,True,0.7511,card_payment_not_recognised,0.7511,reverted_card_payment?,0.0838,direct_debit_payment_not_recognised,0.044
What can I do about some payments on my card I didn't make.  Please put a freeze on my card till we can figure this out.,card_payment_not_recognised,card_payment_not_recognised,True,0.8828,card_payment_not_recognised,0.8828,direct_debit_payment_not_recognised,0.031,declined_card_payment,0.0112
I'm not familiar with a card payment.,card_payment_not_recognised,card_payment_not_recognised,True,0.8273,card_payment_not_recognised,0.8273,reverted_card_payment?,0.0339,declined_card_payment,0.027
I have an unauthorized transaction on my statement,card_payment_not_recognised,card_payment_not_recognised,True,0.4168,card_payment_not_recognised,0.4168,direct_debit_payment_not_recognised,0.1928,compromised_card,0.0704
There is a payment in the App that is not mine.,card_payment_not_recognised,card_payment_not_recognised,True,0.9129,card_payment_not_recognised,0.9129,direct_debit_payment_not_recognised,0.0171,cash_withdrawal_not_recognised,0.0122
I don't know where this transaction came from?,card_payment_not_recognised,card_payment_not_recognised,True,0.2735,card_payment_not_recognised,0.2735,verify_source_of_funds,0.0974,direct_debit_payment_not_recognised,0.0843
I see a charge on my account that I don't recall making. I feel like my account may have been compromised.,card_payment_not_recognised,direct_debit_payment_not_recognised,False,0.5332,direct_debit_payment_not_recognised,0.5332,card_payment_not_recognised,0.3068,cash_withdrawal_not_recognised,0.0193
"I know I didn't make this payment showing up on my card, I don't remember this person at all.",card_payment_not_recognised,card_payment_not_recognised,True,0.8621,card_payment_not_recognised,0.8621,direct_debit_payment_not_recognised,0.0501,reverted_card_payment?,0.0143
Somebody used my card to make a purchase,card_payment_not_recognised,card_payment_not_recognised,True,0.2866,card_payment_not_recognised,0.2866,reverted_card_payment?,0.2252,direct_debit_payment_not_recognised,0.0946
There's a recent charge on my card that I know I didn't make because I've never seen the name before. Can we investigate this?,card_payment_not_recognised,card_payment_not_recognised,True,0.7414,card_payment_not_recognised,0.7414,direct_debit_payment_not_recognised,0.1159,card_payment_fee_charged,0.0154
Some of my card payments look different than where I purchased products from. Why is that?,card_payment_not_recognised,card_payment_not_recognised,True,0.4102,card_payment_not_recognised,0.4102,reverted_card_payment?,0.1934,card_payment_fee_charged,0.0816
There is a strange payment on my statement. What should I do?,card_payment_not_recognised,card_payment_not_recognised,True,0.9075,card_payment_not_recognised,0.9075,direct_debit_payment_not_recognised,0.018,cash_withdrawal_not_recognised,0.0083
I think there has been a purchase made that wasn't by me.,card_payment_not_recognised,card_payment_not_recognised,True,0.5249,card_payment_not_recognised,0.5249,direct_debit_payment_not_recognised,0.1849,reverted_card_payment?,0.1115
There is a fraudulent charge on my statement.,card_payment_not_recognised,card_payment_not_recognised,True,0.4258,card_payment_not_recognised,0.4258,direct_debit_payment_not_recognised,0.2208,compromised_card,0.0614
What is the payment in my account that I did not do?,card_payment_not_recognised,card_payment_not_recognised,True,0.881,card_payment_not_recognised,0.881,direct_debit_payment_not_recognised,0.0354,cash_withdrawal_not_recognised,0.0109
In my statement there is a payment that is I do not recognize,card_payment_not_recognised,card_payment_not_recognised,True,0.9107,card_payment_not_recognised,0.9107,cash_withdrawal_not_recognised,0.012,direct_debit_payment_not_recognised,0.0119
"I no longer live at my address on file, how do I change it?",edit_personal_details,edit_personal_details,True,0.8964,edit_personal_details,0.8964,terminate_account,0.0094,verify_my_identity,0.0068
How to change my address.,edit_personal_details,edit_personal_details,True,0.9238,edit_personal_details,0.9238,verify_my_identity,0.0048,why_verify_identity,0.0042
How do I update my details?,edit_personal_details,edit_personal_details,True,0.9197,edit_personal_details,0.9197,verify_my_identity,0.0058,why_verify_identity,0.0047
My address needs to be revised.,edit_personal_details,edit_personal_details,True,0.9034,edit_personal_details,0.9034,why_verify_identity,0.005,verify_my_identity,0.0048
"got married, need to change account name",edit_personal_details,edit_personal_details,True,0.8718,edit_personal_details,0.8718,terminate_account,0.0256,why_verify_identity,0.0086
My address has changed.,edit_personal_details,edit_personal_details,True,0.8595,edit_personal_details,0.8595,why_verify_identity,0.0127,verify_my_identity,0.0097
got married and need to change name,edit_personal_details,edit_personal_details,True,0.9117,edit_personal_details,0.9117,terminate_account,0.0077,verify_my_identity,0.0065
I want to change my personal details.,edit_personal_details,edit_personal_details,True,0.9156,edit_personal_details,0.9156,verify_my_identity,0.0051,why_verify_identity,0.0044
I moved.  I need to update my details.,edit_personal_details,edit_personal_details,True,0.9146,edit_personal_details,0.9146,terminate_account,0.0056,verify_my_identity,0.0043
I need to edit the personal details section of my account,edit_personal_details,edit_personal_details,True,0.9075,edit_personal_details,0.9075,terminate_account,0.0103,why_verify_identity,0.0057
Where can I change my personal information after I move?,edit_personal_details,edit_personal_details,True,0.9132,edit_personal_details,0.9132,transfer_into_account,0.0056,verify_my_identity,0.0052
Where can I go to modify my detail?,edit_personal_details,edit_personal_details,True,0.8676,edit_personal_details,0.8676,transfer_into_account,0.0073,terminate_account,0.007
How do I change my information?,edit_personal_details,edit_personal_details,True,0.921,edit_personal_details,0.921,verify_my_identity,0.0048,beneficiary_not_allowed,0.0045
I need to change my account details,edit_personal_details,edit_personal_details,True,0.9213,edit_personal_details,0.9213,terminate_account,0.0072,why_verify_identity,0.0045
I moved.  Where do I update my details?,edit_personal_details,edit_personal_details,True,0.9187,edit_personal_details,0.9187,terminate_account,0.005,verify_my_identity,0.0044
I relocated and need to change my personal details.,edit_personal_details,edit_personal_details,True,0.9118,edit_personal_details,0.9118,verify_my_identity,0.005,why_verify_identity,0.0048
I need to update my personal details,edit_personal_details,edit_personal_details,True,0.9179,edit_personal_details,0.9179,verify_my_identity,0.0079,why_verify_identity,0.0071
My address has changed. How do I report it?,edit_personal_details,edit_personal_details,True,0.8821,edit_personal_details,0.8821,verify_my_identity,0.0118,why_verify_identity,0.0115
I need to update my info.,edit_personal_details,edit_personal_details,True,0.8914,edit_personal_details,0.8914,why_verify_identity,0.013,verify_my_identity,0.0117
How can I modify my details?,edit_personal_details,edit_personal_details,True,0.919,edit_personal_details,0.919,verify_my_identity,0.004,terminate_account,0.004
What do i have to do to change my name?,edit_personal_details,edit_personal_details,True,0.9093,edit_personal_details,0.9093,verify_my_identity,0.0064,why_verify_identity,0.0049
My address has updated and I need to change it.,edit_personal_details,edit_personal_details,True,0.9252,edit_personal_details,0.9252,terminate_account,0.0046,verify_my_identity,0.0037
Where can I go to update my personal profile?,edit_personal_details,edit_personal_details,True,0.8591,edit_personal_details,0.8591,verify_my_identity,0.0152,why_verify_identity,0.0139
Is it possible to edit my personal details on the app?,edit_personal_details,edit_personal_details,True,0.8742,edit_personal_details,0.8742,terminate_account,0.018,unable_to_verify_identity,0.0066
how can i change my details,edit_personal_details,edit_personal_details,True,0.9226,edit_personal_details,0.9226,verify_my_identity,0.0056,why_verify_identity,0.0048
I need help changing my last name on my account.,edit_personal_details,edit_personal_details,True,0.8923,edit_personal_details,0.8923,why_verify_identity,0.0107,verify_my_identity,0.0106
How do I update my current residence details?,edit_personal_details,edit_personal_details,True,0.812,edit_personal_details,0.812,verify_my_identity,0.0202,why_verify_identity,0.0163
how do i change name?,edit_personal_details,edit_personal_details,True,0.9007,edit_personal_details,0.9007,verify_my_identity,0.0075,transfer_into_account,0.0057
I need to change my name since I got married,edit_personal_details,edit_personal_details,True,0.9241,edit_personal_details,0.9241,verify_my_identity,0.0054,why_verify_identity,0.005
I want to change my address.,edit_personal_details,edit_personal_details,True,0.922,edit_personal_details,0.922,terminate_account,0.0048,verify_my_identity,0.0041
how to change name,edit_personal_details,edit_personal_details,True,0.9033,edit_personal_details,0.9033,verify_my_identity,0.0076,why_verify_identity,0.0066
Can I change my information?,edit_personal_details,edit_personal_details,True,0.9185,edit_personal_details,0.9185,verify_my_identity,0.0048,beneficiary_not_allowed,0.0047
I need to update my current address,edit_personal_details,edit_personal_details,True,0.916,edit_personal_details,0.916,verify_my_identity,0.0061,why_verify_identity,0.0059
I have moved.  Where can I update my details?,edit_personal_details,edit_personal_details,True,0.9179,edit_personal_details,0.9179,terminate_account,0.0048,verify_my_identity,0.0042
I want to change my name.,edit_personal_details,edit_personal_details,True,0.916,edit_personal_details,0.916,terminate_account,0.0055,verify_my_identity,0.0045
Should I just wait until the post office sends a change of address form?,edit_personal_details,edit_personal_details,True,0.5996,edit_personal_details,0.5996,card_delivery_estimate,0.0495,transfer_not_received_by_recipient,0.035
I need to change my name what do I do?,edit_personal_details,edit_personal_details,True,0.9055,edit_personal_details,0.9055,verify_my_identity,0.0057,terminate_account,0.0047
How can I edit my personal details?,edit_personal_details,edit_personal_details,True,0.916,edit_personal_details,0.916,verify_my_identity,0.0056,terminate_account,0.0046
How do I change my address?,edit_personal_details,edit_personal_details,True,0.9267,edit_personal_details,0.9267,terminate_account,0.0046,verify_my_identity,0.0042
What do I need to do to change the address on my account?,edit_personal_details,edit_personal_details,True,0.9211,edit_personal_details,0.9211,terminate_account,0.005,verify_my_identity,0.0048
Why do you require so many details about my identity?,why_verify_identity,why_verify_identity,True,0.5507,why_verify_identity,0.5507,verify_my_identity,0.1753,unable_to_verify_identity,0.1742
I'd rather not verify my identity.,why_verify_identity,why_verify_identity,True,0.4489,why_verify_identity,0.4489,unable_to_verify_identity,0.244,verify_my_identity,0.22
do I need to verify my identity every time I log into my account?,why_verify_identity,verify_my_identity,False,0.4871,verify_my_identity,0.4871,why_verify_identity,0.3307,unable_to_verify_identity,0.0974
Why am I required to verify my identity?,why_verify_identity,why_verify_identity,True,0.5328,why_verify_identity,0.5328,verify_my_identity,0.1984,unable_to_verify_identity,0.1698
Can I make transfers before identity verification?,why_verify_identity,why_verify_identity,True,0.4386,why_verify_identity,0.4386,verify_my_identity,0.3995,unable_to_verify_identity,0.0555
What is the need to verify my identity?,why_verify_identity,verify_my_identity,False,0.6293,verify_my_identity,0.6293,why_verify_identity,0.2187,unable_to_verify_identity,0.0521
Do I have to do the identity check?,why_verify_identity,verify_my_identity,False,0.6151,verify_my_identity,0.6151,why_verify_identity,0.2403,unable_to_verify_identity,0.0379
Can I use my account without verifying my identity?,why_verify_identity,verify_my_identity,False,0.4068,verify_my_identity,0.4068,why_verify_identity,0.3946,unable_to_verify_identity,0.1188
Why is identity verification mandatory?,why_verify_identity,why_verify_identity,True,0.5716,why_verify_identity,0.5716,verify_my_identity,0.1985,unable_to_verify_identity,0.1268
Do I have to do an identity check?,why_verify_identity,verify_my_identity,False,0.6243,verify_my_identity,0.6243,why_verify_identity,0.2271,unable_to_verify_identity,0.0349
I would like to not have to do the identity verification.,why_verify_identity,why_verify_identity,True,0.5297,why_verify_identity,0.5297,verify_my_identity,0.275,unable_to_verify_identity,0.0992
"Can I still use my account, even though the identity verification has not passed yet?",why_verify_identity,why_verify_identity,True,0.56,why_verify_identity,0.56,verify_my_identity,0.1976,unable_to_verify_identity,0.1279
Why do you require all my identity details?,why_verify_identity,why_verify_identity,True,0.5845,why_verify_identity,0.5845,verify_my_identity,0.1766,unable_to_verify_identity,0.1276
Why do you need so much information to verify my identity?,why_verify_identity,why_verify_identity,True,0.5463,why_verify_identity,0.5463,verify_my_identity,0.208,unable_to_verify_identity,0.1545
What is the purpose for the identity check,why_verify_identity,verify_my_identity,False,0.5214,verify_my_identity,0.5214,why_verify_identity,0.3367,unable_to_verify_identity,0.0543
I don't like that I have to fill out so much information about my identity.,why_verify_identity,why_verify_identity,True,0.426,why_verify_identity,0.426,verify_my_identity,0.2554,unable_to_verify_identity,0.2094
What is the point of an identity check?,why_verify_identity,verify_my_identity,False,0.5351,verify_my_identity,0.5351,why_verify_identity,0.3205,unable_to_verify_identity,0.0502
How come you need to know my identity?,why_verify_identity,why_verify_identity,True,0.3816,why_verify_identity,0.3816,verify_my_identity,0.2851,unable_to_verify_identity,0.2451
"May I use my account now, even though the identity verification has not gone through yet?",why_verify_identity,why_verify_identity,True,0.5501,why_verify_identity,0.5501,verify_my_identity,0.2105,unable_to_verify_identity,0.1263
Do I need to verify my identity to use my account?,why_verify_identity,verify_my_identity,False,0.5954,verify_my_identity,0.5954,why_verify_identity,0.254,unable_to_verify_identity,0.0508
Why am I required to do an identity check?,why_verify_identity,why_verify_identity,True,0.563,why_verify_identity,0.563,verify_my_identity,0.2405,unable_to_verify_identity,0.1026
Why am I being asked to have an identity check,why_verify_identity,why_verify_identity,True,0.5641,why_verify_identity,0.5641,verify_my_identity,0.1957,unable_to_verify_identity,0.1505
Can i make transactions before identity verification is complete?,why_verify_identity,why_verify_identity,True,0.5292,why_verify_identity,0.5292,verify_my_identity,0.2711,unable_to_verify_identity,0.1088
Do I really need to verify my identity?,why_verify_identity,verify_my_identity,False,0.6394,verify_my_identity,0.6394,why_verify_identity,0.2096,unable_to_verify_identity,0.0465
Why do I have to give you all of my identification details?,why_verify_identity,why_verify_identity,True,0.4556,why_verify_identity,0.4556,unable_to_verify_identity,0.3136,verify_my_identity,0.1116
Why do you require so many identity details?,why_verify_identity,why_verify_identity,True,0.5847,why_verify_identity,0.5847,verify_my_identity,0.1798,unable_to_verify_identity,0.1109
"Since my id hasn't been verified, when can I use my account?",why_verify_identity,unable_to_verify_identity,False,0.5352,unable_to_verify_identity,0.5352,why_verify_identity,0.2513,verify_my_identity,0.1105
I won't verify my identity.,why_verify_identity,unable_to_verify_identity,False,0.5102,unable_to_verify_identity,0.5102,why_verify_identity,0.293,verify_my_identity,0.1053
I want to skip verification of my identity.,why_verify_identity,why_verify_identity,True,0.4582,why_verify_identity,0.4582,unable_to_verify_identity,0.2397,verify_my_identity,0.2157
I do not wish to verify my identity.,why_verify_identity,why_verify_identity,True,0.4272,why_verify_identity,0.4272,unable_to_verify_identity,0.2892,verify_my_identity,0.1931
Why do I have to verify my identity?,why_verify_identity,why_verify_identity,True,0.5265,why_verify_identity,0.5265,verify_my_identity,0.1867,unable_to_verify_identity,0.1818
what is the identity check?,why_verify_identity,verify_my_identity,False,0.5367,verify_my_identity,0.5367,why_verify_identity,0.3143,unable_to_verify_identity,0.055
What other methods are there to verify my identity?,why_verify_identity,verify_my_identity,False,0.6246,verify_my_identity,0.6246,why_verify_identity,0.2215,unable_to_verify_identity,0.0542
Do I need to verify my identity?,why_verify_identity,verify_my_identity,False,0.6453,verify_my_identity,0.6453,why_verify_identity,0.2004,unable_to_verify_identity,0.0468
Do I need to verify my identity each time I wish to use my account?,why_verify_identity,verify_my_identity,False,0.5351,verify_my_identity,0.5351,why_verify_identity,0.3082,unable_to_verify_identity,0.063
Can I use my account if the identity verification is not complete?,why_verify_identity,why_verify_identity,True,0.541,why_verify_identity,0.541,verify_my_identity,0.2578,unable_to_verify_identity,0.1071
Why is it asking me to verify my identity,why_verify_identity,why_verify_identity,True,0.4743,why_verify_identity,0.4743,unable_to_verify_identity,0.2662,verify_my_identity,0.1718
Do I have to verify my identity?,why_verify_identity,verify_my_identity,False,0.6333,verify_my_identity,0.6333,why_verify_identity,0.2141,unable_to_verify_identity,0.0502
Why do you need to know so much about me,why_verify_identity,why_verify_identity,True,0.4053,why_verify_identity,0.4053,verify_my_identity,0.1723,unable_to_verify_identity,0.1487
Why did I need to verfiy my identity?,why_verify_identity,unable_to_verify_identity,False,0.3915,unable_to_verify_identity,0.3915,why_verify_identity,0.3622,verify_my_identity,0.1031
I cannot verify my identity,unable_to_verify_identity,unable_to_verify_identity,True,0.3847,unable_to_verify_identity,0.3847,why_verify_identity,0.3534,verify_my_identity,0.1718
I do not have what is required to prove my identity,unable_to_verify_identity,unable_to_verify_identity,True,0.4763,unable_to_verify_identity,0.4763,why_verify_identity,0.3016,verify_my_identity,0.1375
Why doesn't the app believe I am who I say I am?,unable_to_verify_identity,unable_to_verify_identity,True,0.5078,unable_to_verify_identity,0.5078,why_verify_identity,0.2452,verify_my_identity,0.128
I am having trouble verifying my identity.,unable_to_verify_identity,unable_to_verify_identity,True,0.5049,unable_to_verify_identity,0.5049,why_verify_identity,0.298,verify_my_identity,0.1143
what do i do if my verification failed,unable_to_verify_identity,unable_to_verify_identity,True,0.3373,unable_to_verify_identity,0.3373,why_verify_identity,0.2495,verify_top_up,0.1249
It is impossible to verify my identity,unable_to_verify_identity,unable_to_verify_identity,True,0.4327,unable_to_verify_identity,0.4327,why_verify_identity,0.3465,verify_my_identity,0.1329
The app doesn't know it's me.,unable_to_verify_identity,unable_to_verify_identity,True,0.6357,unable_to_verify_identity,0.6357,why_verify_identity,0.1336,verify_my_identity,0.0514
I'm having trouble verifying my ID.,unable_to_verify_identity,unable_to_verify_identity,True,0.6988,unable_to_verify_identity,0.6988,why_verify_identity,0.1403,verify_my_identity,0.0591
app does not recognize me,unable_to_verify_identity,unable_to_verify_identity,True,0.6651,unable_to_verify_identity,0.6651,why_verify_identity,0.135,verify_my_identity,0.0557
Help my verify my id.,unable_to_verify_identity,unable_to_verify_identity,True,0.5675,unable_to_verify_identity,0.5675,why_verify_identity,0.1902,verify_my_identity,0.1463
The app failed to verify my identity.,unable_to_verify_identity,unable_to_verify_identity,True,0.5698,unable_to_verify_identity,0.5698,why_verify_identity,0.2428,verify_my_identity,0.0918
I can't verify my ID.,unable_to_verify_identity,unable_to_verify_identity,True,0.706,unable_to_verify_identity,0.706,why_verify_identity,0.1371,verify_my_identity,0.0597
I can't prove my identity.,unable_to_verify_identity,unable_to_verify_identity,True,0.6921,unable_to_verify_identity,0.6921,why_verify_identity,0.1504,verify_my_identity,0.0528
I am not being recognized by the app.,unable_to_verify_identity,unable_to_verify_identity,True,0.6556,unable_to_verify_identity,0.6556,why_verify_identity,0.1283,verify_my_identity,0.0478
Why isn't my ID being verified?,unable_to_verify_identity,unable_to_verify_identity,True,0.6657,unable_to_verify_identity,0.6657,why_verify_identity,0.1694,verify_my_identity,0.0549
The app will not let me into my account.,unable_to_verify_identity,terminate_account,False,0.3367,terminate_account,0.3367,card_linking,0.1632,lost_or_stolen_phone,0.1236
I am having trouble proving my identity.,unable_to_verify_identity,unable_to_verify_identity,True,0.6827,unable_to_verify_identity,0.6827,why_verify_identity,0.1596,verify_my_identity,0.0521
I cannot prove my own identity.,unable_to_verify_identity,unable_to_verify_identity,True,0.6198,unable_to_verify_identity,0.6198,why_verify_identity,0.2041,verify_my_identity,0.0814
My ID won't be verified!,unable_to_verify_identity,unable_to_verify_identity,True,0.6914,unable_to_verify_identity,0.6914,why_verify_identity,0.1505,verify_my_identity,0.0565
I can not get the app to know it is me.,unable_to_verify_identity,unable_to_verify_identity,True,0.6209,unable_to_verify_identity,0.6209,why_verify_identity,0.0992,verify_my_identity,0.0346
I can't verify my identity.,unable_to_verify_identity,unable_to_verify_identity,True,0.5076,unable_to_verify_identity,0.5076,why_verify_identity,0.2866,verify_my_identity,0.1144
The app doesn't recognize me.,unable_to_verify_identity,unable_to_verify_identity,True,0.6769,unable_to_verify_identity,0.6769,why_verify_identity,0.1175,verify_my_identity,0.043
I am having difficulties to verify my identity.,unable_to_verify_identity,why_verify_identity,False,0.3782,why_verify_identity,0.3782,unable_to_verify_identity,0.3737,verify_my_identity,0.16
The app doesn't believe that I am me,unable_to_verify_identity,unable_to_verify_identity,True,0.6251,unable_to_verify_identity,0.6251,why_verify_identity,0.1344,verify_my_identity,0.0882
What's with not verifying my Id?,unable_to_verify_identity,unable_to_verify_identity,True,0.6102,unable_to_verify_identity,0.6102,why_verify_identity,0.2059,verify_my_identity,0.0908
What do i need to verify my id?,unable_to_verify_identity,verify_my_identity,False,0.4274,verify_my_identity,0.4274,unable_to_verify_identity,0.2447,why_verify_identity,0.2226
"I tried verifying my ID, but it won't let me.",unable_to_verify_identity,unable_to_verify_identity,True,0.7011,unable_to_verify_identity,0.7011,why_verify_identity,0.1384,verify_my_identity,0.0509
How do I show this stupid system that this is really my identity?,unable_to_verify_identity,unable_to_verify_identity,True,0.4222,unable_to_verify_identity,0.4222,why_verify_identity,0.3021,verify_my_identity,0.1477
I am experiencing difficulty providing my identity.,unable_to_verify_identity,unable_to_verify_identity,True,0.4369,unable_to_verify_identity,0.4369,why_verify_identity,0.2977,verify_my_identity,0.168
I a having trouble proving my identity,unable_to_verify_identity,unable_to_verify_identity,True,0.6846,unable_to_verify_identity,0.6846,why_verify_identity,0.1463,verify_my_identity,0.0445
How long will it take for my ID to verify?,unable_to_verify_identity,unable_to_verify_identity,True,0.4884,unable_to_verify_identity,0.4884,why_verify_identity,0.249,verify_my_identity,0.1575
Why am I not able to verify my id?,unable_to_verify_identity,unable_to_verify_identity,True,0.6764,unable_to_verify_identity,0.6764,why_verify_identity,0.1645,verify_my_identity,0.0512
It doesn't let me verify my identity.,unable_to_verify_identity,unable_to_verify_identity,True,0.4975,unable_to_verify_identity,0.4975,why_verify_identity,0.3044,verify_my_identity,0.1072
app doesnt think its me,unable_to_verify_identity,unable_to_verify_identity,True,0.5256,unable_to_verify_identity,0.5256,why_verify_identity,0.1462,verify_my_identity,0.0472
Why am I having trouble verifying my id?,unable_to_verify_identity,unable_to_verify_identity,True,0.6907,unable_to_verify_identity,0.6907,why_verify_identity,0.1493,verify_my_identity,0.0529
I am having issues with identity verification,unable_to_verify_identity,why_verify_identity,False,0.5026,why_verify_identity,0.5026,unable_to_verify_identity,0.237,verify_my_identity,0.1647
The app won't let me log in as myself.,unable_to_verify_identity,unable_to_verify_identity,True,0.2837,unable_to_verify_identity,0.2837,passcode_forgotten,0.1917,why_verify_identity,0.0864
Why can't I verify my identity?,unable_to_verify_identity,unable_to_verify_identity,True,0.398,unable_to_verify_identity,0.398,why_verify_identity,0.3814,verify_my_identity,0.1108
Why can't I verify my id?,unable_to_verify_identity,unable_to_verify_identity,True,0.6739,unable_to_verify_identity,0.6739,why_verify_identity,0.1614,verify_my_identity,0.0564
for some reason I am having a problem with verifying my identity.,unable_to_verify_identity,unable_to_verify_identity,True,0.43,unable_to_verify_identity,0.43,why_verify_identity,0.3669,verify_my_identity,0.0976
What do I do with my card PIN?,get_physical_card,get_physical_card,True,0.7886,get_physical_card,0.7886,pin_blocked,0.0912,change_pin,0.0482
Is the PIN delivered separately?,get_physical_card,get_physical_card,True,0.8673,get_physical_card,0.8673,pin_blocked,0.0339,change_pin,0.0291
I do not have my pin,get_physical_card,get_physical_card,True,0.8514,get_physical_card,0.8514,pin_blocked,0.0485,change_pin,0.025
Are PIN separately?,get_physical_card,get_physical_card,True,0.8092,get_physical_card,0.8092,change_pin,0.0602,pin_blocked,0.0398
I cannot seem to find my PIN. Where is it?,get_physical_card,get_physical_card,True,0.8732,get_physical_card,0.8732,pin_blocked,0.0333,change_pin,0.0235
How do I set-up my PIN for the new card?,get_physical_card,change_pin,False,0.6162,change_pin,0.6162,get_physical_card,0.2348,pin_blocked,0.0522
How do I find my card PIN?,get_physical_card,get_physical_card,True,0.8799,get_physical_card,0.8799,change_pin,0.0249,pin_blocked,0.0226
is my card PIN saved in the app,get_physical_card,get_physical_card,True,0.7616,get_physical_card,0.7616,pin_blocked,0.1121,change_pin,0.0259
I don't know where to look to find my PIN.,get_physical_card,get_physical_card,True,0.8774,get_physical_card,0.8774,pin_blocked,0.0267,change_pin,0.0266
where in the app can i find out about my new pin,get_physical_card,get_physical_card,True,0.7285,get_physical_card,0.7285,change_pin,0.1517,pin_blocked,0.0322
Where in the app can I find my PIN?,get_physical_card,get_physical_card,True,0.8748,get_physical_card,0.8748,change_pin,0.0312,pin_blocked,0.0264
I just got my new card but am not sure how to check its PIN.,get_physical_card,get_physical_card,True,0.7791,get_physical_card,0.7791,change_pin,0.0898,pin_blocked,0.0563
do i need a pin,get_physical_card,get_physical_card,True,0.758,get_physical_card,0.758,change_pin,0.1331,pin_blocked,0.0213
"If I need a PIN for my card, where is it located?",get_physical_card,get_physical_card,True,0.8606,get_physical_card,0.8606,change_pin,0.0497,pin_blocked,0.019
what is my card PIN,get_physical_card,get_physical_card,True,0.8755,get_physical_card,0.8755,change_pin,0.0352,pin_blocked,0.0173
And what about the Card's PIN?,get_physical_card,get_physical_card,True,0.8752,get_physical_card,0.8752,change_pin,0.0296,pin_blocked,0.0204
About this card PIN?,get_physical_card,get_physical_card,True,0.874,get_physical_card,0.874,change_pin,0.0318,pin_blocked,0.022
I received my card but not my PIN.,get_physical_card,get_physical_card,True,0.8623,get_physical_card,0.8623,pin_blocked,0.0431,change_pin,0.0215
Why can't I see my PIN?,get_physical_card,get_physical_card,True,0.8388,get_physical_card,0.8388,pin_blocked,0.0637,change_pin,0.0294
what is the process for setting up a pin,get_physical_card,change_pin,False,0.5605,change_pin,0.5605,get_physical_card,0.3022,pin_blocked,0.0387
Does my PIN come with my card?,get_physical_card,get_physical_card,True,0.8704,get_physical_card,0.8704,change_pin,0.0342,pin_blocked,0.0231
Where can I find the card PIN?,get_physical_card,get_physical_card,True,0.8753,get_physical_card,0.8753,change_pin,0.0231,pin_blocked,0.0178
Why isn't my PIN available yet?,get_physical_card,get_physical_card,True,0.792,get_physical_card,0.792,pin_blocked,0.1013,change_pin,0.0318
Is my PIN located on my account somewhere?,get_physical_card,get_physical_card,True,0.8668,get_physical_card,0.8668,pin_blocked,0.0355,change_pin,0.0337
"Please help in finding my card PIN, thank you!",get_physical_card,get_physical_card,True,0.8725,get_physical_card,0.8725,change_pin,0.0385,pin_blocked,0.0225
Where is my PIN number located?,get_physical_card,get_physical_card,True,0.8553,get_physical_card,0.8553,pin_blocked,0.0456,change_pin,0.0371
I still don't have my pin.,get_physical_card,get_physical_card,True,0.8508,get_physical_card,0.8508,pin_blocked,0.0536,change_pin,0.0292
So what about the card PIN?,get_physical_card,get_physical_card,True,0.874,get_physical_card,0.874,change_pin,0.0311,pin_blocked,0.0224
I cannot locate the card PIN.,get_physical_card,get_physical_card,True,0.8819,get_physical_card,0.8819,pin_blocked,0.0272,change_pin,0.0222
I need my PIN,get_physical_card,get_physical_card,True,0.8535,get_physical_card,0.8535,change_pin,0.0488,pin_blocked,0.0314
Where can I find my PIN?,get_physical_card,get_physical_card,True,0.876,get_physical_card,0.876,change_pin,0.0325,pin_blocked,0.0248
When do I receive my PIN,get_physical_card,get_physical_card,True,0.8706,get_physical_card,0.8706,change_pin,0.0322,pin_blocked,0.0293
Help me find my card pin!,get_physical_card,get_physical_card,True,0.8763,get_physical_card,0.8763,change_pin,0.0333,pin_blocked,0.0257
Is PIN delivered separately?,get_physical_card,get_physical_card,True,0.8578,get_physical_card,0.8578,change_pin,0.0362,pin_blocked,0.0328
I can not find my card pin.,get_physical_card,get_physical_card,True,0.8782,get_physical_card,0.8782,pin_blocked,0.0258,change_pin,0.0193
What do I need to do for a PIN?,get_physical_card,get_physical_card,True,0.6169,get_physical_card,0.6169,change_pin,0.2504,pin_blocked,0.0489
Why can't I find my PIN?,get_physical_card,get_physical_card,True,0.815,get_physical_card,0.815,pin_blocked,0.0833,change_pin,0.0306
Where is the card PIN?,get_physical_card,get_physical_card,True,0.8777,get_physical_card,0.8777,change_pin,0.0249,pin_blocked,0.0177
What is my card's PIN?,get_physical_card,get_physical_card,True,0.878,get_physical_card,0.878,change_pin,0.028,pin_blocked,0.0215
where can user find pin?,get_physical_card,get_physical_card,True,0.7912,get_physical_card,0.7912,change_pin,0.0958,pin_blocked,0.04
I like to Mastercard rather than Visa.,visa_or_mastercard,visa_or_mastercard,True,0.9479,visa_or_mastercard,0.9479,top_up_by_card_charge,0.0032,supported_cards_and_currencies,0.003
Do I qualify for a visa card?,visa_or_mastercard,visa_or_mastercard,True,0.95,visa_or_mastercard,0.95,top_up_by_card_charge,0.0036,supported_cards_and_currencies,0.0034
How do I get a visa card?,visa_or_mastercard,visa_or_mastercard,True,0.9502,visa_or_mastercard,0.9502,top_up_by_card_charge,0.0038,supported_cards_and_currencies,0.0035
Do you guys accept Visa or Mastercard?,visa_or_mastercard,visa_or_mastercard,True,0.9517,visa_or_mastercard,0.9517,supported_cards_and_currencies,0.0037,top_up_by_card_charge,0.0037
Are both Visa and Mastercard accepted?,visa_or_mastercard,visa_or_mastercard,True,0.9502,visa_or_mastercard,0.9502,top_up_by_card_charge,0.0038,supported_cards_and_currencies,0.0032
Do you guys accept mastercard or visa?,visa_or_mastercard,visa_or_mastercard,True,0.9514,visa_or_mastercard,0.9514,supported_cards_and_currencies,0.0039,top_up_by_card_charge,0.0036
Are both Visa and Mastercard offered?,visa_or_mastercard,visa_or_mastercard,True,0.9498,visa_or_mastercard,0.9498,top_up_by_card_charge,0.004,supported_cards_and_currencies,0.0033
Can you give me a visa?,visa_or_mastercard,visa_or_mastercard,True,0.9435,visa_or_mastercard,0.9435,country_support,0.0036,top_up_by_card_charge,0.0036
How to decide if I get a Visa or Mastercard?,visa_or_mastercard,visa_or_mastercard,True,0.9504,visa_or_mastercard,0.9504,supported_cards_and_currencies,0.0032,top_up_by_card_charge,0.0031
Can I get a mastercard?,visa_or_mastercard,visa_or_mastercard,True,0.9082,visa_or_mastercard,0.9082,card_acceptance,0.0114,supported_cards_and_currencies,0.0101
What steps must I follow to get a Visa credit card?,visa_or_mastercard,visa_or_mastercard,True,0.9428,visa_or_mastercard,0.9428,supported_cards_and_currencies,0.0069,top_up_by_card_charge,0.0055
I'd rather get a Mastercard,visa_or_mastercard,visa_or_mastercard,True,0.9364,visa_or_mastercard,0.9364,card_acceptance,0.0058,supported_cards_and_currencies,0.0055
Do I get a choice between Visa and Mastercard?,visa_or_mastercard,visa_or_mastercard,True,0.9505,visa_or_mastercard,0.9505,top_up_by_card_charge,0.0045,supported_cards_and_currencies,0.0034
What do I have to do to get a Visa credit card?,visa_or_mastercard,visa_or_mastercard,True,0.9403,visa_or_mastercard,0.9403,supported_cards_and_currencies,0.0075,top_up_by_card_charge,0.0059
I would prefer a visa card,visa_or_mastercard,visa_or_mastercard,True,0.9483,visa_or_mastercard,0.9483,top_up_by_card_charge,0.0046,supported_cards_and_currencies,0.0039
May I choose between Visa and Mastercard?,visa_or_mastercard,visa_or_mastercard,True,0.9518,visa_or_mastercard,0.9518,top_up_by_card_charge,0.0039,supported_cards_and_currencies,0.0035
Am I allowed to use any card to make a payment?,visa_or_mastercard,order_physical_card,False,0.3022,order_physical_card,0.3022,card_acceptance,0.1392,card_payment_fee_charged,0.0769
What are the available cards?,visa_or_mastercard,order_physical_card,False,0.444,order_physical_card,0.444,getting_spare_card,0.339,visa_or_mastercard,0.0305
I want to get Visa and Mastercard,visa_or_mastercard,visa_or_mastercard,True,0.9508,visa_or_mastercard,0.9508,top_up_by_card_charge,0.0031,card_acceptance,0.0028
Am I able to choose my card?,visa_or_mastercard,visa_or_mastercard,True,0.4953,visa_or_mastercard,0.4953,order_physical_card,0.1004,card_acceptance,0.0994
are both visa and mastercard available to me?,visa_or_mastercard,visa_or_mastercard,True,0.9507,visa_or_mastercard,0.9507,top_up_by_card_charge,0.0036,supported_cards_and_currencies,0.0032
Do you do Visa or Mastercard?,visa_or_mastercard,visa_or_mastercard,True,0.9509,visa_or_mastercard,0.9509,supported_cards_and_currencies,0.0036,top_up_by_card_charge,0.0035
How do I select a Mastercard instead of a Visa?,visa_or_mastercard,visa_or_mastercard,True,0.9518,visa_or_mastercard,0.9518,supported_cards_and_currencies,0.004,top_up_by_card_charge,0.0037
I would like to apply for a visa card.,visa_or_mastercard,visa_or_mastercard,True,0.9489,visa_or_mastercard,0.9489,top_up_by_card_charge,0.0036,supported_cards_and_currencies,0.0033
Do I get to choose between Visa and Mastercard?,visa_or_mastercard,visa_or_mastercard,True,0.9517,visa_or_mastercard,0.9517,top_up_by_card_charge,0.004,supported_cards_and_currencies,0.0034
We need both a visa and a Mastercard.,visa_or_mastercard,visa_or_mastercard,True,0.951,visa_or_mastercard,0.951,top_up_by_card_charge,0.0031,supported_cards_and_currencies,0.003
Hello. Can you tell me if you use Visa or Mastercard?,visa_or_mastercard,visa_or_mastercard,True,0.9502,visa_or_mastercard,0.9502,card_acceptance,0.0035,supported_cards_and_currencies,0.0034
I'd like more information about choosing a Visa or Mastercard.,visa_or_mastercard,visa_or_mastercard,True,0.9513,visa_or_mastercard,0.9513,top_up_by_card_charge,0.0035,supported_cards_and_currencies,0.0034
Do you have Visa or Matercard?,visa_or_mastercard,visa_or_mastercard,True,0.9381,visa_or_mastercard,0.9381,supported_cards_and_currencies,0.0056,top_up_by_card_charge,0.0048
Is it possible to have both a Visa and a Mastercard from you?,visa_or_mastercard,visa_or_mastercard,True,0.9516,visa_or_mastercard,0.9516,top_up_by_card_charge,0.0035,supported_cards_and_currencies,0.0034
I like Mastercard better.,visa_or_mastercard,visa_or_mastercard,True,0.9228,visa_or_mastercard,0.9228,card_acceptance,0.0086,supported_cards_and_currencies,0.0073
Do you offer Visa or Mastercard?,visa_or_mastercard,visa_or_mastercard,True,0.9512,visa_or_mastercard,0.9512,top_up_by_card_charge,0.0039,supported_cards_and_currencies,0.0038
I would rather the Mastercard.,visa_or_mastercard,visa_or_mastercard,True,0.9169,visa_or_mastercard,0.9169,card_acceptance,0.0092,top_up_by_card_charge,0.0087
Please give me both a visa and a master card.,visa_or_mastercard,visa_or_mastercard,True,0.9501,visa_or_mastercard,0.9501,top_up_by_card_charge,0.0037,supported_cards_and_currencies,0.0033
Is it possible to receive a Visa and a MasterCard?,visa_or_mastercard,visa_or_mastercard,True,0.9527,visa_or_mastercard,0.9527,top_up_by_card_charge,0.0035,supported_cards_and_currencies,0.0034
What major card payments are accepted?,visa_or_mastercard,supported_cards_and_currencies,False,0.2885,supported_cards_and_currencies,0.2885,top_up_by_card_charge,0.1304,order_physical_card,0.1057
Is Visa or Mastercard available?,visa_or_mastercard,visa_or_mastercard,True,0.9508,visa_or_mastercard,0.9508,top_up_by_card_charge,0.0037,supported_cards_and_currencies,0.0032
Can you let me know if Visa is among the card scheme assignments?,visa_or_mastercard,visa_or_mastercard,True,0.9408,visa_or_mastercard,0.9408,country_support,0.0047,card_about_to_expire,0.0039
Do you use Mastercard or Visa?,visa_or_mastercard,visa_or_mastercard,True,0.9512,visa_or_mastercard,0.9512,supported_cards_and_currencies,0.0036,top_up_by_card_charge,0.0035
Is it possible to get a Visa here?,visa_or_mastercard,visa_or_mastercard,True,0.9429,visa_or_mastercard,0.9429,country_support,0.0034,top_up_by_card_charge,0.0033
How can I top up my account with a card?,topping_up_by_card,topping_up_by_card,True,0.4902,topping_up_by_card,0.4902,supported_cards_and_currencies,0.1755,top_up_by_cash_or_cheque,0.111
WHERE IS MY MONEY I WAS USING MY CARD AND IT DISAPPEARED,topping_up_by_card,cash_withdrawal_not_recognised,False,0.3903,cash_withdrawal_not_recognised,0.3903,compromised_card,0.0575,balance_not_updated_after_cheque_or_cash_deposit,0.0469
How can I top up by card?,topping_up_by_card,topping_up_by_card,True,0.5582,topping_up_by_card,0.5582,supported_cards_and_currencies,0.1311,top_up_by_cash_or_cheque,0.1091
What is the process for using my credit card to transfer money?,topping_up_by_card,topping_up_by_card,True,0.6355,topping_up_by_card,0.6355,transfer_into_account,0.0735,supported_cards_and_currencies,0.0706
How do I top up my card using your app? I'm new to this.,topping_up_by_card,topping_up_by_card,True,0.6526,topping_up_by_card,0.6526,top_up_by_cash_or_cheque,0.0461,apple_pay_or_google_pay,0.04
Can friends add to my account,topping_up_by_card,terminate_account,False,0.2608,terminate_account,0.2608,topping_up_by_card,0.2202,transfer_into_account,0.0996
Can I top up using my car?,topping_up_by_card,topping_up_by_card,True,0.5042,topping_up_by_card,0.5042,automatic_top_up,0.103,supported_cards_and_currencies,0.0723
Why can't I see my topup in my wallet anymore?,topping_up_by_card,topping_up_by_card,True,0.7285,topping_up_by_card,0.7285,top_up_failed,0.0777,top_up_by_cash_or_cheque,0.0219
Use credit card to transfer money,topping_up_by_card,topping_up_by_card,True,0.6361,topping_up_by_card,0.6361,supported_cards_and_currencies,0.0842,transfer_into_account,0.0313
How do my friends top up my account,topping_up_by_card,topping_up_by_card,True,0.7631,topping_up_by_card,0.7631,top_up_by_cash_or_cheque,0.0358,transfer_into_account,0.0308
"I followed the instructions to transfer money using my card, but then the money disappeared and I don't know what happened.",topping_up_by_card,beneficiary_not_allowed,False,0.171,beneficiary_not_allowed,0.171,transfer_into_account,0.0785,failed_transfer,0.0744
Where's the money that got charged to my card? It's not showing up in my account balance,topping_up_by_card,balance_not_updated_after_cheque_or_cash_deposit,False,0.2768,balance_not_updated_after_cheque_or_cash_deposit,0.2768,extra_charge_on_statement,0.1112,direct_debit_payment_not_recognised,0.1049
how can i top up?,topping_up_by_card,topping_up_by_card,True,0.2885,topping_up_by_card,0.2885,top_up_limits,0.1773,top_up_by_cash_or_cheque,0.161
"I am missing some funds from my account - I tried to transfer them using my credit card number, and it disappeared.",topping_up_by_card,compromised_card,False,0.1255,compromised_card,0.1255,beneficiary_not_allowed,0.1009,terminate_account,0.09
I have friends that would like to top-up my account is that possible?,topping_up_by_card,topping_up_by_card,True,0.6576,topping_up_by_card,0.6576,transfer_into_account,0.072,top_up_by_cash_or_cheque,0.0558
How do I transfer money using a credit card?,topping_up_by_card,topping_up_by_card,True,0.6195,topping_up_by_card,0.6195,supported_cards_and_currencies,0.1205,top_up_by_cash_or_cheque,0.0417
Can I give my friends access to my account so they can top it up for me?,topping_up_by_card,topping_up_by_card,True,0.7266,topping_up_by_card,0.7266,top_up_by_cash_or_cheque,0.0318,apple_pay_or_google_pay,0.028
"I did a top-up, but I'm not seeing it in my wallet yet.",topping_up_by_card,topping_up_by_card,True,0.5598,topping_up_by_card,0.5598,top_up_by_cash_or_cheque,0.0823,pending_top_up,0.076
"i know i entered the right info, but my top up isn't in my balance",topping_up_by_card,pending_top_up,False,0.4813,pending_top_up,0.4813,top_up_reverted,0.2609,top_up_failed,0.158
Will my friend be able to top off my account?,topping_up_by_card,topping_up_by_card,True,0.6334,topping_up_by_card,0.6334,top_up_by_cash_or_cheque,0.0879,supported_cards_and_currencies,0.0433
Is there a way to transfer funds directly from my card?,topping_up_by_card,transfer_into_account,False,0.5967,transfer_into_account,0.5967,topping_up_by_card,0.101,receiving_money,0.0254
Why isn't my top up showing on my wallet?,topping_up_by_card,topping_up_by_card,True,0.6618,topping_up_by_card,0.6618,top_up_failed,0.0723,top_up_by_cash_or_cheque,0.0455
"I tried to top up using my card, but now the money just disappeared!",topping_up_by_card,topping_up_by_card,True,0.5726,topping_up_by_card,0.5726,top_up_failed,0.1232,top_up_reverted,0.0522
Help me transfer money to my credit card.,topping_up_by_card,topping_up_by_card,True,0.662,topping_up_by_card,0.662,supported_cards_and_currencies,0.0422,transfer_into_account,0.0355
I tried to use my card to top up but all of the money has disappeared.,topping_up_by_card,topping_up_by_card,True,0.5023,topping_up_by_card,0.5023,top_up_failed,0.1757,top_up_reverted,0.0912
Is it possible to use my credit card to transfer money?,topping_up_by_card,topping_up_by_card,True,0.6802,topping_up_by_card,0.6802,supported_cards_and_currencies,0.0595,transfer_into_account,0.0404
How can someone add money to my account?,topping_up_by_card,topping_up_by_card,True,0.3047,topping_up_by_card,0.3047,top_up_by_cash_or_cheque,0.2869,transfer_into_account,0.117
Cannot access my top up.,topping_up_by_card,top_up_failed,False,0.6153,top_up_failed,0.6153,topping_up_by_card,0.1521,pending_top_up,0.0451
Are my friends able to add funds to my account?,topping_up_by_card,topping_up_by_card,True,0.3711,topping_up_by_card,0.3711,transfer_into_account,0.1421,supported_cards_and_currencies,0.1359
Can I transfer money to my credit card?,topping_up_by_card,topping_up_by_card,True,0.6635,topping_up_by_card,0.6635,supported_cards_and_currencies,0.0879,top_up_by_cash_or_cheque,0.0328
Who else can top up my account,topping_up_by_card,topping_up_by_card,True,0.6545,topping_up_by_card,0.6545,top_up_by_cash_or_cheque,0.0826,supported_cards_and_currencies,0.0457
Why is my money gone right when I attempted to top up,topping_up_by_card,top_up_failed,False,0.5439,top_up_failed,0.5439,top_up_reverted,0.1737,topping_up_by_card,0.1389
How do i transfer money using my credit card?,topping_up_by_card,topping_up_by_card,True,0.6843,topping_up_by_card,0.6843,supported_cards_and_currencies,0.0701,top_up_by_cash_or_cheque,0.0334
My friends want to top up my account,topping_up_by_card,topping_up_by_card,True,0.7697,topping_up_by_card,0.7697,top_up_by_cash_or_cheque,0.0336,transfer_into_account,0.0212
Who can top up my accounts?,topping_up_by_card,topping_up_by_card,True,0.5764,topping_up_by_card,0.5764,top_up_by_cash_or_cheque,0.1372,supported_cards_and_currencies,0.0605
show me how to top up with my card,topping_up_by_card,topping_up_by_card,True,0.6707,topping_up_by_card,0.6707,top_up_by_cash_or_cheque,0.0794,supported_cards_and_currencies,0.0555
I topped up my card but the money disappeared.,topping_up_by_card,topping_up_by_card,True,0.4254,topping_up_by_card,0.4254,top_up_reverted,0.1968,top_up_failed,0.162
Why don't I see my top up in my wallet?,topping_up_by_card,topping_up_by_card,True,0.75,topping_up_by_card,0.75,top_up_by_cash_or_cheque,0.0471,top_up_failed,0.0268
Why can't I see the top-up amount I just added to my account?,topping_up_by_card,top_up_failed,False,0.3878,top_up_failed,0.3878,pending_top_up,0.2424,top_up_reverted,0.2139
Are my friends able to top up my account?,topping_up_by_card,topping_up_by_card,True,0.7324,topping_up_by_card,0.7324,top_up_by_cash_or_cheque,0.0372,transfer_into_account,0.0352
How can i get multiple disposble cards.,disposable_card_limits,disposable_card_limits,True,0.8293,disposable_card_limits,0.8293,get_disposable_virtual_card,0.0307,transaction_charged_twice,0.0178
Can I make many disposable cards per day?,disposable_card_limits,disposable_card_limits,True,0.8375,disposable_card_limits,0.8375,get_disposable_virtual_card,0.0956,getting_spare_card,0.0045
"I need to use my disposable card multiple times a day, is there a cutoff limit?",disposable_card_limits,disposable_card_limits,True,0.8425,disposable_card_limits,0.8425,get_disposable_virtual_card,0.018,transaction_charged_twice,0.0145
How do I make more than one disposable card in a day?,disposable_card_limits,disposable_card_limits,True,0.8539,disposable_card_limits,0.8539,get_disposable_virtual_card,0.0671,getting_spare_card,0.0052
Can I have more than one disposable card?,disposable_card_limits,disposable_card_limits,True,0.8749,disposable_card_limits,0.8749,get_disposable_virtual_card,0.0427,getting_spare_card,0.0076
what is the disposable cards limit?,disposable_card_limits,disposable_card_limits,True,0.8863,disposable_card_limits,0.8863,get_disposable_virtual_card,0.0431,getting_spare_card,0.0048
What's the most disposable cards I can have?,disposable_card_limits,disposable_card_limits,True,0.6957,disposable_card_limits,0.6957,get_disposable_virtual_card,0.2164,getting_spare_card,0.0057
Do these virtual cards have any caps on using them?,disposable_card_limits,disposable_card_limits,True,0.334,disposable_card_limits,0.334,getting_virtual_card,0.2528,get_disposable_virtual_card,0.1057
How many disposable cards can I have?,disposable_card_limits,disposable_card_limits,True,0.8888,disposable_card_limits,0.8888,get_disposable_virtual_card,0.0387,getting_spare_card,0.0068
What is the amount of disposable cards I can have each day?,disposable_card_limits,disposable_card_limits,True,0.8769,disposable_card_limits,0.8769,get_disposable_virtual_card,0.0477,getting_spare_card,0.0055
How many disposable cards per day am I allowed to have?,disposable_card_limits,disposable_card_limits,True,0.8966,disposable_card_limits,0.8966,get_disposable_virtual_card,0.0267,getting_spare_card,0.0063
How many card payments can I use on a disposable card?,disposable_card_limits,disposable_card_limits,True,0.8754,disposable_card_limits,0.8754,get_disposable_virtual_card,0.0353,getting_spare_card,0.0086
What if I need multiple disposable cards?,disposable_card_limits,disposable_card_limits,True,0.8612,disposable_card_limits,0.8612,get_disposable_virtual_card,0.0584,getting_spare_card,0.0073
"If I have more than one disposable card, can I make five payments on each of them?",disposable_card_limits,disposable_card_limits,True,0.7988,disposable_card_limits,0.7988,transaction_charged_twice,0.0311,getting_spare_card,0.0286
Are you able to explain the restrictions of the disposable cards?,disposable_card_limits,disposable_card_limits,True,0.8831,disposable_card_limits,0.8831,get_disposable_virtual_card,0.0489,virtual_card_not_working,0.0042
What is the maximum number of transactions I can make with one card?,disposable_card_limits,getting_spare_card,False,0.6376,getting_spare_card,0.6376,order_physical_card,0.0881,disposable_card_limits,0.0812
What is the limit to number of transactions I can do with a disposable card?,disposable_card_limits,disposable_card_limits,True,0.9018,disposable_card_limits,0.9018,get_disposable_virtual_card,0.0343,getting_spare_card,0.0046
How many disposable cards is the limit?,disposable_card_limits,disposable_card_limits,True,0.8922,disposable_card_limits,0.8922,get_disposable_virtual_card,0.0234,getting_spare_card,0.0087
Tell me how many transactions I can do with a disposable card.,disposable_card_limits,disposable_card_limits,True,0.8956,disposable_card_limits,0.8956,get_disposable_virtual_card,0.0355,getting_spare_card,0.0043
I have to have several disposable cards per day.,disposable_card_limits,disposable_card_limits,True,0.8885,disposable_card_limits,0.8885,get_disposable_virtual_card,0.0404,getting_spare_card,0.0051
I would like to know any restrictions for the disposable cards.,disposable_card_limits,disposable_card_limits,True,0.8938,disposable_card_limits,0.8938,get_disposable_virtual_card,0.0382,getting_spare_card,0.0048
How can I create many temporary cards daily?,disposable_card_limits,getting_spare_card,False,0.7774,getting_spare_card,0.7774,order_physical_card,0.0464,disposable_card_limits,0.0397
Is it possible to make several disposable cards in a day?,disposable_card_limits,disposable_card_limits,True,0.8028,disposable_card_limits,0.8028,get_disposable_virtual_card,0.1251,getting_spare_card,0.0048
How many disposable cards can I make in a single day?,disposable_card_limits,disposable_card_limits,True,0.8865,disposable_card_limits,0.8865,get_disposable_virtual_card,0.0282,getting_spare_card,0.0056
Is there a limit to how many transactions I can make on one disposable card?,disposable_card_limits,disposable_card_limits,True,0.8817,disposable_card_limits,0.8817,get_disposable_virtual_card,0.0145,transaction_charged_twice,0.0096
Are there any limits to how many disposable cards I can use?,disposable_card_limits,disposable_card_limits,True,0.8954,disposable_card_limits,0.8954,get_disposable_virtual_card,0.022,getting_spare_card,0.0072
Can you explain the virtual cards limit?,disposable_card_limits,disposable_card_limits,True,0.3558,disposable_card_limits,0.3558,getting_virtual_card,0.2663,getting_spare_card,0.0767
How many disposable virtual cards can I have?,disposable_card_limits,disposable_card_limits,True,0.7725,disposable_card_limits,0.7725,get_disposable_virtual_card,0.1452,getting_virtual_card,0.0076
I need to create several disposable cards per day.,disposable_card_limits,disposable_card_limits,True,0.8125,disposable_card_limits,0.8125,get_disposable_virtual_card,0.1124,getting_spare_card,0.0055
Are there any hindrances to using a disposable virtual card?,disposable_card_limits,get_disposable_virtual_card,False,0.3848,get_disposable_virtual_card,0.3848,disposable_card_limits,0.3605,virtual_card_not_working,0.059
How many disposable cards can I own?,disposable_card_limits,disposable_card_limits,True,0.8831,disposable_card_limits,0.8831,get_disposable_virtual_card,0.0452,getting_spare_card,0.0073
How many virtual cards do I get?,disposable_card_limits,getting_virtual_card,False,0.4584,getting_virtual_card,0.4584,disposable_card_limits,0.2082,getting_spare_card,0.0833
What is the limit to disposable cards you can have?,disposable_card_limits,disposable_card_limits,True,0.8936,disposable_card_limits,0.8936,get_disposable_virtual_card,0.0372,getting_spare_card,0.0058
How many times can I use a disposable card?,disposable_card_limits,disposable_card_limits,True,0.8742,disposable_card_limits,0.8742,get_disposable_virtual_card,0.0343,transaction_charged_twice,0.0053
What can I use a virtual disposable card for?,disposable_card_limits,get_disposable_virtual_card,False,0.7872,get_disposable_virtual_card,0.7872,disposable_card_limits,0.0448,virtual_card_not_working,0.0202
Do you know what the restriction of the disposable cards are?,disposable_card_limits,disposable_card_limits,True,0.8802,disposable_card_limits,0.8802,get_disposable_virtual_card,0.0302,getting_spare_card,0.0058
What are the limits for disposable virtual cards?,disposable_card_limits,disposable_card_limits,True,0.8243,disposable_card_limits,0.8243,get_disposable_virtual_card,0.0897,virtual_card_not_working,0.0062
What are the limits to using disposable virtual cards?,disposable_card_limits,disposable_card_limits,True,0.7965,disposable_card_limits,0.7965,get_disposable_virtual_card,0.1188,virtual_card_not_working,0.0078
How many transactions can I do with one disposable card?,disposable_card_limits,disposable_card_limits,True,0.8901,disposable_card_limits,0.8901,get_disposable_virtual_card,0.0247,transaction_charged_twice,0.0075
How many times can I use the disposable virtual card I have?,disposable_card_limits,disposable_card_limits,True,0.8044,disposable_card_limits,0.8044,get_disposable_virtual_card,0.0843,virtual_card_not_working,0.0135
I think someone is using my card to make transactions I don't remember.,compromised_card,compromised_card,True,0.757,compromised_card,0.757,card_not_working,0.0204,lost_or_stolen_card,0.0194
someone is using my account,compromised_card,compromised_card,True,0.3815,compromised_card,0.3815,terminate_account,0.0867,why_verify_identity,0.0562
Someone I don't know has used my card without permission.,compromised_card,compromised_card,True,0.7505,compromised_card,0.7505,lost_or_stolen_card,0.0254,why_verify_identity,0.0166
My card was used without my permission.,compromised_card,compromised_card,True,0.6706,compromised_card,0.6706,card_not_working,0.0517,lost_or_stolen_card,0.0485
Can I freeze my card right now?,compromised_card,lost_or_stolen_card,False,0.4155,lost_or_stolen_card,0.4155,card_not_working,0.239,compromised_card,0.0651
Freeze my account it's been hacked.,compromised_card,terminate_account,False,0.5709,terminate_account,0.5709,lost_or_stolen_phone,0.1655,compromised_card,0.0312
"There are transactions I didn't make, someone else must have used my card.",compromised_card,compromised_card,True,0.7406,compromised_card,0.7406,card_payment_not_recognised,0.0235,lost_or_stolen_card,0.0178
Can you freeze my card because someone used it while I was out of town. I did not make these purchases.,compromised_card,compromised_card,True,0.2887,compromised_card,0.2887,lost_or_stolen_card,0.1839,card_payment_not_recognised,0.1482
Someone is using my account to do online shopping! Please freeze it asap,compromised_card,terminate_account,False,0.3852,terminate_account,0.3852,lost_or_stolen_phone,0.0765,compromised_card,0.0532
Someone else may be using my card.  There are transactions I don't recognize.,compromised_card,compromised_card,True,0.7369,compromised_card,0.7369,card_payment_not_recognised,0.0287,lost_or_stolen_card,0.0162
What do I do to stop unauthorized transactions on my card? I was never in the place from which the transactions on my bill were made and I never made them. Please help!,compromised_card,compromised_card,True,0.7329,compromised_card,0.7329,lost_or_stolen_card,0.0264,card_payment_not_recognised,0.0201
What do I do if I think my card was improperly used?,compromised_card,card_not_working,False,0.3143,card_not_working,0.3143,compromised_card,0.2792,pin_blocked,0.049
How can I stop fraud on my account right now?,compromised_card,compromised_card,True,0.5248,compromised_card,0.5248,why_verify_identity,0.0643,unable_to_verify_identity,0.0343
"I think my identity has been stolen, can you check on unauthorized charges?",compromised_card,unable_to_verify_identity,False,0.2952,unable_to_verify_identity,0.2952,why_verify_identity,0.2713,compromised_card,0.125
I think someone else is using my card.  There are transactions I didn't make.,compromised_card,compromised_card,True,0.7162,compromised_card,0.7162,card_payment_not_recognised,0.0298,cash_withdrawal_not_recognised,0.0229
"I don't recognize some of the transactions on my card, I think someone must have gotten my card info and used it.",compromised_card,compromised_card,True,0.7569,compromised_card,0.7569,lost_or_stolen_card,0.0266,card_payment_not_recognised,0.0187
Can I use app to freeze account and dispute fraud?,compromised_card,terminate_account,False,0.1763,terminate_account,0.1763,compromised_card,0.1283,lost_or_stolen_phone,0.097
My card is being used online to make a bunch of purchases! Someone else is using it fraudulently. Can you help me freeze it?,compromised_card,compromised_card,True,0.5973,compromised_card,0.5973,card_payment_not_recognised,0.0499,lost_or_stolen_card,0.0418
"Someone has my card number, freeze my account.",compromised_card,compromised_card,True,0.1979,compromised_card,0.1979,terminate_account,0.1755,lost_or_stolen_card,0.1399
"I see random purchases to my account, was it hacked?",compromised_card,direct_debit_payment_not_recognised,False,0.1732,direct_debit_payment_not_recognised,0.1732,card_payment_not_recognised,0.1559,compromised_card,0.112
It seems someone used my card! There are a few transactions from a small town in the middle of nowhere that I definitely have not made! Please prevent them from using it immediately!,compromised_card,compromised_card,True,0.6639,compromised_card,0.6639,card_payment_not_recognised,0.0544,cash_withdrawal_not_recognised,0.0419
How do I freeze my card using the app?,compromised_card,card_linking,False,0.3699,card_linking,0.3699,lost_or_stolen_card,0.1068,card_not_working,0.095
My card has been compromised,compromised_card,compromised_card,True,0.5266,compromised_card,0.5266,lost_or_stolen_card,0.1027,card_not_working,0.0802
What should I do if I think that someone else may be using my card.,compromised_card,compromised_card,True,0.7497,compromised_card,0.7497,why_verify_identity,0.0189,lost_or_stolen_card,0.0139
"The transactions showing up are strange, I think my card was used without me knowing.",compromised_card,compromised_card,True,0.685,compromised_card,0.685,lost_or_stolen_card,0.0367,card_not_working,0.0298
How do I freeze my account?,compromised_card,terminate_account,False,0.9085,terminate_account,0.9085,edit_personal_details,0.0072,transfer_into_account,0.0068
"I'm not certain, but someone may be using my card.",compromised_card,compromised_card,True,0.7696,compromised_card,0.7696,lost_or_stolen_card,0.0225,card_not_working,0.014
How do I freeze my card? I think someone is using it to make a bunch of online transactions.,compromised_card,compromised_card,True,0.4485,compromised_card,0.4485,card_not_working,0.1664,lost_or_stolen_card,0.133
I think someone got my card details and used it because there are transactions i don't recognize. What do I do now?,compromised_card,compromised_card,True,0.7261,compromised_card,0.7261,card_payment_not_recognised,0.0352,lost_or_stolen_card,0.0303
Someone else used my card!,compromised_card,compromised_card,True,0.7597,compromised_card,0.7597,lost_or_stolen_card,0.0348,card_not_working,0.0165
I believe someone is using my card without my agreement!,compromised_card,compromised_card,True,0.6929,compromised_card,0.6929,direct_debit_payment_not_recognised,0.0233,beneficiary_not_allowed,0.0188
"If I feel someone has my card information, can I get a new card?",compromised_card,card_linking,False,0.4092,card_linking,0.4092,card_arrival,0.1623,lost_or_stolen_card,0.1073
"There are a few transaction that I don't recognize, I think someone managed to get my card details and use it.",compromised_card,compromised_card,True,0.6765,compromised_card,0.6765,card_payment_not_recognised,0.0603,lost_or_stolen_card,0.0292
I think someone has access to my card numbers that shouldn't.,compromised_card,compromised_card,True,0.4324,compromised_card,0.4324,card_linking,0.1072,why_verify_identity,0.0549
I think my child used my card while I wasn't home.,compromised_card,card_not_working,False,0.2214,card_not_working,0.2214,compromised_card,0.2123,lost_or_stolen_card,0.0607
What do I do if I think someone managed to get my card information?,compromised_card,compromised_card,True,0.651,compromised_card,0.651,lost_or_stolen_card,0.0761,card_linking,0.0268
I think someone copied the numbers on my card and is using them.,compromised_card,compromised_card,True,0.5415,compromised_card,0.5415,lost_or_stolen_card,0.0415,card_linking,0.0404
What should I do if I think someone is using my card.,compromised_card,compromised_card,True,0.7716,compromised_card,0.7716,lost_or_stolen_card,0.0157,card_not_working,0.013
Can I use app to freeze my card and dispute fraud?,compromised_card,compromised_card,True,0.4216,compromised_card,0.4216,lost_or_stolen_card,0.098,card_linking,0.0949
"Someone else is using my card, freeze it.",compromised_card,compromised_card,True,0.3953,compromised_card,0.3953,lost_or_stolen_card,0.1442,card_not_working,0.1314
Do all ATMs take this card?,atm_support,atm_support,True,0.866,atm_support,0.866,card_swallowed,0.0179,declined_cash_withdrawal,0.0118
Which ATMs accept this card?,atm_support,atm_support,True,0.8752,atm_support,0.8752,supported_cards_and_currencies,0.0109,card_swallowed,0.0091
Where is the closest Mastercard ATM?,atm_support,atm_support,True,0.8731,atm_support,0.8731,card_swallowed,0.0113,supported_cards_and_currencies,0.009
Is there a list of ATM machines?,atm_support,atm_support,True,0.7979,atm_support,0.7979,declined_cash_withdrawal,0.0472,card_swallowed,0.02
Are there any specific ATMs that this card can be used at?,atm_support,atm_support,True,0.8715,atm_support,0.8715,declined_cash_withdrawal,0.0111,card_swallowed,0.0108
How do I know which ATMs will accept this card?,atm_support,atm_support,True,0.8791,atm_support,0.8791,card_swallowed,0.01,supported_cards_and_currencies,0.0096
Which ATM's accept my card?,atm_support,atm_support,True,0.8383,atm_support,0.8383,supported_cards_and_currencies,0.0178,card_swallowed,0.017
Is there any nearby ATM's?,atm_support,atm_support,True,0.8567,atm_support,0.8567,card_swallowed,0.0175,declined_cash_withdrawal,0.0175
Where are the locations of ATMs that accept this card?,atm_support,atm_support,True,0.8802,atm_support,0.8802,card_swallowed,0.0113,declined_cash_withdrawal,0.0093
Which ATMs accept this placard ?,atm_support,atm_support,True,0.8553,atm_support,0.8553,supported_cards_and_currencies,0.0108,card_swallowed,0.0104
Help me locate the nearest ATM.,atm_support,atm_support,True,0.8047,atm_support,0.8047,card_swallowed,0.0329,declined_cash_withdrawal,0.0283
What ATMs is the card okay to use at?,atm_support,atm_support,True,0.8805,atm_support,0.8805,card_swallowed,0.014,declined_cash_withdrawal,0.0114
How can I find the nearest ATM?,atm_support,atm_support,True,0.8651,atm_support,0.8651,card_swallowed,0.0137,declined_cash_withdrawal,0.0115
What kind of ATM's can I use?,atm_support,atm_support,True,0.8482,atm_support,0.8482,declined_cash_withdrawal,0.0184,supported_cards_and_currencies,0.0165
How can I withdraw money?,atm_support,atm_support,True,0.8,atm_support,0.8,supported_cards_and_currencies,0.0204,declined_cash_withdrawal,0.0163
How many miles away is the ATM?,atm_support,atm_support,True,0.4555,atm_support,0.4555,declined_cash_withdrawal,0.1611,wrong_amount_of_cash_received,0.0643
From where can I withdraw?,atm_support,atm_support,True,0.8294,atm_support,0.8294,supported_cards_and_currencies,0.0141,card_swallowed,0.0113
Which ATM's will accept my card?,atm_support,atm_support,True,0.8538,atm_support,0.8538,card_swallowed,0.0151,supported_cards_and_currencies,0.015
At what ATMS am I able to use the card?,atm_support,atm_support,True,0.8772,atm_support,0.8772,card_swallowed,0.016,declined_cash_withdrawal,0.0111
Can I use my card at any ATMs?,atm_support,atm_support,True,0.8658,atm_support,0.8658,card_swallowed,0.0196,declined_cash_withdrawal,0.0124
Can I get cash with this card anywhere?,atm_support,atm_support,True,0.1698,atm_support,0.1698,top_up_by_cash_or_cheque,0.1467,supported_cards_and_currencies,0.1413
"
Which ATMs accept this card?",atm_support,atm_support,True,0.8752,atm_support,0.8752,supported_cards_and_currencies,0.0109,card_swallowed,0.0091
Can someone please assist me with finding my nearest ATM?,atm_support,atm_support,True,0.8477,atm_support,0.8477,declined_cash_withdrawal,0.0199,card_swallowed,0.0191
Are there any ATM machines near me?,atm_support,atm_support,True,0.8526,atm_support,0.8526,declined_cash_withdrawal,0.0207,card_swallowed,0.0165
Where is the nearest bank machine?,atm_support,atm_support,True,0.6058,atm_support,0.6058,transfer_into_account,0.0597,supported_cards_and_currencies,0.0332
What type of ATMs accept this card?,atm_support,atm_support,True,0.8813,atm_support,0.8813,supported_cards_and_currencies,0.01,card_swallowed,0.0098
Where can I use this card at an ATM?,atm_support,atm_support,True,0.8333,atm_support,0.8333,card_swallowed,0.0293,card_acceptance,0.0105
"If I have this card, which ATMs can I go to?",atm_support,atm_support,True,0.8806,atm_support,0.8806,card_swallowed,0.0115,supported_cards_and_currencies,0.0094
What ATMs can I withdraw money from?,atm_support,atm_support,True,0.8264,atm_support,0.8264,declined_cash_withdrawal,0.0332,supported_cards_and_currencies,0.0114
"I want to withdraw money, where can I go?",atm_support,atm_support,True,0.8473,atm_support,0.8473,supported_cards_and_currencies,0.0185,top_up_by_cash_or_cheque,0.0094
Where can I withdrawal my money?,atm_support,atm_support,True,0.7826,atm_support,0.7826,declined_cash_withdrawal,0.0309,cash_withdrawal_not_recognised,0.0188
What are the ATMs that will accept this card?,atm_support,atm_support,True,0.882,atm_support,0.882,card_swallowed,0.011,declined_cash_withdrawal,0.0098
What ATMs will accept this type of card?,atm_support,atm_support,True,0.8755,atm_support,0.8755,supported_cards_and_currencies,0.0123,card_swallowed,0.0085
Where can I find an ATM to use this card?,atm_support,atm_support,True,0.8669,atm_support,0.8669,card_swallowed,0.017,supported_cards_and_currencies,0.0101
At which ATMs can I use this card?,atm_support,atm_support,True,0.8805,atm_support,0.8805,card_swallowed,0.0121,declined_cash_withdrawal,0.0077
Are there certain ATMs that I can use this card at?,atm_support,atm_support,True,0.8809,atm_support,0.8809,declined_cash_withdrawal,0.0118,card_swallowed,0.0115
Do you know the closest ATM?,atm_support,atm_support,True,0.8646,atm_support,0.8646,card_swallowed,0.0144,declined_cash_withdrawal,0.0117
Can I use this card at an ATM?,atm_support,atm_support,True,0.8228,atm_support,0.8228,card_swallowed,0.0359,declined_cash_withdrawal,0.0116
Is there places where I can't withdraw money?,atm_support,atm_support,True,0.455,atm_support,0.455,declined_cash_withdrawal,0.315,card_swallowed,0.0357
locations to withdraw money,atm_support,atm_support,True,0.5462,atm_support,0.5462,declined_cash_withdrawal,0.186,cash_withdrawal_charge,0.0451
Help me.  There is a Direct Debit that I didn't make.,direct_debit_payment_not_recognised,direct_debit_payment_not_recognised,True,0.951,direct_debit_payment_not_recognised,0.951,card_payment_not_recognised,0.005,cash_withdrawal_not_recognised,0.0045
There is a direct debit that's not mine.,direct_debit_payment_not_recognised,direct_debit_payment_not_recognised,True,0.9508,direct_debit_payment_not_recognised,0.9508,card_payment_not_recognised,0.0043,balance_not_updated_after_cheque_or_cash_deposit,0.0036
I have a strange direct debit in my statement,direct_debit_payment_not_recognised,direct_debit_payment_not_recognised,True,0.9523,direct_debit_payment_not_recognised,0.9523,card_payment_not_recognised,0.0058,cash_withdrawal_not_recognised,0.0033
I don't understand where this debit came from and want it removed.,direct_debit_payment_not_recognised,direct_debit_payment_not_recognised,True,0.9421,direct_debit_payment_not_recognised,0.9421,reverted_card_payment?,0.0067,card_payment_not_recognised,0.0055
what is this charge on my account,direct_debit_payment_not_recognised,direct_debit_payment_not_recognised,True,0.3058,direct_debit_payment_not_recognised,0.3058,extra_charge_on_statement,0.2069,card_payment_not_recognised,0.1866
"im so mad right now. theres several charges that I think my x boyfriend made on my card. the companys on the website wouldn't refund me my money, they told me to contact my bank. DO something please.",direct_debit_payment_not_recognised,direct_debit_payment_not_recognised,True,0.3269,direct_debit_payment_not_recognised,0.3269,Refund_not_showing_up,0.0968,card_payment_not_recognised,0.0664
someone stole my money,direct_debit_payment_not_recognised,cash_withdrawal_not_recognised,False,0.3188,cash_withdrawal_not_recognised,0.3188,verify_source_of_funds,0.0836,wrong_amount_of_cash_received,0.0363
There's a Direct Debit payment in my account that I didn't make,direct_debit_payment_not_recognised,direct_debit_payment_not_recognised,True,0.9519,direct_debit_payment_not_recognised,0.9519,card_payment_not_recognised,0.0047,reverted_card_payment?,0.004
There's a debit on my account that I didn't do.,direct_debit_payment_not_recognised,direct_debit_payment_not_recognised,True,0.947,direct_debit_payment_not_recognised,0.947,card_payment_not_recognised,0.0068,balance_not_updated_after_cheque_or_cash_deposit,0.0051
I may have a fraud charge on my debit statement.,direct_debit_payment_not_recognised,direct_debit_payment_not_recognised,True,0.95,direct_debit_payment_not_recognised,0.95,card_payment_not_recognised,0.0047,reverted_card_payment?,0.0045
Why is there a direct debit payment on my app that is not from me?,direct_debit_payment_not_recognised,direct_debit_payment_not_recognised,True,0.9512,direct_debit_payment_not_recognised,0.9512,card_payment_not_recognised,0.0058,reverted_card_payment?,0.0041
Weird charges are appearing in my debit account.,direct_debit_payment_not_recognised,direct_debit_payment_not_recognised,True,0.9512,direct_debit_payment_not_recognised,0.9512,card_payment_not_recognised,0.005,reverted_card_payment?,0.0047
"Even though it's late, I wanted to see about disputing a charge. I was just looking through my transactions over the past couple of months and noticed a pretty large amount that was not completed by me. Is this possibly something I can still do.",direct_debit_payment_not_recognised,direct_debit_payment_not_recognised,True,0.4855,direct_debit_payment_not_recognised,0.4855,reverted_card_payment?,0.1458,transaction_charged_twice,0.0498
"There was a transaction from two weeks ago from a business that I don't know. I'm fairly certain it wasn't me who made it, but is it an option to trace it to confirm?",direct_debit_payment_not_recognised,direct_debit_payment_not_recognised,True,0.375,direct_debit_payment_not_recognised,0.375,balance_not_updated_after_cheque_or_cash_deposit,0.1411,card_payment_not_recognised,0.0747
What is this direct debit I am seeing?,direct_debit_payment_not_recognised,direct_debit_payment_not_recognised,True,0.9489,direct_debit_payment_not_recognised,0.9489,balance_not_updated_after_cheque_or_cash_deposit,0.0049,card_payment_not_recognised,0.0042
There is a Direct Debit that I don't recognize.,direct_debit_payment_not_recognised,direct_debit_payment_not_recognised,True,0.9498,direct_debit_payment_not_recognised,0.9498,card_payment_not_recognised,0.0058,balance_not_updated_after_cheque_or_cash_deposit,0.004
Unknown direct deposit,direct_debit_payment_not_recognised,balance_not_updated_after_cheque_or_cash_deposit,False,0.7024,balance_not_updated_after_cheque_or_cash_deposit,0.7024,direct_debit_payment_not_recognised,0.0772,verify_source_of_funds,0.0298
There is a suspicious direct debit payment.,direct_debit_payment_not_recognised,direct_debit_payment_not_recognised,True,0.9517,direct_debit_payment_not_recognised,0.9517,card_payment_not_recognised,0.0041,balance_not_updated_after_cheque_or_cash_deposit,0.0037
There is a transaction from my account that I don't recognize can you trace back the information so I can make sure it's something I did or not?,direct_debit_payment_not_recognised,card_payment_not_recognised,False,0.2283,card_payment_not_recognised,0.2283,direct_debit_payment_not_recognised,0.1733,compromised_card,0.1664
"A couple weeks ago some money was deducted from my account by some seller that I don't remember. I'm pretty sure I didn't do that, but is it possible to trace back who that is just to make sure?",direct_debit_payment_not_recognised,direct_debit_payment_not_recognised,True,0.7433,direct_debit_payment_not_recognised,0.7433,reverted_card_payment?,0.0974,card_payment_not_recognised,0.0419
I found a charge for a direct debit that was not made by me.,direct_debit_payment_not_recognised,direct_debit_payment_not_recognised,True,0.9477,direct_debit_payment_not_recognised,0.9477,balance_not_updated_after_cheque_or_cash_deposit,0.0044,reverted_card_payment?,0.0042
"I am seeing a weird payment showing up that I know I did not make, how can I get it cancelled?",direct_debit_payment_not_recognised,direct_debit_payment_not_recognised,True,0.39,direct_debit_payment_not_recognised,0.39,reverted_card_payment?,0.282,card_payment_not_recognised,0.18
This Direct Debit payment may not be right.,direct_debit_payment_not_recognised,direct_debit_payment_not_recognised,True,0.9471,direct_debit_payment_not_recognised,0.9471,reverted_card_payment?,0.006,card_payment_not_recognised,0.0039
why does the app show a direct debit payment that I did not authorize,direct_debit_payment_not_recognised,direct_debit_payment_not_recognised,True,0.9524,direct_debit_payment_not_recognised,0.9524,card_payment_not_recognised,0.0055,reverted_card_payment?,0.0041
Can I dispute a payment even if I notice it several weeks after it was made?,direct_debit_payment_not_recognised,pending_card_payment,False,0.6092,pending_card_payment,0.6092,direct_debit_payment_not_recognised,0.1327,reverted_card_payment?,0.0799
It seems there is an incorrect listing of a direct debit payment on my app that I did not make,direct_debit_payment_not_recognised,direct_debit_payment_not_recognised,True,0.9504,direct_debit_payment_not_recognised,0.9504,card_payment_not_recognised,0.0067,cash_withdrawal_not_recognised,0.0043
I don't think I made this charge on my debit statement.,direct_debit_payment_not_recognised,direct_debit_payment_not_recognised,True,0.9505,direct_debit_payment_not_recognised,0.9505,reverted_card_payment?,0.005,card_payment_not_recognised,0.0049
I have a direct debit charge that I do not recognize,direct_debit_payment_not_recognised,direct_debit_payment_not_recognised,True,0.952,direct_debit_payment_not_recognised,0.952,card_payment_not_recognised,0.0049,balance_not_updated_after_cheque_or_cash_deposit,0.0034
I didn't make this direct debit transaction,direct_debit_payment_not_recognised,direct_debit_payment_not_recognised,True,0.948,direct_debit_payment_not_recognised,0.948,balance_not_updated_after_cheque_or_cash_deposit,0.0042,reverted_card_payment?,0.0038
There's a direct debit on my account that I didn't authorize,direct_debit_payment_not_recognised,direct_debit_payment_not_recognised,True,0.9516,direct_debit_payment_not_recognised,0.9516,card_payment_not_recognised,0.0053,balance_not_updated_after_cheque_or_cash_deposit,0.0041
I understand that this is extremely late. After going over my transactions for the last couple of months I noticed a large charge that I'm sure I did not make. Is there anyway I can still dispute this?,direct_debit_payment_not_recognised,direct_debit_payment_not_recognised,True,0.7686,direct_debit_payment_not_recognised,0.7686,card_payment_not_recognised,0.0576,reverted_card_payment?,0.0283
I don't recognize a debit payment that was made and would like to find out about the payment.,direct_debit_payment_not_recognised,direct_debit_payment_not_recognised,True,0.9531,direct_debit_payment_not_recognised,0.9531,card_payment_not_recognised,0.0052,reverted_card_payment?,0.0044
I am concerned about the security in my account and would like to make a dispute.,direct_debit_payment_not_recognised,compromised_card,False,0.2129,compromised_card,0.2129,direct_debit_payment_not_recognised,0.0622,cancel_transfer,0.0616
Why is there a direct debit I didn't make showing in the app?,direct_debit_payment_not_recognised,direct_debit_payment_not_recognised,True,0.9467,direct_debit_payment_not_recognised,0.9467,balance_not_updated_after_cheque_or_cash_deposit,0.005,card_payment_not_recognised,0.0049
There is a direct debit I do not recognise in my statement,direct_debit_payment_not_recognised,direct_debit_payment_not_recognised,True,0.9472,direct_debit_payment_not_recognised,0.9472,card_payment_not_recognised,0.0066,cash_withdrawal_not_recognised,0.0045
"I have a direct debit transaction I have not set up, but would like to .",direct_debit_payment_not_recognised,direct_debit_payment_not_recognised,True,0.9449,direct_debit_payment_not_recognised,0.9449,balance_not_updated_after_cheque_or_cash_deposit,0.0051,reverted_card_payment?,0.0037
Someone has taken my money and I don't know who,direct_debit_payment_not_recognised,cash_withdrawal_not_recognised,False,0.4343,cash_withdrawal_not_recognised,0.4343,verify_source_of_funds,0.0656,pending_cash_withdrawal,0.0435
I was charged on my account that shouldn't be there.,direct_debit_payment_not_recognised,extra_charge_on_statement,False,0.5252,extra_charge_on_statement,0.5252,card_payment_fee_charged,0.1719,transaction_charged_twice,0.0743
There's a direct debit I wish to dispute,direct_debit_payment_not_recognised,direct_debit_payment_not_recognised,True,0.9517,direct_debit_payment_not_recognised,0.9517,card_payment_not_recognised,0.0037,balance_not_updated_after_cheque_or_cash_deposit,0.0036
Why was my account deducted from a seller when I didn't approve of it?,direct_debit_payment_not_recognised,direct_debit_payment_not_recognised,True,0.6085,direct_debit_payment_not_recognised,0.6085,reverted_card_payment?,0.2282,card_payment_not_recognised,0.0414
What do I do if I forget my passcode?  Because I did.,passcode_forgotten,passcode_forgotten,True,0.9445,passcode_forgotten,0.9445,unable_to_verify_identity,0.0028,cancel_transfer,0.0028
I can't find my password,passcode_forgotten,passcode_forgotten,True,0.9254,passcode_forgotten,0.9254,unable_to_verify_identity,0.0047,why_verify_identity,0.0034
How do I retrieve my passcode?,passcode_forgotten,passcode_forgotten,True,0.9413,passcode_forgotten,0.9413,unable_to_verify_identity,0.0031,why_verify_identity,0.002
My passcode doesn't seem to be working,passcode_forgotten,passcode_forgotten,True,0.9385,passcode_forgotten,0.9385,unable_to_verify_identity,0.0032,cancel_transfer,0.0026
I lost my password,passcode_forgotten,passcode_forgotten,True,0.9249,passcode_forgotten,0.9249,cancel_transfer,0.0034,unable_to_verify_identity,0.0031
My password isn't being accepted and I need to reset it.,passcode_forgotten,passcode_forgotten,True,0.9206,passcode_forgotten,0.9206,cancel_transfer,0.0064,beneficiary_not_allowed,0.0038
Something is wrong with my password.,passcode_forgotten,passcode_forgotten,True,0.9259,passcode_forgotten,0.9259,unable_to_verify_identity,0.0037,cancel_transfer,0.0035
Something is wrong with my passcode,passcode_forgotten,passcode_forgotten,True,0.9447,passcode_forgotten,0.9447,unable_to_verify_identity,0.0027,cancel_transfer,0.0025
"How do I reset a forgotten passcode, please?",passcode_forgotten,passcode_forgotten,True,0.9436,passcode_forgotten,0.9436,cancel_transfer,0.0036,transaction_charged_twice,0.0029
I can't recall my passcode and need to reset it.,passcode_forgotten,passcode_forgotten,True,0.9432,passcode_forgotten,0.9432,cancel_transfer,0.0035,unable_to_verify_identity,0.0027
Can I be given a new passcode?,passcode_forgotten,passcode_forgotten,True,0.9399,passcode_forgotten,0.9399,unable_to_verify_identity,0.0028,why_verify_identity,0.002
I do not know my passcode.,passcode_forgotten,passcode_forgotten,True,0.9443,passcode_forgotten,0.9443,unable_to_verify_identity,0.0037,why_verify_identity,0.0021
I don't remember my code to get into the app.,passcode_forgotten,passcode_forgotten,True,0.9302,passcode_forgotten,0.9302,unable_to_verify_identity,0.0043,cancel_transfer,0.0026
I no longer have my passcode.,passcode_forgotten,passcode_forgotten,True,0.9429,passcode_forgotten,0.9429,unable_to_verify_identity,0.0036,why_verify_identity,0.002
Why won't my passcode work?,passcode_forgotten,passcode_forgotten,True,0.9378,passcode_forgotten,0.9378,unable_to_verify_identity,0.0029,failed_transfer,0.0028
Can I resent my passcode?,passcode_forgotten,passcode_forgotten,True,0.9454,passcode_forgotten,0.9454,unable_to_verify_identity,0.003,cancel_transfer,0.0023
I need to reset my passcode. How do I do it?,passcode_forgotten,passcode_forgotten,True,0.9471,passcode_forgotten,0.9471,cancel_transfer,0.0025,unable_to_verify_identity,0.0024
Show me please how to reset my passcode.,passcode_forgotten,passcode_forgotten,True,0.9454,passcode_forgotten,0.9454,cancel_transfer,0.0028,unable_to_verify_identity,0.0025
Help me reset the passcode.,passcode_forgotten,passcode_forgotten,True,0.9468,passcode_forgotten,0.9468,cancel_transfer,0.0027,unable_to_verify_identity,0.0025
I have forgotten my passcode to access my app,passcode_forgotten,passcode_forgotten,True,0.9376,passcode_forgotten,0.9376,unable_to_verify_identity,0.0044,transaction_charged_twice,0.0022
What should I do if the passcode doesn't work for me?,passcode_forgotten,passcode_forgotten,True,0.9381,passcode_forgotten,0.9381,unable_to_verify_identity,0.0028,cancel_transfer,0.0027
"I do not remember the code, what should I do?",passcode_forgotten,passcode_forgotten,True,0.9186,passcode_forgotten,0.9186,unable_to_verify_identity,0.0061,why_verify_identity,0.0036
Where can I reset the passcode?,passcode_forgotten,passcode_forgotten,True,0.946,passcode_forgotten,0.946,unable_to_verify_identity,0.0024,cancel_transfer,0.0023
I need help resetting my passcode to access my app.,passcode_forgotten,passcode_forgotten,True,0.9403,passcode_forgotten,0.9403,unable_to_verify_identity,0.003,cancel_transfer,0.0029
What steps do I take to receive another passcode?,passcode_forgotten,passcode_forgotten,True,0.9259,passcode_forgotten,0.9259,transaction_charged_twice,0.0044,cancel_transfer,0.004
I forgot my password,passcode_forgotten,passcode_forgotten,True,0.9265,passcode_forgotten,0.9265,cancel_transfer,0.0047,transaction_charged_twice,0.0036
I forgot my code to get into the app.,passcode_forgotten,passcode_forgotten,True,0.9251,passcode_forgotten,0.9251,cancel_transfer,0.0052,unable_to_verify_identity,0.0036
I have forgotten my password.,passcode_forgotten,passcode_forgotten,True,0.9293,passcode_forgotten,0.9293,unable_to_verify_identity,0.0038,transaction_charged_twice,0.0034
I forgot the code to access the app.,passcode_forgotten,passcode_forgotten,True,0.8909,passcode_forgotten,0.8909,cancel_transfer,0.0071,lost_or_stolen_phone,0.0065
Is there a way to reset my passcode?,passcode_forgotten,passcode_forgotten,True,0.9456,passcode_forgotten,0.9456,unable_to_verify_identity,0.0026,cancel_transfer,0.0026
Can you help me reset my password?,passcode_forgotten,passcode_forgotten,True,0.9308,passcode_forgotten,0.9308,cancel_transfer,0.0038,pin_blocked,0.0032
Can I reset my password?  I don't know what it is.,passcode_forgotten,passcode_forgotten,True,0.9338,passcode_forgotten,0.9338,cancel_transfer,0.0034,unable_to_verify_identity,0.0033
How do I reset the passcode?,passcode_forgotten,passcode_forgotten,True,0.9464,passcode_forgotten,0.9464,cancel_transfer,0.0026,unable_to_verify_identity,0.0024
What should I do if I forgot my passcode?,passcode_forgotten,passcode_forgotten,True,0.9431,passcode_forgotten,0.9431,cancel_transfer,0.0033,pin_blocked,0.0031
My passcode doesn't work,passcode_forgotten,passcode_forgotten,True,0.9384,passcode_forgotten,0.9384,cancel_transfer,0.003,unable_to_verify_identity,0.0029
Tell me how to reset the passcode.,passcode_forgotten,passcode_forgotten,True,0.9461,passcode_forgotten,0.9461,cancel_transfer,0.0026,unable_to_verify_identity,0.0025
I need a new passcode.,passcode_forgotten,passcode_forgotten,True,0.9436,passcode_forgotten,0.9436,unable_to_verify_identity,0.0027,cancel_transfer,0.0021
I don't have my access code for the app.,passcode_forgotten,passcode_forgotten,True,0.8646,passcode_forgotten,0.8646,unable_to_verify_identity,0.0161,why_verify_identity,0.0095
Can you tell me what to do to reset my passcode?,passcode_forgotten,passcode_forgotten,True,0.9468,passcode_forgotten,0.9468,cancel_transfer,0.0026,pin_blocked,0.0023
What is the code I need to get into the app?,passcode_forgotten,passcode_forgotten,True,0.8347,passcode_forgotten,0.8347,unable_to_verify_identity,0.0117,card_linking,0.0102
Can you tell me why you won't let me get my own money out of the money machine? I know I used the right PIN.,declined_cash_withdrawal,declined_cash_withdrawal,True,0.4096,declined_cash_withdrawal,0.4096,wrong_amount_of_cash_received,0.1609,pin_blocked,0.111
My withdrawal was cancelled.,declined_cash_withdrawal,declined_cash_withdrawal,True,0.5278,declined_cash_withdrawal,0.5278,pending_cash_withdrawal,0.1179,cash_withdrawal_not_recognised,0.0792
This is very frustrating. I can't get my card to work on any ATM I try and I've tried 3 of them so far. What's going on? Can you please fix this issue immediately?,declined_cash_withdrawal,declined_cash_withdrawal,True,0.858,declined_cash_withdrawal,0.858,wrong_amount_of_cash_received,0.0274,card_swallowed,0.0215
The ATM did not allow me to withdraw,declined_cash_withdrawal,declined_cash_withdrawal,True,0.8745,declined_cash_withdrawal,0.8745,card_swallowed,0.021,atm_support,0.0141
Why was my ATM transaction cancelled?,declined_cash_withdrawal,declined_cash_withdrawal,True,0.7925,declined_cash_withdrawal,0.7925,pending_cash_withdrawal,0.0514,wrong_amount_of_cash_received,0.0283
The ATM keeps declining my card. I tried at a couple different ATMs. Can you tell me if there's a problem with my account?,declined_cash_withdrawal,declined_cash_withdrawal,True,0.8712,declined_cash_withdrawal,0.8712,card_swallowed,0.0313,atm_support,0.0127
I was at the ATM trying to made a withdraw and I was declined.,declined_cash_withdrawal,declined_cash_withdrawal,True,0.9069,declined_cash_withdrawal,0.9069,wrong_amount_of_cash_received,0.0184,wrong_exchange_rate_for_cash_withdrawal,0.0114
The ATM didn't let me get any cash,declined_cash_withdrawal,declined_cash_withdrawal,True,0.7908,declined_cash_withdrawal,0.7908,wrong_amount_of_cash_received,0.1007,pending_cash_withdrawal,0.0184
I want to know why I have been unable to withdrawn funds.,declined_cash_withdrawal,declined_cash_withdrawal,True,0.6714,declined_cash_withdrawal,0.6714,cash_withdrawal_not_recognised,0.1658,pending_cash_withdrawal,0.0282
"I need your help to check my account, please! My card keeps being declined at the ATM, and I've already tried two different ones!",declined_cash_withdrawal,declined_cash_withdrawal,True,0.8228,declined_cash_withdrawal,0.8228,card_swallowed,0.0545,declined_card_payment,0.0196
"Hi, My card withdrawal was declined this morning. It was working fine till yesterday. Please check and inform me.",declined_cash_withdrawal,declined_cash_withdrawal,True,0.8377,declined_cash_withdrawal,0.8377,cash_withdrawal_not_recognised,0.0288,pending_cash_withdrawal,0.0276
"Hi, I was trying to use my card but it was declining by ATM. I have cross checked with two different ATMs but i was facing the same issue. Could you please check my account.",declined_cash_withdrawal,declined_cash_withdrawal,True,0.8695,declined_cash_withdrawal,0.8695,pending_cash_withdrawal,0.0246,wrong_exchange_rate_for_cash_withdrawal,0.0167
I tried to make a cash withdrawal and it was declined. Why did this happen?,declined_cash_withdrawal,declined_cash_withdrawal,True,0.8999,declined_cash_withdrawal,0.8999,cash_withdrawal_not_recognised,0.0227,wrong_amount_of_cash_received,0.0101
I can't get money out of the ATM,declined_cash_withdrawal,declined_cash_withdrawal,True,0.9048,declined_cash_withdrawal,0.9048,card_swallowed,0.0165,wrong_amount_of_cash_received,0.0147
The ATM is declining my card. I tried at two different ATMs. Can you tell me if there's anything wrong with my account?,declined_cash_withdrawal,declined_cash_withdrawal,True,0.8314,declined_cash_withdrawal,0.8314,card_swallowed,0.052,atm_support,0.0209
The withdrawal was declined I am unsure as to why this happened?,declined_cash_withdrawal,declined_cash_withdrawal,True,0.8378,declined_cash_withdrawal,0.8378,cash_withdrawal_not_recognised,0.0448,pending_cash_withdrawal,0.0175
I was declined when I tried to get cash.,declined_cash_withdrawal,declined_cash_withdrawal,True,0.9038,declined_cash_withdrawal,0.9038,wrong_amount_of_cash_received,0.0205,wrong_exchange_rate_for_cash_withdrawal,0.0103
Why was I declined at the ATM today when I was trying to make a withdraw?,declined_cash_withdrawal,declined_cash_withdrawal,True,0.9073,declined_cash_withdrawal,0.9073,wrong_amount_of_cash_received,0.0155,pending_cash_withdrawal,0.0114
What are some reasons that would cause ATM machines to decline my card? It has happened to me multiple times!,declined_cash_withdrawal,declined_cash_withdrawal,True,0.786,declined_cash_withdrawal,0.786,card_swallowed,0.0496,cash_withdrawal_charge,0.0233
Why did the ATM machine fail to give me a cash withdrawal?,declined_cash_withdrawal,declined_cash_withdrawal,True,0.8951,declined_cash_withdrawal,0.8951,wrong_amount_of_cash_received,0.0151,pending_cash_withdrawal,0.0143
My ATM transaction was unsuccessful.,declined_cash_withdrawal,declined_cash_withdrawal,True,0.8659,declined_cash_withdrawal,0.8659,wrong_amount_of_cash_received,0.0244,pending_cash_withdrawal,0.0202
I attempted to get cash but was declined.,declined_cash_withdrawal,declined_cash_withdrawal,True,0.8876,declined_cash_withdrawal,0.8876,wrong_amount_of_cash_received,0.0291,wrong_exchange_rate_for_cash_withdrawal,0.0109
I tried to withdraw money but I was declined!,declined_cash_withdrawal,declined_cash_withdrawal,True,0.8823,declined_cash_withdrawal,0.8823,wrong_amount_of_cash_received,0.0134,card_swallowed,0.0108
How come I can't take money out of the ATM?,declined_cash_withdrawal,declined_cash_withdrawal,True,0.8862,declined_cash_withdrawal,0.8862,card_swallowed,0.0229,wrong_amount_of_cash_received,0.0125
The ATM keeps declining my card. I tried at two different ATMs. Can you tell me if there's an issue with my account?,declined_cash_withdrawal,declined_cash_withdrawal,True,0.8629,declined_cash_withdrawal,0.8629,card_swallowed,0.034,atm_support,0.0138
Why was my cash withdrawal declined?,declined_cash_withdrawal,declined_cash_withdrawal,True,0.9011,declined_cash_withdrawal,0.9011,wrong_amount_of_cash_received,0.0128,cash_withdrawal_not_recognised,0.0119
Why could I not get cash?,declined_cash_withdrawal,declined_cash_withdrawal,True,0.8306,declined_cash_withdrawal,0.8306,wrong_amount_of_cash_received,0.0682,wrong_exchange_rate_for_cash_withdrawal,0.0252
why couldn't I get cash in the ATM?,declined_cash_withdrawal,declined_cash_withdrawal,True,0.9071,declined_cash_withdrawal,0.9071,wrong_amount_of_cash_received,0.0195,card_swallowed,0.0113
Why can't I get cash?,declined_cash_withdrawal,declined_cash_withdrawal,True,0.8612,declined_cash_withdrawal,0.8612,wrong_amount_of_cash_received,0.0425,wrong_exchange_rate_for_cash_withdrawal,0.0248
Why didn't the ATM give me my money?,declined_cash_withdrawal,declined_cash_withdrawal,True,0.8327,declined_cash_withdrawal,0.8327,wrong_amount_of_cash_received,0.0548,card_swallowed,0.0235
i tried to withdraw money from an atm and i was declined on front of my friends. Why did this happen?,declined_cash_withdrawal,declined_cash_withdrawal,True,0.9061,declined_cash_withdrawal,0.9061,cash_withdrawal_not_recognised,0.0147,wrong_amount_of_cash_received,0.0116
The ATM isn't giving out any money.,declined_cash_withdrawal,declined_cash_withdrawal,True,0.8477,declined_cash_withdrawal,0.8477,wrong_amount_of_cash_received,0.0452,cash_withdrawal_not_recognised,0.0181
Why was I declined getting cash?,declined_cash_withdrawal,declined_cash_withdrawal,True,0.9049,declined_cash_withdrawal,0.9049,wrong_amount_of_cash_received,0.0174,cash_withdrawal_not_recognised,0.0102
I couldn't get cash at the atm,declined_cash_withdrawal,declined_cash_withdrawal,True,0.8809,declined_cash_withdrawal,0.8809,wrong_amount_of_cash_received,0.0384,cash_withdrawal_not_recognised,0.0126
"Oh my goodness, my card has been declined twice at ATM! I tried two different ATM, but each one declined my card! Can you tell me what's going on with my account?",declined_cash_withdrawal,declined_cash_withdrawal,True,0.7576,declined_cash_withdrawal,0.7576,wrong_amount_of_cash_received,0.0625,pending_cash_withdrawal,0.0229
Why could I not choose cash at the ATM?,declined_cash_withdrawal,declined_cash_withdrawal,True,0.8505,declined_cash_withdrawal,0.8505,wrong_exchange_rate_for_cash_withdrawal,0.0299,wrong_amount_of_cash_received,0.0259
My cash withdrawl was declined why?,declined_cash_withdrawal,declined_cash_withdrawal,True,0.903,declined_cash_withdrawal,0.903,wrong_amount_of_cash_received,0.0135,cash_withdrawal_not_recognised,0.0128
Is there a reason that the ATM declined my transaction?,declined_cash_withdrawal,declined_cash_withdrawal,True,0.8952,declined_cash_withdrawal,0.8952,wrong_amount_of_cash_received,0.0159,card_swallowed,0.0155
The cash I tried to draw from the ATM was not approved.,declined_cash_withdrawal,declined_cash_withdrawal,True,0.7789,declined_cash_withdrawal,0.7789,wrong_amount_of_cash_received,0.1048,pending_cash_withdrawal,0.0231
atm would not give me cash,declined_cash_withdrawal,declined_cash_withdrawal,True,0.8516,declined_cash_withdrawal,0.8516,wrong_amount_of_cash_received,0.0582,cash_withdrawal_not_recognised,0.0143
"My card payment is still on hold, why is it so?",pending_card_payment,pending_card_payment,True,0.539,pending_card_payment,0.539,reverted_card_payment?,0.2006,card_payment_not_recognised,0.0671
Why is my payment pending?,pending_card_payment,pending_card_payment,True,0.9261,pending_card_payment,0.9261,pending_transfer,0.0083,pending_cash_withdrawal,0.0079
My card payment is still pending.,pending_card_payment,pending_card_payment,True,0.9393,pending_card_payment,0.9393,direct_debit_payment_not_recognised,0.0058,pending_cash_withdrawal,0.0049
How do i finalize a card payment,pending_card_payment,pending_card_payment,True,0.3679,pending_card_payment,0.3679,card_payment_not_recognised,0.1772,reverted_card_payment?,0.0718
Why is my card payment showing as pending?,pending_card_payment,pending_card_payment,True,0.9351,pending_card_payment,0.9351,direct_debit_payment_not_recognised,0.0066,pending_cash_withdrawal,0.0057
Why has my payment not gone through?,pending_card_payment,pending_card_payment,True,0.827,pending_card_payment,0.827,reverted_card_payment?,0.0424,declined_card_payment,0.0237
Please help me to know the status of my card payment as its pending since a while.,pending_card_payment,pending_card_payment,True,0.94,pending_card_payment,0.94,direct_debit_payment_not_recognised,0.0069,pending_transfer,0.0041
"I recently made a payment, and it is showing up in my account as ""pending"". What does that mean?",pending_card_payment,pending_card_payment,True,0.9322,pending_card_payment,0.9322,direct_debit_payment_not_recognised,0.0077,pending_transfer,0.0064
What does it mean by pending payment?,pending_card_payment,pending_card_payment,True,0.9326,pending_card_payment,0.9326,pending_transfer,0.007,pending_cash_withdrawal,0.0056
When will my card payment be done pending?,pending_card_payment,pending_card_payment,True,0.9413,pending_card_payment,0.9413,pending_transfer,0.0057,direct_debit_payment_not_recognised,0.004
I made this payment days ago so why hasn't it gone through yet?,pending_card_payment,pending_card_payment,True,0.908,pending_card_payment,0.908,balance_not_updated_after_cheque_or_cash_deposit,0.0158,reverted_card_payment?,0.0116
I am seeing pending from the card payment I made.,pending_card_payment,pending_card_payment,True,0.9367,pending_card_payment,0.9367,direct_debit_payment_not_recognised,0.0088,balance_not_updated_after_cheque_or_cash_deposit,0.0045
My card payment is showing pending.,pending_card_payment,pending_card_payment,True,0.9395,pending_card_payment,0.9395,direct_debit_payment_not_recognised,0.0056,pending_cash_withdrawal,0.0046
I bought some stuff this morning but the payment shows as pending,pending_card_payment,pending_card_payment,True,0.9374,pending_card_payment,0.9374,direct_debit_payment_not_recognised,0.0063,pending_transfer,0.006
I am waiting for a payment to go through.,pending_card_payment,pending_card_payment,True,0.9253,pending_card_payment,0.9253,direct_debit_payment_not_recognised,0.0073,reverted_card_payment?,0.0069
How long does an item I bought show as pending?,pending_card_payment,pending_card_payment,True,0.8274,pending_card_payment,0.8274,reverted_card_payment?,0.0279,request_refund,0.014
What is a pending payment?,pending_card_payment,pending_card_payment,True,0.9374,pending_card_payment,0.9374,pending_transfer,0.0073,direct_debit_payment_not_recognised,0.0051
I would like to know why my purchases from this morning are still pending.,pending_card_payment,pending_card_payment,True,0.9167,pending_card_payment,0.9167,direct_debit_payment_not_recognised,0.0097,pending_transfer,0.0082
Why is there a pending transaction on my card?,pending_card_payment,pending_card_payment,True,0.8417,pending_card_payment,0.8417,pending_transfer,0.0354,pending_cash_withdrawal,0.0206
My card payment is pending.,pending_card_payment,pending_card_payment,True,0.9395,pending_card_payment,0.9395,direct_debit_payment_not_recognised,0.0053,pending_cash_withdrawal,0.0045
Why is a payment showing up on my card as pending?,pending_card_payment,pending_card_payment,True,0.9324,pending_card_payment,0.9324,direct_debit_payment_not_recognised,0.0085,pending_cash_withdrawal,0.0052
I made a purchase and it says it's pending. What does that mean?,pending_card_payment,pending_card_payment,True,0.8954,pending_card_payment,0.8954,pending_transfer,0.0117,direct_debit_payment_not_recognised,0.0112
How long do card transactions take to clear?,pending_card_payment,card_delivery_estimate,False,0.2369,card_delivery_estimate,0.2369,transfer_not_received_by_recipient,0.1277,card_arrival,0.0994
what does pending mean?,pending_card_payment,pending_card_payment,True,0.4889,pending_card_payment,0.4889,pending_transfer,0.2147,pending_cash_withdrawal,0.0378
How long will this card payment stay pending?,pending_card_payment,pending_card_payment,True,0.934,pending_card_payment,0.934,pending_cash_withdrawal,0.0061,direct_debit_payment_not_recognised,0.0056
My payment still hasn't processed!,pending_card_payment,pending_card_payment,True,0.9026,pending_card_payment,0.9026,reverted_card_payment?,0.0204,transfer_not_received_by_recipient,0.0086
"I was double charged, and the second charge is showing as ""pending"". How long will it be before I get my money back once the second charge has been refunded?",pending_card_payment,transaction_charged_twice,False,0.8612,transaction_charged_twice,0.8612,cancel_transfer,0.015,request_refund,0.0116
"I have waited 15 days, but my payment still hasn't cleared.",pending_card_payment,pending_card_payment,True,0.856,pending_card_payment,0.856,reverted_card_payment?,0.0386,direct_debit_payment_not_recognised,0.0154
Why would I have a pending payment?,pending_card_payment,pending_card_payment,True,0.9361,pending_card_payment,0.9361,pending_transfer,0.0069,direct_debit_payment_not_recognised,0.0058
Explain what the pending payment means?,pending_card_payment,pending_card_payment,True,0.9369,pending_card_payment,0.9369,pending_transfer,0.006,direct_debit_payment_not_recognised,0.0054
Why are my payments showing pending?,pending_card_payment,pending_card_payment,True,0.9072,pending_card_payment,0.9072,pending_transfer,0.0193,pending_cash_withdrawal,0.0081
"My card is still pending, I've been waiting a while.",pending_card_payment,pending_card_payment,True,0.5636,pending_card_payment,0.5636,card_about_to_expire,0.1366,pending_transfer,0.033
How long does it take for a payment to go thru? I made one a few days ago and it has not been cleared yet.,pending_card_payment,pending_card_payment,True,0.8916,pending_card_payment,0.8916,balance_not_updated_after_cheque_or_cash_deposit,0.0169,reverted_card_payment?,0.0156
I bought some things this morning but the payment shows that it is pending,pending_card_payment,pending_card_payment,True,0.9379,pending_card_payment,0.9379,direct_debit_payment_not_recognised,0.0067,pending_transfer,0.0058
How long does it take to authorise a payment?,pending_card_payment,pending_card_payment,True,0.7675,pending_card_payment,0.7675,card_payment_not_recognised,0.0435,direct_debit_payment_not_recognised,0.025
I had a payment that I made and it's been some amount of time and would like to know when it's suppose to go though.,pending_card_payment,pending_card_payment,True,0.8543,pending_card_payment,0.8543,reverted_card_payment?,0.0251,direct_debit_payment_not_recognised,0.0226
What does a pending transaction mean?,pending_card_payment,pending_transfer,False,0.3877,pending_transfer,0.3877,pending_card_payment,0.3256,pending_cash_withdrawal,0.0567
I have paid by my card but payment is still its coming as pending. I think there is some issue please check and let me know when the status will complete.,pending_card_payment,pending_card_payment,True,0.9331,pending_card_payment,0.9331,pending_transfer,0.0091,direct_debit_payment_not_recognised,0.0052
I have a pending payment in my account that I paid a while back ago and it still hasnt gone through. Why would it show pending for so long?,pending_card_payment,pending_card_payment,True,0.9208,pending_card_payment,0.9208,pending_transfer,0.0096,direct_debit_payment_not_recognised,0.0083
I have a pending payment from stuff I bought this morning.,pending_card_payment,pending_card_payment,True,0.9268,pending_card_payment,0.9268,direct_debit_payment_not_recognised,0.0124,reverted_card_payment?,0.0054
My phone was stolen,lost_or_stolen_phone,lost_or_stolen_phone,True,0.9477,lost_or_stolen_phone,0.9477,apple_pay_or_google_pay,0.0049,terminate_account,0.0032
My phone was stolen yesterday.  What should I do?,lost_or_stolen_phone,lost_or_stolen_phone,True,0.9485,lost_or_stolen_phone,0.9485,apple_pay_or_google_pay,0.004,terminate_account,0.003
"If my phone is missing, can I block someone from using the app?",lost_or_stolen_phone,lost_or_stolen_phone,True,0.9412,lost_or_stolen_phone,0.9412,apple_pay_or_google_pay,0.0069,card_linking,0.0039
I think my phone is either lost or stolen.,lost_or_stolen_phone,lost_or_stolen_phone,True,0.9471,lost_or_stolen_phone,0.9471,apple_pay_or_google_pay,0.005,card_linking,0.0035
"If I was mugged and lost everything, how do I access my account and app?",lost_or_stolen_phone,lost_or_stolen_phone,True,0.8245,lost_or_stolen_phone,0.8245,terminate_account,0.0528,card_linking,0.0207
I can't find my phone.,lost_or_stolen_phone,lost_or_stolen_phone,True,0.9273,lost_or_stolen_phone,0.9273,apple_pay_or_google_pay,0.0103,card_linking,0.006
I've lost track of my phone or someone stole it.,lost_or_stolen_phone,lost_or_stolen_phone,True,0.9476,lost_or_stolen_phone,0.9476,card_linking,0.0051,apple_pay_or_google_pay,0.0038
"I'm not sure where my phone is, I think someone stole it or it's lost.",lost_or_stolen_phone,lost_or_stolen_phone,True,0.9416,lost_or_stolen_phone,0.9416,card_linking,0.0056,apple_pay_or_google_pay,0.0041
Can I used my card even if my phone has been stolen?,lost_or_stolen_phone,lost_or_stolen_phone,True,0.9398,lost_or_stolen_phone,0.9398,card_linking,0.0049,apple_pay_or_google_pay,0.0045
"My phone was stolen, what do I do?",lost_or_stolen_phone,lost_or_stolen_phone,True,0.949,lost_or_stolen_phone,0.949,apple_pay_or_google_pay,0.0044,terminate_account,0.0029
"lost my phone, dont want others to use it.",lost_or_stolen_phone,lost_or_stolen_phone,True,0.9468,lost_or_stolen_phone,0.9468,apple_pay_or_google_pay,0.0069,card_linking,0.0039
I lost my phone and need help securing it.,lost_or_stolen_phone,lost_or_stolen_phone,True,0.9441,lost_or_stolen_phone,0.9441,apple_pay_or_google_pay,0.0053,card_linking,0.0046
My phone was stolen so I no longer have access to the app.,lost_or_stolen_phone,lost_or_stolen_phone,True,0.9438,lost_or_stolen_phone,0.9438,card_linking,0.0059,apple_pay_or_google_pay,0.005
"left phone at hotel, how to access app",lost_or_stolen_phone,lost_or_stolen_phone,True,0.8821,lost_or_stolen_phone,0.8821,card_linking,0.0184,terminate_account,0.0132
My phone is not on me.  How can I use the app?,lost_or_stolen_phone,lost_or_stolen_phone,True,0.9269,lost_or_stolen_phone,0.9269,apple_pay_or_google_pay,0.0105,card_linking,0.0092
my phone is gone,lost_or_stolen_phone,lost_or_stolen_phone,True,0.9418,lost_or_stolen_phone,0.9418,apple_pay_or_google_pay,0.0077,card_linking,0.0039
My phone is not with me at the moment so I will not be able to access the app.,lost_or_stolen_phone,lost_or_stolen_phone,True,0.934,lost_or_stolen_phone,0.934,apple_pay_or_google_pay,0.0082,card_linking,0.0067
my phone was taken! can you place cancel my account so no one uses it,lost_or_stolen_phone,lost_or_stolen_phone,True,0.9289,lost_or_stolen_phone,0.9289,terminate_account,0.0104,apple_pay_or_google_pay,0.0083
I lost my phone and would like to freeze my accounts.,lost_or_stolen_phone,lost_or_stolen_phone,True,0.9357,lost_or_stolen_phone,0.9357,terminate_account,0.0075,apple_pay_or_google_pay,0.0073
"lost phone, can i still access account?",lost_or_stolen_phone,lost_or_stolen_phone,True,0.9343,lost_or_stolen_phone,0.9343,terminate_account,0.0062,apple_pay_or_google_pay,0.0061
The hotel called and said I left my phone in the room.,lost_or_stolen_phone,lost_or_stolen_phone,True,0.9388,lost_or_stolen_phone,0.9388,card_linking,0.0056,apple_pay_or_google_pay,0.0044
Someone stole my phone yesterday :( is there anything I need to do?,lost_or_stolen_phone,lost_or_stolen_phone,True,0.9486,lost_or_stolen_phone,0.9486,apple_pay_or_google_pay,0.0037,card_linking,0.0037
"lost phone, dont want others to access account",lost_or_stolen_phone,lost_or_stolen_phone,True,0.9306,lost_or_stolen_phone,0.9306,apple_pay_or_google_pay,0.0075,terminate_account,0.0071
I was mugged and everything taken.  What do I do to protect my account?,lost_or_stolen_phone,lost_or_stolen_phone,True,0.8549,lost_or_stolen_phone,0.8549,terminate_account,0.0317,apple_pay_or_google_pay,0.0107
I believe I left my smartphone at the hotel I was staying at.,lost_or_stolen_phone,lost_or_stolen_phone,True,0.888,lost_or_stolen_phone,0.888,card_linking,0.0163,apple_pay_or_google_pay,0.0141
"Someone attacked me yesterday and took my things, so I am unable to use the app.  I am in need of some help.",lost_or_stolen_phone,lost_or_stolen_phone,True,0.8591,lost_or_stolen_phone,0.8591,card_linking,0.0295,terminate_account,0.0121
Can I still use the app if I switched phones?,lost_or_stolen_phone,lost_or_stolen_phone,True,0.8924,lost_or_stolen_phone,0.8924,apple_pay_or_google_pay,0.014,card_linking,0.0137
I was mugged yesterday and they took everything.  I can't access my app.  What are my next steps?,lost_or_stolen_phone,lost_or_stolen_phone,True,0.9052,lost_or_stolen_phone,0.9052,terminate_account,0.0121,card_linking,0.01
I got mugged yesterday and lost access to the app. I need to regain it.,lost_or_stolen_phone,lost_or_stolen_phone,True,0.8661,lost_or_stolen_phone,0.8661,card_linking,0.0254,terminate_account,0.0203
"If I lost my phone, can someone use my account?",lost_or_stolen_phone,lost_or_stolen_phone,True,0.9464,lost_or_stolen_phone,0.9464,apple_pay_or_google_pay,0.0067,card_linking,0.003
I am not able to use the app since I forgot my phone at the hotel I was staying at.,lost_or_stolen_phone,lost_or_stolen_phone,True,0.9424,lost_or_stolen_phone,0.9424,card_linking,0.0057,apple_pay_or_google_pay,0.0049
Someone stole my phone.,lost_or_stolen_phone,lost_or_stolen_phone,True,0.9485,lost_or_stolen_phone,0.9485,apple_pay_or_google_pay,0.0039,card_linking,0.0029
Someone stole my cards!,lost_or_stolen_phone,lost_or_stolen_card,False,0.6522,lost_or_stolen_card,0.6522,compromised_card,0.1055,card_not_working,0.0252
My phone is lost.  What do I do to prevent someone from using the app?,lost_or_stolen_phone,lost_or_stolen_phone,True,0.9483,lost_or_stolen_phone,0.9483,apple_pay_or_google_pay,0.005,card_linking,0.0043
Is there anything I need to do since my phone was stolen?,lost_or_stolen_phone,lost_or_stolen_phone,True,0.9491,lost_or_stolen_phone,0.9491,apple_pay_or_google_pay,0.0044,card_linking,0.0029
I lost my phone!,lost_or_stolen_phone,lost_or_stolen_phone,True,0.9446,lost_or_stolen_phone,0.9446,apple_pay_or_google_pay,0.0072,card_linking,0.0034
I can't find my phone but it has all my credit card information.,lost_or_stolen_phone,lost_or_stolen_phone,True,0.8278,lost_or_stolen_phone,0.8278,card_linking,0.0312,topping_up_by_card,0.0184
How do I use the app if I don't have my phone with me?,lost_or_stolen_phone,lost_or_stolen_phone,True,0.9111,lost_or_stolen_phone,0.9111,card_linking,0.0147,apple_pay_or_google_pay,0.0122
I got mugged yesterday and can't use the app.,lost_or_stolen_phone,lost_or_stolen_phone,True,0.9057,lost_or_stolen_phone,0.9057,apple_pay_or_google_pay,0.0109,card_linking,0.0101
"My things were stolen yesterday and I can't use any apps or anything, so I am going to need some help.",lost_or_stolen_phone,lost_or_stolen_phone,True,0.8812,lost_or_stolen_phone,0.8812,apple_pay_or_google_pay,0.0173,terminate_account,0.0116
"Hello- It is urgent I get a refund on this product. The merchant has not been helpful, what can I do now to get this resolved ASAP?",request_refund,request_refund,True,0.5965,request_refund,0.5965,Refund_not_showing_up,0.3531,reverted_card_payment?,0.0062
Can I receive a refund for my item?,request_refund,request_refund,True,0.9407,request_refund,0.9407,Refund_not_showing_up,0.014,receiving_money,0.0031
Get an item refund,request_refund,request_refund,True,0.9465,request_refund,0.9465,Refund_not_showing_up,0.0193,transaction_charged_twice,0.0025
Would I be able to get a refund for something I bought?,request_refund,request_refund,True,0.9453,request_refund,0.9453,Refund_not_showing_up,0.0132,transfer_fee_charged,0.0032
I need to do a refund,request_refund,request_refund,True,0.9376,request_refund,0.9376,Refund_not_showing_up,0.0209,receiving_money,0.0021
I need a refund on an item I have not received.  Am I able to simply cancel the payment?  I don't know how to do this.,request_refund,request_refund,True,0.8898,request_refund,0.8898,Refund_not_showing_up,0.0402,cancel_transfer,0.0117
I would like a refund for something I bought,request_refund,request_refund,True,0.9463,request_refund,0.9463,Refund_not_showing_up,0.0093,transfer_fee_charged,0.0032
I want to return an item.,request_refund,request_refund,True,0.867,request_refund,0.867,transaction_charged_twice,0.0112,getting_spare_card,0.0087
Can I have a refund?,request_refund,request_refund,True,0.9288,request_refund,0.9288,Refund_not_showing_up,0.0276,receiving_money,0.0022
"I wasn't charged the correct amount for an item I purchased, how can I fix this?",request_refund,extra_charge_on_statement,False,0.3952,extra_charge_on_statement,0.3952,request_refund,0.2303,card_payment_fee_charged,0.099
Hi there! I need to cancel an order I recently made and start processing a refund. Can you please help me with this and set up the refund as soon as possible? It's very urgent.,request_refund,request_refund,True,0.5952,request_refund,0.5952,Refund_not_showing_up,0.3558,cancel_transfer,0.003
Please stop my purchase.,request_refund,request_refund,True,0.7362,request_refund,0.7362,reverted_card_payment?,0.1026,Refund_not_showing_up,0.029
I want a refund because my package has been taking too long to arrive. How do I go about doing that?,request_refund,request_refund,True,0.4817,request_refund,0.4817,Refund_not_showing_up,0.4692,transfer_not_received_by_recipient,0.0048
How do I apply for a refund?,request_refund,request_refund,True,0.9194,request_refund,0.9194,Refund_not_showing_up,0.0184,top_up_by_bank_transfer_charge,0.0047
Can I have an item refunded?,request_refund,request_refund,True,0.9462,request_refund,0.9462,Refund_not_showing_up,0.0091,reverted_card_payment?,0.0028
"I ordered something ages ago online but it's simply not arriving. I've got enough! Give me back my money, I'm not paying these people.",request_refund,request_refund,True,0.4757,request_refund,0.4757,reverted_card_payment?,0.2759,transfer_not_received_by_recipient,0.0579
What do I need to do to get a refund?,request_refund,request_refund,True,0.9356,request_refund,0.9356,Refund_not_showing_up,0.0167,receiving_money,0.0026
I need a refund?,request_refund,request_refund,True,0.9361,request_refund,0.9361,Refund_not_showing_up,0.0212,receiving_money,0.0023
"I am unhappy with my purchase, how do I cancel the order?",request_refund,request_refund,True,0.932,request_refund,0.932,Refund_not_showing_up,0.0146,reverted_card_payment?,0.0065
I bought something but now I would like a refund. How do I do that?,request_refund,request_refund,True,0.9442,request_refund,0.9442,Refund_not_showing_up,0.018,transfer_fee_charged,0.0025
How do I get refunded?,request_refund,request_refund,True,0.923,request_refund,0.923,Refund_not_showing_up,0.0354,reverted_card_payment?,0.0029
Can you cancel my purchase?,request_refund,request_refund,True,0.9334,request_refund,0.9334,Refund_not_showing_up,0.0094,reverted_card_payment?,0.0064
How do I cancel a previous purchase,request_refund,request_refund,True,0.9129,request_refund,0.9129,Refund_not_showing_up,0.0263,reverted_card_payment?,0.0119
I would appreciate it if I could get an item refunded,request_refund,request_refund,True,0.95,request_refund,0.95,Refund_not_showing_up,0.0105,reverted_card_payment?,0.0031
How do I claim a refund?,request_refund,request_refund,True,0.8065,request_refund,0.8065,Refund_not_showing_up,0.1454,transfer_fee_charged,0.002
"I don't want the item, I bought it on accident, can I get a refund?",request_refund,request_refund,True,0.9509,request_refund,0.9509,Refund_not_showing_up,0.0134,reverted_card_payment?,0.0023
Hello I changed my mind and really need a refund on one of things I bought recently. Can you please cancel the transaction and get my money back. Please it's urgent.,request_refund,request_refund,True,0.8425,request_refund,0.8425,Refund_not_showing_up,0.1165,reverted_card_payment?,0.0031
I would like a refund on one of your products that has been sold to me,request_refund,request_refund,True,0.9167,request_refund,0.9167,Refund_not_showing_up,0.0463,reverted_card_payment?,0.0028
I am not Happy with this product can i get a refund?,request_refund,request_refund,True,0.936,request_refund,0.936,Refund_not_showing_up,0.024,transfer_fee_charged,0.002
I want this amount reversed out of my account.,request_refund,transaction_charged_twice,False,0.3644,transaction_charged_twice,0.3644,wrong_amount_of_cash_received,0.1759,request_refund,0.0782
Hello! I recently made a purchase and I'm needing to cancel my order and process a refund as soon as possible.,request_refund,request_refund,True,0.8919,request_refund,0.8919,Refund_not_showing_up,0.0672,reverted_card_payment?,0.0042
I want to reverse a purchase. Can I cancel it?,request_refund,request_refund,True,0.8979,request_refund,0.8979,cancel_transfer,0.0156,Refund_not_showing_up,0.0132
I am chatting about an order from a long while back.  I never got it to this day and am deeply upset by this!  I want all of my money back!  I just can not accept paying for something I never got.,request_refund,request_refund,True,0.7554,request_refund,0.7554,reverted_card_payment?,0.0527,Refund_not_showing_up,0.0318
I bought this item and was charged the wrong amount can I get a refund?,request_refund,request_refund,True,0.8432,request_refund,0.8432,extra_charge_on_statement,0.0304,Refund_not_showing_up,0.0261
I would like to cancel a payment. I purchased something several days ago and i still have not received it.,request_refund,reverted_card_payment?,False,0.5269,reverted_card_payment?,0.5269,request_refund,0.2522,transfer_not_received_by_recipient,0.0371
What's the refund process?,request_refund,request_refund,True,0.7181,request_refund,0.7181,Refund_not_showing_up,0.2355,transfer_not_received_by_recipient,0.0029
I want a refund for my purchase,request_refund,request_refund,True,0.9417,request_refund,0.9417,Refund_not_showing_up,0.0224,transfer_fee_charged,0.0023
How can I process a refund for something I purchased?,request_refund,request_refund,True,0.9448,request_refund,0.9448,Refund_not_showing_up,0.013,transfer_fee_charged,0.0023
I want to get an item refunded,request_refund,request_refund,True,0.9482,request_refund,0.9482,Refund_not_showing_up,0.007,transfer_fee_charged,0.0031
I need to cancel a purchase I made.,request_refund,request_refund,True,0.9338,request_refund,0.9338,Refund_not_showing_up,0.0112,reverted_card_payment?,0.0091
I tried to make a transfer and it was declined. Why?,declined_transfer,declined_transfer,True,0.9153,declined_transfer,0.9153,failed_transfer,0.0184,beneficiary_not_allowed,0.0094
Good morning. I tried to make a purchase with my credit card last night and again this morning. Both times it was declined. Can you investigate?,declined_transfer,declined_card_payment,False,0.7576,declined_card_payment,0.7576,declined_transfer,0.0341,card_not_working,0.0226
I am getting continuous failure for all my transfers. I have cross checked each recipient detail again and again and everything is correct.,declined_transfer,failed_transfer,False,0.4868,failed_transfer,0.4868,declined_transfer,0.2388,beneficiary_not_allowed,0.1581
why was my transfer declined,declined_transfer,declined_transfer,True,0.9183,declined_transfer,0.9183,failed_transfer,0.0165,beneficiary_not_allowed,0.0093
What would make a decline message show up during a transfer?,declined_transfer,declined_transfer,True,0.9062,declined_transfer,0.9062,failed_transfer,0.0143,beneficiary_not_allowed,0.0136
Why do you keep declining my transfers?it was always been working really well so far but when I tried to buy something just now the card got declined . I tried couple of times already  but same thing is happening.,declined_transfer,declined_transfer,True,0.9066,declined_transfer,0.9066,failed_transfer,0.0219,beneficiary_not_allowed,0.0112
"How can I fix my card, it got declined twice.",declined_transfer,transaction_charged_twice,False,0.2824,transaction_charged_twice,0.2824,declined_card_payment,0.2507,declined_cash_withdrawal,0.0535
Why did a transfer get declined?,declined_transfer,declined_transfer,True,0.92,declined_transfer,0.92,failed_transfer,0.013,beneficiary_not_allowed,0.0076
My transfers are being declined. IT has always worked for me but now it's declining my card. I've tried several times.,declined_transfer,declined_transfer,True,0.9082,declined_transfer,0.9082,failed_transfer,0.0153,beneficiary_not_allowed,0.0099
Why did my transfer decline,declined_transfer,declined_transfer,True,0.9031,declined_transfer,0.9031,failed_transfer,0.0237,beneficiary_not_allowed,0.014
The card got declined twice when I tried to use it to buy something online yesterday.,declined_transfer,declined_transfer,True,0.3885,declined_transfer,0.3885,declined_card_payment,0.2608,transaction_charged_twice,0.0334
"If the transfer details have already but reviewed and confirmed that they are correct, what other reason would cause my transfer to be declined?",declined_transfer,declined_transfer,True,0.8837,declined_transfer,0.8837,failed_transfer,0.0264,beneficiary_not_allowed,0.0236
Why did I get a transfer declined?,declined_transfer,declined_transfer,True,0.9203,declined_transfer,0.9203,failed_transfer,0.0128,beneficiary_not_allowed,0.0076
Why did my my transfer get declined?,declined_transfer,declined_transfer,True,0.9171,declined_transfer,0.9171,failed_transfer,0.0145,beneficiary_not_allowed,0.0074
How do I contact customer support about a transfer?,declined_transfer,transfer_into_account,False,0.5949,transfer_into_account,0.5949,top_up_by_bank_transfer_charge,0.1179,receiving_money,0.0677
"You keep declining my transfers? It's always been working really well so far, but when I tried to buy something just now the card got declined. I tried couple times already but same thing.",declined_transfer,declined_transfer,True,0.9074,declined_transfer,0.9074,failed_transfer,0.021,beneficiary_not_allowed,0.0112
Why was I unable to do a transfer?,declined_transfer,failed_transfer,False,0.6977,failed_transfer,0.6977,beneficiary_not_allowed,0.1534,declined_transfer,0.0631
Trouble transferring transaction contact for help,declined_transfer,beneficiary_not_allowed,False,0.3515,beneficiary_not_allowed,0.3515,cancel_transfer,0.0896,balance_not_updated_after_bank_transfer,0.0817
Why could my transfer have been declined?,declined_transfer,declined_transfer,True,0.9203,declined_transfer,0.9203,failed_transfer,0.0147,beneficiary_not_allowed,0.008
When I try and to buy something using my card it keeps getting declined.,declined_transfer,declined_card_payment,False,0.6817,declined_card_payment,0.6817,declined_transfer,0.0981,card_not_working,0.0298
I could not do a transfer because it was declined,declined_transfer,declined_transfer,True,0.9171,declined_transfer,0.9171,failed_transfer,0.0152,beneficiary_not_allowed,0.0102
"When I submit a transfer, it is being declined.  The information I put in has been reviewed.",declined_transfer,declined_transfer,True,0.9044,declined_transfer,0.9044,failed_transfer,0.0168,beneficiary_not_allowed,0.0136
Why was the transfer declined?,declined_transfer,declined_transfer,True,0.9174,declined_transfer,0.9174,failed_transfer,0.0189,beneficiary_not_allowed,0.0087
What is the reason my transfer was declined?,declined_transfer,declined_transfer,True,0.9194,declined_transfer,0.9194,failed_transfer,0.0169,beneficiary_not_allowed,0.0086
My transfer got declined.,declined_transfer,declined_transfer,True,0.9186,declined_transfer,0.9186,failed_transfer,0.0166,beneficiary_not_allowed,0.0087
My transfer was declined,declined_transfer,declined_transfer,True,0.9168,declined_transfer,0.9168,failed_transfer,0.0155,beneficiary_not_allowed,0.0096
"I tired to move my money, but my transfer was declined.",declined_transfer,declined_transfer,True,0.9063,declined_transfer,0.9063,failed_transfer,0.0213,beneficiary_not_allowed,0.0108
I would like to know why my transfer was declined.,declined_transfer,declined_transfer,True,0.9179,declined_transfer,0.9179,failed_transfer,0.0171,beneficiary_not_allowed,0.009
"I tried to make a transfer, but it was declined. Can you tell me why?",declined_transfer,declined_transfer,True,0.9142,declined_transfer,0.9142,failed_transfer,0.0207,beneficiary_not_allowed,0.0106
For what reason was my transfer declined?,declined_transfer,declined_transfer,True,0.9199,declined_transfer,0.9199,failed_transfer,0.0167,beneficiary_not_allowed,0.0086
My transfer has been declined and I know it should have went through.,declined_transfer,declined_transfer,True,0.9132,declined_transfer,0.9132,failed_transfer,0.0214,beneficiary_not_allowed,0.0095
Double check your funds may be declined,declined_transfer,declined_card_payment,False,0.3658,declined_card_payment,0.3658,declined_cash_withdrawal,0.2638,declined_transfer,0.0411
I can't transfer money from my account.,declined_transfer,beneficiary_not_allowed,False,0.4027,beneficiary_not_allowed,0.4027,failed_transfer,0.3517,transfer_into_account,0.0657
"Why would my transfer be declined? I've checked that I've put in all the right details, but it is still declined.",declined_transfer,declined_transfer,True,0.9154,declined_transfer,0.9154,failed_transfer,0.0164,beneficiary_not_allowed,0.0096
I tried to buy something online yesterday but it kept saying declined. Tried again today but same thing happened. What's broken?,declined_transfer,declined_transfer,True,0.8852,declined_transfer,0.8852,failed_transfer,0.0187,beneficiary_not_allowed,0.0084
I tried to buy something online yesterday but it wouldn't stop saying declined. Tried again today but same thing happened. What's Broken?,declined_transfer,declined_transfer,True,0.8834,declined_transfer,0.8834,failed_transfer,0.0173,beneficiary_not_allowed,0.0084
My card is being declined online. Could you tell me what might be broken or wrong with the account?,declined_transfer,declined_card_payment,False,0.7535,declined_card_payment,0.7535,card_not_working,0.0866,reverted_card_payment?,0.0145
Are there any restrictions causing my transfer to be declined?,declined_transfer,declined_transfer,True,0.9131,declined_transfer,0.9131,failed_transfer,0.012,beneficiary_not_allowed,0.0093
"I was attempting to purchase a golf club off eBay yesterday, but my credit card was declined. I tried multiple times, and again this morning. Can you check into my card please?",declined_transfer,declined_card_payment,False,0.7232,declined_card_payment,0.7232,card_not_working,0.0483,declined_cash_withdrawal,0.0316
"I think my transfer was declined, but why?",declined_transfer,declined_transfer,True,0.9206,declined_transfer,0.9206,failed_transfer,0.0154,beneficiary_not_allowed,0.0086
The refund isn't showing up on my account.,Refund_not_showing_up,Refund_not_showing_up,True,0.9215,Refund_not_showing_up,0.9215,request_refund,0.0114,transfer_not_received_by_recipient,0.0073
My refund is missing from my statement.,Refund_not_showing_up,Refund_not_showing_up,True,0.9193,Refund_not_showing_up,0.9193,request_refund,0.0148,top_up_reverted,0.0081
"I requested a refund, and never received it. What can I do?",Refund_not_showing_up,Refund_not_showing_up,True,0.8899,Refund_not_showing_up,0.8899,request_refund,0.072,transfer_not_received_by_recipient,0.0027
I was supposed to get a purchase refunded but I don't see the money in my account,Refund_not_showing_up,Refund_not_showing_up,True,0.6151,Refund_not_showing_up,0.6151,request_refund,0.2351,reverted_card_payment?,0.0495
There's a refund missing from my statement,Refund_not_showing_up,Refund_not_showing_up,True,0.9185,Refund_not_showing_up,0.9185,request_refund,0.0164,top_up_reverted,0.0077
"I need help. I asked for a refund from a merchant a while ago, but I have not gotten my money back. I keep checking my account, but nothing is showing up. What should I do now?",Refund_not_showing_up,Refund_not_showing_up,True,0.9338,Refund_not_showing_up,0.9338,request_refund,0.0221,transfer_not_received_by_recipient,0.0048
I am awaiting my refund,Refund_not_showing_up,Refund_not_showing_up,True,0.9229,Refund_not_showing_up,0.9229,request_refund,0.0153,transfer_not_received_by_recipient,0.0064
How long does it take for a refund?,Refund_not_showing_up,Refund_not_showing_up,True,0.8471,Refund_not_showing_up,0.8471,request_refund,0.1101,transfer_not_received_by_recipient,0.0051
"Help! I keep checking my account, but my refund is not showing. I requested that a seller refund my money a while back, but there is no money showing in my account. What can you do for me?",Refund_not_showing_up,Refund_not_showing_up,True,0.9331,Refund_not_showing_up,0.9331,request_refund,0.0152,transfer_not_received_by_recipient,0.0055
Can you tell me why my refund is not showing in my statement?,Refund_not_showing_up,Refund_not_showing_up,True,0.9325,Refund_not_showing_up,0.9325,request_refund,0.0124,top_up_reverted,0.0048
"I asked for a refund last week but nothing has happened yet, can you help me please?",Refund_not_showing_up,Refund_not_showing_up,True,0.9203,Refund_not_showing_up,0.9203,request_refund,0.0392,transfer_not_received_by_recipient,0.0036
Why is my refund missing from my  statement?,Refund_not_showing_up,Refund_not_showing_up,True,0.9146,Refund_not_showing_up,0.9146,request_refund,0.0137,top_up_reverted,0.0091
Still waiting on a refund.,Refund_not_showing_up,Refund_not_showing_up,True,0.9314,Refund_not_showing_up,0.9314,request_refund,0.0215,transfer_not_received_by_recipient,0.0044
I requested a refund and it is missing.,Refund_not_showing_up,Refund_not_showing_up,True,0.9281,Refund_not_showing_up,0.9281,request_refund,0.0247,top_up_reverted,0.0053
"Hi, As suggested by you, i have asked the seller to initiate the refund, it has been a week and i haven't received my money. Please advise.",Refund_not_showing_up,Refund_not_showing_up,True,0.9098,Refund_not_showing_up,0.9098,request_refund,0.0449,transfer_not_received_by_recipient,0.0071
I bought something and returned it and the money from the return isn't in my account.,Refund_not_showing_up,reverted_card_payment?,False,0.3497,reverted_card_payment?,0.3497,Refund_not_showing_up,0.2218,transfer_not_received_by_recipient,0.1276
Do you have any idea on when I will receive my refund? I got my statement and it was not there.,Refund_not_showing_up,Refund_not_showing_up,True,0.9361,Refund_not_showing_up,0.9361,request_refund,0.0152,transfer_not_received_by_recipient,0.0051
Why isn't a recent refund on my statement?,Refund_not_showing_up,Refund_not_showing_up,True,0.9265,Refund_not_showing_up,0.9265,request_refund,0.0137,top_up_reverted,0.0052
Where can I see the refund in my account,Refund_not_showing_up,Refund_not_showing_up,True,0.9315,Refund_not_showing_up,0.9315,request_refund,0.0207,transfer_not_received_by_recipient,0.0037
"i was supposed to get a refund but my balance hasn't changed, why not?",Refund_not_showing_up,Refund_not_showing_up,True,0.9225,Refund_not_showing_up,0.9225,request_refund,0.0231,transfer_not_received_by_recipient,0.0067
I requested a refund from a merchant days ago but I do not see it in my account.,Refund_not_showing_up,Refund_not_showing_up,True,0.9305,Refund_not_showing_up,0.9305,request_refund,0.0172,transfer_not_received_by_recipient,0.0053
The refund has not appeared in my account,Refund_not_showing_up,Refund_not_showing_up,True,0.9289,Refund_not_showing_up,0.9289,request_refund,0.0129,transfer_not_received_by_recipient,0.0056
Did my refund go through? It's not on my statement.,Refund_not_showing_up,Refund_not_showing_up,True,0.9283,Refund_not_showing_up,0.9283,request_refund,0.0135,top_up_reverted,0.0067
My statement doesn't show that a refund has processed,Refund_not_showing_up,Refund_not_showing_up,True,0.9337,Refund_not_showing_up,0.9337,request_refund,0.0165,transfer_not_received_by_recipient,0.0068
I requested a refund from a store but it hasn't arrived.,Refund_not_showing_up,Refund_not_showing_up,True,0.9305,Refund_not_showing_up,0.9305,request_refund,0.0222,transfer_not_received_by_recipient,0.0068
I still haven't seen a refund on my account,Refund_not_showing_up,Refund_not_showing_up,True,0.9344,Refund_not_showing_up,0.9344,request_refund,0.0153,transfer_not_received_by_recipient,0.0041
I am missing a refund.,Refund_not_showing_up,Refund_not_showing_up,True,0.9285,Refund_not_showing_up,0.9285,request_refund,0.0257,top_up_reverted,0.0043
My refund doesn't seem to be showing on my statement.,Refund_not_showing_up,Refund_not_showing_up,True,0.9205,Refund_not_showing_up,0.9205,request_refund,0.0112,top_up_reverted,0.0063
I am not seeing a refund in my statement.,Refund_not_showing_up,Refund_not_showing_up,True,0.9363,Refund_not_showing_up,0.9363,request_refund,0.0161,transfer_not_received_by_recipient,0.0036
Why can't I see a recent refund in my statement?,Refund_not_showing_up,Refund_not_showing_up,True,0.932,Refund_not_showing_up,0.932,request_refund,0.0136,top_up_reverted,0.0045
"I did what you told me earlier and contacted the seller for a refund directly, but nothing is happening! It's been a week and I still haven't got anything. Please just give me back my money",Refund_not_showing_up,Refund_not_showing_up,True,0.9304,Refund_not_showing_up,0.9304,request_refund,0.0295,transfer_not_received_by_recipient,0.0041
Where is my refund? I have been checking my account all day.,Refund_not_showing_up,Refund_not_showing_up,True,0.9342,Refund_not_showing_up,0.9342,request_refund,0.0162,transfer_not_received_by_recipient,0.0048
It's been a week and I have done everything that I was asked to do and still nothing. I have contacted the seller and have not gotten a response. Please understand my frustration and put the money back in my account.,Refund_not_showing_up,reverted_card_payment?,False,0.5503,reverted_card_payment?,0.5503,direct_debit_payment_not_recognised,0.1505,transfer_not_received_by_recipient,0.0527
My refund is missing,Refund_not_showing_up,Refund_not_showing_up,True,0.9235,Refund_not_showing_up,0.9235,request_refund,0.0174,top_up_reverted,0.0075
Why doesn't a return show up im my account from a purchase I made?,Refund_not_showing_up,Refund_not_showing_up,True,0.6604,Refund_not_showing_up,0.6604,request_refund,0.0839,reverted_card_payment?,0.0601
I keep checking my bank statements but I don't see a refund that I've requested from a seller. Can you ensure that I receive the refund from the seller?,Refund_not_showing_up,Refund_not_showing_up,True,0.9071,Refund_not_showing_up,0.9071,request_refund,0.0528,transfer_not_received_by_recipient,0.0031
"I am waiting patiently for a week now for the seller to get back to me and there has been no response, could you please help me further with getting my money back.  Thank you.",Refund_not_showing_up,reverted_card_payment?,False,0.708,reverted_card_payment?,0.708,transfer_not_received_by_recipient,0.068,Refund_not_showing_up,0.0348
I would like some help getting a refund back from a seller. It still isn't showing up on my statement and I requested this a long time ago. I'm not sure why it's not returned yet. Can you assist me in getting this money back?,Refund_not_showing_up,Refund_not_showing_up,True,0.9328,Refund_not_showing_up,0.9328,request_refund,0.0205,transfer_not_received_by_recipient,0.0057
How long will it take to get my refund,Refund_not_showing_up,Refund_not_showing_up,True,0.9279,Refund_not_showing_up,0.9279,request_refund,0.0222,transfer_not_received_by_recipient,0.0063
I should have received a refund however it is not showing on my statement,Refund_not_showing_up,Refund_not_showing_up,True,0.9346,Refund_not_showing_up,0.9346,request_refund,0.0145,transfer_not_received_by_recipient,0.0049
My credit card was declined.,declined_card_payment,declined_card_payment,True,0.7147,declined_card_payment,0.7147,card_not_working,0.0632,declined_cash_withdrawal,0.0261
The new card that was just sent to me was declined multiple times yesterday when I tried to use it at a restaurant to pay for my dinner.  I am really disappointed  and embarrassed that my card was denied when I tried to use it to pay for my friend's birthday dinner.,declined_card_payment,declined_card_payment,True,0.556,declined_card_payment,0.556,card_not_working,0.1896,compromised_card,0.0223
Why was my card payment declined?,declined_card_payment,declined_card_payment,True,0.8907,declined_card_payment,0.8907,reverted_card_payment?,0.0218,declined_cash_withdrawal,0.0101
I was trying to purchase something at the store today and my card has been declined.  Why has this happened?,declined_card_payment,declined_card_payment,True,0.7224,declined_card_payment,0.7224,card_not_working,0.0933,reverted_card_payment?,0.0421
"My payment has been declined, I thought this issue was fixed!",declined_card_payment,declined_card_payment,True,0.8682,declined_card_payment,0.8682,reverted_card_payment?,0.0487,declined_transfer,0.0091
My card was declined in a shop,declined_card_payment,declined_card_payment,True,0.8228,declined_card_payment,0.8228,card_not_working,0.0538,reverted_card_payment?,0.0232
Why did it decline my payment?,declined_card_payment,declined_card_payment,True,0.8371,declined_card_payment,0.8371,reverted_card_payment?,0.058,declined_transfer,0.0137
My card declined,declined_card_payment,declined_card_payment,True,0.8699,declined_card_payment,0.8699,card_not_working,0.0266,reverted_card_payment?,0.0111
Can you look at my account ans see why my card was declined,declined_card_payment,declined_card_payment,True,0.8366,declined_card_payment,0.8366,card_not_working,0.0408,declined_cash_withdrawal,0.012
"I was out today looking forward to pay with my new card, turns out the payment just kept getting declined. This is really sad, what's going on?",declined_card_payment,declined_card_payment,True,0.8691,declined_card_payment,0.8691,reverted_card_payment?,0.0242,declined_cash_withdrawal,0.0139
Why was a transaction on my card declined?,declined_card_payment,declined_card_payment,True,0.8389,declined_card_payment,0.8389,card_not_working,0.0222,declined_cash_withdrawal,0.0213
My new card keeps getting declined. I was very excited to use it for the first time today. Why is this doing this?,declined_card_payment,declined_card_payment,True,0.7102,declined_card_payment,0.7102,card_not_working,0.0607,declined_transfer,0.0532
"My latest payment was declined, I was told everything was back to working order. What happened?",declined_card_payment,declined_card_payment,True,0.8075,declined_card_payment,0.8075,reverted_card_payment?,0.0648,declined_transfer,0.0208
I know I have enough funds in my account but my card payment hasn't worked for some reason. What do I do?,declined_card_payment,declined_card_payment,True,0.6604,declined_card_payment,0.6604,reverted_card_payment?,0.1888,direct_debit_payment_not_recognised,0.0151
Why doesn't the card payment work,declined_card_payment,declined_card_payment,True,0.8457,declined_card_payment,0.8457,reverted_card_payment?,0.0382,card_not_working,0.0287
I'm really stuck. I don't know why but my card payment has not gone through.,declined_card_payment,pending_card_payment,False,0.4357,pending_card_payment,0.4357,reverted_card_payment?,0.2171,declined_card_payment,0.156
"I have a card payment that was declined, but why?",declined_card_payment,declined_card_payment,True,0.907,declined_card_payment,0.907,reverted_card_payment?,0.0169,declined_cash_withdrawal,0.0075
Do you know why my card payment did not work?,declined_card_payment,declined_card_payment,True,0.8874,declined_card_payment,0.8874,reverted_card_payment?,0.0299,card_not_working,0.0143
Something is wrong with my payment account since it has been declined,declined_card_payment,declined_card_payment,True,0.877,declined_card_payment,0.877,reverted_card_payment?,0.0303,declined_cash_withdrawal,0.0143
Why are you declining my payment? Everything was fine.,declined_card_payment,declined_card_payment,True,0.8067,declined_card_payment,0.8067,reverted_card_payment?,0.0893,declined_transfer,0.0101
I don't know why my payment didn't work.,declined_card_payment,declined_card_payment,True,0.8734,declined_card_payment,0.8734,reverted_card_payment?,0.0362,card_not_working,0.0131
My card payment did not work.,declined_card_payment,declined_card_payment,True,0.8849,declined_card_payment,0.8849,reverted_card_payment?,0.0336,card_not_working,0.014
Why is my debit card being declined when I have money?,declined_card_payment,direct_debit_payment_not_recognised,False,0.6861,direct_debit_payment_not_recognised,0.6861,declined_card_payment,0.0799,reverted_card_payment?,0.0303
My card was not accepted.,declined_card_payment,declined_card_payment,True,0.7703,declined_card_payment,0.7703,card_not_working,0.0621,declined_cash_withdrawal,0.0221
I have no idea why my card payment did not work.,declined_card_payment,declined_card_payment,True,0.8875,declined_card_payment,0.8875,reverted_card_payment?,0.0264,card_not_working,0.0162
"My card payment didn't work, can you help?",declined_card_payment,declined_card_payment,True,0.8812,declined_card_payment,0.8812,reverted_card_payment?,0.0328,card_not_working,0.0167
"My card was rejected at the store for some reason, can you look into this for me?",declined_card_payment,declined_card_payment,True,0.7055,declined_card_payment,0.7055,card_not_working,0.1187,reverted_card_payment?,0.0142
Please explain why my card was declined?,declined_card_payment,declined_card_payment,True,0.8472,declined_card_payment,0.8472,card_not_working,0.0327,declined_cash_withdrawal,0.0161
"Hello, I am facing the issue with my new card as payments are declining again and again. Please help me in this issue.",declined_card_payment,declined_card_payment,True,0.8038,declined_card_payment,0.8038,reverted_card_payment?,0.0578,declined_transfer,0.0218
Do you know why my card payment is declined?,declined_card_payment,declined_card_payment,True,0.9093,declined_card_payment,0.9093,reverted_card_payment?,0.0186,declined_cash_withdrawal,0.0062
Why was my Payment declined,declined_card_payment,declined_card_payment,True,0.8402,declined_card_payment,0.8402,reverted_card_payment?,0.0358,declined_transfer,0.0247
They declined my card payment.,declined_card_payment,declined_card_payment,True,0.901,declined_card_payment,0.901,reverted_card_payment?,0.028,card_not_working,0.0069
Why has my card payment been declined?,declined_card_payment,declined_card_payment,True,0.9009,declined_card_payment,0.9009,reverted_card_payment?,0.025,card_not_working,0.0061
"I finally got my new card and was very excited to use it today. However, my payment kept declining. What is happening?",declined_card_payment,declined_card_payment,True,0.8358,declined_card_payment,0.8358,reverted_card_payment?,0.0616,card_not_working,0.0081
My card payment did not complete.,declined_card_payment,reverted_card_payment?,False,0.3733,reverted_card_payment?,0.3733,declined_card_payment,0.3371,pending_card_payment,0.1161
My card didn't work in one of the shops.,declined_card_payment,declined_card_payment,True,0.5385,declined_card_payment,0.5385,card_not_working,0.2754,declined_cash_withdrawal,0.0166
Card payment declined?,declined_card_payment,declined_card_payment,True,0.8952,declined_card_payment,0.8952,reverted_card_payment?,0.0276,card_not_working,0.0074
"I tried using my card and it kept getting declined, Why?",declined_card_payment,declined_card_payment,True,0.7351,declined_card_payment,0.7351,declined_cash_withdrawal,0.0812,card_not_working,0.0254
How do you fix  my card payment?,declined_card_payment,reverted_card_payment?,False,0.6865,reverted_card_payment?,0.6865,declined_card_payment,0.0868,card_payment_not_recognised,0.0666
Why do you keep declining my payment? I tried several times already with this card and it's just not working,declined_card_payment,declined_card_payment,True,0.9008,declined_card_payment,0.9008,reverted_card_payment?,0.0197,declined_cash_withdrawal,0.0102
"I did transfer, why is it pending",pending_transfer,pending_transfer,True,0.8805,pending_transfer,0.8805,transfer_timing,0.0146,transfer_not_received_by_recipient,0.014
How long for money transfer to show?,pending_transfer,pending_transfer,True,0.4888,pending_transfer,0.4888,transfer_timing,0.2932,balance_not_updated_after_bank_transfer,0.085
Why is my transfer not done yet?,pending_transfer,balance_not_updated_after_bank_transfer,False,0.349,balance_not_updated_after_bank_transfer,0.349,pending_transfer,0.2819,transfer_not_received_by_recipient,0.2607
I have a pending transfer,pending_transfer,pending_transfer,True,0.8835,pending_transfer,0.8835,transfer_timing,0.0175,transfer_not_received_by_recipient,0.0161
I am waiting for a pending money transfer to process.,pending_transfer,pending_transfer,True,0.8686,pending_transfer,0.8686,transfer_timing,0.0256,transfer_not_received_by_recipient,0.0227
i transfered however its still pending,pending_transfer,pending_transfer,True,0.8736,pending_transfer,0.8736,transfer_not_received_by_recipient,0.0206,balance_not_updated_after_bank_transfer,0.0205
I have a transfer that's pending and wanted to know how long it is going to take to process?,pending_transfer,pending_transfer,True,0.8757,pending_transfer,0.8757,transfer_timing,0.0245,transfer_not_received_by_recipient,0.0194
So the transfer finally worked but now it's been pending for quite a long time. How long do you expect me to wait for it? It's quite urgent,pending_transfer,pending_transfer,True,0.8746,pending_transfer,0.8746,transfer_timing,0.0213,transfer_not_received_by_recipient,0.0203
I had made a transfer but its still pending.,pending_transfer,pending_transfer,True,0.8834,pending_transfer,0.8834,transfer_not_received_by_recipient,0.0177,balance_not_updated_after_bank_transfer,0.0142
I submitted my transfer but it has been pending for quite a while and I was wondering what takes so long? why hasn't it completed,pending_transfer,pending_transfer,True,0.8788,pending_transfer,0.8788,transfer_not_received_by_recipient,0.0214,transfer_timing,0.0162
How can I speed up a transfer?  Mine is pending.,pending_transfer,pending_transfer,True,0.8803,pending_transfer,0.8803,transfer_timing,0.0216,transfer_not_received_by_recipient,0.0165
How long can an EU transfer take?,pending_transfer,transfer_timing,False,0.4192,transfer_timing,0.4192,pending_transfer,0.391,balance_not_updated_after_bank_transfer,0.0386
My transfer is still coming up as pending.,pending_transfer,pending_transfer,True,0.882,pending_transfer,0.882,transfer_not_received_by_recipient,0.0155,transfer_timing,0.015
I'm trying to transfer money to another country. It's just pending and not sending. My account details are correct. Please help me.,pending_transfer,pending_transfer,True,0.84,pending_transfer,0.84,transfer_timing,0.0483,transfer_not_received_by_recipient,0.0265
My transfer is still pending and I know the account numbers are correct.  Please help.,pending_transfer,pending_transfer,True,0.8814,pending_transfer,0.8814,transfer_not_received_by_recipient,0.0209,transfer_timing,0.0181
"I transferred money yesterday, but it still isn't available?",pending_transfer,transfer_not_received_by_recipient,False,0.4439,transfer_not_received_by_recipient,0.4439,balance_not_updated_after_bank_transfer,0.4283,pending_transfer,0.0433
How long does a transfer stay pending?,pending_transfer,pending_transfer,True,0.8845,pending_transfer,0.8845,transfer_not_received_by_recipient,0.0164,transfer_timing,0.0149
How long do transfer pend for?,pending_transfer,transfer_timing,False,0.5521,transfer_timing,0.5521,balance_not_updated_after_bank_transfer,0.1559,pending_transfer,0.1052
Why hasn't my transfer gone through yet?,pending_transfer,pending_transfer,True,0.3844,pending_transfer,0.3844,transfer_not_received_by_recipient,0.2978,balance_not_updated_after_bank_transfer,0.1964
When will the transfer go through?,pending_transfer,pending_transfer,True,0.3734,pending_transfer,0.3734,transfer_timing,0.3496,transfer_not_received_by_recipient,0.1204
Please explain why the transfers shows up as pending?,pending_transfer,pending_transfer,True,0.8794,pending_transfer,0.8794,balance_not_updated_after_bank_transfer,0.0191,transfer_not_received_by_recipient,0.0168
"I double checked that I have the correct account details , they're right for sure. Transfer is still pending since forever. What should be done now?",pending_transfer,pending_transfer,True,0.885,pending_transfer,0.885,transfer_not_received_by_recipient,0.0174,transfer_timing,0.016
When will my transfer go through?,pending_transfer,pending_transfer,True,0.4034,pending_transfer,0.4034,transfer_timing,0.2722,transfer_not_received_by_recipient,0.1463
What is the cause that the transfer shows as pending?,pending_transfer,pending_transfer,True,0.8823,pending_transfer,0.8823,transfer_timing,0.0186,transfer_not_received_by_recipient,0.0163
When will the transfer be completed?,pending_transfer,transfer_timing,False,0.3641,transfer_timing,0.3641,pending_transfer,0.3438,transfer_not_received_by_recipient,0.1325
Pending transfer?,pending_transfer,pending_transfer,True,0.8754,pending_transfer,0.8754,transfer_timing,0.0204,transfer_not_received_by_recipient,0.0151
"I would like to know why my payment is still pending, can you help?",pending_transfer,pending_card_payment,False,0.932,pending_card_payment,0.932,pending_transfer,0.0064,pending_cash_withdrawal,0.006
Someone transferred money to me and it doesn't show,pending_transfer,balance_not_updated_after_bank_transfer,False,0.5693,balance_not_updated_after_bank_transfer,0.5693,transfer_not_received_by_recipient,0.2936,pending_transfer,0.0271
How long does a transfer take to be confirmed?,pending_transfer,pending_transfer,True,0.5442,pending_transfer,0.5442,balance_not_updated_after_bank_transfer,0.1779,transfer_timing,0.1117
I made a transfer 12 hours ago. Why is it still listed as pending?,pending_transfer,pending_transfer,True,0.876,pending_transfer,0.876,transfer_not_received_by_recipient,0.0214,balance_not_updated_after_bank_transfer,0.0166
"Why does my transfer say ""pending""?",pending_transfer,pending_transfer,True,0.8739,pending_transfer,0.8739,transfer_timing,0.0175,transfer_not_received_by_recipient,0.0131
How long can I expect a transfer to pend for?,pending_transfer,transfer_timing,False,0.741,transfer_timing,0.741,pending_transfer,0.1097,balance_not_updated_after_bank_transfer,0.0284
For how long will my transfer be pending?,pending_transfer,pending_transfer,True,0.878,pending_transfer,0.878,transfer_timing,0.0227,transfer_not_received_by_recipient,0.0162
Transferring money in 2018 to another country shouldn't take this long. My transfer has been pending for too long. I verified my account details are correct.,pending_transfer,pending_transfer,True,0.8751,pending_transfer,0.8751,transfer_timing,0.0221,transfer_not_received_by_recipient,0.0188
Why is a money transfer not showing?,pending_transfer,balance_not_updated_after_bank_transfer,False,0.4562,balance_not_updated_after_bank_transfer,0.4562,pending_transfer,0.3307,transfer_not_received_by_recipient,0.0999
The transfer is coming up as pending the payment is due today. Will I be charged a fee?,pending_transfer,pending_transfer,True,0.8229,pending_transfer,0.8229,transfer_not_received_by_recipient,0.0255,transfer_timing,0.0226
I am still waiting for a money transfer to show,pending_transfer,pending_transfer,True,0.8147,pending_transfer,0.8147,balance_not_updated_after_bank_transfer,0.0566,transfer_not_received_by_recipient,0.041
My transfer hasn't gone through yet.,pending_transfer,pending_transfer,True,0.4508,pending_transfer,0.4508,transfer_not_received_by_recipient,0.2272,balance_not_updated_after_bank_transfer,0.2023
I am confused as to why my transfer could still be pending.,pending_transfer,pending_transfer,True,0.8792,pending_transfer,0.8792,transfer_not_received_by_recipient,0.0163,transfer_timing,0.0155
How long does it take for a money transfer to show?,pending_transfer,pending_transfer,True,0.6612,pending_transfer,0.6612,transfer_timing,0.1367,balance_not_updated_after_bank_transfer,0.0786
Can you remove my account please?,terminate_account,terminate_account,True,0.91,terminate_account,0.91,edit_personal_details,0.0098,transfer_into_account,0.0093
"i want to close an account but im not sure about setting up a new one in the future, what do you recommend",terminate_account,terminate_account,True,0.8747,terminate_account,0.8747,edit_personal_details,0.0171,transfer_into_account,0.0151
My account needs to be deleted.,terminate_account,terminate_account,True,0.8998,terminate_account,0.8998,edit_personal_details,0.0138,transfer_into_account,0.0094
I would like to delete my account please.,terminate_account,terminate_account,True,0.9315,terminate_account,0.9315,edit_personal_details,0.0058,lost_or_stolen_phone,0.0051
What steps do I need to take to close my account?,terminate_account,terminate_account,True,0.9206,terminate_account,0.9206,transfer_into_account,0.0072,edit_personal_details,0.0061
I'm tired of all the problems I've had. I want to quit this account!,terminate_account,terminate_account,True,0.8259,terminate_account,0.8259,cancel_transfer,0.0152,edit_personal_details,0.0134
Please delete my account right now!,terminate_account,terminate_account,True,0.9321,terminate_account,0.9321,edit_personal_details,0.006,transfer_into_account,0.0047
I want to close my account,terminate_account,terminate_account,True,0.9262,terminate_account,0.9262,edit_personal_details,0.0064,lost_or_stolen_phone,0.0057
"unhappy with you, how to delete account",terminate_account,terminate_account,True,0.9298,terminate_account,0.9298,edit_personal_details,0.0061,lost_or_stolen_phone,0.0058
I would like to delete my account.,terminate_account,terminate_account,True,0.9313,terminate_account,0.9313,edit_personal_details,0.0056,lost_or_stolen_phone,0.0054
I am highly unsatisfied with this company and want to delete my account!,terminate_account,terminate_account,True,0.9311,terminate_account,0.9311,transfer_into_account,0.0058,edit_personal_details,0.0055
I don't like your company. Delete my account.,terminate_account,terminate_account,True,0.9308,terminate_account,0.9308,lost_or_stolen_phone,0.0062,edit_personal_details,0.0049
I would like to close my account.,terminate_account,terminate_account,True,0.9242,terminate_account,0.9242,lost_or_stolen_phone,0.0061,edit_personal_details,0.0056
This company is terrible! Can you delete my account?,terminate_account,terminate_account,True,0.9305,terminate_account,0.9305,edit_personal_details,0.005,transfer_into_account,0.0047
"This company is bad, please delete my account.",terminate_account,terminate_account,True,0.9303,terminate_account,0.9303,edit_personal_details,0.0049,lost_or_stolen_phone,0.0048
"please delete my account, your services are not up to par.",terminate_account,terminate_account,True,0.9246,terminate_account,0.9246,transfer_into_account,0.0055,edit_personal_details,0.0053
I need your help in deleting my account.,terminate_account,terminate_account,True,0.9094,terminate_account,0.9094,transfer_into_account,0.0101,edit_personal_details,0.008
"The service of this company sucks, I need to terminate my account.",terminate_account,terminate_account,True,0.9185,terminate_account,0.9185,edit_personal_details,0.0094,lost_or_stolen_phone,0.0064
Delete this account!,terminate_account,terminate_account,True,0.9311,terminate_account,0.9311,edit_personal_details,0.0057,lost_or_stolen_phone,0.0048
How do I get rid of my account ASAP?,terminate_account,terminate_account,True,0.3251,terminate_account,0.3251,transfer_not_received_by_recipient,0.0975,edit_personal_details,0.062
"This company isn't good, I would like to delete my account.",terminate_account,terminate_account,True,0.9313,terminate_account,0.9313,lost_or_stolen_phone,0.0056,edit_personal_details,0.0051
Can you delete my account please?,terminate_account,terminate_account,True,0.9318,terminate_account,0.9318,edit_personal_details,0.0056,transfer_into_account,0.0052
I am not satisfied with your company and would like to delete my accounts!,terminate_account,terminate_account,True,0.9241,terminate_account,0.9241,transfer_into_account,0.0083,edit_personal_details,0.0068
Please delete my account. I am not happy with the service from your company.,terminate_account,terminate_account,True,0.9289,terminate_account,0.9289,lost_or_stolen_phone,0.0066,edit_personal_details,0.0053
Please terminate my account.,terminate_account,terminate_account,True,0.9273,terminate_account,0.9273,edit_personal_details,0.008,transfer_into_account,0.006
I am sick of this damn company and want to close out my account.,terminate_account,terminate_account,True,0.9219,terminate_account,0.9219,lost_or_stolen_phone,0.006,edit_personal_details,0.0053
Please close my account. I am unsatisfied with your service.,terminate_account,terminate_account,True,0.9271,terminate_account,0.9271,edit_personal_details,0.0067,lost_or_stolen_phone,0.0064
Please delete my account.,terminate_account,terminate_account,True,0.9317,terminate_account,0.9317,edit_personal_details,0.0059,lost_or_stolen_phone,0.0046
"Your service is terrible,.  Delete my account,",terminate_account,terminate_account,True,0.9321,terminate_account,0.9321,edit_personal_details,0.0054,lost_or_stolen_phone,0.0053
I want my account deleted!,terminate_account,terminate_account,True,0.9018,terminate_account,0.9018,edit_personal_details,0.0121,transfer_into_account,0.0086
I am extremely unhappy with this app and want to get rid of my account?,terminate_account,terminate_account,True,0.5241,terminate_account,0.5241,lost_or_stolen_phone,0.2005,card_linking,0.0999
How do I delete my account?,terminate_account,terminate_account,True,0.9312,terminate_account,0.9312,edit_personal_details,0.0062,transfer_into_account,0.0049
This company sucks! Can you delete my account?,terminate_account,terminate_account,True,0.9299,terminate_account,0.9299,edit_personal_details,0.0055,transfer_into_account,0.0048
I wish to close my account. I do not like the service you provide.,terminate_account,terminate_account,True,0.9275,terminate_account,0.9275,lost_or_stolen_phone,0.0072,transfer_into_account,0.0053
Can you help me get rid of my account?,terminate_account,terminate_account,True,0.8925,terminate_account,0.8925,transfer_into_account,0.0093,edit_personal_details,0.0092
"I don't find your services useful anymore, how do I delete my account?",terminate_account,terminate_account,True,0.9238,terminate_account,0.9238,lost_or_stolen_phone,0.0075,edit_personal_details,0.0065
"Please delete my account, this company is not working for me!",terminate_account,terminate_account,True,0.9288,terminate_account,0.9288,edit_personal_details,0.0056,lost_or_stolen_phone,0.0048
I want to delete my account. I'm unhappy with the service you're providing.,terminate_account,terminate_account,True,0.9277,terminate_account,0.9277,lost_or_stolen_phone,0.0072,edit_personal_details,0.0059
Can you tell me how to close my account?,terminate_account,terminate_account,True,0.9252,terminate_account,0.9252,transfer_into_account,0.0061,lost_or_stolen_phone,0.0056
This company sucks! Can you terminate my account?,terminate_account,terminate_account,True,0.9199,terminate_account,0.9199,edit_personal_details,0.0086,transfer_into_account,0.0057
"What do I do if an ATM ""stole"" my card?",card_swallowed,card_swallowed,True,0.5272,card_swallowed,0.5272,declined_cash_withdrawal,0.1565,cash_withdrawal_not_recognised,0.059
How do I retrieve my card from the machine?,card_swallowed,card_linking,False,0.3954,card_linking,0.3954,lost_or_stolen_card,0.1734,card_not_working,0.0503
I was retrieving money and my card wouldn't remove.,card_swallowed,card_not_working,False,0.0804,card_not_working,0.0804,top_up_failed,0.0661,topping_up_by_card,0.061
What do I do since the machine swallowed my card. I need one.,card_swallowed,card_swallowed,True,0.258,card_swallowed,0.258,card_not_working,0.0927,card_linking,0.0865
HOw do I get my card back after the ATM has pulled it in?,card_swallowed,card_swallowed,True,0.6284,card_swallowed,0.6284,declined_cash_withdrawal,0.0743,atm_support,0.0516
Atm took my card,card_swallowed,card_swallowed,True,0.5722,card_swallowed,0.5722,declined_cash_withdrawal,0.1025,atm_support,0.0943
Is there a way I can get my ATM card back from the machine?,card_swallowed,card_swallowed,True,0.4232,card_swallowed,0.4232,atm_support,0.2669,declined_cash_withdrawal,0.082
I think the atm ate my card.,card_swallowed,card_swallowed,True,0.6775,card_swallowed,0.6775,declined_cash_withdrawal,0.0747,atm_support,0.0272
The ATM didn't give me the card back!,card_swallowed,card_swallowed,True,0.6431,card_swallowed,0.6431,declined_cash_withdrawal,0.1053,atm_support,0.0233
How can I get my card out of the damn ATM?,card_swallowed,card_swallowed,True,0.6058,card_swallowed,0.6058,atm_support,0.085,declined_cash_withdrawal,0.0416
The atm won't give my card back!,card_swallowed,card_swallowed,True,0.6177,card_swallowed,0.6177,declined_cash_withdrawal,0.1098,atm_support,0.0308
How can I get my card back out?,card_swallowed,lost_or_stolen_card,False,0.2932,lost_or_stolen_card,0.2932,card_not_working,0.1723,card_linking,0.1008
The ATM machine stole my card.,card_swallowed,card_swallowed,True,0.6036,card_swallowed,0.6036,declined_cash_withdrawal,0.1314,atm_support,0.0328
The ATM at Metro bank on High St. Kensington swallowed my card. How do I get it back?,card_swallowed,card_swallowed,True,0.5954,card_swallowed,0.5954,declined_cash_withdrawal,0.1063,atm_support,0.0586
My ATM got stuck and I'm not sure what to do.,card_swallowed,declined_cash_withdrawal,False,0.6321,declined_cash_withdrawal,0.6321,card_swallowed,0.1789,atm_support,0.025
The ATM ate my card.,card_swallowed,card_swallowed,True,0.6731,card_swallowed,0.6731,declined_cash_withdrawal,0.068,atm_support,0.0309
The ATM won't give me my card back.,card_swallowed,card_swallowed,True,0.6387,card_swallowed,0.6387,declined_cash_withdrawal,0.0917,atm_support,0.0269
My card was confiscated by an ATM. How do I get my card back?,card_swallowed,card_swallowed,True,0.6068,card_swallowed,0.6068,declined_cash_withdrawal,0.1335,atm_support,0.0311
What do I do if the ATM ate my card?,card_swallowed,card_swallowed,True,0.6874,card_swallowed,0.6874,declined_cash_withdrawal,0.0613,atm_support,0.0355
ATM still has my card,card_swallowed,card_swallowed,True,0.4712,card_swallowed,0.4712,declined_cash_withdrawal,0.1628,atm_support,0.0797
What do I do if an ATM ate my card?,card_swallowed,card_swallowed,True,0.6835,card_swallowed,0.6835,declined_cash_withdrawal,0.0653,atm_support,0.0443
What happens if the ATM doesn't give me back my card?,card_swallowed,card_swallowed,True,0.6385,card_swallowed,0.6385,declined_cash_withdrawal,0.102,atm_support,0.0302
I can't pull my card out of the ATM. Help me.,card_swallowed,card_swallowed,True,0.6096,card_swallowed,0.6096,declined_cash_withdrawal,0.1161,atm_support,0.0407
I have a problem!  The ATM stole my card!,card_swallowed,card_swallowed,True,0.5514,card_swallowed,0.5514,declined_cash_withdrawal,0.199,cash_withdrawal_not_recognised,0.0329
Why would an ATM swallow my card?,card_swallowed,card_swallowed,True,0.5575,card_swallowed,0.5575,declined_cash_withdrawal,0.1712,atm_support,0.0627
My card was taken by the ATM.,card_swallowed,card_swallowed,True,0.6558,card_swallowed,0.6558,declined_cash_withdrawal,0.0805,atm_support,0.0446
Help!  The atm won't give me my card back.,card_swallowed,card_swallowed,True,0.6431,card_swallowed,0.6431,declined_cash_withdrawal,0.0911,atm_support,0.0258
The stupid machine just swallowed my card!! I need a new one ASAP,card_swallowed,card_swallowed,True,0.179,card_swallowed,0.179,activate_my_card,0.1111,card_not_working,0.1027
How do I retrieve a trapped card from a ATM?,card_swallowed,card_swallowed,True,0.5314,card_swallowed,0.5314,card_linking,0.055,declined_cash_withdrawal,0.0408
"My card is stuck in the ATM, what can I do?",card_swallowed,card_swallowed,True,0.6522,card_swallowed,0.6522,atm_support,0.0568,declined_cash_withdrawal,0.0407
I was getting cash and can't get my card back.,card_swallowed,declined_cash_withdrawal,False,0.4351,declined_cash_withdrawal,0.4351,cash_withdrawal_not_recognised,0.1868,card_swallowed,0.1538
"If my card is trapped in the ATM, what do I do?",card_swallowed,card_swallowed,True,0.674,card_swallowed,0.674,declined_cash_withdrawal,0.0559,atm_support,0.0371
My card has been swallowed by an ATM,card_swallowed,card_swallowed,True,0.6296,card_swallowed,0.6296,declined_cash_withdrawal,0.109,atm_support,0.0422
I was taking out funds and was unable to regain my card.,card_swallowed,cash_withdrawal_not_recognised,False,0.333,cash_withdrawal_not_recognised,0.333,declined_cash_withdrawal,0.1697,declined_card_payment,0.1481
What should I do with my atm that got stuck?,card_swallowed,declined_cash_withdrawal,False,0.623,declined_cash_withdrawal,0.623,card_swallowed,0.1924,atm_support,0.027
The ATM at Metro bank on High St. Kensington didn't return my card. What should I do now that the bank is closed?,card_swallowed,declined_cash_withdrawal,False,0.3925,declined_cash_withdrawal,0.3925,card_swallowed,0.323,cash_withdrawal_not_recognised,0.0587
The ATM won't give back my card,card_swallowed,card_swallowed,True,0.5955,card_swallowed,0.5955,declined_cash_withdrawal,0.1388,atm_support,0.0302
I was at an ATM and it swallowed my card.,card_swallowed,card_swallowed,True,0.6284,card_swallowed,0.6284,declined_cash_withdrawal,0.1163,cash_withdrawal_not_recognised,0.031
WTF??? I tried to withdraw some money at a Metro bank on High St. Kensington and without any notice it disappeared in the machine. The bank was already closed so I couldn't do anything. How do I get it back?,card_swallowed,declined_cash_withdrawal,False,0.4833,declined_cash_withdrawal,0.4833,cash_withdrawal_not_recognised,0.1347,pending_cash_withdrawal,0.0774
What happens if my card is stuck in the ATM?,card_swallowed,card_swallowed,True,0.665,card_swallowed,0.665,declined_cash_withdrawal,0.0496,atm_support,0.0299
I got double charged for a payment so how do I fix that?,transaction_charged_twice,transaction_charged_twice,True,0.9351,transaction_charged_twice,0.9351,extra_charge_on_statement,0.0069,cash_withdrawal_charge,0.0052
"I've just come back from an eating holiday in the USA and Canada and have SO many pending and duplicated transactions on my account.  I think there is something wrong, can you look in to it please?",transaction_charged_twice,transaction_charged_twice,True,0.828,transaction_charged_twice,0.828,card_payment_wrong_exchange_rate,0.0213,wrong_exchange_rate_for_cash_withdrawal,0.0181
Why am I being charged twice fro a restaurant?,transaction_charged_twice,transaction_charged_twice,True,0.9385,transaction_charged_twice,0.9385,card_payment_wrong_exchange_rate,0.0051,cancel_transfer,0.005
I would like to know why I was charged twice for my purchase.,transaction_charged_twice,transaction_charged_twice,True,0.9389,transaction_charged_twice,0.9389,extra_charge_on_statement,0.0072,card_payment_wrong_exchange_rate,0.0052
I didn't buy this twice,transaction_charged_twice,transaction_charged_twice,True,0.9101,transaction_charged_twice,0.9101,request_refund,0.0093,card_payment_not_recognised,0.0058
Why was I chaged twice for the same thing?,transaction_charged_twice,transaction_charged_twice,True,0.9143,transaction_charged_twice,0.9143,cancel_transfer,0.012,wrong_amount_of_cash_received,0.0052
Why is there more then one charge on my card I only paid for one not twice how can I fix this?,transaction_charged_twice,transaction_charged_twice,True,0.8757,transaction_charged_twice,0.8757,extra_charge_on_statement,0.0411,card_payment_wrong_exchange_rate,0.0077
I have a duplicate payment showing up on the app. How do I stop myself being charged for the thing twice?,transaction_charged_twice,transaction_charged_twice,True,0.9509,transaction_charged_twice,0.9509,cancel_transfer,0.0051,extra_charge_on_statement,0.0034
Why would I be charged more than once for the same transaction?,transaction_charged_twice,transaction_charged_twice,True,0.9366,transaction_charged_twice,0.9366,cancel_transfer,0.0058,cash_withdrawal_charge,0.0049
I was wondering how I could have two charges for the same item happen more than once in a 7 day period. Is there anyway I could get this corrected asap.,transaction_charged_twice,transaction_charged_twice,True,0.9418,transaction_charged_twice,0.9418,cancel_transfer,0.0078,extra_charge_on_statement,0.0031
Can you please check if I was charged twice?,transaction_charged_twice,transaction_charged_twice,True,0.9465,transaction_charged_twice,0.9465,cancel_transfer,0.0051,card_payment_wrong_exchange_rate,0.0031
I have been charged twice,transaction_charged_twice,transaction_charged_twice,True,0.9489,transaction_charged_twice,0.9489,cancel_transfer,0.0043,card_payment_wrong_exchange_rate,0.0028
It appears that I am being double charged for some items that I have purchased this past week.  Please review and correct.,transaction_charged_twice,transaction_charged_twice,True,0.9369,transaction_charged_twice,0.9369,extra_charge_on_statement,0.0067,cancel_transfer,0.0053
It looks like this week I was double charged for a couple things. Is there any way that you can look into this for me and return the double charged items back to my card?,transaction_charged_twice,transaction_charged_twice,True,0.9415,transaction_charged_twice,0.9415,cancel_transfer,0.0066,extra_charge_on_statement,0.0039
I noticed after looking over my transactions that I have been charged twice from an earlier restaurant visit this week. Is it possible that one of these can be removed so I get the money back for the one that is not accurate?,transaction_charged_twice,transaction_charged_twice,True,0.9501,transaction_charged_twice,0.9501,cancel_transfer,0.0053,extra_charge_on_statement,0.0025
I think something may have happened that caused a charge to show up twice.,transaction_charged_twice,transaction_charged_twice,True,0.9499,transaction_charged_twice,0.9499,cancel_transfer,0.0043,extra_charge_on_statement,0.0036
Why is there a transaction that shows multiple times?,transaction_charged_twice,transaction_charged_twice,True,0.9423,transaction_charged_twice,0.9423,cancel_transfer,0.0076,wrong_amount_of_cash_received,0.0029
I see what looks like duplicate charges on account.,transaction_charged_twice,transaction_charged_twice,True,0.9429,transaction_charged_twice,0.9429,cancel_transfer,0.0052,extra_charge_on_statement,0.0034
Why was I charged multiple times for the same thing?,transaction_charged_twice,transaction_charged_twice,True,0.9492,transaction_charged_twice,0.9492,cancel_transfer,0.0047,extra_charge_on_statement,0.0031
I had a duplicate card and got charged twice. How do I resolve this?,transaction_charged_twice,transaction_charged_twice,True,0.9433,transaction_charged_twice,0.9433,cancel_transfer,0.0049,card_payment_not_recognised,0.0025
Hello. I checked my transactions and saw I was double charged on my card for a restaurant visit. I would like to get my money back.,transaction_charged_twice,transaction_charged_twice,True,0.9369,transaction_charged_twice,0.9369,extra_charge_on_statement,0.0046,cancel_transfer,0.0044
Why am I being charged twice?,transaction_charged_twice,transaction_charged_twice,True,0.9469,transaction_charged_twice,0.9469,cancel_transfer,0.0054,card_payment_wrong_exchange_rate,0.0031
Transactions on my card look really weird. I've been charged twice for a couple things this week! Please check this and return the double charged ones.,transaction_charged_twice,transaction_charged_twice,True,0.9478,transaction_charged_twice,0.9478,cancel_transfer,0.0057,extra_charge_on_statement,0.0027
Please check payments on my card. There is a duplicate and I only bought it once.,transaction_charged_twice,transaction_charged_twice,True,0.9329,transaction_charged_twice,0.9329,extra_charge_on_statement,0.0058,card_payment_not_recognised,0.0053
"More than one time this week, I have been charged more than once for the same transaction. Please correct the issue and refund the duplicate charges.",transaction_charged_twice,transaction_charged_twice,True,0.947,transaction_charged_twice,0.947,cancel_transfer,0.006,request_refund,0.0028
A transaction is repeated several times on my account.,transaction_charged_twice,transaction_charged_twice,True,0.8681,transaction_charged_twice,0.8681,cancel_transfer,0.0473,request_refund,0.0054
I've been charged more than once for the same transaction,transaction_charged_twice,transaction_charged_twice,True,0.9458,transaction_charged_twice,0.9458,cancel_transfer,0.0053,cash_withdrawal_charge,0.0032
My card has been charged two separate times for a single transaction.,transaction_charged_twice,transaction_charged_twice,True,0.9435,transaction_charged_twice,0.9435,cancel_transfer,0.0056,card_payment_not_recognised,0.0034
Can you explain why there is a payment showing twice?,transaction_charged_twice,transaction_charged_twice,True,0.9413,transaction_charged_twice,0.9413,cancel_transfer,0.0039,card_payment_not_recognised,0.0038
Why have I been charged twice for the same transaction?,transaction_charged_twice,transaction_charged_twice,True,0.9457,transaction_charged_twice,0.9457,cancel_transfer,0.0066,card_payment_wrong_exchange_rate,0.0028
I see that I have been charged multiple times for the same transaction.,transaction_charged_twice,transaction_charged_twice,True,0.9499,transaction_charged_twice,0.9499,cancel_transfer,0.005,extra_charge_on_statement,0.0029
I was double charged,transaction_charged_twice,transaction_charged_twice,True,0.9398,transaction_charged_twice,0.9398,cancel_transfer,0.0075,card_payment_wrong_exchange_rate,0.0029
I have multiple charges on the same transaction.,transaction_charged_twice,transaction_charged_twice,True,0.9477,transaction_charged_twice,0.9477,cancel_transfer,0.0071,extra_charge_on_statement,0.0037
"Looks like my card payment was duplicated. I went to pay at the store earlier, got declined once,second time it works. App still stays pending for one of the payments. Can you please remove one of them as it's wrong and clearly was declined?",transaction_charged_twice,transaction_charged_twice,True,0.939,transaction_charged_twice,0.939,cancel_transfer,0.0083,wrong_amount_of_cash_received,0.0036
I have a transaction that shows several times,transaction_charged_twice,transaction_charged_twice,True,0.9373,transaction_charged_twice,0.9373,cancel_transfer,0.0106,wrong_amount_of_cash_received,0.0031
I recently got charged twice from a restaurant that I was at this week and I would like for one of those payments to be removed from my account.,transaction_charged_twice,transaction_charged_twice,True,0.9518,transaction_charged_twice,0.9518,cancel_transfer,0.004,extra_charge_on_statement,0.0036
There is more than one of the same transaction on my account.,transaction_charged_twice,transaction_charged_twice,True,0.9101,transaction_charged_twice,0.9101,cancel_transfer,0.0094,wrong_amount_of_cash_received,0.0093
I have a duplicate payment showing,transaction_charged_twice,transaction_charged_twice,True,0.9376,transaction_charged_twice,0.9376,cancel_transfer,0.0064,card_payment_not_recognised,0.0049
I made a payment that got charged twice instead of once.,transaction_charged_twice,transaction_charged_twice,True,0.9466,transaction_charged_twice,0.9466,cancel_transfer,0.0051,extra_charge_on_statement,0.0031
What are my remedies if I think I was charged twice for the same expense?,transaction_charged_twice,transaction_charged_twice,True,0.9382,transaction_charged_twice,0.9382,cancel_transfer,0.0049,card_payment_wrong_exchange_rate,0.0045
Can I verify the source of my funds?,verify_source_of_funds,verify_source_of_funds,True,0.9359,verify_source_of_funds,0.9359,transfer_timing,0.0035,age_limit,0.003
I want information about the source of funds.,verify_source_of_funds,verify_source_of_funds,True,0.9364,verify_source_of_funds,0.9364,transfer_timing,0.0036,age_limit,0.0026
Where are my funds being sourced from?,verify_source_of_funds,verify_source_of_funds,True,0.9109,verify_source_of_funds,0.9109,age_limit,0.0052,transfer_into_account,0.0049
I would like to verify the source of my money,verify_source_of_funds,verify_source_of_funds,True,0.9319,verify_source_of_funds,0.9319,transfer_timing,0.0035,age_limit,0.0029
where to funds come from,verify_source_of_funds,verify_source_of_funds,True,0.9216,verify_source_of_funds,0.9216,age_limit,0.0048,transfer_timing,0.0048
What is the source of my funds.,verify_source_of_funds,verify_source_of_funds,True,0.9323,verify_source_of_funds,0.9323,transfer_timing,0.0034,age_limit,0.0031
I need to verify my source of funds,verify_source_of_funds,verify_source_of_funds,True,0.9379,verify_source_of_funds,0.9379,transfer_timing,0.0032,age_limit,0.0031
I would like to see the source of my money.,verify_source_of_funds,verify_source_of_funds,True,0.9333,verify_source_of_funds,0.9333,transfer_timing,0.0037,age_limit,0.0027
Why do you need all this information about my Source of Funds?,verify_source_of_funds,verify_source_of_funds,True,0.9066,verify_source_of_funds,0.9066,transfer_not_received_by_recipient,0.0043,transfer_timing,0.0042
How can I check the source of funds?,verify_source_of_funds,verify_source_of_funds,True,0.9312,verify_source_of_funds,0.9312,transfer_timing,0.0044,age_limit,0.003
How can I tell where my funds came from?,verify_source_of_funds,verify_source_of_funds,True,0.9355,verify_source_of_funds,0.9355,age_limit,0.0041,transfer_timing,0.0028
What is the source of my available funds?,verify_source_of_funds,verify_source_of_funds,True,0.9311,verify_source_of_funds,0.9311,transfer_timing,0.0046,age_limit,0.0033
Can I find the origination of my funds?,verify_source_of_funds,verify_source_of_funds,True,0.8761,verify_source_of_funds,0.8761,beneficiary_not_allowed,0.0063,edit_personal_details,0.0063
My source of funds need verified.,verify_source_of_funds,verify_source_of_funds,True,0.9374,verify_source_of_funds,0.9374,transfer_timing,0.0032,age_limit,0.0029
What information do you need to verify my Source of Funds?,verify_source_of_funds,verify_source_of_funds,True,0.9334,verify_source_of_funds,0.9334,transfer_timing,0.0036,age_limit,0.0029
I need the source of my funds verified. How do I do this?,verify_source_of_funds,verify_source_of_funds,True,0.9364,verify_source_of_funds,0.9364,age_limit,0.0031,transfer_timing,0.0029
I need my funds verified.,verify_source_of_funds,verify_source_of_funds,True,0.9215,verify_source_of_funds,0.9215,balance_not_updated_after_cheque_or_cash_deposit,0.0047,transfer_not_received_by_recipient,0.0044
Help me check where the funds came from.,verify_source_of_funds,verify_source_of_funds,True,0.929,verify_source_of_funds,0.929,transfer_not_received_by_recipient,0.0042,balance_not_updated_after_cheque_or_cash_deposit,0.0039
I want to know where the funds come from.,verify_source_of_funds,verify_source_of_funds,True,0.935,verify_source_of_funds,0.935,age_limit,0.004,transfer_timing,0.0029
What is the source of my money?,verify_source_of_funds,verify_source_of_funds,True,0.9294,verify_source_of_funds,0.9294,transfer_timing,0.0047,transfer_not_received_by_recipient,0.0033
Where can I find the source of my available money?,verify_source_of_funds,verify_source_of_funds,True,0.931,verify_source_of_funds,0.931,transfer_timing,0.0047,transfer_not_received_by_recipient,0.0031
How can I lookup where funds came from?,verify_source_of_funds,verify_source_of_funds,True,0.9303,verify_source_of_funds,0.9303,age_limit,0.0048,transfer_timing,0.0031
Can I see that history on my funds and where they came from?,verify_source_of_funds,verify_source_of_funds,True,0.9186,verify_source_of_funds,0.9186,age_limit,0.0054,edit_personal_details,0.0034
I have to verify the source of my funds,verify_source_of_funds,verify_source_of_funds,True,0.9344,verify_source_of_funds,0.9344,transfer_timing,0.0031,age_limit,0.0029
How can I view the source of my available funds?,verify_source_of_funds,verify_source_of_funds,True,0.9341,verify_source_of_funds,0.9341,transfer_timing,0.0038,age_limit,0.0032
Why does my money come from?,verify_source_of_funds,verify_source_of_funds,True,0.7502,verify_source_of_funds,0.7502,receiving_money,0.0284,reverted_card_payment?,0.0156
I need to validate the source of my funds.,verify_source_of_funds,verify_source_of_funds,True,0.9345,verify_source_of_funds,0.9345,transfer_timing,0.0037,age_limit,0.0032
Where are my funds coming from? I need to know.,verify_source_of_funds,verify_source_of_funds,True,0.9401,verify_source_of_funds,0.9401,age_limit,0.0031,transfer_timing,0.0028
Where has my available money come from?,verify_source_of_funds,verify_source_of_funds,True,0.9247,verify_source_of_funds,0.9247,transfer_timing,0.006,balance_not_updated_after_bank_transfer,0.0039
Why do you need to know where my money is coming from?,verify_source_of_funds,verify_source_of_funds,True,0.9218,verify_source_of_funds,0.9218,transfer_timing,0.0037,transfer_not_received_by_recipient,0.0037
How can I see where my money comes from?,verify_source_of_funds,verify_source_of_funds,True,0.9301,verify_source_of_funds,0.9301,age_limit,0.0044,receiving_money,0.0035
How can I check the source for my funds?,verify_source_of_funds,verify_source_of_funds,True,0.9249,verify_source_of_funds,0.9249,transfer_not_received_by_recipient,0.0044,transfer_timing,0.0041
Where can I see the source of my money?,verify_source_of_funds,verify_source_of_funds,True,0.9324,verify_source_of_funds,0.9324,transfer_timing,0.0044,transfer_not_received_by_recipient,0.003
"what is source of my funds, need to verify",verify_source_of_funds,verify_source_of_funds,True,0.9374,verify_source_of_funds,0.9374,transfer_timing,0.0033,age_limit,0.0028
Where do my funds come from?,verify_source_of_funds,verify_source_of_funds,True,0.9351,verify_source_of_funds,0.9351,age_limit,0.0043,transfer_timing,0.0028
How can I check the source of my fund?,verify_source_of_funds,verify_source_of_funds,True,0.928,verify_source_of_funds,0.928,age_limit,0.004,request_refund,0.0037
How can I see my source of funds?,verify_source_of_funds,verify_source_of_funds,True,0.9377,verify_source_of_funds,0.9377,transfer_timing,0.0035,age_limit,0.0032
How do I become aware of where my funds come from?,verify_source_of_funds,verify_source_of_funds,True,0.9344,verify_source_of_funds,0.9344,age_limit,0.0036,transfer_timing,0.0028
Where does all this money come from though?,verify_source_of_funds,verify_source_of_funds,True,0.8725,verify_source_of_funds,0.8725,wrong_amount_of_cash_received,0.007,receiving_money,0.0067
What do I need to do to verify the source of my funds?,verify_source_of_funds,verify_source_of_funds,True,0.936,verify_source_of_funds,0.936,transfer_timing,0.0032,age_limit,0.003
What is the number of days I have to wait for my Europe transfer?,transfer_timing,transfer_timing,True,0.8578,transfer_timing,0.8578,pending_transfer,0.0405,transfer_not_received_by_recipient,0.018
What is the wait time for a transfer from the US?,transfer_timing,transfer_timing,True,0.8839,transfer_timing,0.8839,card_delivery_estimate,0.0189,pending_transfer,0.0184
I need a fast transfer from China?  How fast will it be?,transfer_timing,transfer_timing,True,0.8442,transfer_timing,0.8442,pending_transfer,0.0418,transfer_not_received_by_recipient,0.0139
how soon will I see the transfer in my account?,transfer_timing,transfer_timing,True,0.6097,transfer_timing,0.6097,transfer_not_received_by_recipient,0.1332,pending_transfer,0.1235
How many days does it take until funds are in my account?,transfer_timing,transfer_timing,True,0.5786,transfer_timing,0.5786,card_delivery_estimate,0.1418,transfer_not_received_by_recipient,0.0559
How long until my transfer goes through?,transfer_timing,pending_transfer,False,0.4105,pending_transfer,0.4105,transfer_timing,0.3033,transfer_not_received_by_recipient,0.1333
Do transfers from Europe take longer?,transfer_timing,transfer_timing,True,0.792,transfer_timing,0.792,balance_not_updated_after_bank_transfer,0.0393,pending_transfer,0.0306
What is the fastest that I can make a transfer?,transfer_timing,transfer_timing,True,0.4835,transfer_timing,0.4835,pending_transfer,0.0881,balance_not_updated_after_bank_transfer,0.0728
how long dies it take for transfers to reflect on my balance,transfer_timing,balance_not_updated_after_bank_transfer,False,0.7308,balance_not_updated_after_bank_transfer,0.7308,transfer_not_received_by_recipient,0.0813,transfer_timing,0.0664
"If I started the Bank transfer from Europe, how long will the process take to complete?",transfer_timing,transfer_timing,True,0.7853,transfer_timing,0.7853,balance_not_updated_after_bank_transfer,0.0609,pending_transfer,0.0456
How long until the money is in my account?,transfer_timing,transfer_timing,True,0.7315,transfer_timing,0.7315,transfer_not_received_by_recipient,0.0729,card_delivery_estimate,0.0597
When will a transfer reach my account?,transfer_timing,transfer_timing,True,0.7483,transfer_timing,0.7483,pending_transfer,0.0729,balance_not_updated_after_bank_transfer,0.0663
When should I expect to see my transfer hit my account?,transfer_timing,transfer_timing,True,0.7587,transfer_timing,0.7587,transfer_not_received_by_recipient,0.0661,balance_not_updated_after_bank_transfer,0.0626
Will my transfer immediately show up in my account?,transfer_timing,balance_not_updated_after_bank_transfer,False,0.4858,balance_not_updated_after_bank_transfer,0.4858,transfer_timing,0.2014,pending_transfer,0.0908
"If I need to do a quick transfer from China, how long should I expect the transfer to take?",transfer_timing,transfer_timing,True,0.8657,transfer_timing,0.8657,pending_transfer,0.0309,transfer_not_received_by_recipient,0.0117
When does the money get transferred to my account,transfer_timing,balance_not_updated_after_bank_transfer,False,0.4709,balance_not_updated_after_bank_transfer,0.4709,transfer_timing,0.2001,transfer_not_received_by_recipient,0.1917
How long do i have to wait for a transfer to reach my account?,transfer_timing,transfer_timing,True,0.4872,transfer_timing,0.4872,pending_transfer,0.2966,transfer_not_received_by_recipient,0.0909
How long does it take for funds to come through the US to my account?,transfer_timing,transfer_timing,True,0.5814,transfer_timing,0.5814,card_delivery_estimate,0.1557,verify_source_of_funds,0.0252
How long is my Europe transfer wait?,transfer_timing,transfer_timing,True,0.7051,transfer_timing,0.7051,pending_transfer,0.1752,transfer_not_received_by_recipient,0.0242
How many days does a transfer from the US take?,transfer_timing,transfer_timing,True,0.8241,transfer_timing,0.8241,card_delivery_estimate,0.036,top_up_by_bank_transfer_charge,0.017
How long do I have to wait for a transfer from the US?,transfer_timing,transfer_timing,True,0.884,transfer_timing,0.884,pending_transfer,0.02,transfer_not_received_by_recipient,0.0147
How long is the wait for a US transfer?,transfer_timing,transfer_timing,True,0.8549,transfer_timing,0.8549,pending_transfer,0.0481,transfer_not_received_by_recipient,0.0169
How many days until the money will be in my account?,transfer_timing,transfer_timing,True,0.753,transfer_timing,0.753,card_delivery_estimate,0.062,transfer_not_received_by_recipient,0.0472
How long does it take for a transfer?,transfer_timing,transfer_timing,True,0.6221,transfer_timing,0.6221,pending_transfer,0.1561,transfer_not_received_by_recipient,0.1062
What is the time frame for a transfer from the US?,transfer_timing,transfer_timing,True,0.8612,transfer_timing,0.8612,card_delivery_estimate,0.0393,transfer_not_received_by_recipient,0.0123
when will i receive a US transfer,transfer_timing,transfer_timing,True,0.8442,transfer_timing,0.8442,balance_not_updated_after_bank_transfer,0.0184,pending_transfer,0.0183
Approximately how long will an urgent transfer from China take?,transfer_timing,transfer_timing,True,0.8709,transfer_timing,0.8709,pending_transfer,0.0407,transfer_not_received_by_recipient,0.0161
"I initiated a Bank transfer form Europe, how long will this take?",transfer_timing,transfer_timing,True,0.7808,transfer_timing,0.7808,balance_not_updated_after_bank_transfer,0.0689,pending_transfer,0.0434
How long does it take to process transfers from Europe?,transfer_timing,transfer_timing,True,0.8808,transfer_timing,0.8808,pending_transfer,0.0182,balance_not_updated_after_bank_transfer,0.0169
How long does a funds transfer take from one back to another?,transfer_timing,transfer_timing,True,0.4702,transfer_timing,0.4702,transfer_not_received_by_recipient,0.1804,balance_not_updated_after_bank_transfer,0.1567
What would the approximate delivery date be if I transferred something urgently to China?,transfer_timing,transfer_timing,True,0.7517,transfer_timing,0.7517,transfer_not_received_by_recipient,0.0703,pending_transfer,0.052
I have to transfer something to China as fast as I can. How long will it take to arrive in China?,transfer_timing,transfer_timing,True,0.8551,transfer_timing,0.8551,pending_transfer,0.0325,transfer_not_received_by_recipient,0.0285
How long to I have to wait for a transfer to reach my account?,transfer_timing,transfer_timing,True,0.5487,transfer_timing,0.5487,pending_transfer,0.2458,transfer_not_received_by_recipient,0.0939
How long is it going to take for my funds to show in my account?,transfer_timing,transfer_timing,True,0.3387,transfer_timing,0.3387,transfer_not_received_by_recipient,0.1908,verify_source_of_funds,0.1184
"How long does a transfer take from the point it's sent, to the point it arrives in my account?",transfer_timing,transfer_not_received_by_recipient,False,0.432,transfer_not_received_by_recipient,0.432,transfer_timing,0.368,balance_not_updated_after_bank_transfer,0.0572
How long will it take for the transfer to reach my account?,transfer_timing,transfer_timing,True,0.7325,transfer_timing,0.7325,transfer_not_received_by_recipient,0.1026,pending_transfer,0.0635
If my transfer is from Europe how long will it take?,transfer_timing,transfer_timing,True,0.8717,transfer_timing,0.8717,pending_transfer,0.0351,transfer_not_received_by_recipient,0.0203
There is an important thing from China that I need to transfer. Approximately how long will this take?,transfer_timing,transfer_timing,True,0.8619,transfer_timing,0.8619,pending_transfer,0.0364,transfer_not_received_by_recipient,0.0208
How long does a transfer take from china?,transfer_timing,transfer_timing,True,0.8755,transfer_timing,0.8755,pending_transfer,0.0231,transfer_not_received_by_recipient,0.0209
When will money be available in my account?,transfer_timing,transfer_timing,True,0.7869,transfer_timing,0.7869,transfer_not_received_by_recipient,0.0425,card_delivery_estimate,0.0326
I think my card payment has been stopped,reverted_card_payment?,reverted_card_payment?,True,0.8803,reverted_card_payment?,0.8803,declined_card_payment,0.0463,card_payment_not_recognised,0.016
My card payment was reverted.  Why?,reverted_card_payment?,reverted_card_payment?,True,0.9242,reverted_card_payment?,0.9242,declined_card_payment,0.0228,card_payment_not_recognised,0.006
the app reverted my payment,reverted_card_payment?,reverted_card_payment?,True,0.9231,reverted_card_payment?,0.9231,declined_card_payment,0.0104,request_refund,0.0077
My card payment was cancelled.,reverted_card_payment?,reverted_card_payment?,True,0.9208,reverted_card_payment?,0.9208,declined_card_payment,0.0254,card_payment_not_recognised,0.0069
Why was my payment cancelled?,reverted_card_payment?,reverted_card_payment?,True,0.9204,reverted_card_payment?,0.9204,declined_card_payment,0.0188,transfer_not_received_by_recipient,0.0056
I made a payment but the app reverted the payment.,reverted_card_payment?,reverted_card_payment?,True,0.9191,reverted_card_payment?,0.9191,declined_card_payment,0.0103,direct_debit_payment_not_recognised,0.0083
My payment was reverted by the app,reverted_card_payment?,reverted_card_payment?,True,0.93,reverted_card_payment?,0.93,declined_card_payment,0.0102,card_payment_not_recognised,0.0069
"Hello, My money went through for my purchase but now I got contacted from the seller noting that they didn't receive it. Then the money was returned to my account and I'm not sure why this occurred. So if you can resolve this issue please.",reverted_card_payment?,reverted_card_payment?,True,0.757,reverted_card_payment?,0.757,request_refund,0.0577,transfer_not_received_by_recipient,0.0348
Please explain to me the circumstances in which my card payment would be reverted?,reverted_card_payment?,reverted_card_payment?,True,0.9314,reverted_card_payment?,0.9314,declined_card_payment,0.0135,card_payment_not_recognised,0.0081
Why has my card payment been cancelled?,reverted_card_payment?,reverted_card_payment?,True,0.9245,reverted_card_payment?,0.9245,declined_card_payment,0.019,card_payment_not_recognised,0.0066
What do I do if it says my card payment has been cancelled?,reverted_card_payment?,reverted_card_payment?,True,0.9253,reverted_card_payment?,0.9253,declined_card_payment,0.0149,card_payment_not_recognised,0.0076
I'm not sure why my account has been refunded a payment for an item I've already received about 2 weeks ago. Can you please tell me what is going on?,reverted_card_payment?,reverted_card_payment?,True,0.6027,reverted_card_payment?,0.6027,request_refund,0.1037,Refund_not_showing_up,0.0931
My card is being declined for a purchase. I bought items before and the card worked. Do you know what the problem is?,reverted_card_payment?,declined_card_payment,False,0.7893,declined_card_payment,0.7893,reverted_card_payment?,0.0731,card_not_working,0.0251
Can you tell my why my card payment has been reverted.,reverted_card_payment?,reverted_card_payment?,True,0.9273,reverted_card_payment?,0.9273,declined_card_payment,0.0173,card_payment_not_recognised,0.0056
why did the app refuse to make an approved payment,reverted_card_payment?,declined_card_payment,False,0.2261,declined_card_payment,0.2261,card_payment_not_recognised,0.1926,direct_debit_payment_not_recognised,0.1733
Do you know why my card payment was reverted?,reverted_card_payment?,reverted_card_payment?,True,0.9273,reverted_card_payment?,0.9273,declined_card_payment,0.0185,card_payment_not_recognised,0.0056
My credit card cancelled a payment for a purchase.,reverted_card_payment?,reverted_card_payment?,True,0.8214,reverted_card_payment?,0.8214,request_refund,0.0414,declined_card_payment,0.0296
Why was my payment reversed?,reverted_card_payment?,reverted_card_payment?,True,0.8784,reverted_card_payment?,0.8784,declined_card_payment,0.0212,direct_debit_payment_not_recognised,0.0141
I have a payment listed as cancelled.,reverted_card_payment?,reverted_card_payment?,True,0.8886,reverted_card_payment?,0.8886,pending_card_payment,0.0184,direct_debit_payment_not_recognised,0.0144
I think my card payment had been return,reverted_card_payment?,reverted_card_payment?,True,0.8989,reverted_card_payment?,0.8989,declined_card_payment,0.0214,card_payment_not_recognised,0.0181
I was contacted by a seller with a message that they never received my money. I am 100% sure it was taken from my account so I definitely need this sorted out soon.,reverted_card_payment?,reverted_card_payment?,True,0.5495,reverted_card_payment?,0.5495,direct_debit_payment_not_recognised,0.1661,transfer_not_received_by_recipient,0.0395
what happens to the funds if a merchant refuses the payment,reverted_card_payment?,reverted_card_payment?,True,0.4216,reverted_card_payment?,0.4216,declined_card_payment,0.2377,card_payment_not_recognised,0.0433
"I am attempting to make a purchase online, but my card is not working.  I know there are funds available, is this an issue on the banks end?",reverted_card_payment?,reverted_card_payment?,True,0.3627,reverted_card_payment?,0.3627,declined_card_payment,0.2735,request_refund,0.0459
Why was my card payment cancelled?,reverted_card_payment?,reverted_card_payment?,True,0.9226,reverted_card_payment?,0.9226,declined_card_payment,0.0247,card_payment_not_recognised,0.0058
Why has my card payment been reverted?,reverted_card_payment?,reverted_card_payment?,True,0.927,reverted_card_payment?,0.927,declined_card_payment,0.0168,card_payment_not_recognised,0.0061
"There must be an issue, why has my card been cancelled?",reverted_card_payment?,card_not_working,False,0.2383,card_not_working,0.2383,reverted_card_payment?,0.1707,lost_or_stolen_card,0.1439
I bought something and the money appeared back into my account? Why?,reverted_card_payment?,reverted_card_payment?,True,0.7879,reverted_card_payment?,0.7879,request_refund,0.0381,transfer_not_received_by_recipient,0.034
My account shows the card payment cancelled.,reverted_card_payment?,reverted_card_payment?,True,0.9257,reverted_card_payment?,0.9257,declined_card_payment,0.0164,card_payment_not_recognised,0.0073
"I'm not sure why my card payment was cancelled, can you find out why?",reverted_card_payment?,reverted_card_payment?,True,0.9186,reverted_card_payment?,0.9186,declined_card_payment,0.0255,card_payment_not_recognised,0.0063
What is the reason that my card payment was cancelled?,reverted_card_payment?,reverted_card_payment?,True,0.9229,reverted_card_payment?,0.9229,declined_card_payment,0.0233,card_payment_not_recognised,0.0063
"Hi, I would like to file a claim for an inquiry. I am a frequent customer of the company in question and have never had any issue with my purchases, payments, or otherwise. However, the price deducted for an item I purchased a couple of weeks ago has been returned to my checking account. Was there an issue with my payment? The item has already been delivered to me.",reverted_card_payment?,reverted_card_payment?,True,0.6676,reverted_card_payment?,0.6676,direct_debit_payment_not_recognised,0.0847,request_refund,0.0504
Why was my card payment reverted?,reverted_card_payment?,reverted_card_payment?,True,0.9256,reverted_card_payment?,0.9256,declined_card_payment,0.0201,direct_debit_payment_not_recognised,0.0054
Why does the app revert a payment?,reverted_card_payment?,reverted_card_payment?,True,0.8331,reverted_card_payment?,0.8331,direct_debit_payment_not_recognised,0.0286,card_payment_not_recognised,0.0203
I did a payment but the app reverted it,reverted_card_payment?,reverted_card_payment?,True,0.9106,reverted_card_payment?,0.9106,declined_card_payment,0.0087,request_refund,0.0082
What happens if a merchant doesn't accept a payment?,reverted_card_payment?,reverted_card_payment?,True,0.3186,reverted_card_payment?,0.3186,declined_card_payment,0.2778,card_payment_not_recognised,0.1033
There was a canceled payment for my card.,reverted_card_payment?,reverted_card_payment?,True,0.8387,reverted_card_payment?,0.8387,card_payment_not_recognised,0.0436,declined_card_payment,0.0384
My transaction to pay for an item was returned to my account.,reverted_card_payment?,reverted_card_payment?,True,0.6068,reverted_card_payment?,0.6068,request_refund,0.2007,transfer_not_received_by_recipient,0.0246
Someone stopped my payment,reverted_card_payment?,reverted_card_payment?,True,0.7957,reverted_card_payment?,0.7957,declined_card_payment,0.0611,card_payment_not_recognised,0.0499
"If my card payment is cancelled, what should I do?",reverted_card_payment?,reverted_card_payment?,True,0.9238,reverted_card_payment?,0.9238,declined_card_payment,0.0131,card_payment_not_recognised,0.0072
Why has payment been returned?,reverted_card_payment?,reverted_card_payment?,True,0.9097,reverted_card_payment?,0.9097,declined_card_payment,0.017,card_payment_not_recognised,0.0122
What kind of cash machines would allow me to change my PIN?,change_pin,change_pin,True,0.9026,change_pin,0.9026,pin_blocked,0.0086,get_physical_card,0.0066
Where do I change my PIN?,change_pin,change_pin,True,0.9189,change_pin,0.9189,get_physical_card,0.0129,pin_blocked,0.0076
Is the bank the only place I can change my PIN>,change_pin,change_pin,True,0.9118,change_pin,0.9118,get_physical_card,0.0123,pin_blocked,0.0113
"If I am overseas, how do I change my pin?",change_pin,change_pin,True,0.917,change_pin,0.917,get_physical_card,0.0097,pin_blocked,0.0079
Can i change my PIN at the ATM?,change_pin,change_pin,True,0.913,change_pin,0.913,get_physical_card,0.0089,pin_blocked,0.0083
How might  I change my PIN?,change_pin,change_pin,True,0.9202,change_pin,0.9202,get_physical_card,0.0106,pin_blocked,0.0092
I would like to change my PIN but I am not currently in the country.,change_pin,change_pin,True,0.9036,change_pin,0.9036,get_physical_card,0.0126,pin_blocked,0.0114
I would like to change my card PIN.,change_pin,change_pin,True,0.9177,change_pin,0.9177,get_physical_card,0.0112,pin_blocked,0.0078
I want to set a new PIN,change_pin,change_pin,True,0.7687,change_pin,0.7687,get_physical_card,0.1358,pin_blocked,0.0238
"I desperately need to change my PIN, but I'm overseas on vacation right now. How can I do this?",change_pin,change_pin,True,0.9111,change_pin,0.9111,get_physical_card,0.0137,pin_blocked,0.0115
I need a new Pin how do I go about that?,change_pin,change_pin,True,0.7745,change_pin,0.7745,get_physical_card,0.1266,pin_blocked,0.0323
Is there a location near me that i can change my PIN?,change_pin,change_pin,True,0.9169,change_pin,0.9169,get_physical_card,0.0115,pin_blocked,0.0084
In what ATM can I change my pin?,change_pin,change_pin,True,0.9124,change_pin,0.9124,pin_blocked,0.0077,get_physical_card,0.0077
I'd like to make a new PIN selection.,change_pin,change_pin,True,0.6925,change_pin,0.6925,get_physical_card,0.1884,pin_blocked,0.0476
How do I set a new pin?,change_pin,change_pin,True,0.8156,change_pin,0.8156,get_physical_card,0.0929,pin_blocked,0.0262
How do I update my PIN to a new number?,change_pin,change_pin,True,0.8608,change_pin,0.8608,get_physical_card,0.0487,pin_blocked,0.0253
How can I change my Tholepin ?,change_pin,change_pin,True,0.6293,change_pin,0.6293,receiving_money,0.0305,exchange_via_app,0.0185
My new pin needs to be set.,change_pin,change_pin,True,0.594,change_pin,0.594,pin_blocked,0.1695,get_physical_card,0.1492
I want to choose a different PIN.,change_pin,change_pin,True,0.7141,change_pin,0.7141,get_physical_card,0.1579,pin_blocked,0.0373
I would like to change my pin.,change_pin,change_pin,True,0.9184,change_pin,0.9184,get_physical_card,0.0096,pin_blocked,0.0083
Am I able to change my PIN at any cash machines?,change_pin,change_pin,True,0.9062,change_pin,0.9062,pin_blocked,0.0097,get_physical_card,0.0079
I am travelling for two more weeks but really need to change my PIN asap. What do I do?,change_pin,change_pin,True,0.8993,change_pin,0.8993,get_physical_card,0.0211,pin_blocked,0.0128
I need to change my PIN. Can I do that at a cash machine?,change_pin,change_pin,True,0.9102,change_pin,0.9102,pin_blocked,0.0086,get_physical_card,0.0082
Do cash machines let me change my pin?,change_pin,change_pin,True,0.9119,change_pin,0.9119,get_physical_card,0.0115,pin_blocked,0.0111
How do I change my PIN?,change_pin,change_pin,True,0.9184,change_pin,0.9184,get_physical_card,0.0091,pin_blocked,0.0084
I need to change my PIN.,change_pin,change_pin,True,0.9181,change_pin,0.9181,get_physical_card,0.0101,pin_blocked,0.0095
May I receive a different card pin,change_pin,get_physical_card,False,0.6525,get_physical_card,0.6525,change_pin,0.1956,pin_blocked,0.0384
What do I need to do to change my PIN?,change_pin,change_pin,True,0.9101,change_pin,0.9101,pin_blocked,0.0084,get_physical_card,0.0072
Help me set up a new PIN?,change_pin,change_pin,True,0.8534,change_pin,0.8534,get_physical_card,0.0577,pin_blocked,0.0253
Which cash machines will allow me to change my PIN?,change_pin,change_pin,True,0.9048,change_pin,0.9048,pin_blocked,0.0092,get_physical_card,0.0076
"I am in Austria right now. I need to change my PIN ASAP, so can I still do this from here?",change_pin,change_pin,True,0.9106,change_pin,0.9106,get_physical_card,0.018,pin_blocked,0.012
Where can I find instructions to change my PIN?,change_pin,change_pin,True,0.9184,change_pin,0.9184,get_physical_card,0.0108,pin_blocked,0.01
I need to change my pin but I am on the road.,change_pin,change_pin,True,0.9035,change_pin,0.9035,pin_blocked,0.0166,get_physical_card,0.0132
How do I update the PIN on my account?,change_pin,change_pin,True,0.7804,change_pin,0.7804,get_physical_card,0.1181,pin_blocked,0.0202
I need a new PIN.,change_pin,change_pin,True,0.8008,change_pin,0.8008,get_physical_card,0.0974,pin_blocked,0.0314
Show me how to change my pin?,change_pin,change_pin,True,0.9138,change_pin,0.9138,pin_blocked,0.0097,get_physical_card,0.0082
Please tell me which cash machines will allow me to change my pin.,change_pin,change_pin,True,0.9093,change_pin,0.9093,pin_blocked,0.0084,get_physical_card,0.008
What steps do I need to take to change my card PIN?,change_pin,change_pin,True,0.9158,change_pin,0.9158,get_physical_card,0.0101,pin_blocked,0.0079
How to change the PIN on my card?,change_pin,change_pin,True,0.917,change_pin,0.917,get_physical_card,0.0126,pin_blocked,0.0095
How can I change the PIN?  Do I have to go to a real bank?,change_pin,change_pin,True,0.9113,change_pin,0.9113,get_physical_card,0.0095,pin_blocked,0.0073
I've tried numerous times to submit a transfer of funds. Why isn't it going through?,beneficiary_not_allowed,failed_transfer,False,0.4708,failed_transfer,0.4708,beneficiary_not_allowed,0.2569,declined_transfer,0.0966
I've transferred money before without issue but now I am encountering an error stating that it isn't possible. Why is that?,beneficiary_not_allowed,beneficiary_not_allowed,True,0.6225,beneficiary_not_allowed,0.6225,balance_not_updated_after_bank_transfer,0.0713,failed_transfer,0.0523
I am not able to do a transfer to an account,beneficiary_not_allowed,beneficiary_not_allowed,True,0.6583,beneficiary_not_allowed,0.6583,transfer_into_account,0.0945,failed_transfer,0.0852
I was unable to make a transfer to another account.,beneficiary_not_allowed,beneficiary_not_allowed,True,0.6848,beneficiary_not_allowed,0.6848,failed_transfer,0.1977,declined_transfer,0.0233
I had a transfer blocked,beneficiary_not_allowed,cancel_transfer,False,0.3625,cancel_transfer,0.3625,failed_transfer,0.2405,declined_transfer,0.122
Can you please help me with this exchange?  I am trying to get crypto and the app won't let me.,beneficiary_not_allowed,beneficiary_not_allowed,True,0.8485,beneficiary_not_allowed,0.8485,failed_transfer,0.0369,declined_transfer,0.012
How do I do a successful transfer to an account?,beneficiary_not_allowed,transfer_into_account,False,0.5884,transfer_into_account,0.5884,beneficiary_not_allowed,0.115,failed_transfer,0.0721
Why did I get a message saying that my transfer is not possible?  I have done this before no problem.  Please fix.,beneficiary_not_allowed,beneficiary_not_allowed,True,0.8446,beneficiary_not_allowed,0.8446,failed_transfer,0.0557,declined_transfer,0.0208
"Hey I want to buy some crypto but the app doesn't allow me to! What's the issue, I really want to exchange this",beneficiary_not_allowed,beneficiary_not_allowed,True,0.8598,beneficiary_not_allowed,0.8598,failed_transfer,0.0307,declined_transfer,0.0103
I tried to transfer money but it said it wasn't possible? I've done this before and it worked why isn't it working now?,beneficiary_not_allowed,failed_transfer,False,0.4958,failed_transfer,0.4958,beneficiary_not_allowed,0.3647,declined_transfer,0.0429
Why can't I transfer to a beneficiary?,beneficiary_not_allowed,beneficiary_not_allowed,True,0.9411,beneficiary_not_allowed,0.9411,failed_transfer,0.0089,declined_transfer,0.006
I am having problems transferring to a beneficiary.,beneficiary_not_allowed,beneficiary_not_allowed,True,0.9392,beneficiary_not_allowed,0.9392,failed_transfer,0.0085,declined_transfer,0.0054
What's the deal with no cryptocurrency on your app?,beneficiary_not_allowed,beneficiary_not_allowed,True,0.7924,beneficiary_not_allowed,0.7924,unable_to_verify_identity,0.017,failed_transfer,0.0167
Why isn't my transfer not going through? I keep getting an error message.,beneficiary_not_allowed,beneficiary_not_allowed,True,0.8514,beneficiary_not_allowed,0.8514,failed_transfer,0.0384,declined_transfer,0.0322
What are the rules for transferring to a beneficiary?,beneficiary_not_allowed,beneficiary_not_allowed,True,0.9372,beneficiary_not_allowed,0.9372,failed_transfer,0.0078,declined_transfer,0.0046
Can I transfer money to a beneficiery?,beneficiary_not_allowed,beneficiary_not_allowed,True,0.9257,beneficiary_not_allowed,0.9257,failed_transfer,0.0084,transfer_into_account,0.0054
I have tried transferring money numerous times.  All I keep getting is an error message.  Can you tell me what is going on and how this van be fixed?,beneficiary_not_allowed,beneficiary_not_allowed,True,0.7392,beneficiary_not_allowed,0.7392,failed_transfer,0.1257,declined_transfer,0.042
I have a cryptocurrency exchange that won't go through. Please help me process it.,beneficiary_not_allowed,beneficiary_not_allowed,True,0.8183,beneficiary_not_allowed,0.8183,failed_transfer,0.0586,declined_transfer,0.0179
Why wasn't I able to transfer to another account?,beneficiary_not_allowed,beneficiary_not_allowed,True,0.848,beneficiary_not_allowed,0.848,failed_transfer,0.051,declined_transfer,0.0125
The money would not transfer to a beneficiary.,beneficiary_not_allowed,beneficiary_not_allowed,True,0.9358,beneficiary_not_allowed,0.9358,failed_transfer,0.0084,declined_transfer,0.0052
How come I'm not allowed to transfer funds right now? I just keep getting an error message.,beneficiary_not_allowed,beneficiary_not_allowed,True,0.8548,beneficiary_not_allowed,0.8548,declined_transfer,0.0202,failed_transfer,0.0197
I couldn't do a transfer to an account,beneficiary_not_allowed,beneficiary_not_allowed,True,0.7362,beneficiary_not_allowed,0.7362,failed_transfer,0.1357,transfer_into_account,0.0175
A transfer to an account was not allowed,beneficiary_not_allowed,beneficiary_not_allowed,True,0.8146,beneficiary_not_allowed,0.8146,failed_transfer,0.0452,declined_transfer,0.0201
Why did I receive an error message saying that my transfer was not possible?,beneficiary_not_allowed,beneficiary_not_allowed,True,0.8531,beneficiary_not_allowed,0.8531,failed_transfer,0.0483,declined_transfer,0.0343
Explain why I can't do a transfer to a beneficiary.,beneficiary_not_allowed,beneficiary_not_allowed,True,0.9422,beneficiary_not_allowed,0.9422,failed_transfer,0.0092,declined_transfer,0.0053
My transfer to beneficiary didn't go through,beneficiary_not_allowed,beneficiary_not_allowed,True,0.9339,beneficiary_not_allowed,0.9339,failed_transfer,0.0116,declined_transfer,0.0071
Why isn't my transfer going through? I get a message saying it's not possible. I've had no issues in the past.,beneficiary_not_allowed,beneficiary_not_allowed,True,0.5797,beneficiary_not_allowed,0.5797,failed_transfer,0.2365,declined_transfer,0.0729
I couldn't make a transfer to a beneficiary!,beneficiary_not_allowed,beneficiary_not_allowed,True,0.9398,beneficiary_not_allowed,0.9398,failed_transfer,0.0105,declined_transfer,0.0059
"My beneficiary has been denied, is this normal?",beneficiary_not_allowed,beneficiary_not_allowed,True,0.9344,beneficiary_not_allowed,0.9344,failed_transfer,0.0075,declined_transfer,0.0052
I am trying to exchange crypto and it's not working. Tell me how to fix this.,beneficiary_not_allowed,beneficiary_not_allowed,True,0.8665,beneficiary_not_allowed,0.8665,failed_transfer,0.0428,declined_transfer,0.0112
The account transfer I was trying to do failed.,beneficiary_not_allowed,failed_transfer,False,0.6751,failed_transfer,0.6751,beneficiary_not_allowed,0.1823,declined_transfer,0.0294
"My beneficiary is not allowed, please may I have answer as to why this is?",beneficiary_not_allowed,beneficiary_not_allowed,True,0.9384,beneficiary_not_allowed,0.9384,failed_transfer,0.0078,declined_transfer,0.0044
Why couldn't I do a transfer to a beneficiary?,beneficiary_not_allowed,beneficiary_not_allowed,True,0.9403,beneficiary_not_allowed,0.9403,failed_transfer,0.0106,declined_transfer,0.0059
Why would i not be able to do a transfer to a beneficiary?,beneficiary_not_allowed,beneficiary_not_allowed,True,0.9419,beneficiary_not_allowed,0.9419,failed_transfer,0.0094,declined_transfer,0.0054
I want to transfer money to a beneficiery. Why can't I?,beneficiary_not_allowed,beneficiary_not_allowed,True,0.9366,beneficiary_not_allowed,0.9366,failed_transfer,0.0097,declined_transfer,0.0056
Can you help with a transfer to an account,beneficiary_not_allowed,transfer_into_account,False,0.7987,transfer_into_account,0.7987,top_up_by_bank_transfer_charge,0.0264,beneficiary_not_allowed,0.0242
why isnt my account allowing transfers,beneficiary_not_allowed,beneficiary_not_allowed,True,0.7734,beneficiary_not_allowed,0.7734,failed_transfer,0.0559,declined_transfer,0.0297
"I want to buy cryptocurrency, but your app doesn't let me. Why?",beneficiary_not_allowed,beneficiary_not_allowed,True,0.8613,beneficiary_not_allowed,0.8613,failed_transfer,0.0275,declined_transfer,0.0142
i tried to make a transfer to a beneficiary and it didn't go through,beneficiary_not_allowed,beneficiary_not_allowed,True,0.9331,beneficiary_not_allowed,0.9331,failed_transfer,0.0148,declined_transfer,0.0085
Why was a transfer to an account not allowed?,beneficiary_not_allowed,beneficiary_not_allowed,True,0.816,beneficiary_not_allowed,0.816,failed_transfer,0.0536,transfer_into_account,0.0192
"When I made a transfer, there was a fee.  Why?",transfer_fee_charged,transfer_fee_charged,True,0.9304,transfer_fee_charged,0.9304,top_up_by_bank_transfer_charge,0.0108,card_payment_fee_charged,0.0081
I was charged a fee for my transfer.,transfer_fee_charged,transfer_fee_charged,True,0.9208,transfer_fee_charged,0.9208,top_up_by_bank_transfer_charge,0.0251,card_payment_fee_charged,0.0055
Is there a reason I was charged a fee to transfer?,transfer_fee_charged,transfer_fee_charged,True,0.9199,transfer_fee_charged,0.9199,top_up_by_bank_transfer_charge,0.0235,card_payment_fee_charged,0.0092
Why was a charged just for transferring?,transfer_fee_charged,transfer_fee_charged,True,0.894,transfer_fee_charged,0.894,top_up_by_bank_transfer_charge,0.0224,card_payment_fee_charged,0.0185
I had to pay in order to do a transfer,transfer_fee_charged,transfer_fee_charged,True,0.6227,transfer_fee_charged,0.6227,top_up_by_bank_transfer_charge,0.121,receiving_money,0.0791
What is the transfer fee charge?,transfer_fee_charged,transfer_fee_charged,True,0.6262,transfer_fee_charged,0.6262,top_up_by_bank_transfer_charge,0.2841,card_payment_fee_charged,0.0085
Why was I charged extra for transferring money?,transfer_fee_charged,transfer_fee_charged,True,0.9112,transfer_fee_charged,0.9112,top_up_by_bank_transfer_charge,0.0211,cash_withdrawal_charge,0.0132
im not paying this transfer fee,transfer_fee_charged,transfer_fee_charged,True,0.8867,transfer_fee_charged,0.8867,top_up_by_bank_transfer_charge,0.0174,beneficiary_not_allowed,0.0164
I am being charged a transfer fee aren't they free?,transfer_fee_charged,transfer_fee_charged,True,0.9082,transfer_fee_charged,0.9082,top_up_by_bank_transfer_charge,0.0352,card_payment_fee_charged,0.0083
What is the maximum I can transfer before I incur fees?,transfer_fee_charged,transfer_fee_charged,True,0.7321,transfer_fee_charged,0.7321,top_up_by_bank_transfer_charge,0.1651,card_payment_fee_charged,0.0187
I got 2 transfer fees and I thought transfers were free.,transfer_fee_charged,transfer_fee_charged,True,0.9009,transfer_fee_charged,0.9009,top_up_by_bank_transfer_charge,0.0167,cash_withdrawal_charge,0.012
Why am I being charged a fee for transferring money?,transfer_fee_charged,transfer_fee_charged,True,0.9176,transfer_fee_charged,0.9176,top_up_by_bank_transfer_charge,0.0183,cash_withdrawal_charge,0.0107
Do charge fees for transfers?,transfer_fee_charged,top_up_by_bank_transfer_charge,False,0.4882,top_up_by_bank_transfer_charge,0.4882,transfer_fee_charged,0.4111,top_up_by_card_charge,0.011
"I recently got a new place while I'm staying abroad and have been using this account to manage payments, but suddenly I am seeing fees increase. Where are these additional fees coming from?",transfer_fee_charged,transfer_fee_charged,True,0.8954,transfer_fee_charged,0.8954,top_up_by_bank_transfer_charge,0.017,card_payment_fee_charged,0.0146
"Hi,  Please help me, as i have transferred some amount but receiver did not get the same amount. He received a bit less. Due to this again i need to transfer the difference.   I have transferred money but beneficiary's account is credited with less amount. Now i have transfer the difference of the amount. I think there is some issue, could you please look into this.",transfer_fee_charged,transfer_fee_charged,True,0.8453,transfer_fee_charged,0.8453,transaction_charged_twice,0.0203,top_up_by_bank_transfer_charge,0.0134
"Why did I get charged for something I bought online? Even though it was international, I thought it would be covered.",transfer_fee_charged,extra_charge_on_statement,False,0.3845,extra_charge_on_statement,0.3845,card_payment_wrong_exchange_rate,0.1579,transfer_fee_charged,0.1299
Why were there additional charges when transferring?,transfer_fee_charged,transfer_fee_charged,True,0.8903,transfer_fee_charged,0.8903,top_up_by_bank_transfer_charge,0.0214,card_payment_fee_charged,0.0112
I was charged more when I transferred!,transfer_fee_charged,transfer_fee_charged,True,0.896,transfer_fee_charged,0.896,top_up_by_bank_transfer_charge,0.0196,transaction_charged_twice,0.0126
Is there a transfer fee?,transfer_fee_charged,transfer_fee_charged,True,0.7351,transfer_fee_charged,0.7351,top_up_by_bank_transfer_charge,0.1874,cash_withdrawal_charge,0.007
I'm not sure why I was charged an extra fee for transferring funds.,transfer_fee_charged,transfer_fee_charged,True,0.9232,transfer_fee_charged,0.9232,top_up_by_bank_transfer_charge,0.0127,card_payment_fee_charged,0.01
"I thought transfers were free, why was I charged a fee?",transfer_fee_charged,transfer_fee_charged,True,0.9217,transfer_fee_charged,0.9217,top_up_by_bank_transfer_charge,0.0142,card_payment_fee_charged,0.0123
"My receipt shows an extra charge on my transfer, why is this?",transfer_fee_charged,transfer_fee_charged,True,0.8973,transfer_fee_charged,0.8973,top_up_by_bank_transfer_charge,0.0198,card_payment_fee_charged,0.0107
"I was charged a fee when making this transfer, and I don't think I should have been!",transfer_fee_charged,transfer_fee_charged,True,0.9308,transfer_fee_charged,0.9308,top_up_by_bank_transfer_charge,0.0164,card_payment_fee_charged,0.0071
"I sent out money, but was charged extra for transferring. Why?",transfer_fee_charged,transfer_fee_charged,True,0.9228,transfer_fee_charged,0.9228,top_up_by_bank_transfer_charge,0.0181,cash_withdrawal_charge,0.0066
Why am I seeing a transfer fee?,transfer_fee_charged,transfer_fee_charged,True,0.9237,transfer_fee_charged,0.9237,top_up_by_bank_transfer_charge,0.012,declined_transfer,0.0065
There was an extra charge when I made a transfer.,transfer_fee_charged,transfer_fee_charged,True,0.9194,transfer_fee_charged,0.9194,top_up_by_bank_transfer_charge,0.021,declined_transfer,0.0055
I need someone to alert me as to what's going on. I had transferred an amount but the receiver is saying that the amount is somewhat less than what I sent over. I now have to make another transfer to make up the difference.,transfer_fee_charged,transfer_fee_charged,True,0.875,transfer_fee_charged,0.875,top_up_by_bank_transfer_charge,0.0188,balance_not_updated_after_bank_transfer,0.0083
"I was charge a fee for my transfer, why?",transfer_fee_charged,transfer_fee_charged,True,0.9272,transfer_fee_charged,0.9272,top_up_by_bank_transfer_charge,0.0195,card_payment_fee_charged,0.0066
Why was there a fee for my transfer?,transfer_fee_charged,transfer_fee_charged,True,0.9314,transfer_fee_charged,0.9314,top_up_by_bank_transfer_charge,0.0154,card_payment_fee_charged,0.0076
Why was my transfer charged fees?,transfer_fee_charged,transfer_fee_charged,True,0.9193,transfer_fee_charged,0.9193,top_up_by_bank_transfer_charge,0.0154,card_payment_fee_charged,0.012
Is there supposed to be a fee for the transfer I made?,transfer_fee_charged,transfer_fee_charged,True,0.7464,transfer_fee_charged,0.7464,top_up_by_bank_transfer_charge,0.1778,card_payment_fee_charged,0.0082
In the past month I often used this account to manage payments for my new holiday villa. Now all of a sudden your fees have increased exorbitantly! Don't you have a rewards programme for frequent users?,transfer_fee_charged,transfer_fee_charged,True,0.7469,transfer_fee_charged,0.7469,card_payment_fee_charged,0.109,request_refund,0.0117
Why was I charged a fee for a transfer?,transfer_fee_charged,transfer_fee_charged,True,0.9259,transfer_fee_charged,0.9259,top_up_by_bank_transfer_charge,0.0175,card_payment_fee_charged,0.0089
What extra charges are there?,transfer_fee_charged,card_payment_fee_charged,False,0.376,card_payment_fee_charged,0.376,transfer_fee_charged,0.2004,top_up_by_card_charge,0.0642
I know that I am able to make transfers for free.  That was something that I valued.  After I bought something online from abroad I noticed that I got charged a fee?  What is this and can it be removed?,transfer_fee_charged,transfer_fee_charged,True,0.9239,transfer_fee_charged,0.9239,top_up_by_bank_transfer_charge,0.0131,card_payment_fee_charged,0.0094
I transferred money and was charged and want to know why.,transfer_fee_charged,transfer_fee_charged,True,0.8908,transfer_fee_charged,0.8908,top_up_by_bank_transfer_charge,0.0135,beneficiary_not_allowed,0.0091
I was charged for something I didn't expect,transfer_fee_charged,extra_charge_on_statement,False,0.4693,extra_charge_on_statement,0.4693,card_payment_fee_charged,0.1686,transaction_charged_twice,0.1036
"I purchased some makeup through a site in China, and I was under the impression that when I make transfers there is no fee.  Why am I seeing this fee now?  I am not happy about this at all.",transfer_fee_charged,transfer_fee_charged,True,0.8918,transfer_fee_charged,0.8918,top_up_by_bank_transfer_charge,0.0261,card_payment_fee_charged,0.0094
I got charged and extra fee when I transferred money so why was I charged?,transfer_fee_charged,transfer_fee_charged,True,0.9185,transfer_fee_charged,0.9185,top_up_by_bank_transfer_charge,0.0137,cash_withdrawal_charge,0.0112
Can you explain the transfer fee to me?,transfer_fee_charged,transfer_fee_charged,True,0.9013,transfer_fee_charged,0.9013,top_up_by_bank_transfer_charge,0.0409,card_payment_fee_charged,0.0078
Will salary be received through this?,receiving_money,receiving_money,True,0.8467,receiving_money,0.8467,top_up_by_bank_transfer_charge,0.0224,transfer_fee_charged,0.0096
How can I get paid in a different currency?,receiving_money,receiving_money,True,0.649,receiving_money,0.649,exchange_charge,0.0719,exchange_via_app,0.0716
Can I receive my salary in a currency other than what it is deposited in?,receiving_money,receiving_money,True,0.8819,receiving_money,0.8819,supported_cards_and_currencies,0.0107,exchange_via_app,0.0073
Can I get my salary through this?,receiving_money,receiving_money,True,0.8888,receiving_money,0.8888,top_up_by_bank_transfer_charge,0.0072,supported_cards_and_currencies,0.0067
How can someone send me money?,receiving_money,receiving_money,True,0.8566,receiving_money,0.8566,exchange_via_app,0.0215,supported_cards_and_currencies,0.0125
Is there a problem with receiving my salary in GBP?,receiving_money,receiving_money,True,0.8349,receiving_money,0.8349,exchange_via_app,0.0176,transfer_fee_charged,0.0095
Do I need to choose GBP to get my salary deposited properly?,receiving_money,receiving_money,True,0.8505,receiving_money,0.8505,exchange_via_app,0.0255,supported_cards_and_currencies,0.0115
"I get paid in GBP. Should I configure this and if so, where?",receiving_money,receiving_money,True,0.6859,receiving_money,0.6859,exchange_via_app,0.0829,top_up_by_bank_transfer_charge,0.0244
Is it possible for me to get money out in a different currency?,receiving_money,exchange_via_app,False,0.4525,exchange_via_app,0.4525,fiat_currency_support,0.232,wrong_exchange_rate_for_cash_withdrawal,0.0526
Can I use this to receive my salary?,receiving_money,receiving_money,True,0.8881,receiving_money,0.8881,supported_cards_and_currencies,0.0078,top_up_by_bank_transfer_charge,0.0071
My salary is received in the form of GBP. Do I need to do anything specific to configure this?,receiving_money,receiving_money,True,0.8829,receiving_money,0.8829,exchange_via_app,0.0101,top_up_by_bank_transfer_charge,0.0082
How do people send me money?,receiving_money,receiving_money,True,0.8221,receiving_money,0.8221,exchange_via_app,0.0299,supported_cards_and_currencies,0.018
Is GBP a supported currency?,receiving_money,exchange_via_app,False,0.7049,exchange_via_app,0.7049,fiat_currency_support,0.1544,receiving_money,0.031
Do I need to establish I am paid in GBP before a transfer?,receiving_money,receiving_money,True,0.7105,receiving_money,0.7105,top_up_by_bank_transfer_charge,0.0831,transfer_fee_charged,0.0315
"Salary in GBP has been received, does it need to be configured elsewhere?",receiving_money,receiving_money,True,0.8731,receiving_money,0.8731,exchange_via_app,0.0097,supported_cards_and_currencies,0.0093
How do i get my salary in the account?,receiving_money,receiving_money,True,0.8902,receiving_money,0.8902,supported_cards_and_currencies,0.0078,top_up_by_bank_transfer_charge,0.0063
What are the ways for others to transfer me money?,receiving_money,transfer_into_account,False,0.3759,transfer_into_account,0.3759,receiving_money,0.2638,top_up_by_bank_transfer_charge,0.079
What different ways are there for someone to send me money?,receiving_money,receiving_money,True,0.8379,receiving_money,0.8379,exchange_via_app,0.0208,supported_cards_and_currencies,0.0198
What do I need to do to transfer my paycheck to my account?,receiving_money,receiving_money,True,0.5634,receiving_money,0.5634,top_up_by_bank_transfer_charge,0.1074,transfer_into_account,0.1037
How can my friend send me money?,receiving_money,receiving_money,True,0.8771,receiving_money,0.8771,exchange_via_app,0.0137,supported_cards_and_currencies,0.0086
Can I directly transfer my salary onto here?,receiving_money,receiving_money,True,0.8886,receiving_money,0.8886,top_up_by_bank_transfer_charge,0.0088,exchange_via_app,0.0075
Can this be used to receive my salary?,receiving_money,receiving_money,True,0.8884,receiving_money,0.8884,supported_cards_and_currencies,0.0077,top_up_by_bank_transfer_charge,0.0067
Is it possible to deposit money in GBP?,receiving_money,exchange_via_app,False,0.5755,exchange_via_app,0.5755,receiving_money,0.1557,transfer_into_account,0.0396
I received my salary in GBP. How do I change this to my currency?,receiving_money,receiving_money,True,0.8071,receiving_money,0.8071,exchange_via_app,0.056,supported_cards_and_currencies,0.0119
How can my friend transfer money to me?,receiving_money,receiving_money,True,0.4985,receiving_money,0.4985,transfer_into_account,0.1084,failed_transfer,0.0994
Can my friends send me money?,receiving_money,receiving_money,True,0.8719,receiving_money,0.8719,exchange_via_app,0.0124,supported_cards_and_currencies,0.0094
How do I deposit my paycheck to this account?,receiving_money,receiving_money,True,0.405,receiving_money,0.405,top_up_by_bank_transfer_charge,0.0919,transfer_into_account,0.0719
Can I use this account to receive my salary?,receiving_money,receiving_money,True,0.891,receiving_money,0.891,supported_cards_and_currencies,0.0069,top_up_by_bank_transfer_charge,0.0065
Can i deposit my salary to this account?,receiving_money,receiving_money,True,0.8887,receiving_money,0.8887,supported_cards_and_currencies,0.0071,top_up_by_bank_transfer_charge,0.007
How do I get my salary through this account?,receiving_money,receiving_money,True,0.8901,receiving_money,0.8901,top_up_by_bank_transfer_charge,0.0074,supported_cards_and_currencies,0.0068
What if I need my salary in a different currency?,receiving_money,receiving_money,True,0.8846,receiving_money,0.8846,supported_cards_and_currencies,0.0084,top_up_by_bank_transfer_charge,0.0066
I receive my salary in GBP. Do I need to configure this somehwere?,receiving_money,receiving_money,True,0.881,receiving_money,0.881,exchange_via_app,0.014,supported_cards_and_currencies,0.0073
Do you know if I can use this for my salary?,receiving_money,receiving_money,True,0.8763,receiving_money,0.8763,supported_cards_and_currencies,0.0095,top_up_by_bank_transfer_charge,0.0083
How do I get my paycheck through this?,receiving_money,receiving_money,True,0.6368,receiving_money,0.6368,top_up_by_bank_transfer_charge,0.0326,reverted_card_payment?,0.0292
can I transfer my salary if it's in a different currency?,receiving_money,receiving_money,True,0.8793,receiving_money,0.8793,top_up_by_bank_transfer_charge,0.0089,exchange_via_app,0.0073
Can I get paid in a different currency?,receiving_money,receiving_money,True,0.6271,receiving_money,0.6271,exchange_charge,0.0983,exchange_via_app,0.0576
Is my salary eligible for this?,receiving_money,receiving_money,True,0.8762,receiving_money,0.8762,top_up_by_bank_transfer_charge,0.0094,supported_cards_and_currencies,0.0089
My salary is in GBP; how can I note this in the app?,receiving_money,receiving_money,True,0.8738,receiving_money,0.8738,exchange_via_app,0.0135,supported_cards_and_currencies,0.0096
Can I get paid in another currency?,receiving_money,receiving_money,True,0.7428,receiving_money,0.7428,exchange_via_app,0.0516,exchange_charge,0.0332
Can I get my paycheck through here?,receiving_money,receiving_money,True,0.6568,receiving_money,0.6568,top_up_by_bank_transfer_charge,0.0522,request_refund,0.0292
dont understand why transfer failed,failed_transfer,failed_transfer,True,0.7556,failed_transfer,0.7556,beneficiary_not_allowed,0.1083,declined_transfer,0.0645
Please help me make a transfer. I keep receiving an error and I'm trying to make the initial mortgage payment for a flat I'm buying. What is the deal here?,failed_transfer,failed_transfer,True,0.7792,failed_transfer,0.7792,beneficiary_not_allowed,0.0808,declined_transfer,0.0538
My transfer didn't work,failed_transfer,failed_transfer,True,0.6953,failed_transfer,0.6953,declined_transfer,0.1754,beneficiary_not_allowed,0.0457
"Fix your system. I can't make transfers, I've tried like 5 times already.",failed_transfer,failed_transfer,True,0.7391,failed_transfer,0.7391,beneficiary_not_allowed,0.0656,cancel_transfer,0.0467
Tell me why my transfer failed!,failed_transfer,failed_transfer,True,0.8546,failed_transfer,0.8546,beneficiary_not_allowed,0.0463,declined_transfer,0.0333
My transfer did not go through.,failed_transfer,failed_transfer,True,0.6862,failed_transfer,0.6862,declined_transfer,0.1699,beneficiary_not_allowed,0.0545
Why was I not able to complete a transfer?,failed_transfer,failed_transfer,True,0.7234,failed_transfer,0.7234,beneficiary_not_allowed,0.119,declined_transfer,0.0738
Can you help me figure out what's happening? I'm trying to transfer money to a friend but it keeps getting returned. I'm not sure what i'm doing wrong.,failed_transfer,beneficiary_not_allowed,False,0.3633,beneficiary_not_allowed,0.3633,failed_transfer,0.256,transfer_not_received_by_recipient,0.1204
Why did my transfer not go through?,failed_transfer,failed_transfer,True,0.7222,failed_transfer,0.7222,declined_transfer,0.1215,beneficiary_not_allowed,0.0712
My transfer didn't go through.,failed_transfer,failed_transfer,True,0.6963,failed_transfer,0.6963,declined_transfer,0.1595,beneficiary_not_allowed,0.0507
I could not get my transfer to happen correctly and was wondering why?,failed_transfer,failed_transfer,True,0.6463,failed_transfer,0.6463,beneficiary_not_allowed,0.1534,cancel_transfer,0.073
how come my transfer didn't work,failed_transfer,failed_transfer,True,0.6975,failed_transfer,0.6975,declined_transfer,0.1685,beneficiary_not_allowed,0.0527
"I transferred my funds, why did it not go through?",failed_transfer,failed_transfer,True,0.593,failed_transfer,0.593,beneficiary_not_allowed,0.1368,declined_transfer,0.1182
Why has my transfer failed?,failed_transfer,failed_transfer,True,0.8601,failed_transfer,0.8601,beneficiary_not_allowed,0.0381,declined_transfer,0.0351
Why did my transfer fail?,failed_transfer,failed_transfer,True,0.8401,failed_transfer,0.8401,beneficiary_not_allowed,0.0489,declined_transfer,0.0482
Why hasn't my transfer been made?,failed_transfer,balance_not_updated_after_bank_transfer,False,0.5887,balance_not_updated_after_bank_transfer,0.5887,transfer_not_received_by_recipient,0.2762,pending_transfer,0.0394
My transfer will not go through.,failed_transfer,failed_transfer,True,0.6882,failed_transfer,0.6882,declined_transfer,0.1461,beneficiary_not_allowed,0.081
My transfer keeps failing and I just want to transfer the money can you please make it work?,failed_transfer,failed_transfer,True,0.8114,failed_transfer,0.8114,declined_transfer,0.0598,beneficiary_not_allowed,0.0487
"The transfer keeps failing , I tried to transfer some money to friends this morning but it keeps getting rejected for some reason, Would you please check the issue ?",failed_transfer,failed_transfer,True,0.7275,failed_transfer,0.7275,declined_transfer,0.1261,beneficiary_not_allowed,0.0609
Why would a transfer fail?,failed_transfer,failed_transfer,True,0.8092,failed_transfer,0.8092,beneficiary_not_allowed,0.0633,declined_transfer,0.055
What are your policies for card transfers?,failed_transfer,order_physical_card,False,0.2222,order_physical_card,0.2222,top_up_by_bank_transfer_charge,0.0978,supported_cards_and_currencies,0.0853
Is the system down? I've been trying to do a transfer and have failed?,failed_transfer,failed_transfer,True,0.8222,failed_transfer,0.8222,beneficiary_not_allowed,0.0315,declined_transfer,0.0266
I tried to make a transfer but it failed,failed_transfer,failed_transfer,True,0.8354,failed_transfer,0.8354,declined_transfer,0.0551,beneficiary_not_allowed,0.0357
Why couldn't I complete a transfer?,failed_transfer,failed_transfer,True,0.7698,failed_transfer,0.7698,beneficiary_not_allowed,0.0818,declined_transfer,0.0692
My transfer appeared not to work.,failed_transfer,failed_transfer,True,0.6949,failed_transfer,0.6949,declined_transfer,0.1555,beneficiary_not_allowed,0.0624
What is stopping my money from transferring?,failed_transfer,failed_transfer,True,0.4557,failed_transfer,0.4557,beneficiary_not_allowed,0.3085,cancel_transfer,0.0467
"Hi, I'm buying a flat and I'm trying to get my mortgage to go though. Every time I check I simply get an error message. Is there any way you can help me get this money transferred over. Thanks!",failed_transfer,failed_transfer,True,0.6834,failed_transfer,0.6834,beneficiary_not_allowed,0.1365,declined_transfer,0.0773
My attempted transfer failed.,failed_transfer,failed_transfer,True,0.7925,failed_transfer,0.7925,beneficiary_not_allowed,0.0866,declined_transfer,0.0414
"I can not seem to make a successful transfer, can you tell me what I'm doing wrong?",failed_transfer,failed_transfer,True,0.7451,failed_transfer,0.7451,declined_transfer,0.0799,beneficiary_not_allowed,0.0649
"Please help me as i am continuously facing the issue in transferring money to my friends, as all my transactions are getting failed.",failed_transfer,failed_transfer,True,0.6802,failed_transfer,0.6802,beneficiary_not_allowed,0.1703,declined_transfer,0.0646
"I am trying to make a transfer and am unsuccessful, can you please tell me why?",failed_transfer,failed_transfer,True,0.8021,failed_transfer,0.8021,beneficiary_not_allowed,0.0692,declined_transfer,0.0559
My transfer did not seem to work.,failed_transfer,failed_transfer,True,0.6311,failed_transfer,0.6311,declined_transfer,0.211,beneficiary_not_allowed,0.0545
"I've now been trying to do a really standard transfer 5 times already. What's going on, is your system broken or something?!",failed_transfer,failed_transfer,True,0.7997,failed_transfer,0.7997,beneficiary_not_allowed,0.0565,cancel_transfer,0.0312
help me with my transfer,failed_transfer,failed_transfer,True,0.369,failed_transfer,0.369,beneficiary_not_allowed,0.1678,transfer_into_account,0.1215
Says my transfer can't be completed?,failed_transfer,failed_transfer,True,0.2648,failed_transfer,0.2648,pending_transfer,0.2192,transfer_not_received_by_recipient,0.2186
can you tell me why my transfer failed?,failed_transfer,failed_transfer,True,0.8594,failed_transfer,0.8594,beneficiary_not_allowed,0.0393,declined_transfer,0.0329
Why didn't my transfer go through?,failed_transfer,failed_transfer,True,0.7605,failed_transfer,0.7605,declined_transfer,0.108,beneficiary_not_allowed,0.0461
I've attempted to do a very standard transfer and have tried 5 times at this point. Can you tell me what the issue is? Is the system down?,failed_transfer,failed_transfer,True,0.7494,failed_transfer,0.7494,declined_transfer,0.0878,beneficiary_not_allowed,0.0815
Can you provide a reason as to why my transfer did not work?,failed_transfer,failed_transfer,True,0.7238,failed_transfer,0.7238,declined_transfer,0.1272,beneficiary_not_allowed,0.0679
I tried to transfer money and it did not work.,failed_transfer,failed_transfer,True,0.7768,failed_transfer,0.7768,declined_transfer,0.0684,beneficiary_not_allowed,0.059
Can I do a bank transfer to put additional money in my account because I am out of money?,transfer_into_account,transfer_into_account,True,0.8403,transfer_into_account,0.8403,balance_not_updated_after_bank_transfer,0.0298,top_up_by_bank_transfer_charge,0.0187
"I'm out of money, can I add money with my bank?",transfer_into_account,top_up_by_cash_or_cheque,False,0.3625,top_up_by_cash_or_cheque,0.3625,topping_up_by_card,0.2124,transfer_into_account,0.1764
How do I go forth on transferring money into my account?,transfer_into_account,transfer_into_account,True,0.8825,transfer_into_account,0.8825,top_up_by_bank_transfer_charge,0.0126,topping_up_by_card,0.0119
"I don't understand how to top up my account, can you please explain the process?",transfer_into_account,topping_up_by_card,False,0.6866,topping_up_by_card,0.6866,top_up_by_cash_or_cheque,0.0914,top_up_failed,0.0299
I don't understand the money transfer process.,transfer_into_account,beneficiary_not_allowed,False,0.2895,beneficiary_not_allowed,0.2895,failed_transfer,0.2292,pending_transfer,0.1134
"I need to transfer money into my account, how do I go about doing this?",transfer_into_account,transfer_into_account,True,0.8804,transfer_into_account,0.8804,topping_up_by_card,0.0132,top_up_by_bank_transfer_charge,0.0122
What do I need to do to transfer money into my account?,transfer_into_account,transfer_into_account,True,0.8857,transfer_into_account,0.8857,topping_up_by_card,0.0161,top_up_by_bank_transfer_charge,0.0093
I don't know what to do. Should I transfer funds. My account is out of money.,transfer_into_account,transfer_into_account,True,0.4396,transfer_into_account,0.4396,beneficiary_not_allowed,0.1717,balance_not_updated_after_bank_transfer,0.1177
Can I add funds to the card directly from my bank account?,transfer_into_account,topping_up_by_card,False,0.2687,topping_up_by_card,0.2687,supported_cards_and_currencies,0.1665,top_up_by_cash_or_cheque,0.1406
How does tranferring money into my account work?,transfer_into_account,transfer_into_account,True,0.6703,transfer_into_account,0.6703,receiving_money,0.0835,top_up_by_bank_transfer_charge,0.0259
I NEED TO KNOW HOW TO TRANSFER MONEY INTO MY BANK ACCOUNT. PLEASE HELP,transfer_into_account,transfer_into_account,True,0.8764,transfer_into_account,0.8764,topping_up_by_card,0.019,balance_not_updated_after_bank_transfer,0.0115
I would like to transfer some money from my other bank account into this one.,transfer_into_account,transfer_into_account,True,0.8742,transfer_into_account,0.8742,topping_up_by_card,0.0142,balance_not_updated_after_bank_transfer,0.0133
"When I want to transfer money to my account, how can I do that?",transfer_into_account,transfer_into_account,True,0.7708,transfer_into_account,0.7708,top_up_by_bank_transfer_charge,0.0319,transfer_timing,0.0257
I need to transfer funds into my account. How can I do this?,transfer_into_account,transfer_into_account,True,0.8727,transfer_into_account,0.8727,topping_up_by_card,0.0139,top_up_by_bank_transfer_charge,0.0099
What are the steps I follow to transfer money into my account?,transfer_into_account,transfer_into_account,True,0.8817,transfer_into_account,0.8817,top_up_by_bank_transfer_charge,0.0168,balance_not_updated_after_bank_transfer,0.0112
How can I transfer funds from my bank to my top up account?,transfer_into_account,transfer_into_account,True,0.782,transfer_into_account,0.782,topping_up_by_card,0.0768,top_up_by_cash_or_cheque,0.0173
I want to top my account by using a bank transfer. How would that work?,transfer_into_account,transfer_into_account,True,0.87,transfer_into_account,0.87,top_up_by_bank_transfer_charge,0.018,topping_up_by_card,0.0142
How to I transfer my funds into my account?,transfer_into_account,transfer_into_account,True,0.8566,transfer_into_account,0.8566,receiving_money,0.0157,topping_up_by_card,0.0141
How do I top up my card?,transfer_into_account,topping_up_by_card,False,0.6661,topping_up_by_card,0.6661,top_up_by_cash_or_cheque,0.0911,supported_cards_and_currencies,0.0717
How can I transfer money from an outside bank?,transfer_into_account,transfer_into_account,True,0.7765,transfer_into_account,0.7765,receiving_money,0.0401,topping_up_by_card,0.0323
How can I fund my top-up account using my bank account?,transfer_into_account,transfer_into_account,True,0.439,transfer_into_account,0.439,topping_up_by_card,0.2219,top_up_by_cash_or_cheque,0.1064
What methods can I use to add money to my account?,transfer_into_account,topping_up_by_card,False,0.3028,topping_up_by_card,0.3028,supported_cards_and_currencies,0.2161,top_up_by_cash_or_cheque,0.2088
"I would like to use the bank transfer feature, but I can't find it. Can you please give me the details?",transfer_into_account,transfer_into_account,True,0.6954,transfer_into_account,0.6954,balance_not_updated_after_bank_transfer,0.0863,beneficiary_not_allowed,0.0463
How can I perform a dual money transferring from one account to another?,transfer_into_account,transfer_into_account,True,0.1695,transfer_into_account,0.1695,transfer_fee_charged,0.0718,cancel_transfer,0.0715
CAN YOU EXPLAIN HOW TO TRANSFER MONEY INTO MY  ACCOUNT FOR ME?,transfer_into_account,transfer_into_account,True,0.8875,transfer_into_account,0.8875,topping_up_by_card,0.0128,top_up_by_bank_transfer_charge,0.0094
"I need to bank account transfer from another account into this one, what is the easiest way that can be done, and what information do i need?",transfer_into_account,transfer_into_account,True,0.8601,transfer_into_account,0.8601,balance_not_updated_after_bank_transfer,0.0186,topping_up_by_card,0.0123
How do I transfer money to my account?,transfer_into_account,transfer_into_account,True,0.8737,transfer_into_account,0.8737,topping_up_by_card,0.0157,top_up_by_bank_transfer_charge,0.013
How do I send my account money through transfer?,transfer_into_account,transfer_into_account,True,0.7095,transfer_into_account,0.7095,receiving_money,0.0915,top_up_by_bank_transfer_charge,0.0375
How do I do an international transfer?,transfer_into_account,transfer_into_account,True,0.3338,transfer_into_account,0.3338,top_up_by_bank_transfer_charge,0.2029,receiving_money,0.1014
Are there ways to transfer money into my account?,transfer_into_account,transfer_into_account,True,0.8894,transfer_into_account,0.8894,topping_up_by_card,0.013,top_up_by_bank_transfer_charge,0.0112
I want to transfer from accounts in order to Top up. What are the steps necessary.,transfer_into_account,transfer_into_account,True,0.7663,transfer_into_account,0.7663,topping_up_by_card,0.0657,top_up_by_bank_transfer_charge,0.0194
How does a transfer work?,transfer_into_account,transfer_into_account,True,0.4595,transfer_into_account,0.4595,failed_transfer,0.152,receiving_money,0.0917
"I would like use the bank transfer, but I don't understand the process, can you please explain, topping up?",transfer_into_account,transfer_into_account,True,0.7679,transfer_into_account,0.7679,balance_not_updated_after_bank_transfer,0.066,top_up_by_bank_transfer_charge,0.0254
I want to use bank transfer for topping up my account. How is it handled?,transfer_into_account,transfer_into_account,True,0.8511,transfer_into_account,0.8511,balance_not_updated_after_bank_transfer,0.0225,topping_up_by_card,0.0213
I checked my account today and it said I was out of money. How do I transfer money into my account?,transfer_into_account,transfer_into_account,True,0.4182,transfer_into_account,0.4182,balance_not_updated_after_bank_transfer,0.2476,transfer_not_received_by_recipient,0.0793
How can I transfer money to my account?,transfer_into_account,transfer_into_account,True,0.8605,transfer_into_account,0.8605,receiving_money,0.0188,topping_up_by_card,0.0167
I would like to transfer funds from one account to another.,transfer_into_account,transfer_into_account,True,0.8401,transfer_into_account,0.8401,beneficiary_not_allowed,0.026,topping_up_by_card,0.0128
I'm trying to transfer money into my account.,transfer_into_account,transfer_into_account,True,0.7565,transfer_into_account,0.7565,beneficiary_not_allowed,0.0599,failed_transfer,0.0346
I would like to transfer money from my other bank account into this one.,transfer_into_account,transfer_into_account,True,0.8594,transfer_into_account,0.8594,topping_up_by_card,0.017,balance_not_updated_after_bank_transfer,0.0129
Can I use a bank transfer to refill my account?,transfer_into_account,transfer_into_account,True,0.8598,transfer_into_account,0.8598,balance_not_updated_after_bank_transfer,0.0227,top_up_by_bank_transfer_charge,0.0147
What all is needed to verify the top-up card?,verify_top_up,verify_top_up,True,0.9208,verify_top_up,0.9208,top_up_by_cash_or_cheque,0.0113,why_verify_identity,0.0042
It wants me to verify the top up. Why?,verify_top_up,verify_top_up,True,0.9214,verify_top_up,0.9214,top_up_by_cash_or_cheque,0.0094,why_verify_identity,0.0054
Where can I find the top-up verification code?,verify_top_up,verify_top_up,True,0.9215,verify_top_up,0.9215,top_up_by_cash_or_cheque,0.0138,why_verify_identity,0.0039
Why do I have to verify the top-up that I started?,verify_top_up,verify_top_up,True,0.9115,verify_top_up,0.9115,top_up_by_cash_or_cheque,0.0083,pending_top_up,0.008
Can you give me information about verification code?,verify_top_up,verify_top_up,True,0.6158,verify_top_up,0.6158,why_verify_identity,0.1155,verify_my_identity,0.0672
What are the benefits to verifying the top-up?,verify_top_up,verify_top_up,True,0.9182,verify_top_up,0.9182,top_up_by_cash_or_cheque,0.0101,why_verify_identity,0.0057
how come the verification with the top up,verify_top_up,verify_top_up,True,0.909,verify_top_up,0.909,top_up_by_cash_or_cheque,0.0171,pending_top_up,0.0052
Can I verify a top up?,verify_top_up,verify_top_up,True,0.9118,verify_top_up,0.9118,top_up_by_cash_or_cheque,0.0181,why_verify_identity,0.004
reason i need to verify top up,verify_top_up,verify_top_up,True,0.9202,verify_top_up,0.9202,top_up_by_cash_or_cheque,0.0102,why_verify_identity,0.0062
Why do you need code verification for my top up?,verify_top_up,verify_top_up,True,0.9165,verify_top_up,0.9165,top_up_by_cash_or_cheque,0.0089,pending_top_up,0.0059
Where can I find the verification code on a top-up card?,verify_top_up,verify_top_up,True,0.9203,verify_top_up,0.9203,top_up_by_cash_or_cheque,0.0142,topping_up_by_card,0.0038
How do I get my top-up verification code?,verify_top_up,verify_top_up,True,0.9204,verify_top_up,0.9204,top_up_by_cash_or_cheque,0.014,why_verify_identity,0.0041
Is it possible to verify a top up?,verify_top_up,verify_top_up,True,0.9233,verify_top_up,0.9233,top_up_by_cash_or_cheque,0.0112,why_verify_identity,0.0047
Is it normal to have to verify my top-up or is something wrong?,verify_top_up,verify_top_up,True,0.9001,verify_top_up,0.9001,top_up_failed,0.0092,pending_top_up,0.0091
Why does the top-up need verification?,verify_top_up,verify_top_up,True,0.9142,verify_top_up,0.9142,top_up_by_cash_or_cheque,0.0102,pending_top_up,0.0071
Why does top-up need verifying?,verify_top_up,verify_top_up,True,0.9138,verify_top_up,0.9138,top_up_by_cash_or_cheque,0.0081,why_verify_identity,0.0071
Is it necessary to verify my top up?,verify_top_up,verify_top_up,True,0.9225,verify_top_up,0.9225,top_up_by_cash_or_cheque,0.0095,why_verify_identity,0.005
Why am i to verify the top-ups?,verify_top_up,verify_top_up,True,0.92,verify_top_up,0.92,top_up_by_cash_or_cheque,0.0081,why_verify_identity,0.0058
Where's the verification code for the top-up card?,verify_top_up,verify_top_up,True,0.9188,verify_top_up,0.9188,top_up_by_cash_or_cheque,0.0146,topping_up_by_card,0.0038
How do I find the verification code for my top-up card?,verify_top_up,verify_top_up,True,0.9231,verify_top_up,0.9231,top_up_by_cash_or_cheque,0.0126,topping_up_by_card,0.0038
Why is it important to verify a top-up card?,verify_top_up,verify_top_up,True,0.9187,verify_top_up,0.9187,top_up_by_cash_or_cheque,0.0078,why_verify_identity,0.0057
Why do I have to verify the top-up?,verify_top_up,verify_top_up,True,0.9226,verify_top_up,0.9226,top_up_by_cash_or_cheque,0.0084,why_verify_identity,0.0048
What is the verification code on a top-up?,verify_top_up,verify_top_up,True,0.9166,verify_top_up,0.9166,top_up_by_cash_or_cheque,0.0168,pending_top_up,0.0042
I can't find the top-up verification code.,verify_top_up,verify_top_up,True,0.9235,verify_top_up,0.9235,top_up_by_cash_or_cheque,0.01,pending_top_up,0.0044
How do I go forth verifying my top-up card?,verify_top_up,verify_top_up,True,0.9193,verify_top_up,0.9193,top_up_by_cash_or_cheque,0.01,why_verify_identity,0.0058
Where do I find the top-up verification code?,verify_top_up,verify_top_up,True,0.9211,verify_top_up,0.9211,top_up_by_cash_or_cheque,0.0141,why_verify_identity,0.0038
How is the top-up card verified?,verify_top_up,verify_top_up,True,0.9188,verify_top_up,0.9188,top_up_by_cash_or_cheque,0.0114,pending_top_up,0.0057
Is there a verification code for the top-up card?,verify_top_up,verify_top_up,True,0.9159,verify_top_up,0.9159,top_up_by_cash_or_cheque,0.0163,topping_up_by_card,0.0043
What is the importance of verifying the top-up?,verify_top_up,verify_top_up,True,0.921,verify_top_up,0.921,top_up_by_cash_or_cheque,0.0099,why_verify_identity,0.0053
help me find the top-up card's verification code?,verify_top_up,verify_top_up,True,0.9251,verify_top_up,0.9251,top_up_by_cash_or_cheque,0.0107,why_verify_identity,0.0039
I don't understand why it says I have to verify the top-up.,verify_top_up,verify_top_up,True,0.9176,verify_top_up,0.9176,top_up_by_cash_or_cheque,0.0078,why_verify_identity,0.0056
Can I verify a top-up and what card is used?,verify_top_up,verify_top_up,True,0.8869,verify_top_up,0.8869,top_up_by_cash_or_cheque,0.0259,topping_up_by_card,0.0057
Where do I go to get the code to verify the top up card?,verify_top_up,verify_top_up,True,0.9223,verify_top_up,0.9223,top_up_by_cash_or_cheque,0.0107,topping_up_by_card,0.0039
The top-up verification code is missing,verify_top_up,verify_top_up,True,0.9032,verify_top_up,0.9032,top_up_failed,0.0087,top_up_by_cash_or_cheque,0.0086
How do I verify a top-up?,verify_top_up,verify_top_up,True,0.9135,verify_top_up,0.9135,top_up_by_cash_or_cheque,0.0164,pending_top_up,0.0046
I cannot locate the verification code for my top-up card. Please help me.,verify_top_up,verify_top_up,True,0.923,verify_top_up,0.923,top_up_by_cash_or_cheque,0.0091,why_verify_identity,0.0048
How can I find the top-up verification code?,verify_top_up,verify_top_up,True,0.9214,verify_top_up,0.9214,top_up_by_cash_or_cheque,0.0136,why_verify_identity,0.0038
I need help finding the verification code for my top-up card.,verify_top_up,verify_top_up,True,0.9243,verify_top_up,0.9243,top_up_by_cash_or_cheque,0.0104,why_verify_identity,0.0045
Is there a verification code for top-ups?,verify_top_up,verify_top_up,True,0.9103,verify_top_up,0.9103,top_up_by_cash_or_cheque,0.0193,topping_up_by_card,0.0044
What is the necessity of verifying the top up?,verify_top_up,verify_top_up,True,0.9221,verify_top_up,0.9221,top_up_by_cash_or_cheque,0.0105,why_verify_identity,0.0057
Would it be possible to get another card?,getting_spare_card,getting_spare_card,True,0.8683,getting_spare_card,0.8683,order_physical_card,0.0237,disposable_card_limits,0.0106
How many cards can I have for one account?,getting_spare_card,getting_spare_card,True,0.8198,getting_spare_card,0.8198,disposable_card_limits,0.0319,order_physical_card,0.0279
I want to order another crad,getting_spare_card,request_refund,False,0.3055,request_refund,0.3055,disposable_card_limits,0.0727,getting_spare_card,0.0395
How can I get additional cards?,getting_spare_card,getting_spare_card,True,0.8655,getting_spare_card,0.8655,order_physical_card,0.0228,disposable_card_limits,0.0108
Is there a fee for extra cards?,getting_spare_card,getting_spare_card,True,0.8436,getting_spare_card,0.8436,order_physical_card,0.0307,card_payment_fee_charged,0.0159
I need some spare physical cards.,getting_spare_card,getting_spare_card,True,0.8445,getting_spare_card,0.8445,order_physical_card,0.0335,disposable_card_limits,0.0152
I would like to receive a few more physical cards.,getting_spare_card,getting_spare_card,True,0.8529,getting_spare_card,0.8529,order_physical_card,0.0248,disposable_card_limits,0.0167
Can I have a card after my first one?,getting_spare_card,order_physical_card,False,0.3506,order_physical_card,0.3506,getting_spare_card,0.3285,card_about_to_expire,0.0735
How would I go about getting a second card?,getting_spare_card,getting_spare_card,True,0.8709,getting_spare_card,0.8709,order_physical_card,0.0211,disposable_card_limits,0.0101
I'd like to have another card,getting_spare_card,getting_spare_card,True,0.8701,getting_spare_card,0.8701,order_physical_card,0.0253,disposable_card_limits,0.0102
"If I need more cards, are there any fees?",getting_spare_card,getting_spare_card,True,0.8734,getting_spare_card,0.8734,order_physical_card,0.0243,disposable_card_limits,0.0108
Do you offer multiple cards for the same account?,getting_spare_card,getting_spare_card,True,0.7871,getting_spare_card,0.7871,disposable_card_limits,0.0443,order_physical_card,0.0266
Can I get a spare card for someone else to use?,getting_spare_card,getting_spare_card,True,0.8398,getting_spare_card,0.8398,order_physical_card,0.0447,disposable_card_limits,0.0126
I need to get some more physical cards.,getting_spare_card,getting_spare_card,True,0.8558,getting_spare_card,0.8558,order_physical_card,0.0281,disposable_card_limits,0.0146
"Would I be able to get another card for my account, so I could give one to my daughter?",getting_spare_card,getting_spare_card,True,0.8739,getting_spare_card,0.8739,order_physical_card,0.017,disposable_card_limits,0.0113
What is the procedure for getting another card?,getting_spare_card,getting_spare_card,True,0.8685,getting_spare_card,0.8685,order_physical_card,0.028,getting_virtual_card,0.0094
Can I have a second card?,getting_spare_card,getting_spare_card,True,0.8804,getting_spare_card,0.8804,order_physical_card,0.0212,disposable_card_limits,0.0099
"My daughter would like a card as well, how can we make this happen?",getting_spare_card,getting_spare_card,True,0.3865,getting_spare_card,0.3865,order_physical_card,0.3573,getting_virtual_card,0.0303
Can I give a second card to my daughter?,getting_spare_card,getting_spare_card,True,0.8815,getting_spare_card,0.8815,order_physical_card,0.016,disposable_card_limits,0.0102
May I have another card?,getting_spare_card,getting_spare_card,True,0.8782,getting_spare_card,0.8782,order_physical_card,0.0279,disposable_card_limits,0.0079
Is there a fee for sending out more than one card?,getting_spare_card,getting_spare_card,True,0.8361,getting_spare_card,0.8361,order_physical_card,0.0355,disposable_card_limits,0.0149
Can I order extra cards?,getting_spare_card,getting_spare_card,True,0.8701,getting_spare_card,0.8701,order_physical_card,0.0231,disposable_card_limits,0.0109
Where can I get a second card?,getting_spare_card,getting_spare_card,True,0.8786,getting_spare_card,0.8786,order_physical_card,0.0233,disposable_card_limits,0.0097
I was looking to buy another card today.,getting_spare_card,getting_spare_card,True,0.8596,getting_spare_card,0.8596,order_physical_card,0.025,card_about_to_expire,0.0116
I need a few more physical cards.,getting_spare_card,getting_spare_card,True,0.8556,getting_spare_card,0.8556,order_physical_card,0.0239,disposable_card_limits,0.0157
Can i have a second physical card for this account?,getting_spare_card,getting_spare_card,True,0.8646,getting_spare_card,0.8646,order_physical_card,0.0254,getting_virtual_card,0.0121
Can I purchase extra non-virtual cards?,getting_spare_card,getting_virtual_card,False,0.4371,getting_virtual_card,0.4371,getting_spare_card,0.1786,disposable_card_limits,0.1154
Am I allowed to give my daughter one of my cards to use?,getting_spare_card,getting_spare_card,True,0.6992,getting_spare_card,0.6992,order_physical_card,0.0632,card_about_to_expire,0.0198
May I have a second card?,getting_spare_card,getting_spare_card,True,0.8806,getting_spare_card,0.8806,order_physical_card,0.024,disposable_card_limits,0.009
Can i have a card to my daughter?,getting_spare_card,getting_spare_card,True,0.3567,getting_spare_card,0.3567,order_physical_card,0.3257,card_about_to_expire,0.0578
Are there restrictions for ordering extra cards?,getting_spare_card,getting_spare_card,True,0.8556,getting_spare_card,0.8556,order_physical_card,0.0214,disposable_card_limits,0.015
How can I get a second card for my daughter?,getting_spare_card,getting_spare_card,True,0.8719,getting_spare_card,0.8719,order_physical_card,0.0148,disposable_card_limits,0.0107
Where do I request another card?,getting_spare_card,getting_spare_card,True,0.8736,getting_spare_card,0.8736,order_physical_card,0.029,disposable_card_limits,0.0089
Am I able to get a second card?,getting_spare_card,getting_spare_card,True,0.8771,getting_spare_card,0.8771,order_physical_card,0.0197,disposable_card_limits,0.0103
"If you send me more cards, are there any charges?",getting_spare_card,getting_spare_card,True,0.8754,getting_spare_card,0.8754,order_physical_card,0.0258,disposable_card_limits,0.0102
When trying to get more than one card is there a extra amount that needs to be paid?,getting_spare_card,getting_spare_card,True,0.6883,getting_spare_card,0.6883,card_payment_fee_charged,0.0583,order_physical_card,0.0406
Is it possible to give a second card for this account to my daughter?,getting_spare_card,getting_spare_card,True,0.8696,getting_spare_card,0.8696,order_physical_card,0.0164,disposable_card_limits,0.0134
My daughter needs a card. Can I give her one of mine that's linked to my account?,getting_spare_card,getting_spare_card,True,0.4862,getting_spare_card,0.4862,order_physical_card,0.1708,card_linking,0.1415
"My child needs a card, how can I add them to the account I currently have?",getting_spare_card,order_physical_card,False,0.1947,order_physical_card,0.1947,getting_spare_card,0.1849,card_about_to_expire,0.1626
"my daughter needs a card, how do i add her?",getting_spare_card,order_physical_card,False,0.4754,order_physical_card,0.4754,getting_spare_card,0.31,card_acceptance,0.0235
Can I top up by cheque?,top_up_by_cash_or_cheque,top_up_by_cash_or_cheque,True,0.8958,top_up_by_cash_or_cheque,0.8958,topping_up_by_card,0.0131,supported_cards_and_currencies,0.0117
How do I top-up using cash?,top_up_by_cash_or_cheque,top_up_by_cash_or_cheque,True,0.846,top_up_by_cash_or_cheque,0.846,topping_up_by_card,0.0267,supported_cards_and_currencies,0.0138
Can I top up with a cheque?,top_up_by_cash_or_cheque,top_up_by_cash_or_cheque,True,0.8958,top_up_by_cash_or_cheque,0.8958,topping_up_by_card,0.0117,supported_cards_and_currencies,0.011
Is it possible to top up with cash? If so how do I do it?,top_up_by_cash_or_cheque,top_up_by_cash_or_cheque,True,0.8399,top_up_by_cash_or_cheque,0.8399,topping_up_by_card,0.0224,supported_cards_and_currencies,0.0196
Can you help me find top up by cash deposit?,top_up_by_cash_or_cheque,top_up_by_cash_or_cheque,True,0.8649,top_up_by_cash_or_cheque,0.8649,topping_up_by_card,0.0235,verify_top_up,0.0138
Is there an option to top up a with cheque?,top_up_by_cash_or_cheque,top_up_by_cash_or_cheque,True,0.8819,top_up_by_cash_or_cheque,0.8819,supported_cards_and_currencies,0.0168,top_up_by_card_charge,0.015
Need to deposit a cheque into my account,top_up_by_cash_or_cheque,top_up_by_cash_or_cheque,True,0.5154,top_up_by_cash_or_cheque,0.5154,balance_not_updated_after_cheque_or_cash_deposit,0.3235,supported_cards_and_currencies,0.0095
I'm looking for the cash deposit top up option but can't find it. Can you help me?,top_up_by_cash_or_cheque,top_up_by_cash_or_cheque,True,0.6701,top_up_by_cash_or_cheque,0.6701,balance_not_updated_after_cheque_or_cash_deposit,0.1086,topping_up_by_card,0.0387
How do I top up my account with a cash payment?,top_up_by_cash_or_cheque,top_up_by_cash_or_cheque,True,0.7651,top_up_by_cash_or_cheque,0.7651,top_up_by_card_charge,0.0445,topping_up_by_card,0.0391
I'd like to use cash to top up. How do I find that option?,top_up_by_cash_or_cheque,top_up_by_cash_or_cheque,True,0.7701,top_up_by_cash_or_cheque,0.7701,supported_cards_and_currencies,0.0391,topping_up_by_card,0.028
Where do I locate topping up with cash.,top_up_by_cash_or_cheque,top_up_by_cash_or_cheque,True,0.8202,top_up_by_cash_or_cheque,0.8202,topping_up_by_card,0.0362,transfer_into_account,0.0117
How do I pay by check?,top_up_by_cash_or_cheque,top_up_by_cash_or_cheque,True,0.6606,top_up_by_cash_or_cheque,0.6606,supported_cards_and_currencies,0.0715,top_up_by_card_charge,0.0524
Can I add to my account balance with a cheque?,top_up_by_cash_or_cheque,top_up_by_cash_or_cheque,True,0.7095,top_up_by_cash_or_cheque,0.7095,balance_not_updated_after_cheque_or_cash_deposit,0.1355,supported_cards_and_currencies,0.0114
What type of deposits do you accept into my account?,top_up_by_cash_or_cheque,top_up_by_cash_or_cheque,True,0.172,top_up_by_cash_or_cheque,0.172,supported_cards_and_currencies,0.1668,verify_source_of_funds,0.0745
Can I top up using a cheque?,top_up_by_cash_or_cheque,top_up_by_cash_or_cheque,True,0.8934,top_up_by_cash_or_cheque,0.8934,topping_up_by_card,0.013,supported_cards_and_currencies,0.013
Can you top-up a card with a cheque?,top_up_by_cash_or_cheque,top_up_by_cash_or_cheque,True,0.8671,top_up_by_cash_or_cheque,0.8671,supported_cards_and_currencies,0.0207,topping_up_by_card,0.0178
"I need to top up cash, How do I do it?",top_up_by_cash_or_cheque,top_up_by_cash_or_cheque,True,0.8394,top_up_by_cash_or_cheque,0.8394,supported_cards_and_currencies,0.02,topping_up_by_card,0.0197
I'm looking for the option to top up by cheque.,top_up_by_cash_or_cheque,top_up_by_cash_or_cheque,True,0.8853,top_up_by_cash_or_cheque,0.8853,topping_up_by_card,0.0118,balance_not_updated_after_cheque_or_cash_deposit,0.0105
What locations can I top up with cash?,top_up_by_cash_or_cheque,top_up_by_cash_or_cheque,True,0.7654,top_up_by_cash_or_cheque,0.7654,supported_cards_and_currencies,0.0419,topping_up_by_card,0.0246
"I want to top up using cash, where can I do that?",top_up_by_cash_or_cheque,top_up_by_cash_or_cheque,True,0.8268,top_up_by_cash_or_cheque,0.8268,supported_cards_and_currencies,0.0302,topping_up_by_card,0.0241
is there a way to do top up with cash deposit,top_up_by_cash_or_cheque,top_up_by_cash_or_cheque,True,0.8797,top_up_by_cash_or_cheque,0.8797,topping_up_by_card,0.0178,balance_not_updated_after_cheque_or_cash_deposit,0.0098
Where are the options to top up with a cheque on my account?,top_up_by_cash_or_cheque,top_up_by_cash_or_cheque,True,0.8892,top_up_by_cash_or_cheque,0.8892,supported_cards_and_currencies,0.0148,topping_up_by_card,0.0111
Can I use cash to top up my account?,top_up_by_cash_or_cheque,top_up_by_cash_or_cheque,True,0.822,top_up_by_cash_or_cheque,0.822,topping_up_by_card,0.0361,supported_cards_and_currencies,0.022
How can I top up with cash?,top_up_by_cash_or_cheque,top_up_by_cash_or_cheque,True,0.8646,top_up_by_cash_or_cheque,0.8646,topping_up_by_card,0.0197,supported_cards_and_currencies,0.0144
Will you accept a cheque to top up my account?,top_up_by_cash_or_cheque,top_up_by_cash_or_cheque,True,0.8919,top_up_by_cash_or_cheque,0.8919,supported_cards_and_currencies,0.0112,topping_up_by_card,0.0106
How can I top up with this cheque I got?,top_up_by_cash_or_cheque,top_up_by_cash_or_cheque,True,0.8937,top_up_by_cash_or_cheque,0.8937,topping_up_by_card,0.0114,balance_not_updated_after_cheque_or_cash_deposit,0.011
What methods can I use to top up my account?,top_up_by_cash_or_cheque,topping_up_by_card,False,0.4493,topping_up_by_card,0.4493,top_up_by_cash_or_cheque,0.1755,supported_cards_and_currencies,0.1083
Is cash good to top up with?,top_up_by_cash_or_cheque,top_up_by_cash_or_cheque,True,0.8432,top_up_by_cash_or_cheque,0.8432,topping_up_by_card,0.0242,supported_cards_and_currencies,0.0195
how come i can't find anywhere to load using cash,top_up_by_cash_or_cheque,declined_cash_withdrawal,False,0.2067,declined_cash_withdrawal,0.2067,wrong_exchange_rate_for_cash_withdrawal,0.1262,pending_cash_withdrawal,0.1029
What can I pay with? Does cash work?,top_up_by_cash_or_cheque,atm_support,False,0.2203,atm_support,0.2203,declined_cash_withdrawal,0.1458,cash_withdrawal_charge,0.0926
How do I deposit cash into my account?,top_up_by_cash_or_cheque,top_up_by_cash_or_cheque,True,0.675,top_up_by_cash_or_cheque,0.675,transfer_into_account,0.0585,balance_not_updated_after_cheque_or_cash_deposit,0.0408
Why can't I top up with a cheque?,top_up_by_cash_or_cheque,top_up_by_cash_or_cheque,True,0.8516,top_up_by_cash_or_cheque,0.8516,topping_up_by_card,0.0266,verify_top_up,0.0153
Can I send a cheque to do my top ups?,top_up_by_cash_or_cheque,top_up_by_cash_or_cheque,True,0.8862,top_up_by_cash_or_cheque,0.8862,topping_up_by_card,0.0119,supported_cards_and_currencies,0.0086
Can I top up my account with a cheque?,top_up_by_cash_or_cheque,top_up_by_cash_or_cheque,True,0.8964,top_up_by_cash_or_cheque,0.8964,topping_up_by_card,0.0128,supported_cards_and_currencies,0.0102
I want to do a cash top-up,top_up_by_cash_or_cheque,top_up_by_cash_or_cheque,True,0.8512,top_up_by_cash_or_cheque,0.8512,topping_up_by_card,0.0273,supported_cards_and_currencies,0.0146
"I have a cheque here, can I use it to top off my account?",top_up_by_cash_or_cheque,top_up_by_cash_or_cheque,True,0.8888,top_up_by_cash_or_cheque,0.8888,supported_cards_and_currencies,0.0158,topping_up_by_card,0.0131
I want to top-up using cash,top_up_by_cash_or_cheque,top_up_by_cash_or_cheque,True,0.8192,top_up_by_cash_or_cheque,0.8192,topping_up_by_card,0.0431,supported_cards_and_currencies,0.0167
How can I top-up my card?,top_up_by_cash_or_cheque,topping_up_by_card,False,0.5686,topping_up_by_card,0.5686,supported_cards_and_currencies,0.0983,top_up_by_cash_or_cheque,0.0805
Can I submit a check or cash payment?,top_up_by_cash_or_cheque,top_up_by_cash_or_cheque,True,0.7958,top_up_by_cash_or_cheque,0.7958,balance_not_updated_after_cheque_or_cash_deposit,0.0279,supported_cards_and_currencies,0.0165
Do you accept checks?,top_up_by_cash_or_cheque,top_up_by_cash_or_cheque,True,0.7854,top_up_by_cash_or_cheque,0.7854,verify_top_up,0.0253,supported_cards_and_currencies,0.022
How do I receive my physical card,order_physical_card,order_physical_card,True,0.8012,order_physical_card,0.8012,card_acceptance,0.0542,card_delivery_estimate,0.0204
I want a card. What is the procedure?,order_physical_card,order_physical_card,True,0.8142,order_physical_card,0.8142,card_acceptance,0.0502,getting_spare_card,0.0145
What do you charge for physical cards?,order_physical_card,order_physical_card,True,0.7461,order_physical_card,0.7461,getting_spare_card,0.1169,card_acceptance,0.0179
Where can I get my card at?,order_physical_card,order_physical_card,True,0.5277,order_physical_card,0.5277,card_acceptance,0.2283,card_delivery_estimate,0.0319
price of physical card,order_physical_card,order_physical_card,True,0.7411,order_physical_card,0.7411,getting_spare_card,0.0446,card_acceptance,0.036
"Please, how do I order a card?",order_physical_card,order_physical_card,True,0.8335,order_physical_card,0.8335,getting_spare_card,0.0524,card_acceptance,0.0182
Send me a physical card,order_physical_card,order_physical_card,True,0.8462,order_physical_card,0.8462,getting_spare_card,0.0444,card_acceptance,0.0136
I want to order a card. Where do you deliver to?,order_physical_card,order_physical_card,True,0.8469,order_physical_card,0.8469,getting_spare_card,0.029,card_acceptance,0.0227
Can I request a physical card?,order_physical_card,order_physical_card,True,0.8518,order_physical_card,0.8518,card_acceptance,0.0274,getting_spare_card,0.0269
Is there a charge for physical cards,order_physical_card,order_physical_card,True,0.5422,order_physical_card,0.5422,getting_spare_card,0.2964,card_payment_fee_charged,0.0252
Do you charge for physical cards,order_physical_card,order_physical_card,True,0.721,order_physical_card,0.721,getting_spare_card,0.1378,card_acceptance,0.0173
Do you ship cards to where I live?,order_physical_card,order_physical_card,True,0.6211,order_physical_card,0.6211,card_acceptance,0.0892,getting_spare_card,0.0503
"For physical cards, do you charge?",order_physical_card,order_physical_card,True,0.7278,order_physical_card,0.7278,getting_spare_card,0.1183,card_acceptance,0.0252
I need to get an actual card so that I can use it for in person transactions. How would I do this?,order_physical_card,order_physical_card,True,0.7418,order_physical_card,0.7418,getting_spare_card,0.0635,card_acceptance,0.0466
Will I get a real card?,order_physical_card,order_physical_card,True,0.8423,order_physical_card,0.8423,getting_spare_card,0.0371,card_acceptance,0.0259
Where can you deliver cards?,order_physical_card,order_physical_card,True,0.8044,order_physical_card,0.8044,getting_spare_card,0.0559,card_acceptance,0.0327
Where are cards delivered to?,order_physical_card,order_physical_card,True,0.8099,order_physical_card,0.8099,getting_spare_card,0.0416,card_acceptance,0.0415
Please tell me how to get a physical card.,order_physical_card,order_physical_card,True,0.858,order_physical_card,0.858,getting_spare_card,0.029,card_acceptance,0.0205
What is the charge for a physical card?,order_physical_card,order_physical_card,True,0.7938,order_physical_card,0.7938,getting_spare_card,0.0476,card_payment_fee_charged,0.0321
Is a non-electronic card available as well,order_physical_card,card_linking,False,0.1508,card_linking,0.1508,activate_my_card,0.1126,order_physical_card,0.0964
How much does it cost in fees to use your card?,order_physical_card,card_payment_fee_charged,False,0.4199,card_payment_fee_charged,0.4199,order_physical_card,0.2405,card_acceptance,0.057
How can I get a physical card,order_physical_card,order_physical_card,True,0.8531,order_physical_card,0.8531,getting_spare_card,0.0321,card_acceptance,0.0182
Can I get a physical card through this app?,order_physical_card,card_linking,False,0.3615,card_linking,0.3615,order_physical_card,0.3357,getting_spare_card,0.0693
can I have a non virtual card?,order_physical_card,getting_virtual_card,False,0.645,getting_virtual_card,0.645,get_disposable_virtual_card,0.0872,virtual_card_not_working,0.0629
How do I get a physical card?,order_physical_card,order_physical_card,True,0.86,order_physical_card,0.86,getting_spare_card,0.0251,card_acceptance,0.0231
What are the fees to get a physical card?,order_physical_card,order_physical_card,True,0.8331,order_physical_card,0.8331,getting_spare_card,0.0415,card_acceptance,0.0199
Where can my card be delivered?,order_physical_card,order_physical_card,True,0.3629,order_physical_card,0.3629,card_delivery_estimate,0.196,card_arrival,0.1286
What will I be charged for a physical card?,order_physical_card,order_physical_card,True,0.7836,order_physical_card,0.7836,getting_spare_card,0.0521,card_payment_fee_charged,0.0328
Where do I order my card?,order_physical_card,order_physical_card,True,0.8188,order_physical_card,0.8188,card_acceptance,0.0509,getting_spare_card,0.0197
What locations can a card be delivered to?,order_physical_card,order_physical_card,True,0.6462,order_physical_card,0.6462,card_acceptance,0.1258,visa_or_mastercard,0.0327
Where can I receive my card?,order_physical_card,order_physical_card,True,0.5257,order_physical_card,0.5257,card_acceptance,0.222,card_delivery_estimate,0.0416
Where do you deliver cards by mail?,order_physical_card,order_physical_card,True,0.71,order_physical_card,0.71,getting_spare_card,0.1077,card_acceptance,0.0368
How can I get a real-life card of my own?,order_physical_card,order_physical_card,True,0.6193,order_physical_card,0.6193,getting_spare_card,0.1737,card_linking,0.0327
Where will I find my card?,order_physical_card,card_arrival,False,0.3612,card_arrival,0.3612,lost_or_stolen_card,0.2611,order_physical_card,0.0892
"If I want a physical card, do I have to pay anything?",order_physical_card,order_physical_card,True,0.8212,order_physical_card,0.8212,card_acceptance,0.0339,getting_spare_card,0.0326
Where can cards be delivered?,order_physical_card,order_physical_card,True,0.7841,order_physical_card,0.7841,card_acceptance,0.0551,getting_spare_card,0.0442
I need a physical card.,order_physical_card,order_physical_card,True,0.8507,order_physical_card,0.8507,getting_spare_card,0.036,card_acceptance,0.0234
What are the fees for a physical card?,order_physical_card,order_physical_card,True,0.7965,order_physical_card,0.7965,getting_spare_card,0.0486,card_payment_fee_charged,0.03
How do I get an actual card?,order_physical_card,order_physical_card,True,0.8396,order_physical_card,0.8396,getting_spare_card,0.0506,card_acceptance,0.0188
Can I get a real card?,order_physical_card,order_physical_card,True,0.8408,order_physical_card,0.8408,getting_spare_card,0.0344,card_acceptance,0.0297
Why is my disposable virtual card being denied?,virtual_card_not_working,get_disposable_virtual_card,False,0.2274,get_disposable_virtual_card,0.2274,virtual_card_not_working,0.2265,disposable_card_limits,0.1638
My disposable virtual card doesn't seem to work,virtual_card_not_working,virtual_card_not_working,True,0.2974,virtual_card_not_working,0.2974,get_disposable_virtual_card,0.1303,disposable_card_limits,0.0771
My disposable virtual card is broken.,virtual_card_not_working,virtual_card_not_working,True,0.2671,virtual_card_not_working,0.2671,get_disposable_virtual_card,0.1271,card_not_working,0.0718
My non-physical card will not work,virtual_card_not_working,card_not_working,False,0.795,card_not_working,0.795,declined_card_payment,0.0508,activate_my_card,0.013
Why did the disposable virtual card which I used to pay a gym subscription get denied?,virtual_card_not_working,virtual_card_not_working,True,0.2191,virtual_card_not_working,0.2191,disposable_card_limits,0.1218,get_disposable_virtual_card,0.117
Why is my virtual card is being declined?,virtual_card_not_working,virtual_card_not_working,True,0.2589,virtual_card_not_working,0.2589,getting_virtual_card,0.2437,declined_card_payment,0.1014
Are there restrictions for my disposable card since it does not seem to be working?,virtual_card_not_working,disposable_card_limits,False,0.6998,disposable_card_limits,0.6998,get_disposable_virtual_card,0.0832,virtual_card_not_working,0.0294
I cannot get my virtual card to work.,virtual_card_not_working,virtual_card_not_working,True,0.3379,virtual_card_not_working,0.3379,getting_virtual_card,0.104,card_not_working,0.0714
I was at the store earlier and my virtual card didn't work. What's the solution for this problem?,virtual_card_not_working,virtual_card_not_working,True,0.3307,virtual_card_not_working,0.3307,getting_virtual_card,0.1774,card_not_working,0.0484
My disposable virtual card will not work,virtual_card_not_working,virtual_card_not_working,True,0.2911,virtual_card_not_working,0.2911,get_disposable_virtual_card,0.1371,disposable_card_limits,0.085
I cannot use my disposable virtual card.,virtual_card_not_working,get_disposable_virtual_card,False,0.3787,get_disposable_virtual_card,0.3787,virtual_card_not_working,0.1763,disposable_card_limits,0.1457
Can I make multiple online transactions with my virtual card?,virtual_card_not_working,getting_virtual_card,False,0.5549,getting_virtual_card,0.5549,virtual_card_not_working,0.1189,disposable_card_limits,0.0705
Why was my virtual card declined when attempting to setup automatic billing?,virtual_card_not_working,virtual_card_not_working,True,0.2467,virtual_card_not_working,0.2467,declined_card_payment,0.1068,getting_virtual_card,0.0965
Why doesn't my disposable virtual card work?,virtual_card_not_working,virtual_card_not_working,True,0.2518,virtual_card_not_working,0.2518,get_disposable_virtual_card,0.2478,disposable_card_limits,0.0908
Why can't I use my virtual card for subscription services?,virtual_card_not_working,getting_virtual_card,False,0.4467,getting_virtual_card,0.4467,virtual_card_not_working,0.2118,get_disposable_virtual_card,0.0625
Why isn't my virtual card working?,virtual_card_not_working,virtual_card_not_working,True,0.3397,virtual_card_not_working,0.3397,getting_virtual_card,0.1833,get_disposable_virtual_card,0.0466
I cannot make transactions with my virtual card.,virtual_card_not_working,getting_virtual_card,False,0.332,getting_virtual_card,0.332,virtual_card_not_working,0.2608,disposable_card_limits,0.0506
"For some reason, the virtual card won't work for me.",virtual_card_not_working,virtual_card_not_working,True,0.3531,virtual_card_not_working,0.3531,getting_virtual_card,0.148,card_not_working,0.0506
My disposable virtual card has been rejected by the merchant earlier today. What should I do?,virtual_card_not_working,virtual_card_not_working,True,0.3057,virtual_card_not_working,0.3057,get_disposable_virtual_card,0.1513,disposable_card_limits,0.0622
How can I fix a problem where my virtual card is rejected?,virtual_card_not_working,virtual_card_not_working,True,0.2914,virtual_card_not_working,0.2914,getting_virtual_card,0.1914,card_not_working,0.0568
My virtual card isn't working. What do I do?,virtual_card_not_working,virtual_card_not_working,True,0.3372,virtual_card_not_working,0.3372,getting_virtual_card,0.1606,card_not_working,0.0505
What do I do if my virtual card won't work.,virtual_card_not_working,virtual_card_not_working,True,0.3129,virtual_card_not_working,0.3129,getting_virtual_card,0.093,card_not_working,0.0894
Is there a trick to get the disposable virtual card to work?,virtual_card_not_working,get_disposable_virtual_card,False,0.482,get_disposable_virtual_card,0.482,virtual_card_not_working,0.1179,disposable_card_limits,0.1141
Why can't I get my virtual card to work?,virtual_card_not_working,virtual_card_not_working,True,0.3251,virtual_card_not_working,0.3251,getting_virtual_card,0.1169,card_not_working,0.0737
My card is just not working at this time.,virtual_card_not_working,card_not_working,False,0.8159,card_not_working,0.8159,declined_card_payment,0.0456,activate_my_card,0.011
My disposable card seems not to be working am I doing something wrong?,virtual_card_not_working,disposable_card_limits,False,0.2025,disposable_card_limits,0.2025,card_not_working,0.1423,virtual_card_not_working,0.1014
My payments from my virtual card keep getting rejected.,virtual_card_not_working,virtual_card_not_working,True,0.3068,virtual_card_not_working,0.3068,getting_virtual_card,0.1697,declined_card_payment,0.0817
My disposable virtual card is not working when I try to use it at a point of sale transaction. What do I do now?,virtual_card_not_working,virtual_card_not_working,True,0.2606,virtual_card_not_working,0.2606,get_disposable_virtual_card,0.2119,disposable_card_limits,0.0868
My transaction was just declined when I was using my disposable virtual card. What can I do?,virtual_card_not_working,virtual_card_not_working,True,0.2153,virtual_card_not_working,0.2153,get_disposable_virtual_card,0.1891,disposable_card_limits,0.1418
My disposable virtual card is not working,virtual_card_not_working,virtual_card_not_working,True,0.303,virtual_card_not_working,0.303,get_disposable_virtual_card,0.177,disposable_card_limits,0.0789
How do I get my disposable virtual card to work?,virtual_card_not_working,get_disposable_virtual_card,False,0.5132,get_disposable_virtual_card,0.5132,virtual_card_not_working,0.12,disposable_card_limits,0.0632
How come my disposable virtual card used to pay for a gym subscription got rejected?,virtual_card_not_working,virtual_card_not_working,True,0.2903,virtual_card_not_working,0.2903,declined_card_payment,0.119,get_disposable_virtual_card,0.0786
Payments from my disposable virtual card don't work,virtual_card_not_working,virtual_card_not_working,True,0.2972,virtual_card_not_working,0.2972,get_disposable_virtual_card,0.1062,declined_card_payment,0.0976
"My disposable virtual card was rejected by the merchant, please help?",virtual_card_not_working,virtual_card_not_working,True,0.3489,virtual_card_not_working,0.3489,get_disposable_virtual_card,0.1137,getting_virtual_card,0.061
My virtual card won't work.,virtual_card_not_working,virtual_card_not_working,True,0.347,virtual_card_not_working,0.347,getting_virtual_card,0.1101,card_not_working,0.0623
Tell me why my virtual disposable card won't work.,virtual_card_not_working,virtual_card_not_working,True,0.2864,virtual_card_not_working,0.2864,get_disposable_virtual_card,0.1784,disposable_card_limits,0.0898
I need help getting the virtual card to work.,virtual_card_not_working,virtual_card_not_working,True,0.314,virtual_card_not_working,0.314,getting_virtual_card,0.2087,get_disposable_virtual_card,0.0791
I was trying to use my virtual card at a merchant and it was rejected. How can I fix this?,virtual_card_not_working,virtual_card_not_working,True,0.3116,virtual_card_not_working,0.3116,getting_virtual_card,0.1557,declined_card_payment,0.059
How do I make my virtual card work?,virtual_card_not_working,getting_virtual_card,False,0.3224,getting_virtual_card,0.3224,virtual_card_not_working,0.2597,get_disposable_virtual_card,0.0968
virtual card is not working for me,virtual_card_not_working,virtual_card_not_working,True,0.326,virtual_card_not_working,0.326,getting_virtual_card,0.263,get_disposable_virtual_card,0.0552
I did not get the right amount of money when I used a different country's currency.,wrong_exchange_rate_for_cash_withdrawal,wrong_exchange_rate_for_cash_withdrawal,True,0.5486,wrong_exchange_rate_for_cash_withdrawal,0.5486,wrong_amount_of_cash_received,0.1919,card_payment_wrong_exchange_rate,0.1124
I took out money from a transaction machine and it exchanged the wrong dollar value amount from another currency!,wrong_exchange_rate_for_cash_withdrawal,wrong_exchange_rate_for_cash_withdrawal,True,0.5924,wrong_exchange_rate_for_cash_withdrawal,0.5924,card_payment_wrong_exchange_rate,0.2397,wrong_amount_of_cash_received,0.0486
I made a withdraw from the ATM this past holiday and it seems like a was charged too much. If I would have   known about these charges I wouldn't have made a withdraw.,wrong_exchange_rate_for_cash_withdrawal,wrong_exchange_rate_for_cash_withdrawal,True,0.8261,wrong_exchange_rate_for_cash_withdrawal,0.8261,wrong_amount_of_cash_received,0.0661,card_payment_wrong_exchange_rate,0.0272
Can you look to make sure the exchange rate is correct,wrong_exchange_rate_for_cash_withdrawal,exchange_rate,False,0.4434,exchange_rate,0.4434,card_payment_wrong_exchange_rate,0.2866,wrong_exchange_rate_for_cash_withdrawal,0.1594
Exchange rate for my cash withdrawal is wrong,wrong_exchange_rate_for_cash_withdrawal,wrong_exchange_rate_for_cash_withdrawal,True,0.923,wrong_exchange_rate_for_cash_withdrawal,0.923,card_payment_wrong_exchange_rate,0.0228,wrong_amount_of_cash_received,0.0123
Hello. I'm on holiday and didn't bring any cash with me. I need to withdrawal my home currency from one of your machines. Do you have any that will do this and is there a charge?,wrong_exchange_rate_for_cash_withdrawal,wrong_exchange_rate_for_cash_withdrawal,True,0.8052,wrong_exchange_rate_for_cash_withdrawal,0.8052,card_payment_wrong_exchange_rate,0.0455,exchange_charge,0.0229
Why was the exchange rate wrong when I got cash,wrong_exchange_rate_for_cash_withdrawal,wrong_exchange_rate_for_cash_withdrawal,True,0.9129,wrong_exchange_rate_for_cash_withdrawal,0.9129,card_payment_wrong_exchange_rate,0.0193,wrong_amount_of_cash_received,0.0162
I attempted to get money using a foreign currency at an ATM but the rate was highly inaccurate!,wrong_exchange_rate_for_cash_withdrawal,wrong_exchange_rate_for_cash_withdrawal,True,0.9033,wrong_exchange_rate_for_cash_withdrawal,0.9033,card_payment_wrong_exchange_rate,0.0302,wrong_amount_of_cash_received,0.0161
Why is the exchange rate wrong for my international withdrawal?,wrong_exchange_rate_for_cash_withdrawal,wrong_exchange_rate_for_cash_withdrawal,True,0.8806,wrong_exchange_rate_for_cash_withdrawal,0.8806,card_payment_wrong_exchange_rate,0.0688,wrong_amount_of_cash_received,0.0079
A wrong exchange rate was applied to a transaction made abroad.,wrong_exchange_rate_for_cash_withdrawal,card_payment_wrong_exchange_rate,False,0.5609,card_payment_wrong_exchange_rate,0.5609,wrong_exchange_rate_for_cash_withdrawal,0.3729,exchange_charge,0.0091
The exchange rate you gave me for my cash withdrawal is wrong,wrong_exchange_rate_for_cash_withdrawal,wrong_exchange_rate_for_cash_withdrawal,True,0.9186,wrong_exchange_rate_for_cash_withdrawal,0.9186,card_payment_wrong_exchange_rate,0.0205,wrong_amount_of_cash_received,0.0174
Is there a fee for exchanging cash?,wrong_exchange_rate_for_cash_withdrawal,exchange_charge,False,0.6711,exchange_charge,0.6711,wrong_exchange_rate_for_cash_withdrawal,0.072,card_payment_wrong_exchange_rate,0.0663
Why is the exchange rate so exorbitant? This should have been a much higher amount of cash for that to apply.,wrong_exchange_rate_for_cash_withdrawal,wrong_exchange_rate_for_cash_withdrawal,True,0.8634,wrong_exchange_rate_for_cash_withdrawal,0.8634,card_payment_wrong_exchange_rate,0.0814,wrong_amount_of_cash_received,0.0144
Why was the exchange rate different when I withdrew my cash?,wrong_exchange_rate_for_cash_withdrawal,wrong_exchange_rate_for_cash_withdrawal,True,0.9035,wrong_exchange_rate_for_cash_withdrawal,0.9035,declined_cash_withdrawal,0.0192,wrong_amount_of_cash_received,0.016
"When I got cash, my exchange rate was wrong.",wrong_exchange_rate_for_cash_withdrawal,wrong_exchange_rate_for_cash_withdrawal,True,0.9107,wrong_exchange_rate_for_cash_withdrawal,0.9107,card_payment_wrong_exchange_rate,0.0199,wrong_amount_of_cash_received,0.0162
Will there be additional costs of I make a withdrawal from a local ATM of British pounds? I need some cash to feel comfortable on the journey home,wrong_exchange_rate_for_cash_withdrawal,cash_withdrawal_charge,False,0.3413,cash_withdrawal_charge,0.3413,wrong_exchange_rate_for_cash_withdrawal,0.3333,wrong_amount_of_cash_received,0.1125
It seems I was overcharged when I used an ATM while on vacation. If I knew about your fees in advance I sure would have gone somewhere else.,wrong_exchange_rate_for_cash_withdrawal,wrong_exchange_rate_for_cash_withdrawal,True,0.8238,wrong_exchange_rate_for_cash_withdrawal,0.8238,wrong_amount_of_cash_received,0.0595,card_payment_wrong_exchange_rate,0.0434
I checked the exchange rate when I withdrew cash. But the actual rate that you applied was different.,wrong_exchange_rate_for_cash_withdrawal,wrong_exchange_rate_for_cash_withdrawal,True,0.9208,wrong_exchange_rate_for_cash_withdrawal,0.9208,card_payment_wrong_exchange_rate,0.0208,wrong_amount_of_cash_received,0.0147
"In receiving cash, the wrong exchange rate was used for my transaction.",wrong_exchange_rate_for_cash_withdrawal,wrong_exchange_rate_for_cash_withdrawal,True,0.9119,wrong_exchange_rate_for_cash_withdrawal,0.9119,card_payment_wrong_exchange_rate,0.0355,wrong_amount_of_cash_received,0.0127
Can I make a withdraw if I am out of country from with out any fees at an ATM?,wrong_exchange_rate_for_cash_withdrawal,wrong_exchange_rate_for_cash_withdrawal,True,0.5171,wrong_exchange_rate_for_cash_withdrawal,0.5171,cash_withdrawal_charge,0.1102,atm_support,0.0458
I took out a foreign currency and the exchange rate is wrong.,wrong_exchange_rate_for_cash_withdrawal,wrong_exchange_rate_for_cash_withdrawal,True,0.5287,wrong_exchange_rate_for_cash_withdrawal,0.5287,card_payment_wrong_exchange_rate,0.4115,exchange_charge,0.0085
I feel like too much money was taken during my currency exchange.,wrong_exchange_rate_for_cash_withdrawal,wrong_exchange_rate_for_cash_withdrawal,True,0.4559,wrong_exchange_rate_for_cash_withdrawal,0.4559,card_payment_wrong_exchange_rate,0.4271,exchange_charge,0.0282
There was an error in exchange rate for my cash withdrawal,wrong_exchange_rate_for_cash_withdrawal,wrong_exchange_rate_for_cash_withdrawal,True,0.9229,wrong_exchange_rate_for_cash_withdrawal,0.9229,card_payment_wrong_exchange_rate,0.0198,wrong_amount_of_cash_received,0.0128
"I need the right foreign money, at the right rate, at ATMs, when I go abroad.",wrong_exchange_rate_for_cash_withdrawal,wrong_exchange_rate_for_cash_withdrawal,True,0.8914,wrong_exchange_rate_for_cash_withdrawal,0.8914,card_payment_wrong_exchange_rate,0.0221,wrong_amount_of_cash_received,0.0168
The conversion rate on the ATM that I used with foreign currency was wrong.,wrong_exchange_rate_for_cash_withdrawal,wrong_exchange_rate_for_cash_withdrawal,True,0.8946,wrong_exchange_rate_for_cash_withdrawal,0.8946,card_payment_wrong_exchange_rate,0.0277,wrong_amount_of_cash_received,0.0248
why is the exchange rate for a Foreign ATM different,wrong_exchange_rate_for_cash_withdrawal,wrong_exchange_rate_for_cash_withdrawal,True,0.9017,wrong_exchange_rate_for_cash_withdrawal,0.9017,card_payment_wrong_exchange_rate,0.0253,wrong_amount_of_cash_received,0.0137
My cash withdrawal charged me the wrong exchange rate,wrong_exchange_rate_for_cash_withdrawal,wrong_exchange_rate_for_cash_withdrawal,True,0.914,wrong_exchange_rate_for_cash_withdrawal,0.914,card_payment_wrong_exchange_rate,0.0344,wrong_amount_of_cash_received,0.0144
I withdrew some cash out of the ATM over the holiday. It seems that I was charged some outrageous fees. I would not have done that had I been aware of these outrageous charges!,wrong_exchange_rate_for_cash_withdrawal,wrong_exchange_rate_for_cash_withdrawal,True,0.6902,wrong_exchange_rate_for_cash_withdrawal,0.6902,cash_withdrawal_charge,0.1178,wrong_amount_of_cash_received,0.0586
The exchange rate for my withdrawal isn't correct and doesn't match the actual exchange rate.,wrong_exchange_rate_for_cash_withdrawal,wrong_exchange_rate_for_cash_withdrawal,True,0.8512,wrong_exchange_rate_for_cash_withdrawal,0.8512,card_payment_wrong_exchange_rate,0.0955,wrong_amount_of_cash_received,0.0088
Can you explain your exchange rate policy? I don't think I received the correct amount of cash in my ATM transaction.,wrong_exchange_rate_for_cash_withdrawal,wrong_exchange_rate_for_cash_withdrawal,True,0.8362,wrong_exchange_rate_for_cash_withdrawal,0.8362,wrong_amount_of_cash_received,0.0891,card_payment_wrong_exchange_rate,0.0182
My ecchange rate was wrong for a cash transaction.,wrong_exchange_rate_for_cash_withdrawal,wrong_exchange_rate_for_cash_withdrawal,True,0.8779,wrong_exchange_rate_for_cash_withdrawal,0.8779,wrong_amount_of_cash_received,0.0407,card_payment_wrong_exchange_rate,0.0296
I expected a higher exchange rate when I withdrew money. Can you tell me current exchange rates?,wrong_exchange_rate_for_cash_withdrawal,wrong_exchange_rate_for_cash_withdrawal,True,0.8977,wrong_exchange_rate_for_cash_withdrawal,0.8977,card_payment_wrong_exchange_rate,0.0325,exchange_rate,0.01
The see the rate applied to my transaction was wrong at the atm.,wrong_exchange_rate_for_cash_withdrawal,wrong_exchange_rate_for_cash_withdrawal,True,0.7798,wrong_exchange_rate_for_cash_withdrawal,0.7798,wrong_amount_of_cash_received,0.1022,declined_cash_withdrawal,0.0366
The rate of exchange isn't right for my cash withdrawal.,wrong_exchange_rate_for_cash_withdrawal,wrong_exchange_rate_for_cash_withdrawal,True,0.9221,wrong_exchange_rate_for_cash_withdrawal,0.9221,card_payment_wrong_exchange_rate,0.0315,wrong_amount_of_cash_received,0.0111
I took out cash abroad and the exchange rate isn't correct.,wrong_exchange_rate_for_cash_withdrawal,wrong_exchange_rate_for_cash_withdrawal,True,0.9166,wrong_exchange_rate_for_cash_withdrawal,0.9166,card_payment_wrong_exchange_rate,0.031,wrong_amount_of_cash_received,0.0107
I used an ATM in a foreign currency but the rate applied is wrong!,wrong_exchange_rate_for_cash_withdrawal,wrong_exchange_rate_for_cash_withdrawal,True,0.9049,wrong_exchange_rate_for_cash_withdrawal,0.9049,card_payment_wrong_exchange_rate,0.0271,wrong_amount_of_cash_received,0.0172
how do you determine your exchange rates because one of yours was off when i got cash,wrong_exchange_rate_for_cash_withdrawal,wrong_exchange_rate_for_cash_withdrawal,True,0.9146,wrong_exchange_rate_for_cash_withdrawal,0.9146,card_payment_wrong_exchange_rate,0.0225,wrong_amount_of_cash_received,0.0128
I used the ATM machine to get money out for Holiday shopping and saw the outrageous charges. Why is that? I would not have used the ATM if I had known!,wrong_exchange_rate_for_cash_withdrawal,wrong_exchange_rate_for_cash_withdrawal,True,0.7531,wrong_exchange_rate_for_cash_withdrawal,0.7531,declined_cash_withdrawal,0.0627,wrong_amount_of_cash_received,0.0573
The cash withdrawal exchange rate is not correct.,wrong_exchange_rate_for_cash_withdrawal,wrong_exchange_rate_for_cash_withdrawal,True,0.9224,wrong_exchange_rate_for_cash_withdrawal,0.9224,card_payment_wrong_exchange_rate,0.021,wrong_amount_of_cash_received,0.0109
"Is there a local ATM that will provide British pounds, I have no money for my homeward journey and do not feel comfortable waiting until  I arrive in Britain. Will a withdrawal involve extra charges?",wrong_exchange_rate_for_cash_withdrawal,wrong_exchange_rate_for_cash_withdrawal,True,0.675,wrong_exchange_rate_for_cash_withdrawal,0.675,wrong_amount_of_cash_received,0.0757,pending_cash_withdrawal,0.0679
can i get a description of how to use a disposable virtual card,get_disposable_virtual_card,get_disposable_virtual_card,True,0.8028,get_disposable_virtual_card,0.8028,disposable_card_limits,0.0592,getting_virtual_card,0.0139
Can I create a disposable virtual card?,get_disposable_virtual_card,get_disposable_virtual_card,True,0.7943,get_disposable_virtual_card,0.7943,disposable_card_limits,0.0397,getting_virtual_card,0.0178
What can you tell me about getting a virtual disposable card?,get_disposable_virtual_card,get_disposable_virtual_card,True,0.7884,get_disposable_virtual_card,0.7884,disposable_card_limits,0.0449,getting_virtual_card,0.0261
I would like to order a disposable virtual card. How can I do this?,get_disposable_virtual_card,get_disposable_virtual_card,True,0.7975,get_disposable_virtual_card,0.7975,disposable_card_limits,0.0489,getting_virtual_card,0.0205
how do VR cards work,get_disposable_virtual_card,getting_virtual_card,False,0.1333,getting_virtual_card,0.1333,get_disposable_virtual_card,0.1194,virtual_card_not_working,0.0647
What is a disposable virtual card?,get_disposable_virtual_card,get_disposable_virtual_card,True,0.7922,get_disposable_virtual_card,0.7922,disposable_card_limits,0.0326,getting_virtual_card,0.0175
I would like a temporary virtual card,get_disposable_virtual_card,getting_virtual_card,False,0.7863,getting_virtual_card,0.7863,virtual_card_not_working,0.0407,get_disposable_virtual_card,0.0394
How do the disposable cards work?,get_disposable_virtual_card,get_disposable_virtual_card,True,0.6192,get_disposable_virtual_card,0.6192,disposable_card_limits,0.2156,virtual_card_not_working,0.0216
How do I use a disposable virtual card?,get_disposable_virtual_card,get_disposable_virtual_card,True,0.7884,get_disposable_virtual_card,0.7884,disposable_card_limits,0.0335,virtual_card_not_working,0.0164
Where's the best place to get a disposable virtual card?,get_disposable_virtual_card,get_disposable_virtual_card,True,0.8047,get_disposable_virtual_card,0.8047,disposable_card_limits,0.0554,getting_virtual_card,0.0179
Can you explain the disposable cards to me?,get_disposable_virtual_card,get_disposable_virtual_card,True,0.6324,get_disposable_virtual_card,0.6324,disposable_card_limits,0.2522,virtual_card_not_working,0.0107
"Is there anyway, I can get a disposable virtual card?",get_disposable_virtual_card,get_disposable_virtual_card,True,0.8073,get_disposable_virtual_card,0.8073,disposable_card_limits,0.0505,getting_virtual_card,0.0185
I just purchased a disposable virtual card. Am I able to use it for online purchases immediately?,get_disposable_virtual_card,get_disposable_virtual_card,True,0.6906,get_disposable_virtual_card,0.6906,disposable_card_limits,0.079,getting_virtual_card,0.0455
how secure is a disposable virtual card,get_disposable_virtual_card,get_disposable_virtual_card,True,0.6866,get_disposable_virtual_card,0.6866,disposable_card_limits,0.1032,virtual_card_not_working,0.0305
What do I do to get a disposable virtual card?,get_disposable_virtual_card,get_disposable_virtual_card,True,0.8075,get_disposable_virtual_card,0.8075,disposable_card_limits,0.0368,getting_virtual_card,0.0173
I want to get a disposable virtual card.,get_disposable_virtual_card,get_disposable_virtual_card,True,0.794,get_disposable_virtual_card,0.794,disposable_card_limits,0.0368,getting_virtual_card,0.019
Can you explain disposable cards?,get_disposable_virtual_card,get_disposable_virtual_card,True,0.6826,get_disposable_virtual_card,0.6826,disposable_card_limits,0.2023,virtual_card_not_working,0.0078
how do i get a virtual card for one time use,get_disposable_virtual_card,getting_virtual_card,False,0.7483,getting_virtual_card,0.7483,get_disposable_virtual_card,0.0692,virtual_card_not_working,0.0397
May I get a disposable virtual card as well?,get_disposable_virtual_card,get_disposable_virtual_card,True,0.7974,get_disposable_virtual_card,0.7974,disposable_card_limits,0.0421,getting_virtual_card,0.0204
Can i get a single use virtual card,get_disposable_virtual_card,getting_virtual_card,False,0.6582,getting_virtual_card,0.6582,get_disposable_virtual_card,0.0934,disposable_card_limits,0.0544
I would like to create a disposable virtual card. How do I go about doing that?,get_disposable_virtual_card,get_disposable_virtual_card,True,0.7938,get_disposable_virtual_card,0.7938,disposable_card_limits,0.0451,getting_virtual_card,0.02
"I have a disposable virtual card here, so would you tell me what to do with it?",get_disposable_virtual_card,get_disposable_virtual_card,True,0.759,get_disposable_virtual_card,0.759,disposable_card_limits,0.0527,getting_virtual_card,0.0317
how does a virtual card work,get_disposable_virtual_card,getting_virtual_card,False,0.4613,getting_virtual_card,0.4613,virtual_card_not_working,0.1575,get_disposable_virtual_card,0.1361
What is the process of obtaining a disposable virtual card,get_disposable_virtual_card,get_disposable_virtual_card,True,0.8029,get_disposable_virtual_card,0.8029,disposable_card_limits,0.0476,getting_virtual_card,0.0147
What does a disposable virtual card do?,get_disposable_virtual_card,get_disposable_virtual_card,True,0.7836,get_disposable_virtual_card,0.7836,disposable_card_limits,0.0339,getting_virtual_card,0.0206
When can I order a disposable virtual card?,get_disposable_virtual_card,get_disposable_virtual_card,True,0.75,get_disposable_virtual_card,0.75,disposable_card_limits,0.0643,getting_virtual_card,0.0191
Is it possible to also get a disposable virtual card?,get_disposable_virtual_card,get_disposable_virtual_card,True,0.8066,get_disposable_virtual_card,0.8066,disposable_card_limits,0.0564,getting_virtual_card,0.0157
How do I obtain a disposable virtual card?,get_disposable_virtual_card,get_disposable_virtual_card,True,0.8008,get_disposable_virtual_card,0.8008,disposable_card_limits,0.0352,getting_virtual_card,0.0188
How would you use a disposable card?,get_disposable_virtual_card,get_disposable_virtual_card,True,0.7911,get_disposable_virtual_card,0.7911,disposable_card_limits,0.073,supported_cards_and_currencies,0.0078
"I need a disposable virtual card, how do I get one?",get_disposable_virtual_card,get_disposable_virtual_card,True,0.7933,get_disposable_virtual_card,0.7933,disposable_card_limits,0.0524,getting_virtual_card,0.0233
How do disposable cards work?,get_disposable_virtual_card,get_disposable_virtual_card,True,0.6789,get_disposable_virtual_card,0.6789,disposable_card_limits,0.1678,virtual_card_not_working,0.0168
Is there a disposable virtual card I can order?,get_disposable_virtual_card,get_disposable_virtual_card,True,0.7997,get_disposable_virtual_card,0.7997,disposable_card_limits,0.0481,getting_virtual_card,0.0221
Where can I get a disposable virtual card?,get_disposable_virtual_card,get_disposable_virtual_card,True,0.8088,get_disposable_virtual_card,0.8088,disposable_card_limits,0.0391,getting_virtual_card,0.0173
Will I be able to get a disposable virtual card as well?,get_disposable_virtual_card,get_disposable_virtual_card,True,0.8015,get_disposable_virtual_card,0.8015,disposable_card_limits,0.0508,getting_virtual_card,0.0174
Hello! I need to order a disposable virtual card. Where can I do that at?,get_disposable_virtual_card,get_disposable_virtual_card,True,0.7962,get_disposable_virtual_card,0.7962,disposable_card_limits,0.0552,getting_virtual_card,0.0237
where do I request a disposable virtual card?,get_disposable_virtual_card,get_disposable_virtual_card,True,0.8063,get_disposable_virtual_card,0.8063,disposable_card_limits,0.0522,getting_virtual_card,0.0168
Can i get a throw away card,get_disposable_virtual_card,order_physical_card,False,0.5653,order_physical_card,0.5653,getting_spare_card,0.1256,card_acceptance,0.0664
how many transactions can i make with a disposable card,get_disposable_virtual_card,disposable_card_limits,False,0.8943,disposable_card_limits,0.8943,get_disposable_virtual_card,0.0315,getting_spare_card,0.0048
What are disposable cards?,get_disposable_virtual_card,get_disposable_virtual_card,True,0.735,get_disposable_virtual_card,0.735,disposable_card_limits,0.1434,supported_cards_and_currencies,0.007
what's the process for getting a disposable virtual card?,get_disposable_virtual_card,get_disposable_virtual_card,True,0.8055,get_disposable_virtual_card,0.8055,disposable_card_limits,0.0504,getting_virtual_card,0.0149
The app denied my topped up.,top_up_failed,top_up_failed,True,0.7137,top_up_failed,0.7137,top_up_reverted,0.1249,pending_top_up,0.0541
"Heyy I tried to top up with my card today but it failed! I just got the couple days before but it has worked last time. What's going on, can you double check please?",top_up_failed,top_up_failed,True,0.7413,top_up_failed,0.7413,topping_up_by_card,0.0669,top_up_reverted,0.0583
I have a top up that didn't go through.  Why?,top_up_failed,top_up_failed,True,0.5893,top_up_failed,0.5893,pending_top_up,0.1909,top_up_reverted,0.1372
"So, I tried topping up my card for the today. Unfortunately, it failed. A couple of days back I used it and it works fine. Can you double check and tell me what's going on?",top_up_failed,top_up_failed,True,0.7003,top_up_failed,0.7003,top_up_reverted,0.0916,topping_up_by_card,0.0772
Why did the app deny my top up?,top_up_failed,top_up_failed,True,0.728,top_up_failed,0.728,top_up_reverted,0.111,topping_up_by_card,0.0507
please tell me why my top-up failed.,top_up_failed,top_up_failed,True,0.8061,top_up_failed,0.8061,top_up_reverted,0.0658,pending_top_up,0.0393
My top-up isn't working.,top_up_failed,top_up_failed,True,0.7863,top_up_failed,0.7863,pending_top_up,0.0609,top_up_reverted,0.0544
I attempted to top up but the app denied it.,top_up_failed,top_up_failed,True,0.7842,top_up_failed,0.7842,topping_up_by_card,0.0576,top_up_reverted,0.0573
What reason did my top-up fail for?,top_up_failed,top_up_failed,True,0.7987,top_up_failed,0.7987,top_up_reverted,0.0731,pending_top_up,0.0428
Why didn`t my topup go through?,top_up_failed,top_up_failed,True,0.4227,top_up_failed,0.4227,pending_top_up,0.268,top_up_reverted,0.2323
How can I check to see if my top-up worked?,top_up_failed,top_up_failed,True,0.4751,top_up_failed,0.4751,pending_top_up,0.2291,top_up_reverted,0.0945
My top up didn't work.,top_up_failed,top_up_failed,True,0.8212,top_up_failed,0.8212,top_up_reverted,0.0478,pending_top_up,0.0353
My top up failed.,top_up_failed,top_up_failed,True,0.8132,top_up_failed,0.8132,top_up_reverted,0.0527,pending_top_up,0.0398
Why would my topup not go through?,top_up_failed,top_up_failed,True,0.5265,top_up_failed,0.5265,pending_top_up,0.2136,top_up_reverted,0.179
Why caused my top up to not work?,top_up_failed,top_up_failed,True,0.7243,top_up_failed,0.7243,top_up_reverted,0.1477,pending_top_up,0.0486
Why did my top up not work?,top_up_failed,top_up_failed,True,0.798,top_up_failed,0.798,top_up_reverted,0.0855,pending_top_up,0.0336
Why was my top-up unsuccessful?,top_up_failed,top_up_failed,True,0.76,top_up_failed,0.76,top_up_reverted,0.105,pending_top_up,0.0461
My funding to my card didn't go through.,top_up_failed,declined_card_payment,False,0.3728,declined_card_payment,0.3728,card_not_working,0.1811,failed_transfer,0.0652
I need to know why my credit card was declined for top up? What is the deal here and why did it not go through?,top_up_failed,top_up_failed,True,0.7816,top_up_failed,0.7816,top_up_reverted,0.0862,topping_up_by_card,0.0324
I topped up but the app did not accept it.,top_up_failed,top_up_failed,True,0.7245,top_up_failed,0.7245,top_up_reverted,0.0989,topping_up_by_card,0.0562
The app denied my top-up,top_up_failed,top_up_failed,True,0.7576,top_up_failed,0.7576,top_up_reverted,0.0972,pending_top_up,0.047
I think my top up did not work,top_up_failed,top_up_failed,True,0.8208,top_up_failed,0.8208,top_up_reverted,0.0583,pending_top_up,0.0319
My top up was denied in the app.,top_up_failed,top_up_failed,True,0.7483,top_up_failed,0.7483,top_up_reverted,0.0787,topping_up_by_card,0.0578
Can you tell me if my pop-up went through?,top_up_failed,pending_top_up,False,0.8575,pending_top_up,0.8575,top_up_reverted,0.0464,top_up_failed,0.0292
can you check why I wasn't able to top up?,top_up_failed,top_up_failed,True,0.6631,top_up_failed,0.6631,topping_up_by_card,0.1411,top_up_reverted,0.0442
How did my top-up fail?,top_up_failed,top_up_failed,True,0.8067,top_up_failed,0.8067,top_up_reverted,0.0676,pending_top_up,0.0372
"My top-up failed, WHY?",top_up_failed,top_up_failed,True,0.7903,top_up_failed,0.7903,top_up_reverted,0.0825,pending_top_up,0.0442
I tried to top up. Why was it denied?,top_up_failed,top_up_failed,True,0.7781,top_up_failed,0.7781,topping_up_by_card,0.0631,top_up_reverted,0.041
What's the deal? My card was just denied for top up. Why is it not going through?,top_up_failed,top_up_failed,True,0.7747,top_up_failed,0.7747,pending_top_up,0.0583,top_up_reverted,0.053
I don't think my top up is working correctly,top_up_failed,top_up_failed,True,0.7195,top_up_failed,0.7195,pending_top_up,0.1072,top_up_reverted,0.0823
The app won't let me top up my account,top_up_failed,top_up_failed,True,0.4586,top_up_failed,0.4586,topping_up_by_card,0.3509,top_up_reverted,0.0323
I'm not sure why my top up request was denied,top_up_failed,top_up_failed,True,0.7435,top_up_failed,0.7435,top_up_reverted,0.0831,pending_top_up,0.0572
Why can't I top up?,top_up_failed,top_up_failed,True,0.7022,top_up_failed,0.7022,topping_up_by_card,0.1197,top_up_reverted,0.0397
My top-up has failed.,top_up_failed,top_up_failed,True,0.7996,top_up_failed,0.7996,top_up_reverted,0.0549,pending_top_up,0.051
Problems with top up,top_up_failed,top_up_failed,True,0.7331,top_up_failed,0.7331,pending_top_up,0.0629,top_up_reverted,0.0596
"I really need money from my card today, but my card is getting declined. Please help!!",top_up_failed,declined_card_payment,False,0.6306,declined_card_payment,0.6306,declined_cash_withdrawal,0.1617,card_not_working,0.0336
How do I know if my top up was unsuccessful?,top_up_failed,top_up_failed,True,0.7824,top_up_failed,0.7824,top_up_reverted,0.0816,pending_top_up,0.0475
I'm pretty sure my top up failed. How do I fix this?,top_up_failed,top_up_failed,True,0.7798,top_up_failed,0.7798,top_up_reverted,0.0824,pending_top_up,0.05
why isnt top up working,top_up_failed,top_up_failed,True,0.7475,top_up_failed,0.7475,top_up_reverted,0.0768,topping_up_by_card,0.0521
Can you tell me why my top up didn't work?,top_up_failed,top_up_failed,True,0.8158,top_up_failed,0.8158,top_up_reverted,0.0627,pending_top_up,0.0309
I made a transfer a few hours ago from a UK banking account.  I do not yet see the transfer.  Please check on this for me.,balance_not_updated_after_bank_transfer,balance_not_updated_after_bank_transfer,True,0.8521,balance_not_updated_after_bank_transfer,0.8521,transfer_not_received_by_recipient,0.0581,pending_transfer,0.0206
the balance on my account didnt change when i transferred money,balance_not_updated_after_bank_transfer,balance_not_updated_after_bank_transfer,True,0.885,balance_not_updated_after_bank_transfer,0.885,transfer_not_received_by_recipient,0.0238,pending_transfer,0.0116
How long will it take for my transferred money to show up?,balance_not_updated_after_bank_transfer,balance_not_updated_after_bank_transfer,True,0.4324,balance_not_updated_after_bank_transfer,0.4324,pending_transfer,0.2572,transfer_not_received_by_recipient,0.147
Why didn't my balance change after I transferred some money?,balance_not_updated_after_bank_transfer,balance_not_updated_after_bank_transfer,True,0.8811,balance_not_updated_after_bank_transfer,0.8811,transfer_not_received_by_recipient,0.0316,pending_transfer,0.0141
When will my balance update after a transfer?,balance_not_updated_after_bank_transfer,balance_not_updated_after_bank_transfer,True,0.8147,balance_not_updated_after_bank_transfer,0.8147,transfer_timing,0.0454,pending_transfer,0.0395
How long does it take for an international transfer into my account?,balance_not_updated_after_bank_transfer,transfer_timing,False,0.7369,transfer_timing,0.7369,balance_not_updated_after_bank_transfer,0.0999,pending_transfer,0.0591
The amount of time that transfers usually take from a UK account is what?I just completed a transfer and it is not showing up at all. I'm wondering at this point if everything is actually okay.,balance_not_updated_after_bank_transfer,balance_not_updated_after_bank_transfer,True,0.8565,balance_not_updated_after_bank_transfer,0.8565,transfer_not_received_by_recipient,0.0367,transfer_timing,0.0281
When will my transfer be available in my account.,balance_not_updated_after_bank_transfer,transfer_timing,False,0.4882,transfer_timing,0.4882,balance_not_updated_after_bank_transfer,0.1954,pending_transfer,0.1408
I didn't get the money I transferred,balance_not_updated_after_bank_transfer,transfer_not_received_by_recipient,False,0.4126,transfer_not_received_by_recipient,0.4126,balance_not_updated_after_bank_transfer,0.3879,pending_transfer,0.059
I just completed a bank transfer and the balance didn't update,balance_not_updated_after_bank_transfer,balance_not_updated_after_bank_transfer,True,0.8708,balance_not_updated_after_bank_transfer,0.8708,transfer_not_received_by_recipient,0.0372,transfer_into_account,0.0102
I transferred some money but I think it has gotten lost somewhere.,balance_not_updated_after_bank_transfer,balance_not_updated_after_bank_transfer,True,0.5104,balance_not_updated_after_bank_transfer,0.5104,transfer_not_received_by_recipient,0.2809,beneficiary_not_allowed,0.0281
How long does a UK transfer take?,balance_not_updated_after_bank_transfer,transfer_timing,False,0.6121,transfer_timing,0.6121,balance_not_updated_after_bank_transfer,0.173,pending_transfer,0.086
Hello I made a bank transfer couple hours ago from my UK account but it doesn't show up yet. Can you please check if everything is alright with it?,balance_not_updated_after_bank_transfer,balance_not_updated_after_bank_transfer,True,0.8805,balance_not_updated_after_bank_transfer,0.8805,transfer_not_received_by_recipient,0.026,pending_transfer,0.0133
I made a transfer and am still waiting.,balance_not_updated_after_bank_transfer,pending_transfer,False,0.5923,pending_transfer,0.5923,balance_not_updated_after_bank_transfer,0.169,transfer_not_received_by_recipient,0.1438
I made an out of country transfer and it hasn't went through yet.,balance_not_updated_after_bank_transfer,pending_transfer,False,0.5681,pending_transfer,0.5681,balance_not_updated_after_bank_transfer,0.1661,transfer_not_received_by_recipient,0.1423
"After the transfer, the balance did not update.",balance_not_updated_after_bank_transfer,balance_not_updated_after_bank_transfer,True,0.8854,balance_not_updated_after_bank_transfer,0.8854,transfer_not_received_by_recipient,0.024,pending_transfer,0.0165
"Could you please check one of my transfer which i made few hours ago from my UK bank account, as its not showing yet.",balance_not_updated_after_bank_transfer,balance_not_updated_after_bank_transfer,True,0.8445,balance_not_updated_after_bank_transfer,0.8445,transfer_not_received_by_recipient,0.0425,transfer_timing,0.0153
I had cash transferred but the balance did not change.,balance_not_updated_after_bank_transfer,balance_not_updated_after_bank_transfer,True,0.7803,balance_not_updated_after_bank_transfer,0.7803,transfer_not_received_by_recipient,0.0434,wrong_exchange_rate_for_cash_withdrawal,0.0256
I can't see my latest bank transfer,balance_not_updated_after_bank_transfer,balance_not_updated_after_bank_transfer,True,0.8592,balance_not_updated_after_bank_transfer,0.8592,transfer_not_received_by_recipient,0.0403,pending_transfer,0.0152
My bank transfer is still not showing up in my account.,balance_not_updated_after_bank_transfer,balance_not_updated_after_bank_transfer,True,0.8578,balance_not_updated_after_bank_transfer,0.8578,transfer_not_received_by_recipient,0.0302,transfer_into_account,0.0205
I made a transfer and it doesnt' show up in my account.,balance_not_updated_after_bank_transfer,balance_not_updated_after_bank_transfer,True,0.7903,balance_not_updated_after_bank_transfer,0.7903,transfer_not_received_by_recipient,0.0763,pending_transfer,0.016
I transferred some money but it is yet to arrive.,balance_not_updated_after_bank_transfer,transfer_not_received_by_recipient,False,0.5394,transfer_not_received_by_recipient,0.5394,balance_not_updated_after_bank_transfer,0.2509,pending_transfer,0.1151
Why is my balance the same?  I processed a transfer.,balance_not_updated_after_bank_transfer,balance_not_updated_after_bank_transfer,True,0.8569,balance_not_updated_after_bank_transfer,0.8569,transfer_not_received_by_recipient,0.0411,balance_not_updated_after_cheque_or_cash_deposit,0.0141
Why don't I have my transfer?,balance_not_updated_after_bank_transfer,balance_not_updated_after_bank_transfer,True,0.2531,balance_not_updated_after_bank_transfer,0.2531,beneficiary_not_allowed,0.22,transfer_not_received_by_recipient,0.1649
Why isn't the transfer on my account showing up?,balance_not_updated_after_bank_transfer,balance_not_updated_after_bank_transfer,True,0.7697,balance_not_updated_after_bank_transfer,0.7697,transfer_not_received_by_recipient,0.1293,pending_transfer,0.0191
The  money I transferred does not show in the balance.,balance_not_updated_after_bank_transfer,balance_not_updated_after_bank_transfer,True,0.8738,balance_not_updated_after_bank_transfer,0.8738,transfer_not_received_by_recipient,0.0269,pending_transfer,0.0183
I have completed a transfer but it is not showing up.,balance_not_updated_after_bank_transfer,balance_not_updated_after_bank_transfer,True,0.5159,balance_not_updated_after_bank_transfer,0.5159,transfer_not_received_by_recipient,0.3065,pending_transfer,0.0835
I did a transfer to my account but it doesn't show up,balance_not_updated_after_bank_transfer,balance_not_updated_after_bank_transfer,True,0.8038,balance_not_updated_after_bank_transfer,0.8038,transfer_not_received_by_recipient,0.0851,pending_transfer,0.0175
How long until my transfer will be available to me,balance_not_updated_after_bank_transfer,transfer_timing,False,0.5826,transfer_timing,0.5826,pending_transfer,0.1693,transfer_not_received_by_recipient,0.1234
Why doesn't it show that I did a balance transfer?,balance_not_updated_after_bank_transfer,balance_not_updated_after_bank_transfer,True,0.8763,balance_not_updated_after_bank_transfer,0.8763,transfer_not_received_by_recipient,0.0249,pending_transfer,0.0158
"I made a bank transfer a couple of hours ago from my UK account.  It hasn't appeared, can you check to make sure it went through?",balance_not_updated_after_bank_transfer,balance_not_updated_after_bank_transfer,True,0.8751,balance_not_updated_after_bank_transfer,0.8751,transfer_not_received_by_recipient,0.0359,pending_transfer,0.0125
My transfer is pending.,balance_not_updated_after_bank_transfer,pending_transfer,False,0.8872,pending_transfer,0.8872,transfer_timing,0.0165,transfer_not_received_by_recipient,0.0149
"Hey, I try to make a bank transfer from my UK account a few hours ago, but it haven't show up yet. Please check my account to make sure everything alright with it?",balance_not_updated_after_bank_transfer,balance_not_updated_after_bank_transfer,True,0.872,balance_not_updated_after_bank_transfer,0.872,transfer_not_received_by_recipient,0.0226,transfer_into_account,0.0145
Where is my transfer from [country]?,balance_not_updated_after_bank_transfer,transfer_timing,False,0.4086,transfer_timing,0.4086,balance_not_updated_after_bank_transfer,0.2102,verify_source_of_funds,0.0535
I made a bank transfer and my account balance did not show it.,balance_not_updated_after_bank_transfer,balance_not_updated_after_bank_transfer,True,0.8793,balance_not_updated_after_bank_transfer,0.8793,transfer_not_received_by_recipient,0.0252,transfer_into_account,0.0126
Where is my money? I transfered it and it isn't in my account.,balance_not_updated_after_bank_transfer,balance_not_updated_after_bank_transfer,True,0.5619,balance_not_updated_after_bank_transfer,0.5619,transfer_not_received_by_recipient,0.3019,transfer_timing,0.0298
I need to know the time frame that is typical for a transfer from a UK account. I just made a transfer and it doesn't appear. I want to make sure everything is okay.,balance_not_updated_after_bank_transfer,balance_not_updated_after_bank_transfer,True,0.8626,balance_not_updated_after_bank_transfer,0.8626,transfer_not_received_by_recipient,0.0289,transfer_timing,0.025
Why doesn't my balance reflect my transfer,balance_not_updated_after_bank_transfer,balance_not_updated_after_bank_transfer,True,0.8777,balance_not_updated_after_bank_transfer,0.8777,transfer_not_received_by_recipient,0.0176,pending_transfer,0.0162
My account balance has not gone up even though I just transferred money into it,balance_not_updated_after_bank_transfer,balance_not_updated_after_bank_transfer,True,0.8596,balance_not_updated_after_bank_transfer,0.8596,transfer_not_received_by_recipient,0.0482,pending_transfer,0.0152
When will I see my new balance after making my bank transfer?,balance_not_updated_after_bank_transfer,balance_not_updated_after_bank_transfer,True,0.8392,balance_not_updated_after_bank_transfer,0.8392,transfer_timing,0.0285,transfer_not_received_by_recipient,0.0271
Think someone has took money out with my card. What shall I do?,cash_withdrawal_not_recognised,cash_withdrawal_not_recognised,True,0.7764,cash_withdrawal_not_recognised,0.7764,declined_cash_withdrawal,0.0233,compromised_card,0.0206
There is a withdrawal that isn't mind in the app.,cash_withdrawal_not_recognised,cash_withdrawal_not_recognised,True,0.9237,cash_withdrawal_not_recognised,0.9237,pending_cash_withdrawal,0.0135,declined_cash_withdrawal,0.0087
I just lost my wallet and I see that they are already withdrawing money from my account. How can I stop this?,cash_withdrawal_not_recognised,cash_withdrawal_not_recognised,True,0.8433,cash_withdrawal_not_recognised,0.8433,declined_cash_withdrawal,0.0412,pending_cash_withdrawal,0.0309
"I didn't get cash from an ATM, but the app says I did",cash_withdrawal_not_recognised,cash_withdrawal_not_recognised,True,0.5599,cash_withdrawal_not_recognised,0.5599,declined_cash_withdrawal,0.207,wrong_amount_of_cash_received,0.0821
My app shows some cash I didn't get.,cash_withdrawal_not_recognised,cash_withdrawal_not_recognised,True,0.8137,cash_withdrawal_not_recognised,0.8137,wrong_amount_of_cash_received,0.0521,declined_cash_withdrawal,0.0139
Why is there a random withdrawal in my app?,cash_withdrawal_not_recognised,cash_withdrawal_not_recognised,True,0.9314,cash_withdrawal_not_recognised,0.9314,pending_cash_withdrawal,0.0145,declined_cash_withdrawal,0.0074
There is a suspicious cash withdraw on the account.,cash_withdrawal_not_recognised,cash_withdrawal_not_recognised,True,0.8889,cash_withdrawal_not_recognised,0.8889,pending_cash_withdrawal,0.0447,declined_cash_withdrawal,0.0154
"I didn't get cash from an ATM, but according to the app a transaction was made when i didn't make it.",cash_withdrawal_not_recognised,cash_withdrawal_not_recognised,True,0.3733,cash_withdrawal_not_recognised,0.3733,declined_cash_withdrawal,0.3023,pending_cash_withdrawal,0.1787
The app said I withdrew cash at an ATM and I didn't,cash_withdrawal_not_recognised,cash_withdrawal_not_recognised,True,0.6405,cash_withdrawal_not_recognised,0.6405,declined_cash_withdrawal,0.2055,pending_cash_withdrawal,0.0628
My app says that I received cash from an ATM and I didn't.,cash_withdrawal_not_recognised,cash_withdrawal_not_recognised,True,0.6938,cash_withdrawal_not_recognised,0.6938,declined_cash_withdrawal,0.1422,wrong_amount_of_cash_received,0.047
"How do I freeze my bank card, as there has been a strange withdrawal?",cash_withdrawal_not_recognised,cash_withdrawal_not_recognised,True,0.9141,cash_withdrawal_not_recognised,0.9141,declined_cash_withdrawal,0.0101,pending_cash_withdrawal,0.0071
I see a cash withdrawal that I did not perform.,cash_withdrawal_not_recognised,cash_withdrawal_not_recognised,True,0.878,cash_withdrawal_not_recognised,0.878,pending_cash_withdrawal,0.043,declined_cash_withdrawal,0.0262
I checked the app and saw an extra cash withdrawal that I didn't authorize,cash_withdrawal_not_recognised,cash_withdrawal_not_recognised,True,0.9247,cash_withdrawal_not_recognised,0.9247,pending_cash_withdrawal,0.0162,declined_cash_withdrawal,0.0086
I have a strange cash withdrawal in my statement,cash_withdrawal_not_recognised,cash_withdrawal_not_recognised,True,0.9306,cash_withdrawal_not_recognised,0.9306,pending_cash_withdrawal,0.0088,declined_cash_withdrawal,0.0067
There's a cash withdraw on my statement that I didn't make.,cash_withdrawal_not_recognised,cash_withdrawal_not_recognised,True,0.9288,cash_withdrawal_not_recognised,0.9288,card_payment_not_recognised,0.0071,pending_cash_withdrawal,0.0068
i think someone is using my card to withdraw money. Someone stole my wallet. What can I do? it is urgent.,cash_withdrawal_not_recognised,cash_withdrawal_not_recognised,True,0.7598,cash_withdrawal_not_recognised,0.7598,declined_cash_withdrawal,0.0742,card_swallowed,0.0298
I am seeing in the App a some cash withdrawal that its not mine,cash_withdrawal_not_recognised,cash_withdrawal_not_recognised,True,0.9287,cash_withdrawal_not_recognised,0.9287,pending_cash_withdrawal,0.0158,declined_cash_withdrawal,0.0066
My account has a weird withdrawal.,cash_withdrawal_not_recognised,cash_withdrawal_not_recognised,True,0.9022,cash_withdrawal_not_recognised,0.9022,declined_cash_withdrawal,0.0254,pending_cash_withdrawal,0.0184
I'm unsure of a withdrawl in my statement.,cash_withdrawal_not_recognised,cash_withdrawal_not_recognised,True,0.7436,cash_withdrawal_not_recognised,0.7436,declined_cash_withdrawal,0.0716,pending_cash_withdrawal,0.0622
"It looks like someone else withdrew cash from my account, can you help?",cash_withdrawal_not_recognised,cash_withdrawal_not_recognised,True,0.8028,cash_withdrawal_not_recognised,0.8028,pending_cash_withdrawal,0.0601,declined_cash_withdrawal,0.053
I think I see a withdraw I did not make.,cash_withdrawal_not_recognised,cash_withdrawal_not_recognised,True,0.8766,cash_withdrawal_not_recognised,0.8766,declined_cash_withdrawal,0.035,pending_cash_withdrawal,0.0237
Some cash is showing up in my app that I did not get.,cash_withdrawal_not_recognised,cash_withdrawal_not_recognised,True,0.9111,cash_withdrawal_not_recognised,0.9111,card_payment_not_recognised,0.0087,pending_cash_withdrawal,0.0083
There is an unauthorized cash withdrawal from my account for 500£.  I definitely didn't make this withdrawal.  I need your help.,cash_withdrawal_not_recognised,cash_withdrawal_not_recognised,True,0.9201,cash_withdrawal_not_recognised,0.9201,declined_cash_withdrawal,0.0129,pending_cash_withdrawal,0.0127
The app is showing an ATM withdrawl that I didn't make.,cash_withdrawal_not_recognised,cash_withdrawal_not_recognised,True,0.8721,cash_withdrawal_not_recognised,0.8721,declined_cash_withdrawal,0.0338,pending_cash_withdrawal,0.0335
There is a odd withdrawal on my account.,cash_withdrawal_not_recognised,cash_withdrawal_not_recognised,True,0.9249,cash_withdrawal_not_recognised,0.9249,pending_cash_withdrawal,0.0166,declined_cash_withdrawal,0.0097
I need to cancel my card that got stolen a little while ago. Someone has already taken some money out and I don't want them to take anymore. Can you please do that?,cash_withdrawal_not_recognised,lost_or_stolen_card,False,0.2352,lost_or_stolen_card,0.2352,cash_withdrawal_not_recognised,0.2075,compromised_card,0.0753
How do I cancel my card? There are charges on my account that I didn't make.,cash_withdrawal_not_recognised,card_payment_not_recognised,False,0.5822,card_payment_not_recognised,0.5822,direct_debit_payment_not_recognised,0.1369,cash_withdrawal_not_recognised,0.0518
"There is an error, the app says I made an ATM withdrawal and I didn't.",cash_withdrawal_not_recognised,cash_withdrawal_not_recognised,True,0.5892,cash_withdrawal_not_recognised,0.5892,declined_cash_withdrawal,0.2575,pending_cash_withdrawal,0.0627
"Can anyone help me, I lost my wallet and they've started withdrawing from my account.",cash_withdrawal_not_recognised,cash_withdrawal_not_recognised,True,0.7966,cash_withdrawal_not_recognised,0.7966,declined_cash_withdrawal,0.0668,card_swallowed,0.0218
What do I do if I notice a strange withdrawl in my statement?,cash_withdrawal_not_recognised,cash_withdrawal_not_recognised,True,0.9017,cash_withdrawal_not_recognised,0.9017,pending_cash_withdrawal,0.0114,declined_cash_withdrawal,0.0101
I don't recognise a cash withdrawal,cash_withdrawal_not_recognised,cash_withdrawal_not_recognised,True,0.9235,cash_withdrawal_not_recognised,0.9235,pending_cash_withdrawal,0.0195,declined_cash_withdrawal,0.0097
Help!  My wallet was stolen and someone is taking money out.  I need this money!  What can I do?,cash_withdrawal_not_recognised,cash_withdrawal_not_recognised,True,0.8319,cash_withdrawal_not_recognised,0.8319,declined_cash_withdrawal,0.0305,pending_cash_withdrawal,0.0136
There is a cash withdrawal transaction that I am unsure of.,cash_withdrawal_not_recognised,cash_withdrawal_not_recognised,True,0.6996,cash_withdrawal_not_recognised,0.6996,pending_cash_withdrawal,0.1929,declined_cash_withdrawal,0.0285
I didn't take out money from an ATM but my app statement shows that I did. How can I fix this?,cash_withdrawal_not_recognised,cash_withdrawal_not_recognised,True,0.816,cash_withdrawal_not_recognised,0.816,declined_cash_withdrawal,0.0693,pending_cash_withdrawal,0.0233
"Someone has stolen my card. Even though I have my card with me, someone just made a 500£ cash withdrawal. Please help as soon as possible.",cash_withdrawal_not_recognised,cash_withdrawal_not_recognised,True,0.9233,cash_withdrawal_not_recognised,0.9233,declined_cash_withdrawal,0.0095,pending_cash_withdrawal,0.0074
Cash I didn't get shows in my app.,cash_withdrawal_not_recognised,cash_withdrawal_not_recognised,True,0.9118,cash_withdrawal_not_recognised,0.9118,declined_cash_withdrawal,0.0087,pending_cash_withdrawal,0.0086
There is a problem with my card. Somebody has removed money from my account in a town I haven't been to. Can you please freeze my account immediately?,cash_withdrawal_not_recognised,cash_withdrawal_not_recognised,True,0.7447,cash_withdrawal_not_recognised,0.7447,topping_up_by_card,0.0219,direct_debit_payment_not_recognised,0.0189
There is an ATM withdrawl in the app I don't recognize.,cash_withdrawal_not_recognised,cash_withdrawal_not_recognised,True,0.8575,cash_withdrawal_not_recognised,0.8575,declined_cash_withdrawal,0.0406,pending_cash_withdrawal,0.0307
A cash withdrawal is showing up that I didn't do.,cash_withdrawal_not_recognised,cash_withdrawal_not_recognised,True,0.9117,cash_withdrawal_not_recognised,0.9117,pending_cash_withdrawal,0.0316,declined_cash_withdrawal,0.0118
The app made a mistake and said I made a cash withdrawal.,cash_withdrawal_not_recognised,cash_withdrawal_not_recognised,True,0.8616,cash_withdrawal_not_recognised,0.8616,declined_cash_withdrawal,0.0492,pending_cash_withdrawal,0.0261
Is there an exchange fee?,exchange_charge,exchange_charge,True,0.8743,exchange_charge,0.8743,card_payment_wrong_exchange_rate,0.03,exchange_rate,0.0226
whats your exchange rate,exchange_charge,exchange_rate,False,0.8804,exchange_rate,0.8804,card_payment_wrong_exchange_rate,0.0322,wrong_exchange_rate_for_cash_withdrawal,0.0161
What are your currency exchange fees?,exchange_charge,exchange_charge,True,0.8887,exchange_charge,0.8887,exchange_rate,0.0262,card_payment_wrong_exchange_rate,0.0156
Where do I find the exchange rate?,exchange_charge,exchange_rate,False,0.9146,exchange_rate,0.9146,exchange_charge,0.0113,card_payment_wrong_exchange_rate,0.0095
What is the base amount for cross-currency exchanges?,exchange_charge,exchange_charge,True,0.5864,exchange_charge,0.5864,fiat_currency_support,0.1352,exchange_rate,0.1159
"My work sends me all over the world, can I get a discount for all the money I have to exchange?",exchange_charge,exchange_charge,True,0.8106,exchange_charge,0.8106,exchange_via_app,0.0399,fiat_currency_support,0.0267
How much more do I have to pay to exchange currencies?,exchange_charge,exchange_charge,True,0.8814,exchange_charge,0.8814,card_payment_wrong_exchange_rate,0.0277,exchange_rate,0.0187
Is there a fee for exchanging currencies?,exchange_charge,exchange_charge,True,0.889,exchange_charge,0.889,card_payment_wrong_exchange_rate,0.0229,exchange_rate,0.012
How much does it cost to exchange currencies?,exchange_charge,exchange_charge,True,0.8831,exchange_charge,0.8831,exchange_rate,0.0293,card_payment_wrong_exchange_rate,0.0158
whats the exchange charge,exchange_charge,exchange_charge,True,0.7187,exchange_charge,0.7187,card_payment_wrong_exchange_rate,0.1019,exchange_rate,0.0913
Is there any discount for someone that exchanges currencies frequently?,exchange_charge,exchange_charge,True,0.8703,exchange_charge,0.8703,fiat_currency_support,0.0289,card_payment_wrong_exchange_rate,0.0277
Is there a fee to exchange foreign money?,exchange_charge,exchange_charge,True,0.8528,exchange_charge,0.8528,exchange_rate,0.0288,card_payment_wrong_exchange_rate,0.0272
Do I have to pay for exchanging currencies?,exchange_charge,exchange_charge,True,0.8287,exchange_charge,0.8287,exchange_via_app,0.0476,fiat_currency_support,0.0283
Does it cost extra to exchange currencies?,exchange_charge,exchange_charge,True,0.8894,exchange_charge,0.8894,card_payment_wrong_exchange_rate,0.0225,exchange_rate,0.0163
Is there a fee for exchanging foreign currencies?,exchange_charge,exchange_charge,True,0.8852,exchange_charge,0.8852,card_payment_wrong_exchange_rate,0.0249,exchange_rate,0.0165
Will I be charged a fee for exchanging foreign currencies?,exchange_charge,exchange_charge,True,0.8867,exchange_charge,0.8867,exchange_rate,0.02,card_payment_wrong_exchange_rate,0.0188
"How much is a cross currency exchange, and can I check to see if I have any discounts available?",exchange_charge,exchange_charge,True,0.8725,exchange_charge,0.8725,exchange_rate,0.0289,card_payment_wrong_exchange_rate,0.0188
Do you offer a discount on multiple currency exchanges?,exchange_charge,exchange_charge,True,0.8876,exchange_charge,0.8876,card_payment_wrong_exchange_rate,0.0188,fiat_currency_support,0.016
How much do I have to pay for the exchange fee?,exchange_charge,exchange_charge,True,0.858,exchange_charge,0.858,card_payment_wrong_exchange_rate,0.0445,exchange_rate,0.0259
"If I want to exchange currency, will there be extras?",exchange_charge,exchange_via_app,False,0.3842,exchange_via_app,0.3842,exchange_charge,0.3705,fiat_currency_support,0.0925
If I need to exchange currency is there an extra fee?,exchange_charge,exchange_charge,True,0.881,exchange_charge,0.881,card_payment_wrong_exchange_rate,0.0305,exchange_rate,0.01
I was wondering if there were any discounts offered for frequent currency exchanges?,exchange_charge,exchange_charge,True,0.8283,exchange_charge,0.8283,card_payment_wrong_exchange_rate,0.0533,wrong_exchange_rate_for_cash_withdrawal,0.0242
Would I be charged for exchanging currencies?,exchange_charge,exchange_charge,True,0.8786,exchange_charge,0.8786,exchange_rate,0.0216,card_payment_wrong_exchange_rate,0.0141
What is the exchange fee?,exchange_charge,exchange_charge,True,0.8769,exchange_charge,0.8769,card_payment_wrong_exchange_rate,0.0293,exchange_rate,0.0252
Does it cost to exchange currencies with this card?,exchange_charge,exchange_charge,True,0.7139,exchange_charge,0.7139,exchange_via_app,0.0703,supported_cards_and_currencies,0.0389
how much you charge for exhcange,exchange_charge,extra_charge_on_statement,False,0.1889,extra_charge_on_statement,0.1889,top_up_by_bank_transfer_charge,0.1439,transfer_fee_charged,0.1023
Are there any extra hidden fees for exchanging currencies?,exchange_charge,exchange_charge,True,0.8553,exchange_charge,0.8553,card_payment_wrong_exchange_rate,0.0478,fiat_currency_support,0.0117
"When I travel, what will it cost to switch for my currency?",exchange_charge,exchange_charge,True,0.5239,exchange_charge,0.5239,exchange_rate,0.116,wrong_exchange_rate_for_cash_withdrawal,0.0426
How much will I pay to exchange foreign currency?,exchange_charge,exchange_charge,True,0.8567,exchange_charge,0.8567,exchange_rate,0.0472,card_payment_wrong_exchange_rate,0.0215
Does it cost money for currency exchange services?,exchange_charge,exchange_charge,True,0.884,exchange_charge,0.884,exchange_rate,0.0222,card_payment_wrong_exchange_rate,0.0195
Are there extra charges for exchanging currency?,exchange_charge,exchange_charge,True,0.8798,exchange_charge,0.8798,card_payment_wrong_exchange_rate,0.0314,exchange_rate,0.0158
"I will need to exchange currencies frequently, will I be able to get a discount?",exchange_charge,exchange_charge,True,0.8692,exchange_charge,0.8692,exchange_via_app,0.0278,fiat_currency_support,0.0193
Is there a charge for a foreign currency exchange?,exchange_charge,exchange_charge,True,0.8722,exchange_charge,0.8722,exchange_rate,0.0308,card_payment_wrong_exchange_rate,0.0258
Is there a discount for frequently exchanging currencies?,exchange_charge,exchange_charge,True,0.8901,exchange_charge,0.8901,card_payment_wrong_exchange_rate,0.0231,exchange_rate,0.0114
What is the cost for an exchange fee?,exchange_charge,exchange_charge,True,0.8673,exchange_charge,0.8673,exchange_rate,0.0335,card_payment_wrong_exchange_rate,0.0262
Will it cost more money if my currency needs to be exchanged?,exchange_charge,exchange_charge,True,0.8435,exchange_charge,0.8435,card_payment_wrong_exchange_rate,0.0257,exchange_rate,0.0254
"I would like to exchange currencies, but is there an extra charge to do so?",exchange_charge,exchange_charge,True,0.8715,exchange_charge,0.8715,card_payment_wrong_exchange_rate,0.0294,exchange_via_app,0.0167
Does it cost anything for exchanges?,exchange_charge,exchange_charge,True,0.8624,exchange_charge,0.8624,exchange_rate,0.0448,card_payment_wrong_exchange_rate,0.0153
Can I exchange money from abroad without additional costs?,exchange_charge,exchange_charge,True,0.6743,exchange_charge,0.6743,exchange_via_app,0.0735,exchange_rate,0.0628
does it cost to exchange currencies?,exchange_charge,exchange_charge,True,0.8842,exchange_charge,0.8842,exchange_rate,0.022,exchange_via_app,0.0144
Is there a fee for using a European bank card to top up?,top_up_by_card_charge,top_up_by_card_charge,True,0.8445,top_up_by_card_charge,0.8445,supported_cards_and_currencies,0.0321,top_up_by_bank_transfer_charge,0.0169
Are there any fees for adding money with an international card?,top_up_by_card_charge,top_up_by_card_charge,True,0.8376,top_up_by_card_charge,0.8376,supported_cards_and_currencies,0.04,top_up_limits,0.0124
i was charged when i used a us issued card. why and what cards are free to use to add money,top_up_by_card_charge,top_up_by_card_charge,True,0.5892,top_up_by_card_charge,0.5892,supported_cards_and_currencies,0.1655,card_payment_fee_charged,0.0464
Any hidden fees associated with the international card if money is added?,top_up_by_card_charge,top_up_by_card_charge,True,0.77,top_up_by_card_charge,0.77,supported_cards_and_currencies,0.0398,top_up_by_bank_transfer_charge,0.0186
Will I get charged for topping off my card?,top_up_by_card_charge,top_up_by_card_charge,True,0.7853,top_up_by_card_charge,0.7853,top_up_by_bank_transfer_charge,0.0546,top_up_by_cash_or_cheque,0.0211
Are there charges for topping up US cards?,top_up_by_card_charge,top_up_by_card_charge,True,0.8587,top_up_by_card_charge,0.8587,supported_cards_and_currencies,0.0321,top_up_by_bank_transfer_charge,0.0134
Are there fees for top ups?,top_up_by_card_charge,top_up_by_card_charge,True,0.7934,top_up_by_card_charge,0.7934,top_up_by_bank_transfer_charge,0.048,top_up_limits,0.0157
What are the charges for US cards with top up.,top_up_by_card_charge,top_up_by_card_charge,True,0.8415,top_up_by_card_charge,0.8415,supported_cards_and_currencies,0.0433,top_up_limits,0.0129
Is there an additional charge for topping up using a European card?,top_up_by_card_charge,top_up_by_card_charge,True,0.8486,top_up_by_card_charge,0.8486,top_up_by_bank_transfer_charge,0.0193,supported_cards_and_currencies,0.0192
In exchange for top ups will you take fees?,top_up_by_card_charge,top_up_by_card_charge,True,0.5774,top_up_by_card_charge,0.5774,top_up_by_bank_transfer_charge,0.0915,exchange_charge,0.0629
I just topped off my card will I be charged for it?,top_up_by_card_charge,top_up_by_card_charge,True,0.751,top_up_by_card_charge,0.751,top_up_by_cash_or_cheque,0.0507,top_up_by_bank_transfer_charge,0.0389
How much does it cost to top up by card?,top_up_by_card_charge,top_up_by_card_charge,True,0.8213,top_up_by_card_charge,0.8213,top_up_by_bank_transfer_charge,0.0324,supported_cards_and_currencies,0.0192
Are there any fees if I use a European bank card for a top up?,top_up_by_card_charge,top_up_by_card_charge,True,0.8505,top_up_by_card_charge,0.8505,supported_cards_and_currencies,0.0323,top_up_by_bank_transfer_charge,0.0152
What are the top-up fees?,top_up_by_card_charge,top_up_by_card_charge,True,0.7246,top_up_by_card_charge,0.7246,top_up_by_bank_transfer_charge,0.0956,top_up_limits,0.018
How much is the charge to top up my card?,top_up_by_card_charge,top_up_by_card_charge,True,0.8064,top_up_by_card_charge,0.8064,top_up_by_bank_transfer_charge,0.0347,top_up_limits,0.0186
How much can I expect to pay to top up a US card?,top_up_by_card_charge,top_up_by_card_charge,True,0.8153,top_up_by_card_charge,0.8153,supported_cards_and_currencies,0.0493,top_up_limits,0.0227
What fee is included if I top up by card?,top_up_by_card_charge,top_up_by_card_charge,True,0.8178,top_up_by_card_charge,0.8178,top_up_by_bank_transfer_charge,0.0363,supported_cards_and_currencies,0.0162
"If I use a European bank card for top up, Do I get charged?",top_up_by_card_charge,top_up_by_card_charge,True,0.8399,top_up_by_card_charge,0.8399,supported_cards_and_currencies,0.0401,top_up_by_bank_transfer_charge,0.0188
Will there be any extra fees for European bank card for top up?,top_up_by_card_charge,top_up_by_card_charge,True,0.8398,top_up_by_card_charge,0.8398,supported_cards_and_currencies,0.0297,top_up_by_bank_transfer_charge,0.0123
Will I be charged if I use European bank card for top up?,top_up_by_card_charge,top_up_by_card_charge,True,0.8278,top_up_by_card_charge,0.8278,supported_cards_and_currencies,0.042,top_up_by_bank_transfer_charge,0.0179
I want to use a European bank card for a top up. Must I pay?,top_up_by_card_charge,top_up_by_card_charge,True,0.4297,top_up_by_card_charge,0.4297,supported_cards_and_currencies,0.3546,top_up_by_cash_or_cheque,0.0443
Will I be charged for topping up by card?,top_up_by_card_charge,top_up_by_card_charge,True,0.802,top_up_by_card_charge,0.802,top_up_by_bank_transfer_charge,0.0493,supported_cards_and_currencies,0.0215
Is there a fee for topping up,top_up_by_card_charge,top_up_by_card_charge,True,0.7198,top_up_by_card_charge,0.7198,top_up_by_bank_transfer_charge,0.0879,card_payment_fee_charged,0.0198
What do you charge for top ups?,top_up_by_card_charge,top_up_by_card_charge,True,0.7468,top_up_by_card_charge,0.7468,top_up_by_bank_transfer_charge,0.075,top_up_by_cash_or_cheque,0.0226
Will it cost anything to top up a US card?,top_up_by_card_charge,top_up_by_card_charge,True,0.814,top_up_by_card_charge,0.814,supported_cards_and_currencies,0.0519,top_up_by_bank_transfer_charge,0.0153
Does topping up my card have a fee?,top_up_by_card_charge,top_up_by_card_charge,True,0.7894,top_up_by_card_charge,0.7894,top_up_by_bank_transfer_charge,0.0352,card_payment_fee_charged,0.033
Are there fees for adding money using an international card,top_up_by_card_charge,top_up_by_card_charge,True,0.8323,top_up_by_card_charge,0.8323,supported_cards_and_currencies,0.0422,top_up_limits,0.0107
"When using a US card, what is the cost for a top up/off?",top_up_by_card_charge,top_up_by_card_charge,True,0.8015,top_up_by_card_charge,0.8015,supported_cards_and_currencies,0.0404,top_up_by_bank_transfer_charge,0.0263
"I need to use a European card for a top up, what will the charge be?",top_up_by_card_charge,top_up_by_card_charge,True,0.8326,top_up_by_card_charge,0.8326,supported_cards_and_currencies,0.0454,top_up_by_bank_transfer_charge,0.0176
Is it okay to use a bank card to top up,top_up_by_card_charge,topping_up_by_card,False,0.5181,topping_up_by_card,0.5181,supported_cards_and_currencies,0.1437,top_up_by_cash_or_cheque,0.0974
Any fee for topping up?,top_up_by_card_charge,top_up_by_card_charge,True,0.7696,top_up_by_card_charge,0.7696,top_up_by_bank_transfer_charge,0.0738,top_up_limits,0.0161
Are there any fees for top ups?,top_up_by_card_charge,top_up_by_card_charge,True,0.7899,top_up_by_card_charge,0.7899,top_up_by_bank_transfer_charge,0.0504,top_up_limits,0.0201
What are the fees of using an international card to add money?,top_up_by_card_charge,top_up_by_card_charge,True,0.8208,top_up_by_card_charge,0.8208,supported_cards_and_currencies,0.0576,top_up_by_bank_transfer_charge,0.014
Is there a charge or discount if I use a European bank in a top up?,top_up_by_card_charge,top_up_by_card_charge,True,0.7631,top_up_by_card_charge,0.7631,supported_cards_and_currencies,0.037,top_up_by_bank_transfer_charge,0.0285
Is their a fee for top ups?,top_up_by_card_charge,top_up_by_card_charge,True,0.6728,top_up_by_card_charge,0.6728,top_up_by_bank_transfer_charge,0.1198,transfer_fee_charged,0.0225
Can I top up using an international card,top_up_by_card_charge,supported_cards_and_currencies,False,0.3643,supported_cards_and_currencies,0.3643,top_up_by_card_charge,0.209,topping_up_by_card,0.1513
What will happen if I want to add money using an international card? Will I run into any fees?,top_up_by_card_charge,top_up_by_card_charge,True,0.8142,top_up_by_card_charge,0.8142,supported_cards_and_currencies,0.0476,top_up_by_bank_transfer_charge,0.0149
Are there any extra fees for adding money into the international card?,top_up_by_card_charge,top_up_by_card_charge,True,0.831,top_up_by_card_charge,0.831,supported_cards_and_currencies,0.0233,automatic_top_up,0.017
What are the fees for top ups?,top_up_by_card_charge,top_up_by_card_charge,True,0.7882,top_up_by_card_charge,0.7882,top_up_by_bank_transfer_charge,0.0523,top_up_limits,0.0179
What are the top up charges for US cards?,top_up_by_card_charge,top_up_by_card_charge,True,0.8518,top_up_by_card_charge,0.8518,supported_cards_and_currencies,0.0366,top_up_by_bank_transfer_charge,0.013
Could you please activate my card,activate_my_card,activate_my_card,True,0.952,activate_my_card,0.952,card_linking,0.0052,card_not_working,0.0029
I need to activate my card can you do that now?,activate_my_card,activate_my_card,True,0.9499,activate_my_card,0.9499,card_linking,0.0049,card_not_working,0.0029
What do I need to do to activate my new card?,activate_my_card,activate_my_card,True,0.9525,activate_my_card,0.9525,card_linking,0.006,card_not_working,0.0033
Tell me how to go about activating my new card?,activate_my_card,activate_my_card,True,0.9472,activate_my_card,0.9472,card_linking,0.0063,card_not_working,0.0038
How can I activate my card so I can start using it?,activate_my_card,activate_my_card,True,0.9445,activate_my_card,0.9445,card_linking,0.0068,card_not_working,0.0033
How long will it take to activate my new card?,activate_my_card,activate_my_card,True,0.9474,activate_my_card,0.9474,card_linking,0.0062,card_not_working,0.0039
What's the right way to activate my card?,activate_my_card,activate_my_card,True,0.9527,activate_my_card,0.9527,card_linking,0.0045,card_not_working,0.0031
"I received my new card, how is it activated?",activate_my_card,activate_my_card,True,0.941,activate_my_card,0.941,card_linking,0.0099,card_not_working,0.0039
Is there a way my new card can be renewed?,activate_my_card,activate_my_card,True,0.3618,activate_my_card,0.3618,card_not_working,0.1397,card_linking,0.1044
How do I activate a card I received?,activate_my_card,activate_my_card,True,0.9474,activate_my_card,0.9474,card_linking,0.008,card_not_working,0.0031
Why can't I activate my card?,activate_my_card,activate_my_card,True,0.9466,activate_my_card,0.9466,card_not_working,0.0053,card_linking,0.0046
What is the process of card activation?,activate_my_card,activate_my_card,True,0.9446,activate_my_card,0.9446,card_linking,0.0062,card_not_working,0.0041
WHAT CAN I DO AFTER THE CARD MISSING,activate_my_card,lost_or_stolen_card,False,0.6251,lost_or_stolen_card,0.6251,card_linking,0.1111,card_arrival,0.0684
I got my new card where do I go to activate it?,activate_my_card,activate_my_card,True,0.9447,activate_my_card,0.9447,card_linking,0.0099,card_not_working,0.0032
Would like to use my card and need to activate it first.  Can you help me do this?,activate_my_card,activate_my_card,True,0.9487,activate_my_card,0.9487,card_linking,0.0047,card_not_working,0.0029
I need help activating my new card.,activate_my_card,activate_my_card,True,0.9488,activate_my_card,0.9488,card_linking,0.0064,card_not_working,0.0039
how to activate card?,activate_my_card,activate_my_card,True,0.9497,activate_my_card,0.9497,card_linking,0.0051,card_not_working,0.0031
"Please, activate my card",activate_my_card,activate_my_card,True,0.9521,activate_my_card,0.9521,card_linking,0.0056,card_not_working,0.0029
I tried activating my bill of fare and it didn't workplace,activate_my_card,activate_my_card,True,0.8578,activate_my_card,0.8578,card_not_working,0.0139,virtual_card_not_working,0.0075
"I just got my card and want to use it, how do I activate my card?",activate_my_card,activate_my_card,True,0.9467,activate_my_card,0.9467,card_linking,0.0076,card_not_working,0.0028
I have a new card and I want to activate it,activate_my_card,activate_my_card,True,0.9463,activate_my_card,0.9463,card_linking,0.0085,card_not_working,0.0028
Assist me please with card activation.,activate_my_card,activate_my_card,True,0.9432,activate_my_card,0.9432,card_linking,0.008,card_not_working,0.0043
I need help with activating my card,activate_my_card,activate_my_card,True,0.9481,activate_my_card,0.9481,card_linking,0.0054,card_not_working,0.0037
How can I start using my card?,activate_my_card,activate_my_card,True,0.1793,activate_my_card,0.1793,card_not_working,0.1552,card_acceptance,0.0591
Activating my card,activate_my_card,activate_my_card,True,0.9453,activate_my_card,0.9453,card_linking,0.0058,card_not_working,0.004
When will my card be activated?,activate_my_card,activate_my_card,True,0.9363,activate_my_card,0.9363,card_linking,0.0084,card_not_working,0.0053
How can I activate my card>,activate_my_card,activate_my_card,True,0.9275,activate_my_card,0.9275,card_linking,0.0129,card_not_working,0.0037
What are the steps in order to activate my new card?,activate_my_card,activate_my_card,True,0.9523,activate_my_card,0.9523,card_linking,0.0063,card_not_working,0.0035
How do I go about activating my new card?,activate_my_card,activate_my_card,True,0.9484,activate_my_card,0.9484,card_linking,0.0067,card_not_working,0.0036
What is the activation process on my new card?,activate_my_card,activate_my_card,True,0.9391,activate_my_card,0.9391,card_linking,0.0092,card_not_working,0.0037
I would like to get help from someone with activating my card.,activate_my_card,activate_my_card,True,0.9446,activate_my_card,0.9446,card_linking,0.0059,card_not_working,0.0034
What is the process for activating my card?,activate_my_card,activate_my_card,True,0.9484,activate_my_card,0.9484,card_linking,0.0054,card_not_working,0.0033
How do I use my new card?,activate_my_card,activate_my_card,True,0.2862,activate_my_card,0.2862,card_linking,0.2143,card_arrival,0.1279
I got my new card but I am not sure if it need s activated and how?,activate_my_card,activate_my_card,True,0.9234,activate_my_card,0.9234,card_linking,0.0181,card_arrival,0.0055
What are the steps to activating a new card?,activate_my_card,activate_my_card,True,0.9469,activate_my_card,0.9469,card_linking,0.0074,card_not_working,0.0035
"I would like to activate my card to use now, can you help me?",activate_my_card,activate_my_card,True,0.9483,activate_my_card,0.9483,card_linking,0.0057,card_not_working,0.0031
How do I activate a new card?,activate_my_card,activate_my_card,True,0.9436,activate_my_card,0.9436,card_linking,0.0103,card_not_working,0.0036
I just got this card & I don't know how to activate it.,activate_my_card,activate_my_card,True,0.9458,activate_my_card,0.9458,card_linking,0.0072,card_not_working,0.0033
I got my new card. How do I activate it?,activate_my_card,activate_my_card,True,0.9489,activate_my_card,0.9489,card_linking,0.0069,card_not_working,0.0027
What do I need to do to activate my card?,activate_my_card,activate_my_card,True,0.9533,activate_my_card,0.9533,card_linking,0.0049,card_not_working,0.0029
I see some fees for cash withdraw.,cash_withdrawal_charge,cash_withdrawal_charge,True,0.9187,cash_withdrawal_charge,0.9187,pending_cash_withdrawal,0.0112,declined_cash_withdrawal,0.0081
How come I was charged extra when I withdrew cash?,cash_withdrawal_charge,cash_withdrawal_charge,True,0.9036,cash_withdrawal_charge,0.9036,wrong_amount_of_cash_received,0.0197,wrong_exchange_rate_for_cash_withdrawal,0.0194
Why am I being charged when I withdraw cash?,cash_withdrawal_charge,cash_withdrawal_charge,True,0.9233,cash_withdrawal_charge,0.9233,wrong_exchange_rate_for_cash_withdrawal,0.0104,card_payment_fee_charged,0.0083
What is this charge on my account for a cash withdrawl?,cash_withdrawal_charge,cash_withdrawal_charge,True,0.8832,cash_withdrawal_charge,0.8832,top_up_by_bank_transfer_charge,0.0104,transfer_fee_charged,0.0099
Why are fees charged on cash withdrawals? I went to withdraw some money earlier today after shopping. There's a fee that wasn't there before.,cash_withdrawal_charge,cash_withdrawal_charge,True,0.9265,cash_withdrawal_charge,0.9265,wrong_exchange_rate_for_cash_withdrawal,0.0112,pending_cash_withdrawal,0.0074
"How come you charge for cash withdrawals? I withdrew cash after buying groceries today, and there seems to be a new fee",cash_withdrawal_charge,cash_withdrawal_charge,True,0.9176,cash_withdrawal_charge,0.9176,wrong_exchange_rate_for_cash_withdrawal,0.0161,pending_cash_withdrawal,0.0091
It looks like I was charged a withdrawal fee for going to my ATM. Why is that because I haven't been charged previously for doing so?,cash_withdrawal_charge,cash_withdrawal_charge,True,0.8851,cash_withdrawal_charge,0.8851,wrong_exchange_rate_for_cash_withdrawal,0.0336,wrong_amount_of_cash_received,0.0124
"Do ATM cash withdrawals carry a charge now? They've been free in the past, but all of a sudden I have to pay to make ATM withdrawals?",cash_withdrawal_charge,cash_withdrawal_charge,True,0.9113,cash_withdrawal_charge,0.9113,wrong_exchange_rate_for_cash_withdrawal,0.018,pending_cash_withdrawal,0.0103
Why is there an extra charge for money that was withdrawn?,cash_withdrawal_charge,cash_withdrawal_charge,True,0.9014,cash_withdrawal_charge,0.9014,wrong_exchange_rate_for_cash_withdrawal,0.014,wrong_amount_of_cash_received,0.011
Why was I charged a fee for withdrawing cash?,cash_withdrawal_charge,cash_withdrawal_charge,True,0.9358,cash_withdrawal_charge,0.9358,declined_cash_withdrawal,0.0081,wrong_exchange_rate_for_cash_withdrawal,0.0069
Why did I get a fee?,cash_withdrawal_charge,card_payment_fee_charged,False,0.4923,card_payment_fee_charged,0.4923,transfer_fee_charged,0.351,cash_withdrawal_charge,0.0621
Why did my cash get charged a fee that should not be there.,cash_withdrawal_charge,cash_withdrawal_charge,True,0.9098,cash_withdrawal_charge,0.9098,card_payment_fee_charged,0.0145,transfer_fee_charged,0.0118
Why did I have to pay a fee when I got cash?,cash_withdrawal_charge,cash_withdrawal_charge,True,0.8899,cash_withdrawal_charge,0.8899,wrong_exchange_rate_for_cash_withdrawal,0.0234,declined_cash_withdrawal,0.0149
"Hi, I am calling about a recent transaction that has happened on my account.  I recently went to the ATM, and tried to make a withdrawal on my account.  I just happened to check my transaction slip and noticed a fee for my withdrawal.  How can I resolve this, I didn't know fees were charged for this type of action.",cash_withdrawal_charge,cash_withdrawal_charge,True,0.8386,cash_withdrawal_charge,0.8386,pending_cash_withdrawal,0.0376,declined_cash_withdrawal,0.0263
A fee was charged for my recent withdrawal.,cash_withdrawal_charge,cash_withdrawal_charge,True,0.9333,cash_withdrawal_charge,0.9333,card_payment_fee_charged,0.0084,transfer_fee_charged,0.0083
I got a fee for an ATM withdrawal.,cash_withdrawal_charge,cash_withdrawal_charge,True,0.8971,cash_withdrawal_charge,0.8971,wrong_exchange_rate_for_cash_withdrawal,0.0224,declined_cash_withdrawal,0.0176
What is the reason for this fee I got after a simple cash withdrawal?,cash_withdrawal_charge,cash_withdrawal_charge,True,0.9106,cash_withdrawal_charge,0.9106,wrong_exchange_rate_for_cash_withdrawal,0.0145,wrong_amount_of_cash_received,0.0124
Did you start charging for cash withdrawals? I thought it was free so far but noticed suddendly there is a fee. How much do I need to pay?,cash_withdrawal_charge,cash_withdrawal_charge,True,0.9216,cash_withdrawal_charge,0.9216,transfer_fee_charged,0.0132,card_payment_fee_charged,0.009
Is there a fee for withdrawing cash?,cash_withdrawal_charge,cash_withdrawal_charge,True,0.9206,cash_withdrawal_charge,0.9206,pending_cash_withdrawal,0.0095,declined_cash_withdrawal,0.0078
"I've notice I was charged for withdrawing cash, can you explain why?",cash_withdrawal_charge,cash_withdrawal_charge,True,0.9234,cash_withdrawal_charge,0.9234,pending_cash_withdrawal,0.0112,wrong_exchange_rate_for_cash_withdrawal,0.0095
Why was my account charged for using an ATM?,cash_withdrawal_charge,cash_withdrawal_charge,True,0.8878,cash_withdrawal_charge,0.8878,wrong_amount_of_cash_received,0.0202,wrong_exchange_rate_for_cash_withdrawal,0.0188
Why is there a charge on my account for taking out cash?,cash_withdrawal_charge,cash_withdrawal_charge,True,0.9009,cash_withdrawal_charge,0.9009,cash_withdrawal_not_recognised,0.0106,card_payment_fee_charged,0.0099
An ATM fee was attached to my recent withdrawal.,cash_withdrawal_charge,cash_withdrawal_charge,True,0.858,cash_withdrawal_charge,0.858,wrong_exchange_rate_for_cash_withdrawal,0.0429,pending_cash_withdrawal,0.0183
I thought cash withdrawals didn't have a fee,cash_withdrawal_charge,cash_withdrawal_charge,True,0.8991,cash_withdrawal_charge,0.8991,wrong_exchange_rate_for_cash_withdrawal,0.0185,declined_cash_withdrawal,0.0176
Why did I get charged a fee when I tried to obtain cash?,cash_withdrawal_charge,cash_withdrawal_charge,True,0.8921,cash_withdrawal_charge,0.8921,wrong_exchange_rate_for_cash_withdrawal,0.0209,declined_cash_withdrawal,0.0166
"While I was checking out in the grocery store, I realized I needed cash so I requested some.  However, I noticed there was a fee for this transaction.  Why did I get charged a fee?",cash_withdrawal_charge,cash_withdrawal_charge,True,0.6494,cash_withdrawal_charge,0.6494,card_payment_fee_charged,0.1336,transfer_fee_charged,0.1067
Using an ATM caused me to incur an additional fee. Why?,cash_withdrawal_charge,cash_withdrawal_charge,True,0.8979,cash_withdrawal_charge,0.8979,wrong_exchange_rate_for_cash_withdrawal,0.0175,declined_cash_withdrawal,0.0153
I was charged extra for a withdrawal,cash_withdrawal_charge,cash_withdrawal_charge,True,0.8974,cash_withdrawal_charge,0.8974,wrong_amount_of_cash_received,0.0186,extra_charge_on_statement,0.0132
Is there a limit on how much I can withdraw from my account without being charged?,cash_withdrawal_charge,cash_withdrawal_charge,True,0.6716,cash_withdrawal_charge,0.6716,wrong_exchange_rate_for_cash_withdrawal,0.0756,wrong_amount_of_cash_received,0.0461
"I thought cash withdrawals were free? Why have I been charged a fee? Also, how much is this fee?",cash_withdrawal_charge,cash_withdrawal_charge,True,0.9292,cash_withdrawal_charge,0.9292,card_payment_fee_charged,0.0108,transfer_fee_charged,0.0105
"More fees, this time for withdrawing my own cash. Why are you robbing me?",cash_withdrawal_charge,cash_withdrawal_charge,True,0.8031,cash_withdrawal_charge,0.8031,declined_cash_withdrawal,0.0487,wrong_exchange_rate_for_cash_withdrawal,0.0443
I have never been charged a fee for cash withdrawal before. When did that change?,cash_withdrawal_charge,cash_withdrawal_charge,True,0.9279,cash_withdrawal_charge,0.9279,wrong_exchange_rate_for_cash_withdrawal,0.0109,pending_cash_withdrawal,0.0088
I was charged for a cash withdrawal.,cash_withdrawal_charge,cash_withdrawal_charge,True,0.9318,cash_withdrawal_charge,0.9318,wrong_amount_of_cash_received,0.0083,card_payment_fee_charged,0.0068
Why did you charge me for a cash withdrawal?,cash_withdrawal_charge,cash_withdrawal_charge,True,0.9376,cash_withdrawal_charge,0.9376,wrong_exchange_rate_for_cash_withdrawal,0.0068,card_payment_fee_charged,0.0065
I took cash and got charged a fee,cash_withdrawal_charge,cash_withdrawal_charge,True,0.924,cash_withdrawal_charge,0.924,transfer_fee_charged,0.0095,wrong_exchange_rate_for_cash_withdrawal,0.0087
Was charged an ATM fee despite it being a small withdrawal on the 1st day of the month. I thought I was allowed 200 per month?,cash_withdrawal_charge,cash_withdrawal_charge,True,0.6216,cash_withdrawal_charge,0.6216,wrong_exchange_rate_for_cash_withdrawal,0.1595,wrong_amount_of_cash_received,0.0992
I had a wrong fee charged at this ATM.,cash_withdrawal_charge,cash_withdrawal_charge,True,0.8043,cash_withdrawal_charge,0.8043,wrong_exchange_rate_for_cash_withdrawal,0.0535,wrong_amount_of_cash_received,0.0483
"When I got cash, I'm pretty sure there was a glitch that overcharged me.",cash_withdrawal_charge,wrong_exchange_rate_for_cash_withdrawal,False,0.369,wrong_exchange_rate_for_cash_withdrawal,0.369,wrong_amount_of_cash_received,0.2103,cash_withdrawal_not_recognised,0.1078
"My account got charged for taking out cash, why did this happen?",cash_withdrawal_charge,cash_withdrawal_charge,True,0.9068,cash_withdrawal_charge,0.9068,pending_cash_withdrawal,0.0128,declined_cash_withdrawal,0.0122
Why is there a fee for withdrawing?,cash_withdrawal_charge,cash_withdrawal_charge,True,0.9248,cash_withdrawal_charge,0.9248,declined_cash_withdrawal,0.009,wrong_exchange_rate_for_cash_withdrawal,0.0082
Am I able to order a new card and have it sent to me in China?,card_about_to_expire,card_about_to_expire,True,0.8947,card_about_to_expire,0.8947,card_arrival,0.0154,card_delivery_estimate,0.0107
Will you be able to send the new card to China?,card_about_to_expire,card_about_to_expire,True,0.7747,card_about_to_expire,0.7747,card_arrival,0.0749,card_delivery_estimate,0.04
When my card expires what happens to my account?,card_about_to_expire,card_about_to_expire,True,0.9408,card_about_to_expire,0.9408,card_arrival,0.0051,getting_spare_card,0.003
What do I do when my card expires?,card_about_to_expire,card_about_to_expire,True,0.9414,card_about_to_expire,0.9414,card_arrival,0.0052,getting_spare_card,0.0036
The expiration date on my card is coming up,card_about_to_expire,card_about_to_expire,True,0.925,card_about_to_expire,0.925,card_arrival,0.0077,age_limit,0.0037
"My card's expiring, what happens now?",card_about_to_expire,card_about_to_expire,True,0.9352,card_about_to_expire,0.9352,card_arrival,0.0054,card_delivery_estimate,0.0031
My card is about to expire. What do I need to do?,card_about_to_expire,card_about_to_expire,True,0.9371,card_about_to_expire,0.9371,card_arrival,0.0048,getting_spare_card,0.0038
how long and how much does it cost for new card,card_about_to_expire,card_about_to_expire,True,0.6423,card_about_to_expire,0.6423,card_arrival,0.097,order_physical_card,0.0409
What do I do if my card is expiring soon?,card_about_to_expire,card_about_to_expire,True,0.9311,card_about_to_expire,0.9311,card_arrival,0.0066,card_delivery_estimate,0.0036
How much does it cost to get a new card?  Mine is almost expired.  How fast does it come?,card_about_to_expire,card_about_to_expire,True,0.9303,card_about_to_expire,0.9303,card_arrival,0.0074,getting_spare_card,0.0045
"Since my card is about to expire, what do I do to get a new one?",card_about_to_expire,card_about_to_expire,True,0.9385,card_about_to_expire,0.9385,card_arrival,0.0051,getting_spare_card,0.0045
My card is about to expire and I need to know how much it costs and how long it takes to get a new one.,card_about_to_expire,card_about_to_expire,True,0.938,card_about_to_expire,0.938,card_arrival,0.0052,getting_spare_card,0.0046
When my card expires do you send a new card?,card_about_to_expire,card_about_to_expire,True,0.9355,card_about_to_expire,0.9355,getting_spare_card,0.007,card_arrival,0.0062
What is the next step if my card is about to expire.,card_about_to_expire,card_about_to_expire,True,0.9357,card_about_to_expire,0.9357,card_arrival,0.0056,getting_spare_card,0.0031
"Once my card expires, what should I do?",card_about_to_expire,card_about_to_expire,True,0.9398,card_about_to_expire,0.9398,card_arrival,0.005,getting_spare_card,0.0035
"I need a new card, my current card is nearly expired.",card_about_to_expire,card_about_to_expire,True,0.9266,card_about_to_expire,0.9266,card_arrival,0.011,getting_spare_card,0.0053
"It appears my card expires next month, can I order a new one?",card_about_to_expire,card_about_to_expire,True,0.9388,card_about_to_expire,0.9388,card_arrival,0.0049,getting_spare_card,0.004
My card is about to expire. How much does it cost to order a new one and how fast will I get it?,card_about_to_expire,card_about_to_expire,True,0.9389,card_about_to_expire,0.9389,getting_spare_card,0.0048,card_arrival,0.0047
What do I do when my card is about to expire?,card_about_to_expire,card_about_to_expire,True,0.9396,card_about_to_expire,0.9396,card_arrival,0.0059,getting_spare_card,0.003
"I will need to get a new card soon, how do I order?",card_about_to_expire,card_about_to_expire,True,0.7207,card_about_to_expire,0.7207,card_arrival,0.0692,card_delivery_estimate,0.0367
going to need a new card what are the fees and time it takes,card_about_to_expire,card_about_to_expire,True,0.729,card_about_to_expire,0.729,getting_spare_card,0.0603,order_physical_card,0.0449
Will I need to order a new card since mine expires next month?,card_about_to_expire,card_about_to_expire,True,0.9341,card_about_to_expire,0.9341,card_arrival,0.0052,getting_spare_card,0.0049
"When my card expires, will I get a new one mailed to me?",card_about_to_expire,card_about_to_expire,True,0.9424,card_about_to_expire,0.9424,card_arrival,0.0061,card_delivery_estimate,0.0037
Do you have to order a new card before your current card expires?,card_about_to_expire,card_about_to_expire,True,0.9235,card_about_to_expire,0.9235,getting_spare_card,0.0117,card_arrival,0.006
"Since my card is about to expire, I need a new one.",card_about_to_expire,card_about_to_expire,True,0.9381,card_about_to_expire,0.9381,card_arrival,0.0053,getting_spare_card,0.0046
My card is very close to expiring. When can I order a new one and how do I do so?,card_about_to_expire,card_about_to_expire,True,0.941,card_about_to_expire,0.941,card_arrival,0.0053,getting_spare_card,0.0039
"I need to order a  new card, mine is about to expire and I need to know how much it will cost and how long until I receive it.",card_about_to_expire,card_about_to_expire,True,0.9347,card_about_to_expire,0.9347,card_arrival,0.0053,getting_spare_card,0.0052
How do I order a new card before It expires?,card_about_to_expire,card_about_to_expire,True,0.9329,card_about_to_expire,0.9329,getting_spare_card,0.0058,card_arrival,0.0055
Can I receive a new card while I am in China?,card_about_to_expire,card_about_to_expire,True,0.895,card_about_to_expire,0.895,card_arrival,0.0104,card_delivery_estimate,0.0091
"Next month my card will expire, do I need to order a new one?",card_about_to_expire,card_about_to_expire,True,0.9393,card_about_to_expire,0.9393,card_arrival,0.0053,getting_spare_card,0.0045
The expiration date of my card is approaching .,card_about_to_expire,card_about_to_expire,True,0.9279,card_about_to_expire,0.9279,card_arrival,0.0068,card_not_working,0.0045
"How can I get a new card ASAP to replace an old, soon to expire one?",card_about_to_expire,card_about_to_expire,True,0.9353,card_about_to_expire,0.9353,card_arrival,0.0053,getting_spare_card,0.0038
I need a new card since my old one is about to expire.,card_about_to_expire,card_about_to_expire,True,0.9341,card_about_to_expire,0.9341,card_arrival,0.0057,getting_spare_card,0.0056
My card is about to expire.,card_about_to_expire,card_about_to_expire,True,0.9338,card_about_to_expire,0.9338,card_arrival,0.0051,getting_spare_card,0.0037
"My card is expiring shortly.  How much will it cost for a replacement, and how soon can I get it?",card_about_to_expire,card_about_to_expire,True,0.928,card_about_to_expire,0.928,card_arrival,0.0055,card_not_working,0.0041
What would the price be for an expired card replacement and how long will it take me to get it?,card_about_to_expire,card_about_to_expire,True,0.8862,card_about_to_expire,0.8862,card_arrival,0.0124,card_delivery_estimate,0.0079
"in china, need new card",card_about_to_expire,card_about_to_expire,True,0.8792,card_about_to_expire,0.8792,getting_spare_card,0.0096,card_arrival,0.0092
"If my card is about to expire, do I need to order a new one?",card_about_to_expire,card_about_to_expire,True,0.9362,card_about_to_expire,0.9362,getting_spare_card,0.0054,card_arrival,0.0046
My card is about to expire. How do I get a new one?,card_about_to_expire,card_about_to_expire,True,0.9372,card_about_to_expire,0.9372,card_arrival,0.0049,getting_spare_card,0.0048
I need to know the cost and when I will receive a new card to replace an old one.,card_about_to_expire,card_about_to_expire,True,0.6263,card_about_to_expire,0.6263,getting_spare_card,0.0913,card_linking,0.0474
Is the top up feature available on the Apple Watch?,apple_pay_or_google_pay,apple_pay_or_google_pay,True,0.9367,apple_pay_or_google_pay,0.9367,lost_or_stolen_phone,0.0079,topping_up_by_card,0.0048
Can I use the system Google Pay for top-ups?,apple_pay_or_google_pay,apple_pay_or_google_pay,True,0.9368,apple_pay_or_google_pay,0.9368,topping_up_by_card,0.0055,lost_or_stolen_phone,0.0043
My top-up for Google Pay isn't working,apple_pay_or_google_pay,apple_pay_or_google_pay,True,0.9288,apple_pay_or_google_pay,0.9288,topping_up_by_card,0.006,lost_or_stolen_phone,0.0057
Can I add money with Apple Pay?,apple_pay_or_google_pay,apple_pay_or_google_pay,True,0.9368,apple_pay_or_google_pay,0.9368,lost_or_stolen_phone,0.0062,topping_up_by_card,0.0046
Can I use my Apple Watch to to top up?,apple_pay_or_google_pay,apple_pay_or_google_pay,True,0.9352,apple_pay_or_google_pay,0.9352,lost_or_stolen_phone,0.0072,topping_up_by_card,0.005
Does Apple Pay give the option to top up?,apple_pay_or_google_pay,apple_pay_or_google_pay,True,0.9376,apple_pay_or_google_pay,0.9376,lost_or_stolen_phone,0.0067,topping_up_by_card,0.0048
Top up on my Google Pay isn't working.,apple_pay_or_google_pay,apple_pay_or_google_pay,True,0.9303,apple_pay_or_google_pay,0.9303,lost_or_stolen_phone,0.0058,topping_up_by_card,0.0054
Is it possible to top up with Apple Pay?,apple_pay_or_google_pay,apple_pay_or_google_pay,True,0.9388,apple_pay_or_google_pay,0.9388,lost_or_stolen_phone,0.0076,topping_up_by_card,0.0044
do i have to setup apple pay to use it,apple_pay_or_google_pay,apple_pay_or_google_pay,True,0.9348,apple_pay_or_google_pay,0.9348,lost_or_stolen_phone,0.0099,topping_up_by_card,0.005
Can I use Apple Pay to top up?,apple_pay_or_google_pay,apple_pay_or_google_pay,True,0.9372,apple_pay_or_google_pay,0.9372,lost_or_stolen_phone,0.006,topping_up_by_card,0.0047
How can I top up my Google Pay?,apple_pay_or_google_pay,apple_pay_or_google_pay,True,0.9392,apple_pay_or_google_pay,0.9392,lost_or_stolen_phone,0.0055,topping_up_by_card,0.0047
Does Google Play have an app to Top up?,apple_pay_or_google_pay,apple_pay_or_google_pay,True,0.9351,apple_pay_or_google_pay,0.9351,lost_or_stolen_phone,0.0068,topping_up_by_card,0.0056
"I received my American Express card, but I am having problems making it work with Apple pay.  Can you help me with this problem?",apple_pay_or_google_pay,apple_pay_or_google_pay,True,0.9243,apple_pay_or_google_pay,0.9243,lost_or_stolen_phone,0.0102,topping_up_by_card,0.0051
is apple pay eligible for top up,apple_pay_or_google_pay,apple_pay_or_google_pay,True,0.9357,apple_pay_or_google_pay,0.9357,lost_or_stolen_phone,0.0063,topping_up_by_card,0.0043
Why can't I use my American Express with Apple Pay to top up my account?,apple_pay_or_google_pay,apple_pay_or_google_pay,True,0.9338,apple_pay_or_google_pay,0.9338,lost_or_stolen_phone,0.007,topping_up_by_card,0.0058
how do i add money with my apple watch,apple_pay_or_google_pay,apple_pay_or_google_pay,True,0.9366,apple_pay_or_google_pay,0.9366,lost_or_stolen_phone,0.0074,topping_up_by_card,0.0049
"If I want to top up, can I use Apple Pay?",apple_pay_or_google_pay,apple_pay_or_google_pay,True,0.9399,apple_pay_or_google_pay,0.9399,lost_or_stolen_phone,0.0063,topping_up_by_card,0.0052
can i top up with apple pay,apple_pay_or_google_pay,apple_pay_or_google_pay,True,0.936,apple_pay_or_google_pay,0.936,lost_or_stolen_phone,0.0065,topping_up_by_card,0.0045
"My American express is experiencing a problem with apple play with top up, can you fix it?",apple_pay_or_google_pay,apple_pay_or_google_pay,True,0.9262,apple_pay_or_google_pay,0.9262,lost_or_stolen_phone,0.0103,topping_up_by_card,0.0072
My top up is not working in Apple Pay.,apple_pay_or_google_pay,apple_pay_or_google_pay,True,0.934,apple_pay_or_google_pay,0.934,lost_or_stolen_phone,0.0067,topping_up_by_card,0.0051
Is Apple Pay a possible top up option?,apple_pay_or_google_pay,apple_pay_or_google_pay,True,0.9377,apple_pay_or_google_pay,0.9377,lost_or_stolen_phone,0.0063,topping_up_by_card,0.0045
I don't know how to top up my Google pay.,apple_pay_or_google_pay,apple_pay_or_google_pay,True,0.9384,apple_pay_or_google_pay,0.9384,lost_or_stolen_phone,0.007,topping_up_by_card,0.0049
Can I top up from my Apple Watch?,apple_pay_or_google_pay,apple_pay_or_google_pay,True,0.9365,apple_pay_or_google_pay,0.9365,lost_or_stolen_phone,0.0069,topping_up_by_card,0.0048
Can I use my American Express stored in Apple Pay to top up?,apple_pay_or_google_pay,apple_pay_or_google_pay,True,0.9354,apple_pay_or_google_pay,0.9354,topping_up_by_card,0.0062,lost_or_stolen_phone,0.0056
is apple pay costly?,apple_pay_or_google_pay,apple_pay_or_google_pay,True,0.9142,apple_pay_or_google_pay,0.9142,lost_or_stolen_phone,0.0088,declined_card_payment,0.0036
How can I top up with Google Pay?,apple_pay_or_google_pay,apple_pay_or_google_pay,True,0.9402,apple_pay_or_google_pay,0.9402,topping_up_by_card,0.0052,lost_or_stolen_phone,0.005
I can't top up my account using my American Express with Apple Pay.,apple_pay_or_google_pay,apple_pay_or_google_pay,True,0.9333,apple_pay_or_google_pay,0.9333,lost_or_stolen_phone,0.0068,topping_up_by_card,0.0065
"I got my American Express in Apple Pay, why is top up not working?",apple_pay_or_google_pay,apple_pay_or_google_pay,True,0.9341,apple_pay_or_google_pay,0.9341,lost_or_stolen_phone,0.0075,topping_up_by_card,0.0051
I got my American Express in Apple Bay but top up is not working,apple_pay_or_google_pay,apple_pay_or_google_pay,True,0.9154,apple_pay_or_google_pay,0.9154,topping_up_by_card,0.0107,lost_or_stolen_phone,0.0064
How do I top up? Can I use my apple watch?,apple_pay_or_google_pay,apple_pay_or_google_pay,True,0.937,apple_pay_or_google_pay,0.937,lost_or_stolen_phone,0.0065,topping_up_by_card,0.0053
Is it possible to use Apple Pay to put money in my account?,apple_pay_or_google_pay,apple_pay_or_google_pay,True,0.935,apple_pay_or_google_pay,0.935,lost_or_stolen_phone,0.0065,topping_up_by_card,0.0051
"My American Express is in my Apple Pay and the top up is failing, why?",apple_pay_or_google_pay,apple_pay_or_google_pay,True,0.9186,apple_pay_or_google_pay,0.9186,lost_or_stolen_phone,0.0086,topping_up_by_card,0.0064
How can I top-ff my account using my Apple Watch?,apple_pay_or_google_pay,apple_pay_or_google_pay,True,0.9362,apple_pay_or_google_pay,0.9362,lost_or_stolen_phone,0.0066,topping_up_by_card,0.0063
can google pay be used to make a top-up,apple_pay_or_google_pay,apple_pay_or_google_pay,True,0.9376,apple_pay_or_google_pay,0.9376,lost_or_stolen_phone,0.0057,topping_up_by_card,0.0054
How do I get the Top Up feature on my apple watch working?,apple_pay_or_google_pay,apple_pay_or_google_pay,True,0.9378,apple_pay_or_google_pay,0.9378,lost_or_stolen_phone,0.0066,topping_up_by_card,0.0049
How do I troubleshoot Google pay top up?,apple_pay_or_google_pay,apple_pay_or_google_pay,True,0.9405,apple_pay_or_google_pay,0.9405,lost_or_stolen_phone,0.0063,topping_up_by_card,0.0058
How do I top up with Apple Pay?,apple_pay_or_google_pay,apple_pay_or_google_pay,True,0.9394,apple_pay_or_google_pay,0.9394,lost_or_stolen_phone,0.0068,topping_up_by_card,0.0044
Why isn't my top up working using my saved American Express in ApplePay?,apple_pay_or_google_pay,apple_pay_or_google_pay,True,0.8871,apple_pay_or_google_pay,0.8871,topping_up_by_card,0.0149,lost_or_stolen_phone,0.0093
How do I use the top up app with my apple watch?,apple_pay_or_google_pay,apple_pay_or_google_pay,True,0.9376,apple_pay_or_google_pay,0.9376,lost_or_stolen_phone,0.0071,topping_up_by_card,0.0056
"Google pay and top up, I want it, can I get it?",apple_pay_or_google_pay,apple_pay_or_google_pay,True,0.9396,apple_pay_or_google_pay,0.9396,topping_up_by_card,0.0058,lost_or_stolen_phone,0.0054
What can I use to verify my identify?,verify_my_identity,verify_my_identity,True,0.4733,verify_my_identity,0.4733,why_verify_identity,0.2821,unable_to_verify_identity,0.143
What do you need to verify my identity?,verify_my_identity,verify_my_identity,True,0.6531,verify_my_identity,0.6531,why_verify_identity,0.1952,unable_to_verify_identity,0.0433
"I need to verify my identity, but how do I do that?",verify_my_identity,verify_my_identity,True,0.6278,verify_my_identity,0.6278,why_verify_identity,0.2171,unable_to_verify_identity,0.0512
How can I verify my indentity?,verify_my_identity,why_verify_identity,False,0.3079,why_verify_identity,0.3079,verify_my_identity,0.2904,unable_to_verify_identity,0.2294
What is needed to prove my identity?,verify_my_identity,unable_to_verify_identity,False,0.3118,unable_to_verify_identity,0.3118,verify_my_identity,0.3077,why_verify_identity,0.2906
What do you need for my identity check?,verify_my_identity,verify_my_identity,True,0.5895,verify_my_identity,0.5895,why_verify_identity,0.2626,unable_to_verify_identity,0.0431
How do you verify an identity?,verify_my_identity,verify_my_identity,True,0.6428,verify_my_identity,0.6428,why_verify_identity,0.2086,unable_to_verify_identity,0.0394
Is there a specific type you need for identity verification?,verify_my_identity,verify_my_identity,True,0.5503,verify_my_identity,0.5503,why_verify_identity,0.287,unable_to_verify_identity,0.0419
I got a message that I need to verify my identity; what do I do?,verify_my_identity,verify_my_identity,True,0.4527,verify_my_identity,0.4527,why_verify_identity,0.325,unable_to_verify_identity,0.1186
Are there any documents needed for the identity check?,verify_my_identity,verify_my_identity,True,0.6266,verify_my_identity,0.6266,why_verify_identity,0.2268,unable_to_verify_identity,0.0377
What are the steps I need to take to verify my identity?,verify_my_identity,verify_my_identity,True,0.6453,verify_my_identity,0.6453,why_verify_identity,0.2101,unable_to_verify_identity,0.0417
What do I need to verify my identity,verify_my_identity,verify_my_identity,True,0.6473,verify_my_identity,0.6473,why_verify_identity,0.1967,unable_to_verify_identity,0.0524
I need to verify my identity,verify_my_identity,verify_my_identity,True,0.5749,verify_my_identity,0.5749,why_verify_identity,0.254,unable_to_verify_identity,0.0779
I need some help with identity verification.,verify_my_identity,verify_my_identity,True,0.5343,verify_my_identity,0.5343,why_verify_identity,0.3209,unable_to_verify_identity,0.055
What's the process for ID verification?,verify_my_identity,verify_my_identity,True,0.4755,verify_my_identity,0.4755,why_verify_identity,0.311,unable_to_verify_identity,0.123
I would like to know how I can verify my Identity.,verify_my_identity,verify_my_identity,True,0.6266,verify_my_identity,0.6266,why_verify_identity,0.2175,unable_to_verify_identity,0.0579
What kind of documents do I need for the identity check?,verify_my_identity,verify_my_identity,True,0.6578,verify_my_identity,0.6578,why_verify_identity,0.1752,unable_to_verify_identity,0.0296
Let me know the steps for the identity checks,verify_my_identity,verify_my_identity,True,0.6323,verify_my_identity,0.6323,why_verify_identity,0.2275,unable_to_verify_identity,0.0402
What should I do to verify my identity?,verify_my_identity,verify_my_identity,True,0.6219,verify_my_identity,0.6219,why_verify_identity,0.2321,unable_to_verify_identity,0.0522
What are the steps to verify my identity?,verify_my_identity,verify_my_identity,True,0.6507,verify_my_identity,0.6507,why_verify_identity,0.2002,unable_to_verify_identity,0.0473
How does my identity get verified?,verify_my_identity,verify_my_identity,True,0.4229,verify_my_identity,0.4229,why_verify_identity,0.3379,unable_to_verify_identity,0.1569
What things do I need to verify my identity?,verify_my_identity,verify_my_identity,True,0.6593,verify_my_identity,0.6593,why_verify_identity,0.1868,unable_to_verify_identity,0.0431
What steps do I take to verify my identity?,verify_my_identity,verify_my_identity,True,0.6437,verify_my_identity,0.6437,why_verify_identity,0.2111,unable_to_verify_identity,0.0477
Can I verify my identity online?,verify_my_identity,verify_my_identity,True,0.6237,verify_my_identity,0.6237,why_verify_identity,0.2214,unable_to_verify_identity,0.0543
do the details of my profile have to match my documents,verify_my_identity,edit_personal_details,False,0.2616,edit_personal_details,0.2616,verify_my_identity,0.2378,why_verify_identity,0.2293
Where do I verify my identity?,verify_my_identity,verify_my_identity,True,0.6295,verify_my_identity,0.6295,why_verify_identity,0.2198,unable_to_verify_identity,0.0515
"When getting my ID checked, what are the steps involved?",verify_my_identity,unable_to_verify_identity,False,0.372,unable_to_verify_identity,0.372,why_verify_identity,0.2923,verify_my_identity,0.2272
do I need anything for the identity check?,verify_my_identity,verify_my_identity,True,0.6523,verify_my_identity,0.6523,why_verify_identity,0.1887,unable_to_verify_identity,0.0299
which kind of documentation do I need for identity check?,verify_my_identity,verify_my_identity,True,0.6612,verify_my_identity,0.6612,why_verify_identity,0.1835,unable_to_verify_identity,0.0301
How do I go forth on verifying my identity?,verify_my_identity,verify_my_identity,True,0.6252,verify_my_identity,0.6252,why_verify_identity,0.2081,unable_to_verify_identity,0.0618
What can I do to verify my identity?,verify_my_identity,verify_my_identity,True,0.6504,verify_my_identity,0.6504,why_verify_identity,0.2011,unable_to_verify_identity,0.0469
What do you need so I can verify my identity?,verify_my_identity,verify_my_identity,True,0.6346,verify_my_identity,0.6346,why_verify_identity,0.2168,unable_to_verify_identity,0.0499
What do I need to show who I am?,verify_my_identity,verify_my_identity,True,0.4727,verify_my_identity,0.4727,why_verify_identity,0.2814,unable_to_verify_identity,0.1075
Do I need any kind of documentation for the identity check?,verify_my_identity,verify_my_identity,True,0.6582,verify_my_identity,0.6582,why_verify_identity,0.1902,unable_to_verify_identity,0.0318
What will I need for identity verification?,verify_my_identity,verify_my_identity,True,0.6337,verify_my_identity,0.6337,why_verify_identity,0.216,unable_to_verify_identity,0.0302
Is there any way to verify who I am?,verify_my_identity,why_verify_identity,False,0.3613,why_verify_identity,0.3613,unable_to_verify_identity,0.2853,verify_my_identity,0.2589
Is there any documentation needed for the identity check?,verify_my_identity,verify_my_identity,True,0.609,verify_my_identity,0.609,why_verify_identity,0.2458,unable_to_verify_identity,0.0407
What all am I required to show for the identity check?,verify_my_identity,verify_my_identity,True,0.532,verify_my_identity,0.532,why_verify_identity,0.3056,unable_to_verify_identity,0.0464
What do I do for the identity check?,verify_my_identity,verify_my_identity,True,0.6044,verify_my_identity,0.6044,why_verify_identity,0.255,unable_to_verify_identity,0.0429
What do I need to do to verify my identity?,verify_my_identity,verify_my_identity,True,0.6476,verify_my_identity,0.6476,why_verify_identity,0.2019,unable_to_verify_identity,0.0466
I live in the US but want to get a card,country_support,country_support,True,0.921,country_support,0.921,supported_cards_and_currencies,0.0171,visa_or_mastercard,0.0038
Are your cards available in Europe?,country_support,country_support,True,0.9006,country_support,0.9006,supported_cards_and_currencies,0.02,visa_or_mastercard,0.0078
Can I use your app if I am from the EU?,country_support,country_support,True,0.8593,country_support,0.8593,supported_cards_and_currencies,0.016,fiat_currency_support,0.0145
What countries are supported?,country_support,country_support,True,0.9237,country_support,0.9237,supported_cards_and_currencies,0.0102,fiat_currency_support,0.0049
i live in the US can i still get a card?,country_support,country_support,True,0.9247,country_support,0.9247,supported_cards_and_currencies,0.0144,fiat_currency_support,0.0034
Can I get a card outside the UK?,country_support,country_support,True,0.916,country_support,0.916,supported_cards_and_currencies,0.0146,fiat_currency_support,0.0058
"I'm not in the UK, can I still get a card?",country_support,country_support,True,0.9254,country_support,0.9254,supported_cards_and_currencies,0.0087,card_about_to_expire,0.0037
"I'm not in the UK, is it possible for me to still get a card?",country_support,country_support,True,0.919,country_support,0.919,supported_cards_and_currencies,0.009,fiat_currency_support,0.0043
Now that I live in the US how can I get a card?,country_support,country_support,True,0.9267,country_support,0.9267,supported_cards_and_currencies,0.0117,fiat_currency_support,0.0035
Can I get one of your cards in the EU,country_support,country_support,True,0.9114,country_support,0.9114,supported_cards_and_currencies,0.0129,fiat_currency_support,0.0063
Can I get a card despite the fact I'm not in the UK?,country_support,country_support,True,0.9214,country_support,0.9214,supported_cards_and_currencies,0.0097,fiat_currency_support,0.0041
Where do I need to live to get support?,country_support,age_limit,False,0.4148,age_limit,0.4148,receiving_money,0.1074,country_support,0.0869
Do you support the EU?,country_support,country_support,True,0.8266,country_support,0.8266,fiat_currency_support,0.0356,supported_cards_and_currencies,0.0197
how do i get a card if i am in the usa,country_support,country_support,True,0.9204,country_support,0.9204,supported_cards_and_currencies,0.0128,visa_or_mastercard,0.0045
"Please help me get a new card, I reside in the United States.",country_support,country_support,True,0.9006,country_support,0.9006,supported_cards_and_currencies,0.0139,card_about_to_expire,0.0099
Is it possible to get a card if I'm not in the UK?,country_support,country_support,True,0.9227,country_support,0.9227,supported_cards_and_currencies,0.0099,fiat_currency_support,0.0041
Is my country supported,country_support,country_support,True,0.8716,country_support,0.8716,supported_cards_and_currencies,0.0112,why_verify_identity,0.0092
From what countries can I use this product?,country_support,country_support,True,0.913,country_support,0.913,supported_cards_and_currencies,0.0149,fiat_currency_support,0.0062
Where can I find your locations?,country_support,country_support,True,0.2521,country_support,0.2521,card_acceptance,0.0898,verify_source_of_funds,0.0841
Can I get a card even if I live outside the UK?,country_support,country_support,True,0.9155,country_support,0.9155,supported_cards_and_currencies,0.0105,fiat_currency_support,0.0052
"I am from the EU, can I sign up?",country_support,country_support,True,0.8449,country_support,0.8449,supported_cards_and_currencies,0.0207,fiat_currency_support,0.0186
"I would like to receive and use the card in Europe, is that possible?",country_support,country_support,True,0.8661,country_support,0.8661,supported_cards_and_currencies,0.0311,visa_or_mastercard,0.0121
What countries do you support?,country_support,country_support,True,0.9236,country_support,0.9236,supported_cards_and_currencies,0.0108,fiat_currency_support,0.0051
What countries are you currently in?,country_support,country_support,True,0.9191,country_support,0.9191,supported_cards_and_currencies,0.0082,fiat_currency_support,0.0036
What locations are you in?,country_support,country_support,True,0.3121,country_support,0.3121,card_acceptance,0.1226,order_physical_card,0.0517
Can you tell me what countries you operate in?,country_support,country_support,True,0.9193,country_support,0.9193,supported_cards_and_currencies,0.0094,fiat_currency_support,0.0052
"I need a card, but I'm in the US at the moment.",country_support,country_support,True,0.862,country_support,0.862,supported_cards_and_currencies,0.0179,card_about_to_expire,0.0126
What countries will my card be supported in?,country_support,country_support,True,0.921,country_support,0.921,supported_cards_and_currencies,0.0139,visa_or_mastercard,0.0062
Do you have a list of countries you operate in?,country_support,country_support,True,0.917,country_support,0.917,supported_cards_and_currencies,0.0083,fiat_currency_support,0.004
In what countries do you do business?,country_support,country_support,True,0.924,country_support,0.924,supported_cards_and_currencies,0.0111,fiat_currency_support,0.0044
I don't live in the UK.  Can I still get a card?,country_support,country_support,True,0.9192,country_support,0.9192,supported_cards_and_currencies,0.0093,fiat_currency_support,0.0041
Where do you support?,country_support,country_support,True,0.4105,country_support,0.4105,supported_cards_and_currencies,0.0812,age_limit,0.0605
Am I able to get a card in EU?,country_support,country_support,True,0.8949,country_support,0.8949,supported_cards_and_currencies,0.0154,fiat_currency_support,0.0082
What countries do you currently do business in?,country_support,country_support,True,0.9254,country_support,0.9254,supported_cards_and_currencies,0.0087,fiat_currency_support,0.0036
"I'm not in the UK, can I get a card?",country_support,country_support,True,0.9264,country_support,0.9264,supported_cards_and_currencies,0.0097,fiat_currency_support,0.0041
"If i'm not in the UK, can I still get a card?",country_support,country_support,True,0.9259,country_support,0.9259,supported_cards_and_currencies,0.0085,card_about_to_expire,0.0036
How many countries do you support?,country_support,country_support,True,0.9146,country_support,0.9146,supported_cards_and_currencies,0.0106,fiat_currency_support,0.008
What countries do you do business in?,country_support,country_support,True,0.9254,country_support,0.9254,supported_cards_and_currencies,0.0098,fiat_currency_support,0.0038
What are the countries you operate in.,country_support,country_support,True,0.917,country_support,0.917,supported_cards_and_currencies,0.0085,fiat_currency_support,0.005
Can the card be mailed and used in Europe?,country_support,country_support,True,0.9064,country_support,0.9064,supported_cards_and_currencies,0.0175,visa_or_mastercard,0.006
