text,true,pred,correct,confidence,top1,top1_prob,top2,top2_prob,top3,top3_prob
How do I locate my card?,card_arrival,lost_or_stolen_card,False,0.4687,lost_or_stolen_card,0.4687,card_linking,0.2065,card_arrival,0.1759
"I still have not received my new card, I ordered over a week ago.",card_arrival,card_arrival,True,0.9526,card_arrival,0.9526,card_about_to_expire,0.0065,declined_card_payment,0.0056
I ordered a card but it has not arrived. Help please!,card_arrival,card_arrival,True,0.3437,card_arrival,0.3437,order_physical_card,0.3252,card_delivery_estimate,0.1611
Is there a way to know when my card will arrive?,card_arrival,card_arrival,True,0.552,card_arrival,0.552,card_delivery_estimate,0.4244,card_about_to_expire,0.0047
My card has not arrived yet.,card_arrival,card_arrival,True,0.7925,card_arrival,0.7925,card_delivery_estimate,0.1662,lost_or_stolen_card,0.0081
When will I get my card?,card_arrival,card_delivery_estimate,False,0.7223,card_delivery_estimate,0.7223,card_arrival,0.2213,get_physical_card,0.0116
Do you know if there is a tracking number for the new card you sent me?,card_arrival,card_arrival,True,0.9913,card_arrival,0.9913,lost_or_stolen_card,0.0026,card_linking,0.0011
i have not received my card,card_arrival,card_arrival,True,0.7588,card_arrival,0.7588,card_delivery_estimate,0.0514,declined_card_payment,0.0347
still waiting on that card,card_arrival,card_arrival,True,0.6234,card_arrival,0.6234,card_delivery_estimate,0.0993,pending_card_payment,0.0459
Is it normal to have to wait over a week for my new card?,card_arrival,card_arrival,True,0.8522,card_arrival,0.8522,pending_top_up,0.0314,card_delivery_estimate,0.0313
How do I track my card?,card_arrival,card_arrival,True,0.869,card_arrival,0.869,lost_or_stolen_card,0.0351,card_linking,0.0283
How long does a card delivery take?,card_arrival,card_delivery_estimate,False,0.8942,card_delivery_estimate,0.8942,card_arrival,0.0849,pending_card_payment,0.0047
I still don't have my card after 2 weeks.  What should I do?,card_arrival,card_arrival,True,0.7057,card_arrival,0.7057,lost_or_stolen_card,0.0768,card_not_working,0.0328
still waiting on my new card,card_arrival,card_arrival,True,0.8801,card_arrival,0.8801,activate_my_card,0.019,pending_top_up,0.0129
I am still waiting for my card after 1 week.  Is this ok?,card_arrival,card_arrival,True,0.5471,card_arrival,0.5471,card_delivery_estimate,0.3335,pending_top_up,0.0292
"I have been waiting longer than expected for my bank card, could you provide information on when it will arrive?",card_arrival,card_arrival,True,0.4671,card_arrival,0.4671,card_delivery_estimate,0.2936,pending_card_payment,0.0893
I've been waiting longer than expected for my card.,card_arrival,card_arrival,True,0.7181,card_arrival,0.7181,card_delivery_estimate,0.1859,pending_card_payment,0.0237
Why hasn't my card been delivered?,card_arrival,card_arrival,True,0.9362,card_arrival,0.9362,card_delivery_estimate,0.0201,transfer_not_received_by_recipient,0.0088
Where is my new card? I have been waiting a week!,card_arrival,card_arrival,True,0.9634,card_arrival,0.9634,lost_or_stolen_card,0.0118,card_delivery_estimate,0.0042
My card still hasn't arrived after 2 weeks. Is it lost?,card_arrival,card_arrival,True,0.9652,card_arrival,0.9652,lost_or_stolen_card,0.0129,card_delivery_estimate,0.0064
"I did not get my card yet, is it lost?",card_arrival,card_arrival,True,0.8092,card_arrival,0.8092,lost_or_stolen_card,0.1338,card_linking,0.0094
Status of the card I ordered.,card_arrival,card_arrival,True,0.7316,card_arrival,0.7316,pending_card_payment,0.0536,card_delivery_estimate,0.048
How long should my new card take to arrive?,card_arrival,card_delivery_estimate,False,0.6414,card_delivery_estimate,0.6414,card_arrival,0.3074,card_about_to_expire,0.014
I ordered my card 2 weeks ago and it still isn't here? What do I do?,card_arrival,card_arrival,True,0.8687,card_arrival,0.8687,reverted_card_payment?,0.0264,card_linking,0.0219
"My card has not arrived yet, where is it?",card_arrival,card_arrival,True,0.8987,card_arrival,0.8987,lost_or_stolen_card,0.03,order_physical_card,0.0164
What is the tracking number for my card that was mailed?,card_arrival,card_arrival,True,0.9859,card_arrival,0.9859,lost_or_stolen_card,0.0044,compromised_card,0.0019
I think something went wrong with my card delivery as I haven't received it yet.,card_arrival,card_arrival,True,0.7815,card_arrival,0.7815,card_delivery_estimate,0.057,declined_card_payment,0.0344
"I'm still waiting for delivery of my new card, why is it taking so long?",card_arrival,card_arrival,True,0.9265,card_arrival,0.9265,card_delivery_estimate,0.0289,pending_card_payment,0.0208
"I ordered a card a week ago, and it's still not here. What do I do?",card_arrival,card_arrival,True,0.7806,card_arrival,0.7806,card_linking,0.0414,reverted_card_payment?,0.0367
i want to track the card you sent,card_arrival,card_arrival,True,0.9781,card_arrival,0.9781,card_delivery_estimate,0.0081,lost_or_stolen_card,0.0019
My card hasn't arrived yet.,card_arrival,card_arrival,True,0.8223,card_arrival,0.8223,card_delivery_estimate,0.1404,lost_or_stolen_card,0.0065
I was expecting my new card and am wondering why I haven't received it yet?,card_arrival,card_arrival,True,0.97,card_arrival,0.97,card_delivery_estimate,0.006,declined_card_payment,0.004
How do I know when my card will arrive?,card_arrival,card_delivery_estimate,False,0.5384,card_delivery_estimate,0.5384,card_arrival,0.4225,get_physical_card,0.0074
I'm still waiting on my card to be delivered.,card_arrival,card_arrival,True,0.8416,card_arrival,0.8416,card_delivery_estimate,0.1178,pending_card_payment,0.0151
Does the card you sent have a way to track to it?,card_arrival,card_arrival,True,0.96,card_arrival,0.96,card_linking,0.0111,card_delivery_estimate,0.0079
I ordered a card and I still haven't received it. It's been two weeks. What can I do?,card_arrival,card_arrival,True,0.8925,card_arrival,0.8925,card_delivery_estimate,0.0162,reverted_card_payment?,0.0152
"I'm starting to think my card is lost because it still hasn't arrived, can you help?",card_arrival,card_arrival,True,0.4754,card_arrival,0.4754,lost_or_stolen_card,0.378,card_linking,0.0287
Is there tracking info available?,card_arrival,card_arrival,True,0.4654,card_arrival,0.4654,verify_source_of_funds,0.3452,direct_debit_payment_not_recognised,0.016
What is the tracking number for the card you sent?,card_arrival,card_arrival,True,0.9805,card_arrival,0.9805,lost_or_stolen_card,0.0048,card_delivery_estimate,0.0023
Where is the tracking number for the card you sent me?,card_arrival,card_arrival,True,0.9737,card_arrival,0.9737,lost_or_stolen_card,0.0068,card_linking,0.0026
Why won't my card show up on the app?,card_linking,card_not_working,False,0.4078,card_not_working,0.4078,card_linking,0.4005,topping_up_by_card,0.0328
I would like to reactivate my card.,card_linking,card_linking,True,0.726,card_linking,0.726,activate_my_card,0.1929,card_about_to_expire,0.0257
Where do I link the new card?,card_linking,card_linking,True,0.9652,card_linking,0.9652,card_arrival,0.0104,order_physical_card,0.006
"I have received my card, can you help me put it in the app?",card_linking,card_linking,True,0.89,card_linking,0.89,card_delivery_estimate,0.0115,order_physical_card,0.0108
How do I link a card that I already have?,card_linking,card_linking,True,0.9958,card_linking,0.9958,getting_spare_card,0.0016,order_physical_card,0.0005
"I received my new card, but I don't see it in the app anywhere.  What do I do?",card_linking,card_linking,True,0.8771,card_linking,0.8771,card_arrival,0.0888,lost_or_stolen_card,0.0059
How do I re-add a card to the app?,card_linking,card_linking,True,0.9963,card_linking,0.9963,card_not_working,0.0005,contactless_not_working,0.0004
How do I add the card to my account?,card_linking,card_linking,True,0.7416,card_linking,0.7416,topping_up_by_card,0.0505,activate_my_card,0.0486
Can I put my old card back into the system? I just found it/,card_linking,card_linking,True,0.785,card_linking,0.785,card_swallowed,0.0404,contactless_not_working,0.0253
"I have one of your cards already, how do I link it?",card_linking,card_linking,True,0.9714,card_linking,0.9714,getting_spare_card,0.0166,order_physical_card,0.0023
How do I link a new card?,card_linking,card_linking,True,0.9913,card_linking,0.9913,getting_spare_card,0.0019,activate_my_card,0.0013
Can I link an existing card?,card_linking,card_linking,True,0.9861,card_linking,0.9861,getting_spare_card,0.0055,order_physical_card,0.0022
How do I link one your card if I have one already?,card_linking,card_linking,True,0.9772,card_linking,0.9772,getting_spare_card,0.0102,order_physical_card,0.0019
How do I add a card to the app?,card_linking,card_linking,True,0.9786,card_linking,0.9786,order_physical_card,0.0043,get_physical_card,0.0025
Can I link my new card?,card_linking,card_linking,True,0.9721,card_linking,0.9721,getting_spare_card,0.0064,card_arrival,0.0047
"Hello, I found the card I misplaced and I need to reactive it, how do I do that?",card_linking,card_linking,True,0.9543,card_linking,0.9543,lost_or_stolen_card,0.0152,card_arrival,0.0045
Can you tell me how to link one of your cards that I already have?,card_linking,card_linking,True,0.9001,card_linking,0.9001,getting_spare_card,0.0753,supported_cards_and_currencies,0.007
How do I view the card I received in the app?,card_linking,card_linking,True,0.9101,card_linking,0.9101,card_arrival,0.0367,card_payment_not_recognised,0.0122
Where on the website do I go to link my card?,card_linking,card_linking,True,0.9204,card_linking,0.9204,order_physical_card,0.0226,card_acceptance,0.0171
"I found my card, can I add it to the app?",card_linking,card_linking,True,0.9937,card_linking,0.9937,lost_or_stolen_card,0.0011,topping_up_by_card,0.0007
How do I link to my credit card with you?,card_linking,card_linking,True,0.7216,card_linking,0.7216,topping_up_by_card,0.16,supported_cards_and_currencies,0.0201
I've received my card so now I need to know how to sync it to the app.,card_linking,card_linking,True,0.9296,card_linking,0.9296,topping_up_by_card,0.0077,apple_pay_or_google_pay,0.0074
"I found my card, I would like to reactivate it.",card_linking,card_linking,True,0.9762,card_linking,0.9762,activate_my_card,0.0109,lost_or_stolen_card,0.0027
How do I link this new card?,card_linking,card_linking,True,0.9739,card_linking,0.9739,card_arrival,0.0056,activate_my_card,0.0035
Can I reactivate my lost card that I found this morning in my jacket pocket?,card_linking,card_linking,True,0.9401,card_linking,0.9401,lost_or_stolen_card,0.0365,lost_or_stolen_phone,0.0053
how do I link an already existing card?,card_linking,card_linking,True,0.9936,card_linking,0.9936,getting_spare_card,0.002,activate_my_card,0.0008
The app doesn't show the card I received.,card_linking,card_linking,True,0.519,card_linking,0.519,card_arrival,0.2192,card_payment_not_recognised,0.0606
how do I link a card I already have?,card_linking,card_linking,True,0.9956,card_linking,0.9956,getting_spare_card,0.0015,order_physical_card,0.0006
I would like to link my card. How do I do it?,card_linking,card_linking,True,0.9923,card_linking,0.9923,get_physical_card,0.0008,topping_up_by_card,0.0008
Can you please show me where I can find the location to link my card?,card_linking,card_linking,True,0.8223,card_linking,0.8223,card_acceptance,0.0417,lost_or_stolen_card,0.0374
Where do I go if I want to link my new card?,card_linking,card_linking,True,0.9608,card_linking,0.9608,card_arrival,0.0082,order_physical_card,0.0068
Is there a way to make my old card usable with the app?,card_linking,card_linking,True,0.8385,card_linking,0.8385,card_not_working,0.0396,card_about_to_expire,0.0326
Can I reactivate a card I thought I lost?,card_linking,card_linking,True,0.9506,card_linking,0.9506,lost_or_stolen_card,0.0136,activate_my_card,0.0043
How do I link my card,card_linking,card_linking,True,0.991,card_linking,0.991,get_physical_card,0.0012,order_physical_card,0.0012
Where do I need to go in the app to enter my card info?,card_linking,card_linking,True,0.7568,card_linking,0.7568,order_physical_card,0.0469,card_acceptance,0.0253
I have found my lost or stolen card. Is there a way I can link the card with my account through my app again?,card_linking,card_linking,True,0.9667,card_linking,0.9667,lost_or_stolen_card,0.0129,lost_or_stolen_phone,0.0128
"Could you help me reactivate my card? It was previously lost, but I found it this morning in my jacket.",card_linking,card_linking,True,0.9023,card_linking,0.9023,lost_or_stolen_card,0.0592,cash_withdrawal_not_recognised,0.0067
"I already have one of your cards, how do I link them?",card_linking,card_linking,True,0.9477,card_linking,0.9477,getting_spare_card,0.0336,supported_cards_and_currencies,0.0036
How do I link my replacement card?,card_linking,card_linking,True,0.9536,card_linking,0.9536,getting_spare_card,0.0092,order_physical_card,0.0066
Can I link another card to my account?,card_linking,card_linking,True,0.6176,card_linking,0.6176,getting_spare_card,0.3175,supported_cards_and_currencies,0.0148
I need to know your exchange rates.,exchange_rate,exchange_rate,True,0.9617,exchange_rate,0.9617,wrong_exchange_rate_for_cash_withdrawal,0.0115,card_payment_wrong_exchange_rate,0.01
What exchange rates do you offer?,exchange_rate,exchange_rate,True,0.8394,exchange_rate,0.8394,exchange_charge,0.1179,fiat_currency_support,0.0139
How did you come up with your exchange rates?,exchange_rate,exchange_rate,True,0.9136,exchange_rate,0.9136,wrong_exchange_rate_for_cash_withdrawal,0.0633,card_payment_wrong_exchange_rate,0.0155
Where do you guys acquire your exchange rate?,exchange_rate,exchange_rate,True,0.9788,exchange_rate,0.9788,exchange_charge,0.0053,transfer_timing,0.0036
How do I find the exchange rate?,exchange_rate,exchange_rate,True,0.961,exchange_rate,0.961,card_payment_wrong_exchange_rate,0.0147,wrong_exchange_rate_for_cash_withdrawal,0.0128
What are your international exchange rates?,exchange_rate,exchange_rate,True,0.9176,exchange_rate,0.9176,exchange_charge,0.0462,card_payment_wrong_exchange_rate,0.0142
How often do your exchange rates change,exchange_rate,exchange_rate,True,0.642,exchange_rate,0.642,card_payment_wrong_exchange_rate,0.1865,wrong_exchange_rate_for_cash_withdrawal,0.0686
Please advise what is the exchange rate,exchange_rate,exchange_rate,True,0.8386,exchange_rate,0.8386,exchange_charge,0.0637,wrong_exchange_rate_for_cash_withdrawal,0.0483
How are exchange rates calculated?,exchange_rate,exchange_rate,True,0.9809,exchange_rate,0.9809,card_payment_wrong_exchange_rate,0.0073,wrong_exchange_rate_for_cash_withdrawal,0.0056
what are exchange rates based on,exchange_rate,exchange_rate,True,0.8987,exchange_rate,0.8987,wrong_exchange_rate_for_cash_withdrawal,0.0371,card_payment_wrong_exchange_rate,0.0212
what are exchange rates,exchange_rate,exchange_rate,True,0.8593,exchange_rate,0.8593,exchange_charge,0.0569,wrong_exchange_rate_for_cash_withdrawal,0.0435
What are the most current exchange rates?,exchange_rate,exchange_rate,True,0.939,exchange_rate,0.939,exchange_charge,0.028,card_payment_wrong_exchange_rate,0.0096
Can you explain your exchange rate policy to me?,exchange_rate,exchange_rate,True,0.8222,exchange_rate,0.8222,card_payment_wrong_exchange_rate,0.0864,wrong_exchange_rate_for_cash_withdrawal,0.059
Is it a good time to exchange?,exchange_rate,card_delivery_estimate,False,0.2444,card_delivery_estimate,0.2444,transfer_not_received_by_recipient,0.2014,exchange_rate,0.1252
What is the exchange rate like on this app?,exchange_rate,exchange_rate,True,0.9076,exchange_rate,0.9076,wrong_exchange_rate_for_cash_withdrawal,0.0279,card_payment_wrong_exchange_rate,0.0277
Do you have a list of exchange rates?,exchange_rate,exchange_rate,True,0.8847,exchange_rate,0.8847,exchange_charge,0.0629,fiat_currency_support,0.0241
Can you tell me where you get your exchange rates?,exchange_rate,exchange_rate,True,0.9691,exchange_rate,0.9691,exchange_charge,0.0093,card_payment_wrong_exchange_rate,0.0064
Will I get a curreng foreign exchange rate?,exchange_rate,exchange_rate,True,0.6923,exchange_rate,0.6923,exchange_charge,0.1435,card_payment_wrong_exchange_rate,0.0479
What currencies is an exchange rate calculated in?,exchange_rate,exchange_rate,True,0.7077,exchange_rate,0.7077,exchange_charge,0.1728,card_payment_wrong_exchange_rate,0.046
Where do you get your exchange rates from?,exchange_rate,exchange_rate,True,0.973,exchange_rate,0.973,exchange_charge,0.007,wrong_exchange_rate_for_cash_withdrawal,0.0065
What is the base of the exchange rates?,exchange_rate,exchange_rate,True,0.9605,exchange_rate,0.9605,fiat_currency_support,0.0126,exchange_charge,0.0087
What exchange rate do you use?,exchange_rate,exchange_rate,True,0.9105,exchange_rate,0.9105,card_payment_wrong_exchange_rate,0.0247,wrong_exchange_rate_for_cash_withdrawal,0.0227
The exchange rates are?,exchange_rate,exchange_rate,True,0.927,exchange_rate,0.927,card_payment_wrong_exchange_rate,0.028,exchange_charge,0.0192
What do you base your exchange rates on?,exchange_rate,exchange_rate,True,0.9781,exchange_rate,0.9781,fiat_currency_support,0.0055,card_payment_wrong_exchange_rate,0.0039
What foreign exchange rate will you use?,exchange_rate,exchange_rate,True,0.9134,exchange_rate,0.9134,exchange_charge,0.0411,wrong_exchange_rate_for_cash_withdrawal,0.015
How much will I get with the exchange rate?,exchange_rate,exchange_rate,True,0.9314,exchange_rate,0.9314,exchange_charge,0.0425,wrong_exchange_rate_for_cash_withdrawal,0.0118
The exchange rate would be?,exchange_rate,exchange_rate,True,0.8891,exchange_rate,0.8891,exchange_charge,0.0435,wrong_exchange_rate_for_cash_withdrawal,0.0222
What is the exchange rate like?,exchange_rate,exchange_rate,True,0.9859,exchange_rate,0.9859,exchange_charge,0.006,wrong_exchange_rate_for_cash_withdrawal,0.0051
How do your exchange rates work?,exchange_rate,exchange_rate,True,0.991,exchange_rate,0.991,wrong_exchange_rate_for_cash_withdrawal,0.003,card_payment_wrong_exchange_rate,0.0026
what is the exchange rate?,exchange_rate,exchange_rate,True,0.9644,exchange_rate,0.9644,exchange_charge,0.0197,card_payment_wrong_exchange_rate,0.0076
Where did your guys exchange rates come from?,exchange_rate,exchange_rate,True,0.9022,exchange_rate,0.9022,wrong_exchange_rate_for_cash_withdrawal,0.0618,card_payment_wrong_exchange_rate,0.0121
How are you determining your exchange rates?,exchange_rate,exchange_rate,True,0.9904,exchange_rate,0.9904,card_payment_wrong_exchange_rate,0.0051,wrong_exchange_rate_for_cash_withdrawal,0.0021
I'm trying to figure out the current exchange rate.,exchange_rate,exchange_rate,True,0.97,exchange_rate,0.97,card_payment_wrong_exchange_rate,0.016,wrong_exchange_rate_for_cash_withdrawal,0.007
From where are you getting your exchange rates?,exchange_rate,exchange_rate,True,0.9512,exchange_rate,0.9512,wrong_exchange_rate_for_cash_withdrawal,0.016,card_payment_wrong_exchange_rate,0.0117
Can you tell me the foreign exchange rate?,exchange_rate,exchange_rate,True,0.9453,exchange_rate,0.9453,exchange_charge,0.0374,card_payment_wrong_exchange_rate,0.0071
why do your exchange rates change,exchange_rate,exchange_rate,True,0.5834,exchange_rate,0.5834,card_payment_wrong_exchange_rate,0.2837,wrong_exchange_rate_for_cash_withdrawal,0.0979
What kind of foreign exchange rate will I get when I exchange my money?,exchange_rate,exchange_rate,True,0.9292,exchange_rate,0.9292,exchange_charge,0.0436,wrong_exchange_rate_for_cash_withdrawal,0.0148
What is my foreign exchange rate?,exchange_rate,exchange_rate,True,0.9076,exchange_rate,0.9076,card_payment_wrong_exchange_rate,0.0384,exchange_charge,0.0248
when does the rate get determined,exchange_rate,exchange_rate,True,0.5172,exchange_rate,0.5172,card_delivery_estimate,0.1865,automatic_top_up,0.0592
What is the current exchange rate for me?,exchange_rate,exchange_rate,True,0.926,exchange_rate,0.926,card_payment_wrong_exchange_rate,0.026,wrong_exchange_rate_for_cash_withdrawal,0.0197
I purchased something in a foreign currency but the rate applied is wrong,card_payment_wrong_exchange_rate,card_payment_wrong_exchange_rate,True,0.9698,card_payment_wrong_exchange_rate,0.9698,wrong_exchange_rate_for_cash_withdrawal,0.0248,exchange_charge,0.0013
I made a currency exchange and think I was charged more than I should of been.,card_payment_wrong_exchange_rate,wrong_exchange_rate_for_cash_withdrawal,False,0.5336,wrong_exchange_rate_for_cash_withdrawal,0.5336,card_payment_wrong_exchange_rate,0.2391,exchange_charge,0.1013
the card payment exchange rate is wrong,card_payment_wrong_exchange_rate,card_payment_wrong_exchange_rate,True,0.9273,card_payment_wrong_exchange_rate,0.9273,wrong_exchange_rate_for_cash_withdrawal,0.0405,reverted_card_payment?,0.0114
The exchange rate was wrong when I bought something outside the country.,card_payment_wrong_exchange_rate,card_payment_wrong_exchange_rate,True,0.8017,card_payment_wrong_exchange_rate,0.8017,wrong_exchange_rate_for_cash_withdrawal,0.1862,exchange_rate,0.0052
The exchange rate on my purchase is wrong.,card_payment_wrong_exchange_rate,card_payment_wrong_exchange_rate,True,0.9943,card_payment_wrong_exchange_rate,0.9943,wrong_exchange_rate_for_cash_withdrawal,0.0034,exchange_rate,0.0006
This rate is too low. Are you sure your using the right exchange rate.,card_payment_wrong_exchange_rate,card_payment_wrong_exchange_rate,True,0.8936,card_payment_wrong_exchange_rate,0.8936,wrong_exchange_rate_for_cash_withdrawal,0.0713,failed_transfer,0.0142
"I bought something, but the exchange rate looks wrong.",card_payment_wrong_exchange_rate,card_payment_wrong_exchange_rate,True,0.9859,card_payment_wrong_exchange_rate,0.9859,wrong_exchange_rate_for_cash_withdrawal,0.0076,exchange_rate,0.0024
The rate applied to my foreign purchase was incorrect,card_payment_wrong_exchange_rate,card_payment_wrong_exchange_rate,True,0.9719,card_payment_wrong_exchange_rate,0.9719,wrong_exchange_rate_for_cash_withdrawal,0.0124,declined_transfer,0.0024
I bought something in a foreign currency but the rate applied is wrong!,card_payment_wrong_exchange_rate,card_payment_wrong_exchange_rate,True,0.9683,card_payment_wrong_exchange_rate,0.9683,wrong_exchange_rate_for_cash_withdrawal,0.0259,exchange_rate,0.0012
My exchange went wrong. I swapped Russian Ruble for UK pounds and was charged too much.,card_payment_wrong_exchange_rate,card_payment_wrong_exchange_rate,True,0.9569,card_payment_wrong_exchange_rate,0.9569,wrong_exchange_rate_for_cash_withdrawal,0.0261,exchange_charge,0.0037
You did not apply the correct exchange rate for an item that I bought.,card_payment_wrong_exchange_rate,card_payment_wrong_exchange_rate,True,0.9854,card_payment_wrong_exchange_rate,0.9854,wrong_exchange_rate_for_cash_withdrawal,0.0113,failed_transfer,0.0004
The rate of exchange for my card payment is incorrect,card_payment_wrong_exchange_rate,card_payment_wrong_exchange_rate,True,0.9519,card_payment_wrong_exchange_rate,0.9519,wrong_exchange_rate_for_cash_withdrawal,0.0316,declined_card_payment,0.0042
The rate for a currency exchange was wrong when I bought something.,card_payment_wrong_exchange_rate,card_payment_wrong_exchange_rate,True,0.936,card_payment_wrong_exchange_rate,0.936,wrong_exchange_rate_for_cash_withdrawal,0.0596,exchange_charge,0.0014
Why is the exchange rate wrong when I purchase something abroad?,card_payment_wrong_exchange_rate,card_payment_wrong_exchange_rate,True,0.9431,card_payment_wrong_exchange_rate,0.9431,wrong_exchange_rate_for_cash_withdrawal,0.0416,exchange_rate,0.009
I bought an item and noticed the exchange rate was not correct.,card_payment_wrong_exchange_rate,card_payment_wrong_exchange_rate,True,0.9896,card_payment_wrong_exchange_rate,0.9896,wrong_exchange_rate_for_cash_withdrawal,0.0084,exchange_rate,0.0004
I bought something overseas and the wrong exchange rate is on my statement.,card_payment_wrong_exchange_rate,card_payment_wrong_exchange_rate,True,0.9179,card_payment_wrong_exchange_rate,0.9179,wrong_exchange_rate_for_cash_withdrawal,0.0683,exchange_rate,0.0051
The exchange rate for my transaction last Saturday seems to have been wrong I got charged extra.  Please fix.,card_payment_wrong_exchange_rate,card_payment_wrong_exchange_rate,True,0.8631,card_payment_wrong_exchange_rate,0.8631,wrong_exchange_rate_for_cash_withdrawal,0.0753,transfer_fee_charged,0.0245
Why is your exchange rate for my card payment wrong,card_payment_wrong_exchange_rate,card_payment_wrong_exchange_rate,True,0.947,card_payment_wrong_exchange_rate,0.947,wrong_exchange_rate_for_cash_withdrawal,0.0216,declined_card_payment,0.0206
Why am I being charged more ?,card_payment_wrong_exchange_rate,card_payment_fee_charged,False,0.3209,card_payment_fee_charged,0.3209,transaction_charged_twice,0.2426,transfer_fee_charged,0.2032
I purchased an item and the exchange rate I was given was incorrect.,card_payment_wrong_exchange_rate,card_payment_wrong_exchange_rate,True,0.9876,card_payment_wrong_exchange_rate,0.9876,wrong_exchange_rate_for_cash_withdrawal,0.0097,exchange_rate,0.0005
I don't think my card payment exchange rate is correct.,card_payment_wrong_exchange_rate,card_payment_wrong_exchange_rate,True,0.9254,card_payment_wrong_exchange_rate,0.9254,wrong_exchange_rate_for_cash_withdrawal,0.0533,exchange_rate,0.0038
"When I made a purchase last Saturday, I was charged extra. Did I receive the right exchange rate?",card_payment_wrong_exchange_rate,card_payment_wrong_exchange_rate,True,0.92,card_payment_wrong_exchange_rate,0.92,transfer_fee_charged,0.0231,wrong_exchange_rate_for_cash_withdrawal,0.0188
They charged me wrong for a currency exchange on a purchase.,card_payment_wrong_exchange_rate,card_payment_wrong_exchange_rate,True,0.9017,card_payment_wrong_exchange_rate,0.9017,exchange_charge,0.0336,wrong_exchange_rate_for_cash_withdrawal,0.0261
I believe my card payment exchange rate is incorrect.,card_payment_wrong_exchange_rate,card_payment_wrong_exchange_rate,True,0.9552,card_payment_wrong_exchange_rate,0.9552,wrong_exchange_rate_for_cash_withdrawal,0.0276,declined_card_payment,0.004
"Hi, I have been overcharged for my payment last Saturday. I guess exchange rate was wrong.",card_payment_wrong_exchange_rate,card_payment_wrong_exchange_rate,True,0.9664,card_payment_wrong_exchange_rate,0.9664,wrong_exchange_rate_for_cash_withdrawal,0.0228,transaction_charged_twice,0.0024
The exchange rate seems off on this transaction,card_payment_wrong_exchange_rate,card_payment_wrong_exchange_rate,True,0.651,card_payment_wrong_exchange_rate,0.651,wrong_exchange_rate_for_cash_withdrawal,0.3187,exchange_rate,0.0082
"The exchange rate given to me wasn't correct, after i purchased an item",card_payment_wrong_exchange_rate,card_payment_wrong_exchange_rate,True,0.9781,card_payment_wrong_exchange_rate,0.9781,wrong_exchange_rate_for_cash_withdrawal,0.0167,reverted_card_payment?,0.0012
"Hi, I don't think your exchange rate is right. I need you to check the official interbank exchange please.",card_payment_wrong_exchange_rate,card_payment_wrong_exchange_rate,True,0.8739,card_payment_wrong_exchange_rate,0.8739,wrong_exchange_rate_for_cash_withdrawal,0.0733,exchange_rate,0.0206
I'm pretty sure something went wrong with my exchange. I changed Russian Ruble to UK pounds and was charged way too much!,card_payment_wrong_exchange_rate,card_payment_wrong_exchange_rate,True,0.9518,card_payment_wrong_exchange_rate,0.9518,wrong_exchange_rate_for_cash_withdrawal,0.0303,transfer_fee_charged,0.0045
I wasn't applied the correct exchange rate for an item I bought,card_payment_wrong_exchange_rate,card_payment_wrong_exchange_rate,True,0.9814,card_payment_wrong_exchange_rate,0.9814,wrong_exchange_rate_for_cash_withdrawal,0.0144,exchange_rate,0.0007
the conversion value for my card payments is incorrect.,card_payment_wrong_exchange_rate,card_payment_wrong_exchange_rate,True,0.5642,card_payment_wrong_exchange_rate,0.5642,card_payment_not_recognised,0.1022,declined_card_payment,0.0639
The wrong exchange rate was used when I bought something with a foriegn currency.,card_payment_wrong_exchange_rate,card_payment_wrong_exchange_rate,True,0.7895,card_payment_wrong_exchange_rate,0.7895,wrong_exchange_rate_for_cash_withdrawal,0.2005,exchange_rate,0.0022
I paid for something in foreign currency but noticed the exchange rate is incorrect.,card_payment_wrong_exchange_rate,card_payment_wrong_exchange_rate,True,0.9548,card_payment_wrong_exchange_rate,0.9548,wrong_exchange_rate_for_cash_withdrawal,0.038,exchange_charge,0.004
The incorrect rate was used in my foreign purchase,card_payment_wrong_exchange_rate,card_payment_wrong_exchange_rate,True,0.9689,card_payment_wrong_exchange_rate,0.9689,wrong_exchange_rate_for_cash_withdrawal,0.017,transfer_fee_charged,0.0026
Why was the exchange rate incorrect for an item I recently bought?,card_payment_wrong_exchange_rate,card_payment_wrong_exchange_rate,True,0.9886,card_payment_wrong_exchange_rate,0.9886,wrong_exchange_rate_for_cash_withdrawal,0.0093,exchange_rate,0.0005
Why is my exchange rate wrong for an item I bought?,card_payment_wrong_exchange_rate,card_payment_wrong_exchange_rate,True,0.9945,card_payment_wrong_exchange_rate,0.9945,wrong_exchange_rate_for_cash_withdrawal,0.004,exchange_rate,0.0005
How can I check the exchange rate applied to my transaction?,card_payment_wrong_exchange_rate,exchange_rate,False,0.4436,exchange_rate,0.4436,wrong_exchange_rate_for_cash_withdrawal,0.3479,card_payment_wrong_exchange_rate,0.1183
Your exchange rate is totally wrong for my card payment,card_payment_wrong_exchange_rate,card_payment_wrong_exchange_rate,True,0.9424,card_payment_wrong_exchange_rate,0.9424,wrong_exchange_rate_for_cash_withdrawal,0.0355,declined_card_payment,0.0121
The wrong rate was applied to an item I bought in a currency different from mine. Can this be changed?,card_payment_wrong_exchange_rate,card_payment_wrong_exchange_rate,True,0.9881,card_payment_wrong_exchange_rate,0.9881,wrong_exchange_rate_for_cash_withdrawal,0.008,transfer_fee_charged,0.0008
I go the wrong exchange rate applied to my purchase in a foreign country.,card_payment_wrong_exchange_rate,card_payment_wrong_exchange_rate,True,0.951,card_payment_wrong_exchange_rate,0.951,wrong_exchange_rate_for_cash_withdrawal,0.0407,exchange_charge,0.003
My statement has a dollar I have been charged showing up on it.,extra_charge_on_statement,extra_charge_on_statement,True,0.936,extra_charge_on_statement,0.936,card_payment_not_recognised,0.0165,direct_debit_payment_not_recognised,0.0136
Why is there a fee for an extra pound in my statement?,extra_charge_on_statement,extra_charge_on_statement,True,0.9964,extra_charge_on_statement,0.9964,transfer_fee_charged,0.0013,cash_withdrawal_charge,0.0008
I'm not okay with this fee on my statement.,extra_charge_on_statement,extra_charge_on_statement,True,0.3983,extra_charge_on_statement,0.3983,card_payment_fee_charged,0.2039,transfer_fee_charged,0.1022
Why is there an extra dollar charged to my account?,extra_charge_on_statement,extra_charge_on_statement,True,0.9322,extra_charge_on_statement,0.9322,cash_withdrawal_charge,0.0262,transfer_fee_charged,0.021
There is a fee I don't recognize on my statement.,extra_charge_on_statement,extra_charge_on_statement,True,0.6834,extra_charge_on_statement,0.6834,card_payment_fee_charged,0.0892,card_payment_not_recognised,0.0707
I would like a refund on the extra pound I was charged.,extra_charge_on_statement,request_refund,False,0.4605,request_refund,0.4605,extra_charge_on_statement,0.4028,direct_debit_payment_not_recognised,0.039
Can you explain what this random $1 charge is?,extra_charge_on_statement,extra_charge_on_statement,True,0.5596,extra_charge_on_statement,0.5596,card_payment_not_recognised,0.2867,transaction_charged_twice,0.0541
What is this $1 charge on my statement?,extra_charge_on_statement,extra_charge_on_statement,True,0.9959,extra_charge_on_statement,0.9959,card_payment_not_recognised,0.0015,transaction_charged_twice,0.0011
Why does my statement have these extra charges?,extra_charge_on_statement,extra_charge_on_statement,True,0.8893,extra_charge_on_statement,0.8893,transaction_charged_twice,0.0598,transfer_fee_charged,0.0116
"I do not remember purchasing anything for 1£, and it is on my statement. Can you please tell me what that is about?",extra_charge_on_statement,extra_charge_on_statement,True,0.9843,extra_charge_on_statement,0.9843,card_payment_wrong_exchange_rate,0.0023,card_payment_not_recognised,0.0011
I can see an extra 1£ charge on my app. Why did you charge me extra?,extra_charge_on_statement,extra_charge_on_statement,True,0.9554,extra_charge_on_statement,0.9554,card_payment_fee_charged,0.0253,direct_debit_payment_not_recognised,0.0053
Can you tell me why I noticed a $1 charge on my statement?,extra_charge_on_statement,extra_charge_on_statement,True,0.9937,extra_charge_on_statement,0.9937,transaction_charged_twice,0.0029,card_payment_not_recognised,0.0015
When will the $1 transaction be credited to me?,extra_charge_on_statement,extra_charge_on_statement,True,0.2868,extra_charge_on_statement,0.2868,card_payment_not_recognised,0.1068,top_up_by_bank_transfer_charge,0.1057
Where did this fee come from?,extra_charge_on_statement,card_payment_fee_charged,False,0.5305,card_payment_fee_charged,0.5305,transfer_fee_charged,0.2256,cash_withdrawal_charge,0.131
"I noticed an extra $1 charge on my statement, can you tell me why that is?",extra_charge_on_statement,extra_charge_on_statement,True,0.9953,extra_charge_on_statement,0.9953,transaction_charged_twice,0.0031,transfer_fee_charged,0.0004
There is an extra $1 charge,extra_charge_on_statement,extra_charge_on_statement,True,0.9708,extra_charge_on_statement,0.9708,transaction_charged_twice,0.0067,card_payment_fee_charged,0.0061
I need information about an extra €1 fee in my statement.,extra_charge_on_statement,extra_charge_on_statement,True,0.9618,extra_charge_on_statement,0.9618,transfer_fee_charged,0.0112,card_payment_fee_charged,0.0102
Why is there an extra 1 pound charge on my card?,extra_charge_on_statement,extra_charge_on_statement,True,0.9424,extra_charge_on_statement,0.9424,card_payment_fee_charged,0.0344,card_payment_wrong_exchange_rate,0.0036
Why are there so many fees on my statement?,extra_charge_on_statement,extra_charge_on_statement,True,0.8867,extra_charge_on_statement,0.8867,transfer_fee_charged,0.0565,card_payment_fee_charged,0.0185
What would be the reason there's an extra fee on my statement?,extra_charge_on_statement,extra_charge_on_statement,True,0.9781,extra_charge_on_statement,0.9781,card_payment_fee_charged,0.0073,transfer_fee_charged,0.006
Where did this 1 euro fee come from?,extra_charge_on_statement,extra_charge_on_statement,True,0.7658,extra_charge_on_statement,0.7658,transfer_fee_charged,0.0764,card_payment_wrong_exchange_rate,0.0414
I got a extra €1 fee in my statement,extra_charge_on_statement,extra_charge_on_statement,True,0.9653,extra_charge_on_statement,0.9653,transfer_fee_charged,0.0123,card_payment_fee_charged,0.0042
I have a 1 euro fee on my statement.,extra_charge_on_statement,extra_charge_on_statement,True,0.8241,extra_charge_on_statement,0.8241,fiat_currency_support,0.0472,exchange_charge,0.0315
Why was I overcharged a pound!?,extra_charge_on_statement,extra_charge_on_statement,True,0.9628,extra_charge_on_statement,0.9628,card_payment_wrong_exchange_rate,0.0079,transfer_fee_charged,0.0073
"Something went wrong, I was charged an extra pound?",extra_charge_on_statement,extra_charge_on_statement,True,0.8794,extra_charge_on_statement,0.8794,transfer_fee_charged,0.0331,card_payment_wrong_exchange_rate,0.0224
Where did the extra fee on my statement come from?,extra_charge_on_statement,extra_charge_on_statement,True,0.9459,extra_charge_on_statement,0.9459,transfer_fee_charged,0.0209,card_payment_fee_charged,0.0165
There is an extra charge on my app that I was not told about or I was aware of!,extra_charge_on_statement,extra_charge_on_statement,True,0.555,extra_charge_on_statement,0.555,card_payment_fee_charged,0.1896,direct_debit_payment_not_recognised,0.1275
I am seeing an extra fee on my statement what is that for?,extra_charge_on_statement,extra_charge_on_statement,True,0.9591,extra_charge_on_statement,0.9591,card_payment_fee_charged,0.0259,cash_withdrawal_charge,0.0063
What is this €1 fee in my statement?,extra_charge_on_statement,extra_charge_on_statement,True,0.9832,extra_charge_on_statement,0.9832,transfer_fee_charged,0.0034,card_payment_wrong_exchange_rate,0.0028
"I am a new customer, and I happened to look at my app and there is a charge I am not familiar with.  Could you tell me why the extra charge is there?",extra_charge_on_statement,extra_charge_on_statement,True,0.6288,extra_charge_on_statement,0.6288,card_payment_fee_charged,0.2706,transfer_fee_charged,0.028
For some reason my account's been charged an extra dollar.,extra_charge_on_statement,extra_charge_on_statement,True,0.8368,extra_charge_on_statement,0.8368,transfer_fee_charged,0.0729,cash_withdrawal_charge,0.0262
There is a transaction for $1 and I don't know why it was charged.,extra_charge_on_statement,extra_charge_on_statement,True,0.9548,extra_charge_on_statement,0.9548,card_payment_fee_charged,0.011,transfer_fee_charged,0.0089
"Can you help me with a weird charge?  It's a pound charge that never goes away from the statement view on the app I'm using.  It's not described as anything but ""Pending"", and that status has never changed during the last two days.",extra_charge_on_statement,extra_charge_on_statement,True,0.9664,extra_charge_on_statement,0.9664,direct_debit_payment_not_recognised,0.0236,card_payment_not_recognised,0.0044
What is the purpose of the extra fee that is showing up on my statement?,extra_charge_on_statement,extra_charge_on_statement,True,0.9508,extra_charge_on_statement,0.9508,card_payment_fee_charged,0.0298,transfer_fee_charged,0.0109
"$1 extra has been charged on my statement, why is that?",extra_charge_on_statement,extra_charge_on_statement,True,0.9966,extra_charge_on_statement,0.9966,transaction_charged_twice,0.0013,transfer_fee_charged,0.0009
What is the extra  €1 fee in my statement,extra_charge_on_statement,extra_charge_on_statement,True,0.9938,extra_charge_on_statement,0.9938,card_payment_fee_charged,0.0013,transfer_fee_charged,0.0012
"It's been two weeks, why has the transaction for $1.00 not been reversed?",extra_charge_on_statement,reverted_card_payment?,False,0.4953,reverted_card_payment?,0.4953,top_up_reverted,0.1372,extra_charge_on_statement,0.0912
What is the €1 fee for?,extra_charge_on_statement,extra_charge_on_statement,True,0.8085,extra_charge_on_statement,0.8085,exchange_charge,0.0544,card_payment_fee_charged,0.0474
I'm quite confused as to what is going on. There is some odd extra pound charge on my statement in the app that's just listed as pending and doesn't go away since a couple days.,extra_charge_on_statement,extra_charge_on_statement,True,0.9877,extra_charge_on_statement,0.9877,direct_debit_payment_not_recognised,0.0035,pending_transfer,0.0022
Can you please check why I am having this extra fee on my statement.,extra_charge_on_statement,extra_charge_on_statement,True,0.8972,extra_charge_on_statement,0.8972,card_payment_fee_charged,0.0474,transfer_fee_charged,0.0279
My withdrawl is still pending.  Why?,pending_cash_withdrawal,pending_cash_withdrawal,True,0.9085,pending_cash_withdrawal,0.9085,pending_transfer,0.0408,pending_card_payment,0.0128
My card was denied at an ATM earlier today but the transaction is pending. Please cancel it as I did not receive my money.,pending_cash_withdrawal,pending_cash_withdrawal,True,0.5871,pending_cash_withdrawal,0.5871,declined_cash_withdrawal,0.1676,card_swallowed,0.0384
My transaction is still showing that is pending from my cash withdrawal.,pending_cash_withdrawal,pending_cash_withdrawal,True,0.9806,pending_cash_withdrawal,0.9806,pending_transfer,0.0119,cash_withdrawal_not_recognised,0.0016
"Hey I tried to get some money out earlier but the machine didn't work. Now just saw the transaction still seems in progress! Can you please check what's going there, seems something is broken, I don't want to be charged for money that I haven't actually received!",pending_cash_withdrawal,pending_cash_withdrawal,True,0.5843,pending_cash_withdrawal,0.5843,transfer_not_received_by_recipient,0.0991,failed_transfer,0.0427
How long does the cash withdrawal take to pend?,pending_cash_withdrawal,pending_cash_withdrawal,True,0.81,pending_cash_withdrawal,0.81,cash_withdrawal_charge,0.0571,cash_withdrawal_not_recognised,0.0348
Why is it taking so long for my cash withdrawal to no longer show as pending?,pending_cash_withdrawal,pending_cash_withdrawal,True,0.9903,pending_cash_withdrawal,0.9903,pending_transfer,0.0026,balance_not_updated_after_cheque_or_cash_deposit,0.0021
"I tried taking money from the ATM but no money came out, but the transaction is still pending? How is this possible?",pending_cash_withdrawal,pending_cash_withdrawal,True,0.9211,pending_cash_withdrawal,0.9211,declined_cash_withdrawal,0.0572,pending_card_payment,0.0059
"I got some cash of an ATM earlier but this shows up as pending in the app. How can this be still pending, I've got the cash already?",pending_cash_withdrawal,pending_cash_withdrawal,True,0.9565,pending_cash_withdrawal,0.9565,pending_card_payment,0.014,pending_transfer,0.0076
Why is my withdrawal still pending?,pending_cash_withdrawal,pending_cash_withdrawal,True,0.9525,pending_cash_withdrawal,0.9525,pending_card_payment,0.0131,pending_transfer,0.0113
Are you sure when the withdrawal will show?,pending_cash_withdrawal,pending_cash_withdrawal,True,0.9437,pending_cash_withdrawal,0.9437,cash_withdrawal_not_recognised,0.0194,transfer_timing,0.004
"Hi! I was wondering if you can help me. I used the city centre ATM to get some cash, but the machine declined my card. My account shows that transaction is still pending. I didn't receive the money, so please cancel that transaction.",pending_cash_withdrawal,pending_cash_withdrawal,True,0.9222,pending_cash_withdrawal,0.9222,declined_cash_withdrawal,0.0391,wrong_amount_of_cash_received,0.0097
Why is a transaction showing as pending when I recieved cash from an ATM?,pending_cash_withdrawal,pending_cash_withdrawal,True,0.9841,pending_cash_withdrawal,0.9841,pending_card_payment,0.0028,declined_cash_withdrawal,0.0026
My cash in the ATM is still pending,pending_cash_withdrawal,pending_cash_withdrawal,True,0.9808,pending_cash_withdrawal,0.9808,declined_cash_withdrawal,0.0066,wrong_amount_of_cash_received,0.005
my atm cash out is still pending,pending_cash_withdrawal,pending_cash_withdrawal,True,0.969,pending_cash_withdrawal,0.969,declined_cash_withdrawal,0.0162,wrong_amount_of_cash_received,0.0092
I am still waiting for a cash withdrawal to show,pending_cash_withdrawal,pending_cash_withdrawal,True,0.9529,pending_cash_withdrawal,0.9529,cash_withdrawal_not_recognised,0.0251,wrong_amount_of_cash_received,0.008
Is my pending cash withdrawal processed?,pending_cash_withdrawal,pending_cash_withdrawal,True,0.9791,pending_cash_withdrawal,0.9791,cash_withdrawal_charge,0.0102,pending_card_payment,0.0025
how long til my cash out goes through?,pending_cash_withdrawal,pending_cash_withdrawal,True,0.3177,pending_cash_withdrawal,0.3177,balance_not_updated_after_cheque_or_cash_deposit,0.2978,transfer_timing,0.07
Why is my ATM cash withdrawal showing up as a pending transaction?,pending_cash_withdrawal,pending_cash_withdrawal,True,0.9936,pending_cash_withdrawal,0.9936,cash_withdrawal_charge,0.0019,declined_cash_withdrawal,0.0015
"Hi,I tried to get some money out but the machine was not working .The transaction still seems in progress! Can you please check what's going on.I don't want to be charged for money that I did not received.",pending_cash_withdrawal,pending_cash_withdrawal,True,0.6797,pending_cash_withdrawal,0.6797,wrong_amount_of_cash_received,0.0448,transfer_not_received_by_recipient,0.0312
"Hey, my card was declined at an ATM in the city centre theatre. My account says the transaction is pending, though. I didn't get the money, though, so what does that mean?",pending_cash_withdrawal,pending_cash_withdrawal,True,0.4767,pending_cash_withdrawal,0.4767,declined_cash_withdrawal,0.1728,pending_card_payment,0.1029
Why do I have a pending cash withdrawal?,pending_cash_withdrawal,pending_cash_withdrawal,True,0.9149,pending_cash_withdrawal,0.9149,cash_withdrawal_not_recognised,0.0367,cash_withdrawal_charge,0.0349
I have a pending cash withdrawal,pending_cash_withdrawal,pending_cash_withdrawal,True,0.9722,pending_cash_withdrawal,0.9722,cash_withdrawal_not_recognised,0.0168,cash_withdrawal_charge,0.0035
I made a withdrawal from my account but it has not posted?,pending_cash_withdrawal,pending_cash_withdrawal,True,0.4328,pending_cash_withdrawal,0.4328,cash_withdrawal_not_recognised,0.1647,balance_not_updated_after_cheque_or_cash_deposit,0.126
Is my cash withdrawal pending?,pending_cash_withdrawal,pending_cash_withdrawal,True,0.9756,pending_cash_withdrawal,0.9756,cash_withdrawal_charge,0.0084,cash_withdrawal_not_recognised,0.0057
I'm not quite understanding why my cash withdrawal is showing as pending.,pending_cash_withdrawal,pending_cash_withdrawal,True,0.9857,pending_cash_withdrawal,0.9857,cash_withdrawal_not_recognised,0.004,pending_transfer,0.0039
I made a cash withdrawal but the pending status is taking forever.,pending_cash_withdrawal,pending_cash_withdrawal,True,0.9881,pending_cash_withdrawal,0.9881,pending_transfer,0.0026,wrong_amount_of_cash_received,0.0021
My cash withdrawal is still showing as pending.,pending_cash_withdrawal,pending_cash_withdrawal,True,0.992,pending_cash_withdrawal,0.992,cash_withdrawal_not_recognised,0.0019,pending_transfer,0.0016
Why am I unable to take money from my card but the statement says the transaction is still pending?,pending_cash_withdrawal,pending_cash_withdrawal,True,0.4018,pending_cash_withdrawal,0.4018,pending_card_payment,0.2311,declined_cash_withdrawal,0.0919
Why does my account have a pending cash withdrawal?,pending_cash_withdrawal,pending_cash_withdrawal,True,0.9237,pending_cash_withdrawal,0.9237,cash_withdrawal_not_recognised,0.0404,cash_withdrawal_charge,0.0245
I have a pending transaction in my app. How is it still pending if I pulled the cash out from the ATM earlier?,pending_cash_withdrawal,pending_cash_withdrawal,True,0.9878,pending_cash_withdrawal,0.9878,pending_card_payment,0.0026,cash_withdrawal_not_recognised,0.0025
Cash withdrawal still pending?,pending_cash_withdrawal,pending_cash_withdrawal,True,0.9956,pending_cash_withdrawal,0.9956,cash_withdrawal_charge,0.0009,declined_cash_withdrawal,0.0009
"I received cash from the ATM earlier, but this shows up as pending in the app.  I've got the cash already.  How can this be still pending?",pending_cash_withdrawal,pending_cash_withdrawal,True,0.9535,pending_cash_withdrawal,0.9535,pending_card_payment,0.0124,pending_transfer,0.0088
"I tried to take money from my card, but it didn't work. Later I saw that the transaction is still in progress. What's goign on?",pending_cash_withdrawal,cash_withdrawal_not_recognised,False,0.2711,cash_withdrawal_not_recognised,0.2711,reverted_card_payment?,0.1269,pending_cash_withdrawal,0.1021
Why does it say pending cash withdrawal on my statement?,pending_cash_withdrawal,pending_cash_withdrawal,True,0.8996,pending_cash_withdrawal,0.8996,cash_withdrawal_not_recognised,0.0638,cash_withdrawal_charge,0.014
How long with my cash withdrawal stay pending for?,pending_cash_withdrawal,pending_cash_withdrawal,True,0.9908,pending_cash_withdrawal,0.9908,cash_withdrawal_charge,0.0019,pending_transfer,0.0017
Where's accounting for my cash withdrawal?,pending_cash_withdrawal,pending_cash_withdrawal,True,0.2875,pending_cash_withdrawal,0.2875,cash_withdrawal_charge,0.2597,cash_withdrawal_not_recognised,0.1946
My account was charged for a withdraw I tried to make that was decline.,pending_cash_withdrawal,declined_cash_withdrawal,False,0.2024,declined_cash_withdrawal,0.2024,cash_withdrawal_not_recognised,0.163,cash_withdrawal_charge,0.1055
how long does it take to post atm with drawl,pending_cash_withdrawal,pending_cash_withdrawal,True,0.7296,pending_cash_withdrawal,0.7296,pending_transfer,0.1028,pending_top_up,0.0403
Why is my cash withdrawal from the ATM still not yet showing as confirmed in my account?,pending_cash_withdrawal,pending_cash_withdrawal,True,0.9512,pending_cash_withdrawal,0.9512,declined_cash_withdrawal,0.0156,wrong_amount_of_cash_received,0.0135
"What's a pending transaction? My card was declined at an ATM, but my account says it's still pending. Can I cancel the payment?",pending_cash_withdrawal,pending_cash_withdrawal,True,0.8315,pending_cash_withdrawal,0.8315,pending_card_payment,0.1051,direct_debit_payment_not_recognised,0.0125
"If I request that my funds be held, what currencies do you use?",fiat_currency_support,fiat_currency_support,True,0.5993,fiat_currency_support,0.5993,supported_cards_and_currencies,0.3198,verify_source_of_funds,0.0331
I want to know how many different currencies my money can be in,fiat_currency_support,fiat_currency_support,True,0.9494,fiat_currency_support,0.9494,exchange_via_app,0.0119,receiving_money,0.0094
Do you support all fiat currencies?,fiat_currency_support,fiat_currency_support,True,0.9861,fiat_currency_support,0.9861,supported_cards_and_currencies,0.0102,exchange_charge,0.0011
Does your system support multiple currency.,fiat_currency_support,fiat_currency_support,True,0.8598,fiat_currency_support,0.8598,exchange_via_app,0.059,supported_cards_and_currencies,0.0371
What currencies can I hold money in?,fiat_currency_support,fiat_currency_support,True,0.9752,fiat_currency_support,0.9752,supported_cards_and_currencies,0.0147,exchange_via_app,0.0045
Do you support any currency?,fiat_currency_support,fiat_currency_support,True,0.79,fiat_currency_support,0.79,supported_cards_and_currencies,0.1618,country_support,0.0173
"There is an incoming payment into my account, but it is deactivated. Will they still be processed?",fiat_currency_support,pending_card_payment,False,0.3474,pending_card_payment,0.3474,pending_cash_withdrawal,0.3421,reverted_card_payment?,0.1701
What currencies do you do exchanges for?,fiat_currency_support,exchange_charge,False,0.2689,exchange_charge,0.2689,fiat_currency_support,0.2685,exchange_rate,0.2503
"In terms of holding and exchange, what fiat currencies do you use.",fiat_currency_support,fiat_currency_support,True,0.9518,fiat_currency_support,0.9518,exchange_rate,0.0174,supported_cards_and_currencies,0.0174
What fiat currencies are used for holding transactions?,fiat_currency_support,fiat_currency_support,True,0.9744,fiat_currency_support,0.9744,supported_cards_and_currencies,0.0091,exchange_rate,0.0039
Where can I exchange my money for EUR?,fiat_currency_support,fiat_currency_support,True,0.8106,fiat_currency_support,0.8106,exchange_via_app,0.0841,exchange_rate,0.031
Is it permissible to hold money in multiple currencies?,fiat_currency_support,fiat_currency_support,True,0.9953,fiat_currency_support,0.9953,supported_cards_and_currencies,0.001,exchange_via_app,0.0009
Can I exchange to EUR?,fiat_currency_support,fiat_currency_support,True,0.9432,fiat_currency_support,0.9432,exchange_via_app,0.0256,receiving_money,0.0041
Can someone assist me with the details explaining which fiat currencies that you support?,fiat_currency_support,fiat_currency_support,True,0.9739,fiat_currency_support,0.9739,supported_cards_and_currencies,0.0146,exchange_rate,0.0047
Do you offer additional currency options?,fiat_currency_support,supported_cards_and_currencies,False,0.3112,supported_cards_and_currencies,0.3112,exchange_via_app,0.2049,exchange_charge,0.2011
How do I change currencies to euros?,fiat_currency_support,exchange_via_app,False,0.7625,exchange_via_app,0.7625,fiat_currency_support,0.132,receiving_money,0.0412
What fiat currencies are supported for holding and exchange?,fiat_currency_support,fiat_currency_support,True,0.9924,fiat_currency_support,0.9924,supported_cards_and_currencies,0.0036,exchange_via_app,0.0013
"When considering currency holdings and exchanges, what fiat currencies are supported?",fiat_currency_support,fiat_currency_support,True,0.9861,fiat_currency_support,0.9861,supported_cards_and_currencies,0.0079,exchange_rate,0.0019
Will you handle EUR?,fiat_currency_support,fiat_currency_support,True,0.9769,fiat_currency_support,0.9769,country_support,0.0048,exchange_rate,0.0036
Can I hold money in other currencies?,fiat_currency_support,fiat_currency_support,True,0.9668,fiat_currency_support,0.9668,exchange_via_app,0.0122,supported_cards_and_currencies,0.008
What options do I have for holding currencies?,fiat_currency_support,fiat_currency_support,True,0.8552,fiat_currency_support,0.8552,supported_cards_and_currencies,0.0827,exchange_via_app,0.042
Do you happen to do exchanges of EUR?,fiat_currency_support,fiat_currency_support,True,0.8955,fiat_currency_support,0.8955,exchange_rate,0.0526,exchange_charge,0.022
Do you accept exchanges to EUR?,fiat_currency_support,fiat_currency_support,True,0.9136,fiat_currency_support,0.9136,exchange_rate,0.026,exchange_charge,0.0222
Can you tell me what currency I can have?,fiat_currency_support,fiat_currency_support,True,0.6935,fiat_currency_support,0.6935,exchange_via_app,0.1241,receiving_money,0.0455
Am I able to exchange currencies?,fiat_currency_support,exchange_via_app,False,0.7171,exchange_via_app,0.7171,fiat_currency_support,0.1827,receiving_money,0.0363
What currencies are used in your exchange?,fiat_currency_support,fiat_currency_support,True,0.3652,fiat_currency_support,0.3652,exchange_rate,0.2356,exchange_via_app,0.1469
Which fiat currencies do you support?,fiat_currency_support,fiat_currency_support,True,0.9686,fiat_currency_support,0.9686,supported_cards_and_currencies,0.0258,exchange_charge,0.001
Which country's currency do you support?,fiat_currency_support,fiat_currency_support,True,0.6625,fiat_currency_support,0.6625,country_support,0.2119,supported_cards_and_currencies,0.0582
I want to make a currency exchange to EU.,fiat_currency_support,fiat_currency_support,True,0.6029,fiat_currency_support,0.6029,exchange_via_app,0.2935,exchange_charge,0.0492
Can I exchange and hold all fiat currencies?,fiat_currency_support,fiat_currency_support,True,0.9836,fiat_currency_support,0.9836,exchange_via_app,0.0114,exchange_charge,0.0023
What kind of currency can I hold money in?,fiat_currency_support,fiat_currency_support,True,0.963,fiat_currency_support,0.963,exchange_via_app,0.0125,supported_cards_and_currencies,0.009
Can I exchange currencies?,fiat_currency_support,exchange_via_app,False,0.753,exchange_via_app,0.753,fiat_currency_support,0.1462,exchange_charge,0.0459
Do you work with all fiat currencies?,fiat_currency_support,fiat_currency_support,True,0.9271,fiat_currency_support,0.9271,supported_cards_and_currencies,0.0355,exchange_charge,0.0103
Can I hold money in multiple currencies?,fiat_currency_support,fiat_currency_support,True,0.988,fiat_currency_support,0.988,exchange_via_app,0.0046,supported_cards_and_currencies,0.0031
How man currencies can I hold?,fiat_currency_support,fiat_currency_support,True,0.9559,fiat_currency_support,0.9559,supported_cards_and_currencies,0.0152,exchange_rate,0.0087
Besides USD what other currencies can I have?,fiat_currency_support,fiat_currency_support,True,0.5627,fiat_currency_support,0.5627,supported_cards_and_currencies,0.259,exchange_via_app,0.1273
How do I accept exchanges to EU?,fiat_currency_support,fiat_currency_support,True,0.369,fiat_currency_support,0.369,supported_cards_and_currencies,0.1201,exchange_via_app,0.1181
What kind of fiat currency can I used for holding and exchange?,fiat_currency_support,fiat_currency_support,True,0.9663,fiat_currency_support,0.9663,exchange_via_app,0.0157,supported_cards_and_currencies,0.0055
Do you support the exchange of EUR from my currency.,fiat_currency_support,fiat_currency_support,True,0.9838,fiat_currency_support,0.9838,exchange_rate,0.0035,exchange_via_app,0.0027
What countries can I travel to and have access to their currencies?,fiat_currency_support,fiat_currency_support,True,0.6644,fiat_currency_support,0.6644,country_support,0.0876,exchange_via_app,0.0651
I need my card now!,card_delivery_estimate,card_delivery_estimate,True,0.7401,card_delivery_estimate,0.7401,card_arrival,0.0501,lost_or_stolen_card,0.048
my card was not in the mail again can you advise?,card_delivery_estimate,card_arrival,False,0.6527,card_arrival,0.6527,lost_or_stolen_card,0.08,card_swallowed,0.0264
i need my card quick,card_delivery_estimate,card_delivery_estimate,True,0.8267,card_delivery_estimate,0.8267,order_physical_card,0.0312,lost_or_stolen_card,0.0299
How long will it take to get to me?,card_delivery_estimate,card_delivery_estimate,True,0.8967,card_delivery_estimate,0.8967,transfer_not_received_by_recipient,0.0519,unable_to_verify_identity,0.0294
I'm just wondering when my card will get here.,card_delivery_estimate,card_delivery_estimate,True,0.8791,card_delivery_estimate,0.8791,card_arrival,0.0751,pending_card_payment,0.0066
Can you get me my card fast?,card_delivery_estimate,card_delivery_estimate,True,0.9405,card_delivery_estimate,0.9405,lost_or_stolen_card,0.0133,card_arrival,0.0073
How long will it take to deliver something to US?,card_delivery_estimate,card_delivery_estimate,True,0.9662,card_delivery_estimate,0.9662,transfer_not_received_by_recipient,0.028,card_arrival,0.0017
"I live in the US, how long will it take for delivery?",card_delivery_estimate,card_delivery_estimate,True,0.9746,card_delivery_estimate,0.9746,transfer_not_received_by_recipient,0.0081,pending_card_payment,0.0035
When can I expect my card to be delivered to the US?,card_delivery_estimate,card_delivery_estimate,True,0.9581,card_delivery_estimate,0.9581,card_arrival,0.027,country_support,0.0037
I need my card quickly,card_delivery_estimate,card_delivery_estimate,True,0.9195,card_delivery_estimate,0.9195,lost_or_stolen_card,0.0196,order_physical_card,0.0103
Does delivery to the US take long?,card_delivery_estimate,card_delivery_estimate,True,0.95,card_delivery_estimate,0.95,transfer_not_received_by_recipient,0.0313,card_arrival,0.0045
How long will it take to arrive?,card_delivery_estimate,card_delivery_estimate,True,0.978,card_delivery_estimate,0.978,transfer_not_received_by_recipient,0.0157,card_arrival,0.002
Can I have my card delivered on a specific day?,card_delivery_estimate,card_delivery_estimate,True,0.9651,card_delivery_estimate,0.9651,card_arrival,0.0226,card_about_to_expire,0.0024
What is the difference between standard and express delivery?,card_delivery_estimate,card_delivery_estimate,True,0.2239,card_delivery_estimate,0.2239,order_physical_card,0.1487,supported_cards_and_currencies,0.1081
Can it be delivered by a specific date?,card_delivery_estimate,card_delivery_estimate,True,0.9477,card_delivery_estimate,0.9477,request_refund,0.0125,card_arrival,0.0104
May I choose when it's delivered?,card_delivery_estimate,card_delivery_estimate,True,0.9789,card_delivery_estimate,0.9789,card_arrival,0.005,request_refund,0.0045
I need it delivered on a certain date.,card_delivery_estimate,card_delivery_estimate,True,0.9525,card_delivery_estimate,0.9525,card_arrival,0.0178,transfer_not_received_by_recipient,0.0082
When should I expect my card?,card_delivery_estimate,card_delivery_estimate,True,0.8975,card_delivery_estimate,0.8975,card_arrival,0.0481,card_not_working,0.0066
How long does it take to get my card? Can I choose when to receive it?,card_delivery_estimate,card_delivery_estimate,True,0.9501,card_delivery_estimate,0.9501,card_arrival,0.0355,get_physical_card,0.0024
How long will it take for the card to arrive?,card_delivery_estimate,card_delivery_estimate,True,0.9009,card_delivery_estimate,0.9009,card_arrival,0.0752,pending_card_payment,0.0071
How fast can you deliver?,card_delivery_estimate,card_delivery_estimate,True,0.9914,card_delivery_estimate,0.9914,transfer_not_received_by_recipient,0.0045,card_arrival,0.0006
"Ordered awhile back, what is the ETA in the US?",card_delivery_estimate,card_delivery_estimate,True,0.4891,card_delivery_estimate,0.4891,pending_card_payment,0.0872,card_arrival,0.0632
How long should I expect for the card to arrive?,card_delivery_estimate,card_delivery_estimate,True,0.9334,card_delivery_estimate,0.9334,card_arrival,0.0504,pending_card_payment,0.0037
Whats the delivery time to the United States?,card_delivery_estimate,card_delivery_estimate,True,0.9914,card_delivery_estimate,0.9914,transfer_not_received_by_recipient,0.0034,transfer_timing,0.0013
When will the card arrive?,card_delivery_estimate,card_delivery_estimate,True,0.8207,card_delivery_estimate,0.8207,card_arrival,0.1464,pending_card_payment,0.0064
Send my card as soon as you are able to.,card_delivery_estimate,card_delivery_estimate,True,0.9229,card_delivery_estimate,0.9229,card_linking,0.011,lost_or_stolen_card,0.0081
When are cards delivered?,card_delivery_estimate,card_delivery_estimate,True,0.8426,card_delivery_estimate,0.8426,card_arrival,0.0737,order_physical_card,0.0632
How long does shipping take to get to a US destination?,card_delivery_estimate,card_delivery_estimate,True,0.9787,card_delivery_estimate,0.9787,transfer_not_received_by_recipient,0.007,transfer_timing,0.0053
Can I get my card expedited?,card_delivery_estimate,card_delivery_estimate,True,0.2998,card_delivery_estimate,0.2998,card_arrival,0.2141,card_about_to_expire,0.2015
How long until my card is delivered?,card_delivery_estimate,card_delivery_estimate,True,0.8311,card_delivery_estimate,0.8311,card_arrival,0.1488,pending_card_payment,0.0105
I need my card to come as soon as possible.,card_delivery_estimate,card_delivery_estimate,True,0.9631,card_delivery_estimate,0.9631,card_arrival,0.0106,order_physical_card,0.0068
When can I expect to receive my new card?,card_delivery_estimate,card_arrival,False,0.6059,card_arrival,0.6059,card_delivery_estimate,0.3168,card_about_to_expire,0.0279
I am waiting for my card to arrive.,card_delivery_estimate,card_arrival,False,0.6287,card_arrival,0.6287,card_delivery_estimate,0.3162,pending_card_payment,0.0096
I need my card as soon as possible.,card_delivery_estimate,card_delivery_estimate,True,0.8775,card_delivery_estimate,0.8775,order_physical_card,0.0186,lost_or_stolen_card,0.0179
I need it delivered by Saturday.,card_delivery_estimate,card_delivery_estimate,True,0.9653,card_delivery_estimate,0.9653,transfer_not_received_by_recipient,0.0154,request_refund,0.0048
What's the U.S. Delivery time?,card_delivery_estimate,card_delivery_estimate,True,0.9813,card_delivery_estimate,0.9813,transfer_not_received_by_recipient,0.0062,card_arrival,0.0052
When will my card arrive?,card_delivery_estimate,card_delivery_estimate,True,0.8592,card_delivery_estimate,0.8592,card_arrival,0.121,pending_card_payment,0.0048
can I choose a date for delivery?,card_delivery_estimate,card_delivery_estimate,True,0.9505,card_delivery_estimate,0.9505,card_arrival,0.0115,request_refund,0.0071
Can I make sure my card is delivered on a specific day?,card_delivery_estimate,card_delivery_estimate,True,0.876,card_delivery_estimate,0.876,card_arrival,0.1084,card_about_to_expire,0.0035
Can I have it be delivered at a certain time?,card_delivery_estimate,card_delivery_estimate,True,0.9931,card_delivery_estimate,0.9931,request_refund,0.0012,automatic_top_up,0.001
"When traveling, can I auto top-up my card at certain times?",automatic_top_up,automatic_top_up,True,0.9915,automatic_top_up,0.9915,card_delivery_estimate,0.002,topping_up_by_card,0.0013
Is there a limit when using auto top-up?,automatic_top_up,automatic_top_up,True,0.9683,automatic_top_up,0.9683,top_up_limits,0.0251,pending_top_up,0.003
Will it automatically top-up or do I need to do that manually if there isn't much cash left?,automatic_top_up,automatic_top_up,True,0.9761,automatic_top_up,0.9761,top_up_by_cash_or_cheque,0.0072,topping_up_by_card,0.0059
"I'm running out of money, can I  auto top up?",automatic_top_up,automatic_top_up,True,0.9117,automatic_top_up,0.9117,topping_up_by_card,0.0219,top_up_by_cash_or_cheque,0.018
How do I use auto top up?,automatic_top_up,automatic_top_up,True,0.9935,automatic_top_up,0.9935,topping_up_by_card,0.0011,pending_top_up,0.001
Can it automatically top-up money if there isn't much left?,automatic_top_up,automatic_top_up,True,0.9335,automatic_top_up,0.9335,topping_up_by_card,0.029,top_up_reverted,0.012
If there isn't much money left can it automatically top-up?,automatic_top_up,automatic_top_up,True,0.8619,automatic_top_up,0.8619,topping_up_by_card,0.087,top_up_reverted,0.013
"I read about the auto-top up function, but can't find it in the app.",automatic_top_up,automatic_top_up,True,0.9968,automatic_top_up,0.9968,top_up_reverted,0.0008,apple_pay_or_google_pay,0.0004
Can I have it add money at certain time intervals when I travel?,automatic_top_up,automatic_top_up,True,0.9394,automatic_top_up,0.9394,top_up_by_cash_or_cheque,0.0078,wrong_exchange_rate_for_cash_withdrawal,0.0075
"I'm going to be away for awhile, can I have it add money automatically in certain intervals?",automatic_top_up,automatic_top_up,True,0.9779,automatic_top_up,0.9779,top_up_by_cash_or_cheque,0.0039,transfer_timing,0.0027
"Where can I find the ""auto-top"" feature?",automatic_top_up,automatic_top_up,True,0.9947,automatic_top_up,0.9947,apple_pay_or_google_pay,0.0008,top_up_reverted,0.0007
"I just activated auto top-up, but it is not letting me enable it. Why not?",automatic_top_up,automatic_top_up,True,0.8497,automatic_top_up,0.8497,top_up_reverted,0.0719,pending_top_up,0.021
Is there an auto top-up option?,automatic_top_up,automatic_top_up,True,0.9974,automatic_top_up,0.9974,top_up_by_cash_or_cheque,0.0005,topping_up_by_card,0.0004
where is theft-top option?,automatic_top_up,lost_or_stolen_phone,False,0.2892,lost_or_stolen_phone,0.2892,cash_withdrawal_not_recognised,0.0726,automatic_top_up,0.0699
Are there limits on auto top-up?,automatic_top_up,automatic_top_up,True,0.9891,automatic_top_up,0.9891,top_up_limits,0.0085,pending_top_up,0.0006
can you assist me with the auto top up ?,automatic_top_up,automatic_top_up,True,0.8916,automatic_top_up,0.8916,pending_top_up,0.0276,top_up_failed,0.0198
Do you have any limit on the auto top-up?,automatic_top_up,automatic_top_up,True,0.7484,automatic_top_up,0.7484,top_up_limits,0.2092,pending_top_up,0.0191
Why are there limits on auto top-up?,automatic_top_up,automatic_top_up,True,0.9853,automatic_top_up,0.9853,top_up_limits,0.0069,top_up_reverted,0.0019
How can I top up automatically?,automatic_top_up,automatic_top_up,True,0.947,automatic_top_up,0.947,topping_up_by_card,0.0139,top_up_by_cash_or_cheque,0.0102
How do I make sure I don't run out of money on my card while traveling?,automatic_top_up,wrong_exchange_rate_for_cash_withdrawal,False,0.1035,wrong_exchange_rate_for_cash_withdrawal,0.1035,topping_up_by_card,0.0884,disposable_card_limits,0.0835
What's the limit on automatic top-up?,automatic_top_up,automatic_top_up,True,0.8612,automatic_top_up,0.8612,top_up_limits,0.1197,pending_top_up,0.0104
"If I will be traveling, is there a way to auto top-up my card on certain days?",automatic_top_up,automatic_top_up,True,0.9866,automatic_top_up,0.9866,card_delivery_estimate,0.005,topping_up_by_card,0.0021
Where is the auto top-up option?,automatic_top_up,automatic_top_up,True,0.9956,automatic_top_up,0.9956,top_up_reverted,0.0013,pending_top_up,0.001
Can I have a auto top-up when my account is short?,automatic_top_up,automatic_top_up,True,0.9851,automatic_top_up,0.9851,topping_up_by_card,0.0033,top_up_by_cash_or_cheque,0.0031
Do you have an auto top-up option?,automatic_top_up,automatic_top_up,True,0.993,automatic_top_up,0.993,pending_top_up,0.0017,top_up_reverted,0.0013
Can I space out how often money is transferred along my travels?,automatic_top_up,transfer_timing,False,0.3605,transfer_timing,0.3605,automatic_top_up,0.2489,wrong_exchange_rate_for_cash_withdrawal,0.068
Will it automatically top-up money if there isn't a lot left?,automatic_top_up,automatic_top_up,True,0.9007,automatic_top_up,0.9007,top_up_reverted,0.0345,topping_up_by_card,0.0276
Can I have it add money automatically in certain intervals?,automatic_top_up,automatic_top_up,True,0.988,automatic_top_up,0.988,top_up_by_cash_or_cheque,0.0024,exchange_via_app,0.001
Can I set up an automatic top-up for travel.,automatic_top_up,automatic_top_up,True,0.9902,automatic_top_up,0.9902,top_up_by_cash_or_cheque,0.0013,top_up_by_card_charge,0.0013
I've tried looking for the auto-top up option on your website and I can't seem to find it. Can you help me?,automatic_top_up,automatic_top_up,True,0.9946,automatic_top_up,0.9946,top_up_reverted,0.0009,topping_up_by_card,0.0008
how do I top up my money automatically,automatic_top_up,automatic_top_up,True,0.8109,automatic_top_up,0.8109,top_up_by_cash_or_cheque,0.0874,topping_up_by_card,0.0466
Can I be topped up once I hit a certain balance?,automatic_top_up,top_up_limits,False,0.5661,top_up_limits,0.5661,automatic_top_up,0.2539,top_up_by_cash_or_cheque,0.0393
Will it automatically top-up if there isn't much money left?,automatic_top_up,automatic_top_up,True,0.9399,automatic_top_up,0.9399,topping_up_by_card,0.0216,top_up_reverted,0.0122
Is there any way to Auto top-up?,automatic_top_up,automatic_top_up,True,0.9958,automatic_top_up,0.9958,topping_up_by_card,0.0008,top_up_by_cash_or_cheque,0.0007
Can you explain where I can find the auto-top option?,automatic_top_up,automatic_top_up,True,0.9977,automatic_top_up,0.9977,top_up_reverted,0.0005,verify_top_up,0.0003
What is the auto top up function and where can I find that at?,automatic_top_up,automatic_top_up,True,0.9958,automatic_top_up,0.9958,verify_top_up,0.0013,top_up_reverted,0.0011
Is there a way to top-up automatically?,automatic_top_up,automatic_top_up,True,0.9695,automatic_top_up,0.9695,topping_up_by_card,0.0078,top_up_by_cash_or_cheque,0.0057
"Is there a top-up feature, if there isn't a lot of money left?",automatic_top_up,automatic_top_up,True,0.4648,automatic_top_up,0.4648,topping_up_by_card,0.2442,top_up_by_cash_or_cheque,0.0917
What is the highest limit for Auto Top?,automatic_top_up,automatic_top_up,True,0.7586,automatic_top_up,0.7586,top_up_limits,0.2203,disposable_card_limits,0.0054
How do I enable auto-top up?,automatic_top_up,automatic_top_up,True,0.9931,automatic_top_up,0.9931,top_up_reverted,0.002,pending_top_up,0.0017
I've tried my card a bunch of times and it never worked.,card_not_working,card_not_working,True,0.7438,card_not_working,0.7438,declined_card_payment,0.0936,declined_cash_withdrawal,0.0634
I can't get my card to work.,card_not_working,card_not_working,True,0.9168,card_not_working,0.9168,activate_my_card,0.0218,declined_card_payment,0.0217
My card appears to be broken how can I fix it?,card_not_working,card_not_working,True,0.9856,card_not_working,0.9856,lost_or_stolen_card,0.0028,declined_card_payment,0.0017
How do I know why my card isn't working?,card_not_working,card_not_working,True,0.9718,card_not_working,0.9718,declined_card_payment,0.0106,card_arrival,0.0042
My card broke.,card_not_working,card_not_working,True,0.5566,card_not_working,0.5566,lost_or_stolen_card,0.1301,declined_card_payment,0.0728
My card won't work.,card_not_working,card_not_working,True,0.8861,card_not_working,0.8861,declined_card_payment,0.0644,activate_my_card,0.012
Why is my card not working?,card_not_working,card_not_working,True,0.9422,card_not_working,0.9422,declined_card_payment,0.0267,declined_cash_withdrawal,0.007
Can you please identify the problem with my bank card?,card_not_working,card_not_working,True,0.1761,card_not_working,0.1761,declined_card_payment,0.1633,top_up_failed,0.0888
How do I unblock my card using the app?,card_not_working,pin_blocked,False,0.5133,pin_blocked,0.5133,card_linking,0.2261,card_not_working,0.0937
My card does not work,card_not_working,card_not_working,True,0.8939,card_not_working,0.8939,declined_card_payment,0.0589,activate_my_card,0.0104
How can I get my physical card to work?,card_not_working,card_not_working,True,0.8056,card_not_working,0.8056,activate_my_card,0.0611,virtual_card_not_working,0.0265
Can someone assist me by explaining why my card is not working?,card_not_working,card_not_working,True,0.9408,card_not_working,0.9408,declined_card_payment,0.0299,declined_cash_withdrawal,0.0077
Help me.  My card doesn't work.,card_not_working,card_not_working,True,0.8106,card_not_working,0.8106,activate_my_card,0.0464,declined_card_payment,0.0456
Can a card stop working?,card_not_working,card_not_working,True,0.9772,card_not_working,0.9772,declined_card_payment,0.0045,declined_cash_withdrawal,0.0031
I think my card is broken,card_not_working,card_not_working,True,0.9455,card_not_working,0.9455,lost_or_stolen_card,0.0181,declined_card_payment,0.0063
Why isn't my card working?,card_not_working,card_not_working,True,0.9619,card_not_working,0.9619,declined_card_payment,0.0121,declined_cash_withdrawal,0.0065
My card isn't working anymore.,card_not_working,card_not_working,True,0.933,card_not_working,0.933,lost_or_stolen_card,0.0158,declined_card_payment,0.0076
My card was declined today when eating and I need to know what's wrong.,card_not_working,card_not_working,True,0.8977,card_not_working,0.8977,declined_transfer,0.0261,declined_cash_withdrawal,0.0219
My card doesn't work.,card_not_working,card_not_working,True,0.9112,card_not_working,0.9112,declined_card_payment,0.0343,activate_my_card,0.0142
How can I resolve a problem where my card won't go through at all?,card_not_working,card_not_working,True,0.8943,card_not_working,0.8943,declined_card_payment,0.0563,pin_blocked,0.0125
My actual card isn't working.,card_not_working,card_not_working,True,0.8419,card_not_working,0.8419,activate_my_card,0.0273,declined_card_payment,0.0264
Is my card broken?,card_not_working,card_not_working,True,0.9447,card_not_working,0.9447,lost_or_stolen_card,0.0106,card_arrival,0.0101
I broke my card,card_not_working,card_not_working,True,0.3478,card_not_working,0.3478,lost_or_stolen_card,0.301,card_swallowed,0.1069
My card stopped working,card_not_working,card_not_working,True,0.9128,card_not_working,0.9128,declined_card_payment,0.0344,reverted_card_payment?,0.0098
"My card is broke, what do I do?",card_not_working,card_not_working,True,0.8091,card_not_working,0.8091,lost_or_stolen_card,0.0619,card_swallowed,0.0221
"I tried using my card today and it's not working, can you help me?",card_not_working,card_not_working,True,0.875,card_not_working,0.875,declined_card_payment,0.0399,activate_my_card,0.0226
My card stopped working when I use it,card_not_working,card_not_working,True,0.9054,card_not_working,0.9054,declined_card_payment,0.0493,declined_cash_withdrawal,0.0075
I can't use my card.,card_not_working,card_not_working,True,0.9024,card_not_working,0.9024,declined_card_payment,0.033,pin_blocked,0.0111
Need help with my card. It's not working.,card_not_working,card_not_working,True,0.8194,card_not_working,0.8194,activate_my_card,0.0425,declined_card_payment,0.0326
I cannot use my card.,card_not_working,card_not_working,True,0.8343,card_not_working,0.8343,declined_card_payment,0.0617,activate_my_card,0.021
The card I've got seems to be broken.,card_not_working,card_not_working,True,0.9048,card_not_working,0.9048,lost_or_stolen_card,0.0195,card_arrival,0.0154
My card isn't working,card_not_working,card_not_working,True,0.9319,card_not_working,0.9319,declined_card_payment,0.022,activate_my_card,0.0072
My card suddenly quit working.,card_not_working,card_not_working,True,0.9008,card_not_working,0.9008,declined_card_payment,0.0269,lost_or_stolen_card,0.0223
I have tried to use my card several times and it does not work.,card_not_working,card_not_working,True,0.7859,card_not_working,0.7859,declined_card_payment,0.1121,declined_cash_withdrawal,0.0254
The card I have doesn't work.,card_not_working,card_not_working,True,0.8326,card_not_working,0.8326,declined_card_payment,0.0414,activate_my_card,0.0313
My card doesn't accept any transaction at all. What's wrong??,card_not_working,card_not_working,True,0.7396,card_not_working,0.7396,declined_card_payment,0.1289,declined_cash_withdrawal,0.0342
How can i check if my card is working?,card_not_working,card_not_working,True,0.8496,card_not_working,0.8496,card_arrival,0.049,activate_my_card,0.0311
Nothing goes through on my card.,card_not_working,declined_card_payment,False,0.4365,declined_card_payment,0.4365,card_not_working,0.271,top_up_failed,0.0459
How do I find out why my card won't work?,card_not_working,card_not_working,True,0.9696,card_not_working,0.9696,declined_card_payment,0.016,declined_cash_withdrawal,0.0037
"Could it be that I deactivated my card, its not working?",card_not_working,card_not_working,True,0.7966,card_not_working,0.7966,activate_my_card,0.0945,declined_cash_withdrawal,0.0372
May I exchange currencies with this?,exchange_via_app,exchange_via_app,True,0.7143,exchange_via_app,0.7143,fiat_currency_support,0.1909,exchange_charge,0.0309
Tell me how I can exchange between different currency.,exchange_via_app,exchange_via_app,True,0.8996,exchange_via_app,0.8996,receiving_money,0.03,fiat_currency_support,0.0278
Can I change from one currency to another?,exchange_via_app,exchange_via_app,True,0.8778,exchange_via_app,0.8778,receiving_money,0.0618,fiat_currency_support,0.0384
How do I change GBP to AUD?,exchange_via_app,exchange_via_app,True,0.9548,exchange_via_app,0.9548,receiving_money,0.0067,change_pin,0.0067
Will this app exchange currencies?,exchange_via_app,exchange_via_app,True,0.9088,exchange_via_app,0.9088,fiat_currency_support,0.026,exchange_rate,0.0128
How do I convert currencies with the app?,exchange_via_app,exchange_via_app,True,0.9838,exchange_via_app,0.9838,receiving_money,0.0032,exchange_rate,0.0016
How are currencies exchanged?,exchange_via_app,exchange_via_app,True,0.6491,exchange_via_app,0.6491,exchange_rate,0.1682,exchange_charge,0.0736
Can I exchange currencies with this app?,exchange_via_app,exchange_via_app,True,0.9694,exchange_via_app,0.9694,fiat_currency_support,0.0087,receiving_money,0.006
How do I make an exchange from one currency to another?,exchange_via_app,exchange_via_app,True,0.9122,exchange_via_app,0.9122,exchange_charge,0.022,exchange_rate,0.0204
How do I interconvert between AUD and GBP?,exchange_via_app,exchange_via_app,True,0.9376,exchange_via_app,0.9376,receiving_money,0.0169,automatic_top_up,0.0045
What all currencies can be exchanged?,exchange_via_app,fiat_currency_support,False,0.527,fiat_currency_support,0.527,exchange_via_app,0.3259,exchange_charge,0.0695
What is the best way to exchange currency between USD and GBP using your app?,exchange_via_app,exchange_via_app,True,0.9826,exchange_via_app,0.9826,receiving_money,0.0055,exchange_charge,0.0042
If I wanted to make a change from GBP to AUD what is the process?,exchange_via_app,exchange_via_app,True,0.9571,exchange_via_app,0.9571,receiving_money,0.009,change_pin,0.0071
Can I get some money exchanged?,exchange_via_app,exchange_via_app,True,0.4206,exchange_via_app,0.4206,receiving_money,0.1369,top_up_by_cash_or_cheque,0.0827
Is it possible to change to another currency?,exchange_via_app,exchange_via_app,True,0.9362,exchange_via_app,0.9362,fiat_currency_support,0.0327,receiving_money,0.0143
How do I exchange my GBP to AUD?,exchange_via_app,exchange_via_app,True,0.9754,exchange_via_app,0.9754,receiving_money,0.0055,card_linking,0.0036
How would I use my money in a different country?,exchange_via_app,exchange_via_app,True,0.353,exchange_via_app,0.353,receiving_money,0.258,fiat_currency_support,0.0795
"If I receive foreign currencies, am I able to exchange them on the app?",exchange_via_app,exchange_via_app,True,0.8025,exchange_via_app,0.8025,receiving_money,0.0509,fiat_currency_support,0.0465
Can I change to another currency?,exchange_via_app,exchange_via_app,True,0.8753,exchange_via_app,0.8753,receiving_money,0.0644,fiat_currency_support,0.0285
"I need AUD not GBP, how do I change it?",exchange_via_app,exchange_via_app,True,0.8985,exchange_via_app,0.8985,change_pin,0.02,receiving_money,0.0083
What is the best way to exchange currency?,exchange_via_app,exchange_via_app,True,0.8381,exchange_via_app,0.8381,exchange_charge,0.0714,exchange_rate,0.0299
If I need GBP instead of AUD what do I do?,exchange_via_app,exchange_via_app,True,0.8753,exchange_via_app,0.8753,receiving_money,0.0359,visa_or_mastercard,0.019
I was wondering whether exchanging currencies can be done on this app.,exchange_via_app,exchange_via_app,True,0.9726,exchange_via_app,0.9726,receiving_money,0.0065,fiat_currency_support,0.0061
"I might need AUD instead of GBP, how to change?",exchange_via_app,exchange_via_app,True,0.945,exchange_via_app,0.945,receiving_money,0.0064,change_pin,0.0056
How do I go through the process of currency exchange?,exchange_via_app,exchange_via_app,True,0.7607,exchange_via_app,0.7607,exchange_charge,0.0866,exchange_rate,0.0628
Change currency,exchange_via_app,exchange_via_app,True,0.8835,exchange_via_app,0.8835,receiving_money,0.0276,fiat_currency_support,0.0241
Can am I able to exchange currencies?,exchange_via_app,exchange_via_app,True,0.7483,exchange_via_app,0.7483,fiat_currency_support,0.1851,receiving_money,0.028
Where do I go to change GBP?,exchange_via_app,exchange_via_app,True,0.7493,exchange_via_app,0.7493,receiving_money,0.0787,change_pin,0.052
What currency's can i exchange for?,exchange_via_app,exchange_via_app,True,0.5217,exchange_via_app,0.5217,fiat_currency_support,0.2308,exchange_charge,0.111
What currencies will this app exchange?,exchange_via_app,exchange_via_app,True,0.739,exchange_via_app,0.739,exchange_rate,0.1077,fiat_currency_support,0.0461
Can this app help me exchange currencies?,exchange_via_app,exchange_via_app,True,0.9639,exchange_via_app,0.9639,fiat_currency_support,0.0096,exchange_charge,0.0047
I would like to exchange some currency.,exchange_via_app,exchange_via_app,True,0.7792,exchange_via_app,0.7792,fiat_currency_support,0.0891,exchange_charge,0.0869
Can I exchange between GBP and USD on the app?,exchange_via_app,exchange_via_app,True,0.9772,exchange_via_app,0.9772,receiving_money,0.0152,exchange_charge,0.0015
Is there currency exchange on this app?,exchange_via_app,exchange_via_app,True,0.9415,exchange_via_app,0.9415,exchange_charge,0.018,fiat_currency_support,0.0091
Can I change my currency from USD to EUR?,exchange_via_app,fiat_currency_support,False,0.7554,fiat_currency_support,0.7554,exchange_via_app,0.1668,receiving_money,0.0161
"I think I want AUD and not GBP, can you help?",exchange_via_app,exchange_via_app,True,0.825,exchange_via_app,0.825,visa_or_mastercard,0.0751,receiving_money,0.0169
How do I exchange currency?,exchange_via_app,exchange_via_app,True,0.9251,exchange_via_app,0.9251,exchange_charge,0.0244,exchange_rate,0.0138
Can I use this app to change dollars into euros?,exchange_via_app,exchange_via_app,True,0.9069,exchange_via_app,0.9069,fiat_currency_support,0.0318,receiving_money,0.0148
Can I exchange currencies with my account?,exchange_via_app,exchange_via_app,True,0.521,exchange_via_app,0.521,fiat_currency_support,0.1678,receiving_money,0.0935
I would like to exchange currencies,exchange_via_app,exchange_via_app,True,0.8126,exchange_via_app,0.8126,exchange_charge,0.0773,fiat_currency_support,0.0731
"My entire gym bag, including my wallet, was stolen out of my locker today. Everything in my wallet is gone - how do I block the card to make it can't be used?",lost_or_stolen_card,cash_withdrawal_not_recognised,False,0.38,cash_withdrawal_not_recognised,0.38,lost_or_stolen_card,0.2852,pin_blocked,0.1837
I can't find my card and think it may have been stolen.,lost_or_stolen_card,lost_or_stolen_card,True,0.921,lost_or_stolen_card,0.921,compromised_card,0.0354,lost_or_stolen_phone,0.0123
"Someone stole my card. I need to report it stolen. I made a police report already, but how do I report it with you?",lost_or_stolen_card,lost_or_stolen_card,True,0.7613,lost_or_stolen_card,0.7613,compromised_card,0.1407,lost_or_stolen_phone,0.0395
"I cant find my card, it's gone.",lost_or_stolen_card,lost_or_stolen_card,True,0.8054,lost_or_stolen_card,0.8054,card_linking,0.0984,topping_up_by_card,0.0235
My card is lost! What can I do?,lost_or_stolen_card,lost_or_stolen_card,True,0.8569,lost_or_stolen_card,0.8569,card_not_working,0.0378,card_swallowed,0.0281
I lost my card,lost_or_stolen_card,lost_or_stolen_card,True,0.8568,lost_or_stolen_card,0.8568,card_arrival,0.0377,card_swallowed,0.022
Oh no!  I lost my card!  Help!,lost_or_stolen_card,lost_or_stolen_card,True,0.8947,lost_or_stolen_card,0.8947,card_linking,0.0229,card_arrival,0.0198
"I believe my card has been stolen, what can I do about this situation? It's urgent.",lost_or_stolen_card,lost_or_stolen_card,True,0.8312,lost_or_stolen_card,0.8312,compromised_card,0.0862,cash_withdrawal_not_recognised,0.0421
Help! Someone stole my card!,lost_or_stolen_card,lost_or_stolen_card,True,0.845,lost_or_stolen_card,0.845,compromised_card,0.0635,cash_withdrawal_not_recognised,0.0253
Help.  I have a stolen card!,lost_or_stolen_card,lost_or_stolen_card,True,0.9162,lost_or_stolen_card,0.9162,lost_or_stolen_phone,0.0228,compromised_card,0.0222
"card is lost, please help",lost_or_stolen_card,lost_or_stolen_card,True,0.8198,lost_or_stolen_card,0.8198,card_linking,0.051,card_swallowed,0.0259
How do I report my card stolen?,lost_or_stolen_card,lost_or_stolen_card,True,0.7777,lost_or_stolen_card,0.7777,compromised_card,0.1615,lost_or_stolen_phone,0.0184
My card is gone I think it was stolen,lost_or_stolen_card,lost_or_stolen_card,True,0.913,lost_or_stolen_card,0.913,lost_or_stolen_phone,0.0386,card_linking,0.0126
Is a copy of the police report necessary for completing the report process?,lost_or_stolen_card,verify_my_identity,False,0.177,verify_my_identity,0.177,lost_or_stolen_phone,0.0986,contactless_not_working,0.0815
I lost my wallet today with all my credit cards. Will you please block the card and send a replacement?,lost_or_stolen_card,lost_or_stolen_card,True,0.6175,lost_or_stolen_card,0.6175,compromised_card,0.0543,declined_card_payment,0.0509
How do I deal with a stolen card?,lost_or_stolen_card,lost_or_stolen_card,True,0.6778,lost_or_stolen_card,0.6778,compromised_card,0.2254,lost_or_stolen_phone,0.0362
Can you freeze my card it was stolen,lost_or_stolen_card,lost_or_stolen_card,True,0.8165,lost_or_stolen_card,0.8165,compromised_card,0.0713,lost_or_stolen_phone,0.0357
Help!  I can't find my card.,lost_or_stolen_card,lost_or_stolen_card,True,0.6694,lost_or_stolen_card,0.6694,card_arrival,0.0848,card_linking,0.0713
What should I do if I lost my card?,lost_or_stolen_card,lost_or_stolen_card,True,0.7805,lost_or_stolen_card,0.7805,card_linking,0.0379,card_swallowed,0.035
I need help with a lost card,lost_or_stolen_card,lost_or_stolen_card,True,0.8145,lost_or_stolen_card,0.8145,card_linking,0.0333,card_arrival,0.0325
I think my card was stolen.,lost_or_stolen_card,lost_or_stolen_card,True,0.8549,lost_or_stolen_card,0.8549,compromised_card,0.0487,cash_withdrawal_not_recognised,0.046
"Someone stole my wallet earlier today, not sure exactly when, probably on Piccadilly circus. Can you check if there were any attempts to use the card and obviously block it?",lost_or_stolen_card,lost_or_stolen_card,True,0.4607,lost_or_stolen_card,0.4607,cash_withdrawal_not_recognised,0.1765,compromised_card,0.1707
I think I lost my card . I dont know how long it has been missing. Can you see if maybe someone else has been using it?,lost_or_stolen_card,lost_or_stolen_card,True,0.5877,lost_or_stolen_card,0.5877,card_arrival,0.1935,card_linking,0.0729
How can I freeze a stolen card?,lost_or_stolen_card,lost_or_stolen_card,True,0.765,lost_or_stolen_card,0.765,compromised_card,0.1376,cash_withdrawal_not_recognised,0.0398
What should I do if my card is missing?,lost_or_stolen_card,lost_or_stolen_card,True,0.4595,lost_or_stolen_card,0.4595,card_not_working,0.158,card_arrival,0.1147
My bags were stolen. I need a new card but need to cancel the stolen one.,lost_or_stolen_card,lost_or_stolen_card,True,0.7904,lost_or_stolen_card,0.7904,cash_withdrawal_not_recognised,0.0453,getting_spare_card,0.0232
Somehow I am missing my card.  What should I do?,lost_or_stolen_card,lost_or_stolen_card,True,0.6333,lost_or_stolen_card,0.6333,card_arrival,0.1404,card_linking,0.071
My card was taken from me,lost_or_stolen_card,lost_or_stolen_card,True,0.352,lost_or_stolen_card,0.352,cash_withdrawal_not_recognised,0.0996,card_swallowed,0.0912
My card got lost.,lost_or_stolen_card,lost_or_stolen_card,True,0.8204,lost_or_stolen_card,0.8204,card_arrival,0.0781,card_swallowed,0.031
Some idiot stole my card.,lost_or_stolen_card,lost_or_stolen_card,True,0.7754,lost_or_stolen_card,0.7754,compromised_card,0.0642,card_swallowed,0.0574
How do I report my card lost or stolen?,lost_or_stolen_card,lost_or_stolen_card,True,0.8607,lost_or_stolen_card,0.8607,compromised_card,0.0695,lost_or_stolen_phone,0.0212
My card is lost! What do I do now?,lost_or_stolen_card,lost_or_stolen_card,True,0.8468,lost_or_stolen_card,0.8468,card_swallowed,0.0487,card_arrival,0.0273
I'm in Spain and my stuff has been stolen. My card was with it and I need a new one shipped and the old one frozen.,lost_or_stolen_card,lost_or_stolen_card,True,0.6496,lost_or_stolen_card,0.6496,compromised_card,0.0601,card_about_to_expire,0.0414
I believe my credit card was stolen.,lost_or_stolen_card,lost_or_stolen_card,True,0.3765,lost_or_stolen_card,0.3765,compromised_card,0.2215,cash_withdrawal_not_recognised,0.1795
How do I report a stolen card?,lost_or_stolen_card,lost_or_stolen_card,True,0.7346,lost_or_stolen_card,0.7346,compromised_card,0.2036,lost_or_stolen_phone,0.0144
"Somebody has stolen my card, I need help please.",lost_or_stolen_card,lost_or_stolen_card,True,0.8859,lost_or_stolen_card,0.8859,compromised_card,0.062,lost_or_stolen_phone,0.0208
I cannot find my credit card.,lost_or_stolen_card,lost_or_stolen_card,True,0.2977,lost_or_stolen_card,0.2977,topping_up_by_card,0.1581,card_payment_not_recognised,0.0635
Are you able to locate my card?,lost_or_stolen_card,lost_or_stolen_card,True,0.6266,lost_or_stolen_card,0.6266,card_arrival,0.1688,card_linking,0.0769
My card got stolen!,lost_or_stolen_card,lost_or_stolen_card,True,0.9288,lost_or_stolen_card,0.9288,lost_or_stolen_phone,0.016,card_swallowed,0.0101
Help me please!  My card was stolen!,lost_or_stolen_card,lost_or_stolen_card,True,0.8894,lost_or_stolen_card,0.8894,lost_or_stolen_phone,0.0482,cash_withdrawal_not_recognised,0.0192
how old do i need to be to get an account for myself,age_limit,age_limit,True,0.9597,age_limit,0.9597,why_verify_identity,0.0135,unable_to_verify_identity,0.0056
How young can I be to open my own account?,age_limit,age_limit,True,0.9907,age_limit,0.9907,why_verify_identity,0.0016,terminate_account,0.0012
How old do I have to be?,age_limit,age_limit,True,0.9615,age_limit,0.9615,card_delivery_estimate,0.0059,unable_to_verify_identity,0.0049
Can I open an account for a child?,age_limit,age_limit,True,0.994,age_limit,0.994,terminate_account,0.0006,beneficiary_not_allowed,0.0006
How old do we have to be?,age_limit,age_limit,True,0.9667,age_limit,0.9667,card_delivery_estimate,0.0086,country_support,0.0044
How do I go about setting up an account for my daughter?,age_limit,age_limit,True,0.9674,age_limit,0.9674,getting_spare_card,0.0034,verify_my_identity,0.003
Is there an age minimum?,age_limit,age_limit,True,0.993,age_limit,0.993,card_delivery_estimate,0.0009,disposable_card_limits,0.0008
What is the youngest age in order to have an account?,age_limit,age_limit,True,0.9946,age_limit,0.9946,why_verify_identity,0.0007,transfer_timing,0.0005
What age do I have to be?,age_limit,age_limit,True,0.9748,age_limit,0.9748,card_delivery_estimate,0.005,unable_to_verify_identity,0.0028
Can my daughter open an account?,age_limit,age_limit,True,0.9821,age_limit,0.9821,getting_spare_card,0.0035,why_verify_identity,0.0019
What is the minimum age to open an account?,age_limit,age_limit,True,0.993,age_limit,0.993,transfer_timing,0.001,terminate_account,0.0007
What is the minimum age?,age_limit,age_limit,True,0.9928,age_limit,0.9928,card_delivery_estimate,0.001,disposable_card_limits,0.0009
I am only 17. Can I make an account?,age_limit,age_limit,True,0.915,age_limit,0.915,terminate_account,0.0125,why_verify_identity,0.0088
Could I open an account for my children?,age_limit,age_limit,True,0.9882,age_limit,0.9882,terminate_account,0.0016,why_verify_identity,0.0012
What is the age to open an account?,age_limit,age_limit,True,0.9935,age_limit,0.9935,terminate_account,0.001,transfer_timing,0.0009
How do I open up an account for my child?,age_limit,age_limit,True,0.9812,age_limit,0.9812,terminate_account,0.0031,edit_personal_details,0.0023
Can I open a bank account for my newborn baby?,age_limit,age_limit,True,0.8387,age_limit,0.8387,transfer_into_account,0.0576,atm_support,0.0146
How old do I have to be to open an account?,age_limit,age_limit,True,0.9879,age_limit,0.9879,why_verify_identity,0.0017,terminate_account,0.0012
Do you offer services for children to have money saving experience?,age_limit,age_limit,True,0.9071,age_limit,0.9071,disposable_card_limits,0.0105,atm_support,0.0104
If my kids wanted to use your service how old would they have to be?,age_limit,age_limit,True,0.9939,age_limit,0.9939,disposable_card_limits,0.001,country_support,0.0007
Can my 19 year old daughter open a savings account at the bank?,age_limit,age_limit,True,0.9693,age_limit,0.9693,fiat_currency_support,0.0045,beneficiary_not_allowed,0.0034
How old do you have to be to get an account?,age_limit,age_limit,True,0.9828,age_limit,0.9828,why_verify_identity,0.003,country_support,0.0023
What's the minimum age for opening an account?,age_limit,age_limit,True,0.9928,age_limit,0.9928,transfer_timing,0.0013,terminate_account,0.0007
"I would like an account for my children, how do I go about doing this?",age_limit,age_limit,True,0.9404,age_limit,0.9404,terminate_account,0.0133,transfer_into_account,0.0076
Can my children have their own account?,age_limit,age_limit,True,0.9842,age_limit,0.9842,why_verify_identity,0.0028,getting_spare_card,0.0026
Is it possible to open an account for my children?,age_limit,age_limit,True,0.988,age_limit,0.988,beneficiary_not_allowed,0.0015,terminate_account,0.0014
Do my kids have to be a certain age to use this service?,age_limit,age_limit,True,0.9956,age_limit,0.9956,country_support,0.0006,card_delivery_estimate,0.0005
How old do you have to be to be able to open an account?,age_limit,age_limit,True,0.985,age_limit,0.985,beneficiary_not_allowed,0.0018,why_verify_identity,0.0017
Is there an age limit?,age_limit,age_limit,True,0.9881,age_limit,0.9881,top_up_limits,0.0029,beneficiary_not_allowed,0.0017
What are the age requirements for opening an account?,age_limit,age_limit,True,0.9925,age_limit,0.9925,terminate_account,0.0007,why_verify_identity,0.0007
will i be able to open an account for my daughter,age_limit,age_limit,True,0.9771,age_limit,0.9771,why_verify_identity,0.0044,getting_spare_card,0.0038
How old do I need to be to open an account?,age_limit,age_limit,True,0.9866,age_limit,0.9866,why_verify_identity,0.0019,terminate_account,0.0012
What age can sign up for services?,age_limit,age_limit,True,0.9923,age_limit,0.9923,country_support,0.0013,card_delivery_estimate,0.0009
How old do my kids have to be to use your service?,age_limit,age_limit,True,0.9935,age_limit,0.9935,country_support,0.0009,disposable_card_limits,0.0009
What age do my kids need to be to use your service?,age_limit,age_limit,True,0.9937,age_limit,0.9937,card_delivery_estimate,0.0012,country_support,0.0007
How old do my children need to be to open an account?,age_limit,age_limit,True,0.9979,age_limit,0.9979,beneficiary_not_allowed,0.0003,why_verify_identity,0.0002
How old does my kids need to be to open an account?,age_limit,age_limit,True,0.9977,age_limit,0.9977,transfer_timing,0.0003,beneficiary_not_allowed,0.0002
How young can someone be in order to open an account?,age_limit,age_limit,True,0.9945,age_limit,0.9945,why_verify_identity,0.0008,terminate_account,0.0006
What is the youngest someone can be to open an account?,age_limit,age_limit,True,0.9946,age_limit,0.9946,disposable_card_limits,0.0006,terminate_account,0.0004
How old does one have to be to have an account with the bank?,age_limit,age_limit,True,0.9648,age_limit,0.9648,transfer_into_account,0.0031,atm_support,0.0031
How do I get my PIN unlocked?,pin_blocked,pin_blocked,True,0.8024,pin_blocked,0.8024,get_physical_card,0.119,change_pin,0.0589
Where can I view my PIN?,pin_blocked,get_physical_card,False,0.9617,get_physical_card,0.9617,pin_blocked,0.0173,change_pin,0.0136
Will you reinstate my PIN?,pin_blocked,change_pin,False,0.7091,change_pin,0.7091,pin_blocked,0.201,get_physical_card,0.0242
I accidentally blocked my PIN. How do I reset it?,pin_blocked,pin_blocked,True,0.9913,pin_blocked,0.9913,change_pin,0.0041,passcode_forgotten,0.0013
How do I unblock my pin after entering it wrong too many times?,pin_blocked,pin_blocked,True,0.9994,pin_blocked,0.9994,change_pin,1e-04,declined_cash_withdrawal,1e-04
I used the wrong ping too many times and now the account is blocked.  How do I unblock?,pin_blocked,pin_blocked,True,0.8892,pin_blocked,0.8892,cancel_transfer,0.0229,terminate_account,0.0199
I need help because I drunken blocked my card?,pin_blocked,pin_blocked,True,0.9069,pin_blocked,0.9069,card_not_working,0.0354,lost_or_stolen_card,0.0122
"How do I reset my PIN, I can't seem to use my card?",pin_blocked,pin_blocked,True,0.559,pin_blocked,0.559,card_not_working,0.2381,change_pin,0.0705
"When I put the wrong pin too much, I got blocked, so can you help me unblock my pin",pin_blocked,pin_blocked,True,0.999,pin_blocked,0.999,change_pin,0.0004,cancel_transfer,1e-04
"My pin was blocked, how do I make it so I can use it?",pin_blocked,pin_blocked,True,0.9935,pin_blocked,0.9935,change_pin,0.0019,get_physical_card,0.0019
How many tries do I have to enter my pin before I'm blocked?,pin_blocked,pin_blocked,True,0.9832,pin_blocked,0.9832,declined_cash_withdrawal,0.0085,get_physical_card,0.0034
What should I do if I've tried to enter my PIN too often?,pin_blocked,pin_blocked,True,0.9608,pin_blocked,0.9608,get_physical_card,0.0125,change_pin,0.0081
I have exceeded the number of times I can try my PIN,pin_blocked,pin_blocked,True,0.9095,pin_blocked,0.9095,declined_cash_withdrawal,0.035,card_not_working,0.0227
How can I unblock a blocked pin number for my account?,pin_blocked,pin_blocked,True,0.9975,pin_blocked,0.9975,change_pin,0.0003,terminate_account,0.0003
What do I do if the bank machine won't accept my PIN attempts anymore?,pin_blocked,pin_blocked,True,0.6223,pin_blocked,0.6223,declined_cash_withdrawal,0.2388,pending_cash_withdrawal,0.029
Can you unlock my pin? I think I entered the wrong pin too many times.,pin_blocked,pin_blocked,True,0.9533,pin_blocked,0.9533,change_pin,0.0236,get_physical_card,0.0059
How do I deal with a blocked PIN?,pin_blocked,pin_blocked,True,0.9978,pin_blocked,0.9978,get_physical_card,0.001,change_pin,0.0004
"I attempted to use my card while I was intoxicated, and I failed to input my PIN, and the machine kept my card. How soon can I have it back?",pin_blocked,card_not_working,False,0.4159,card_not_working,0.4159,pin_blocked,0.2039,card_swallowed,0.0904
Can I unblock my card using the app?,pin_blocked,card_linking,False,0.4351,card_linking,0.4351,pin_blocked,0.2209,lost_or_stolen_phone,0.0765
I'v exhausted all the of times I can try my PIN,pin_blocked,pin_blocked,True,0.6358,pin_blocked,0.6358,declined_cash_withdrawal,0.2462,card_not_working,0.0436
How can I unlock my pin from too many tries?,pin_blocked,pin_blocked,True,0.9811,pin_blocked,0.9811,change_pin,0.006,declined_cash_withdrawal,0.0045
Help! I forgot my PIN and have been locked out of using my card.,pin_blocked,pin_blocked,True,0.8844,pin_blocked,0.8844,lost_or_stolen_card,0.0189,get_physical_card,0.0172
"My account is blocked, how do I log in now",pin_blocked,pin_blocked,True,0.7904,pin_blocked,0.7904,passcode_forgotten,0.0973,terminate_account,0.0215
Why did I get blocked?,pin_blocked,pin_blocked,True,0.7108,pin_blocked,0.7108,declined_cash_withdrawal,0.059,failed_transfer,0.0577
Are you able to unblock my pin?,pin_blocked,pin_blocked,True,0.9953,pin_blocked,0.9953,get_physical_card,0.0008,change_pin,0.0007
Can you assist me with unblocking my PIN? I put it in wrong too many times.,pin_blocked,pin_blocked,True,0.9988,pin_blocked,0.9988,change_pin,0.0003,declined_cash_withdrawal,0.0002
I entered the wrong pin too many times and now I am blocked.  Help me unblock!,pin_blocked,pin_blocked,True,0.9993,pin_blocked,0.9993,passcode_forgotten,1e-04,declined_cash_withdrawal,1e-04
"My pins seems to be blocked, can you unblock it please",pin_blocked,pin_blocked,True,0.9952,pin_blocked,0.9952,get_physical_card,0.0009,declined_cash_withdrawal,0.0008
Can you unblock my pin after too many wrong pin attempts?,pin_blocked,pin_blocked,True,0.9986,pin_blocked,0.9986,change_pin,0.0003,declined_cash_withdrawal,0.0002
What can you do to unblock my pin?,pin_blocked,pin_blocked,True,0.9982,pin_blocked,0.9982,change_pin,0.0003,get_physical_card,0.0002
"My PIN is blocked, what do I do?",pin_blocked,pin_blocked,True,0.9942,pin_blocked,0.9942,get_physical_card,0.0022,declined_cash_withdrawal,0.0013
Can I reactivate my PIN?,pin_blocked,change_pin,False,0.7736,change_pin,0.7736,pin_blocked,0.1589,get_physical_card,0.024
How do I reset my PIN?,pin_blocked,pin_blocked,True,0.6256,pin_blocked,0.6256,change_pin,0.2968,get_physical_card,0.0433
Can I unblock my pin?,pin_blocked,pin_blocked,True,0.9959,pin_blocked,0.9959,change_pin,0.0013,get_physical_card,0.0011
How do I unblock my PIN?,pin_blocked,pin_blocked,True,0.9985,pin_blocked,0.9985,get_physical_card,0.0005,change_pin,0.0004
"My card's frozen, what can I do?",pin_blocked,card_not_working,False,0.7515,card_not_working,0.7515,lost_or_stolen_card,0.0983,compromised_card,0.0382
How can I unlock the pin?,pin_blocked,pin_blocked,True,0.9162,pin_blocked,0.9162,get_physical_card,0.0383,change_pin,0.0347
"Since my pin is blocked, would you help me unblock it?",pin_blocked,pin_blocked,True,0.9959,pin_blocked,0.9959,get_physical_card,0.0007,change_pin,0.0007
My PIN is not working and I need assistance.,pin_blocked,pin_blocked,True,0.8113,pin_blocked,0.8113,get_physical_card,0.1207,change_pin,0.0279
"
Where can I get my PIN unblocked?",pin_blocked,pin_blocked,True,0.9941,pin_blocked,0.9941,get_physical_card,0.0022,declined_cash_withdrawal,0.0005
Are contactless payments enabled on my new card?,contactless_not_working,contactless_not_working,True,0.9605,contactless_not_working,0.9605,activate_my_card,0.0051,card_payment_fee_charged,0.0049
My contanctless has stopped working,contactless_not_working,contactless_not_working,True,0.5167,contactless_not_working,0.5167,declined_cash_withdrawal,0.1435,card_not_working,0.135
what is required documents for new card process ?,contactless_not_working,order_physical_card,False,0.4744,order_physical_card,0.4744,contactless_not_working,0.1591,verify_my_identity,0.0972
"I don't know what's wrong, my contactless stopped working. Tried it in a few different places today and it didn't work in any of them.",contactless_not_working,contactless_not_working,True,0.9467,contactless_not_working,0.9467,failed_transfer,0.017,declined_transfer,0.0078
How do I get the contactless feature to work for my card?,contactless_not_working,contactless_not_working,True,0.9251,contactless_not_working,0.9251,card_not_working,0.016,activate_my_card,0.015
I tried to pay contactless at the bus today and it didn't work. Any ideas why?,contactless_not_working,contactless_not_working,True,0.8195,contactless_not_working,0.8195,failed_transfer,0.0381,declined_card_payment,0.0319
I've been unable to pay contactless with my card for over a week now. Is there a way to fix this issue?,contactless_not_working,contactless_not_working,True,0.727,contactless_not_working,0.727,declined_card_payment,0.0762,card_not_working,0.0326
Do you know why my contactless won't work?,contactless_not_working,contactless_not_working,True,0.9541,contactless_not_working,0.9541,failed_transfer,0.0135,card_not_working,0.007
My contactless payments have not been completed successfully.,contactless_not_working,contactless_not_working,True,0.517,contactless_not_working,0.517,transfer_not_received_by_recipient,0.0885,declined_card_payment,0.0815
Do I need to replace my card if it didn't work when I tried to pay contactless at the shop today?,contactless_not_working,contactless_not_working,True,0.7957,contactless_not_working,0.7957,declined_card_payment,0.0891,compromised_card,0.0132
For some reason my contactless has stopped working. I don't know what the problem is. What can I do?,contactless_not_working,contactless_not_working,True,0.9727,contactless_not_working,0.9727,card_not_working,0.012,lost_or_stolen_phone,0.0025
"I couldn't use my contactless this morning, it wasn't accepted.",contactless_not_working,contactless_not_working,True,0.655,contactless_not_working,0.655,declined_cash_withdrawal,0.0806,top_up_reverted,0.0361
Contactless isn't working for me,contactless_not_working,contactless_not_working,True,0.9917,contactless_not_working,0.9917,transfer_not_received_by_recipient,0.0018,failed_transfer,0.001
Why wouldn't the contactless payment work when I tried to pay at the bus today?,contactless_not_working,contactless_not_working,True,0.8912,contactless_not_working,0.8912,declined_card_payment,0.025,failed_transfer,0.0217
How do I check my security settings to allow contactless pay?,contactless_not_working,contactless_not_working,True,0.4681,contactless_not_working,0.4681,receiving_money,0.1943,card_payment_fee_charged,0.0693
What can I do if contactless doesn't work?,contactless_not_working,contactless_not_working,True,0.9902,contactless_not_working,0.9902,card_not_working,0.0028,lost_or_stolen_phone,0.0015
Fix my contactless,contactless_not_working,contactless_not_working,True,0.9712,contactless_not_working,0.9712,edit_personal_details,0.015,lost_or_stolen_phone,0.0031
How can I make my contactless work for the metro?,contactless_not_working,contactless_not_working,True,0.9247,contactless_not_working,0.9247,lost_or_stolen_phone,0.0173,apple_pay_or_google_pay,0.0094
My contactless is not working,contactless_not_working,contactless_not_working,True,0.9807,contactless_not_working,0.9807,failed_transfer,0.0031,transfer_not_received_by_recipient,0.0023
Can you help my fix my contactless?,contactless_not_working,contactless_not_working,True,0.9151,contactless_not_working,0.9151,edit_personal_details,0.0418,lost_or_stolen_phone,0.0059
For some reason my contactless won't work for me.,contactless_not_working,contactless_not_working,True,0.9733,contactless_not_working,0.9733,top_up_failed,0.0049,failed_transfer,0.0031
I'm unable to use contactless payments for purchases.,contactless_not_working,contactless_not_working,True,0.7115,contactless_not_working,0.7115,declined_transfer,0.0488,beneficiary_not_allowed,0.0309
"When I tried to pay for my bus ride, the contactless payment wouldn't work. How can I prevent this in the future?",contactless_not_working,contactless_not_working,True,0.8878,contactless_not_working,0.8878,declined_card_payment,0.0217,card_payment_fee_charged,0.0145
The NFC payment wouldn't work on the bus today. Help?,contactless_not_working,declined_card_payment,False,0.2188,declined_card_payment,0.2188,apple_pay_or_google_pay,0.1695,card_not_working,0.1216
"I wanted to use my card contactless but it doesn't seem to be working, what could be the problem?",contactless_not_working,contactless_not_working,True,0.8861,contactless_not_working,0.8861,card_not_working,0.052,activate_my_card,0.0122
How do I make contactless work,contactless_not_working,contactless_not_working,True,0.9783,contactless_not_working,0.9783,activate_my_card,0.0038,failed_transfer,0.0019
what is the charges for new card?,contactless_not_working,order_physical_card,False,0.3545,order_physical_card,0.3545,card_payment_fee_charged,0.142,card_about_to_expire,0.121
The contactless I have won't work.,contactless_not_working,contactless_not_working,True,0.9675,contactless_not_working,0.9675,card_not_working,0.0047,failed_transfer,0.0038
Why isn't my contactless not working?,contactless_not_working,contactless_not_working,True,0.9876,contactless_not_working,0.9876,failed_transfer,0.0034,top_up_failed,0.0015
I wanted to use my contactless at the metro today but it didn't accept it!,contactless_not_working,contactless_not_working,True,0.8729,contactless_not_working,0.8729,transfer_not_received_by_recipient,0.0255,lost_or_stolen_phone,0.0166
It didnt work when I tried to pay contactless at the bus today. Why?,contactless_not_working,contactless_not_working,True,0.8025,contactless_not_working,0.8025,failed_transfer,0.048,card_not_working,0.0341
I am not able to do contactless.,contactless_not_working,contactless_not_working,True,0.927,contactless_not_working,0.927,edit_personal_details,0.0113,lost_or_stolen_phone,0.0065
How do I use contactless payments?,contactless_not_working,contactless_not_working,True,0.8523,contactless_not_working,0.8523,receiving_money,0.0242,card_payment_fee_charged,0.0187
Help me with my contactless which isn't working.,contactless_not_working,contactless_not_working,True,0.9392,contactless_not_working,0.9392,edit_personal_details,0.011,failed_transfer,0.0103
How can I fix a problem where contactless isn't working?,contactless_not_working,contactless_not_working,True,0.9956,contactless_not_working,0.9956,card_not_working,0.0009,failed_transfer,0.0008
How do I use contactless pay?,contactless_not_working,contactless_not_working,True,0.6261,contactless_not_working,0.6261,receiving_money,0.1716,card_payment_fee_charged,0.0704
How do I enable contactless pay?,contactless_not_working,contactless_not_working,True,0.8562,contactless_not_working,0.8562,receiving_money,0.0393,apple_pay_or_google_pay,0.0303
Do I need to make a regular payment before a contactless one?,contactless_not_working,contactless_not_working,True,0.8565,contactless_not_working,0.8565,top_up_by_bank_transfer_charge,0.0319,card_payment_fee_charged,0.0309
How can I find out where my contactless works?,contactless_not_working,contactless_not_working,True,0.7494,contactless_not_working,0.7494,transfer_not_received_by_recipient,0.0507,lost_or_stolen_phone,0.0435
Should i reinstall the payment app?,contactless_not_working,contactless_not_working,True,0.4143,contactless_not_working,0.4143,reverted_card_payment?,0.2048,card_payment_not_recognised,0.0809
how much do you charge to accept transfers,top_up_by_bank_transfer_charge,top_up_by_bank_transfer_charge,True,0.787,top_up_by_bank_transfer_charge,0.787,transfer_fee_charged,0.1774,exchange_charge,0.016
I would like to make a transfer. How much does it cost?,top_up_by_bank_transfer_charge,top_up_by_bank_transfer_charge,True,0.925,top_up_by_bank_transfer_charge,0.925,transfer_fee_charged,0.0363,exchange_charge,0.0094
"I need to make a transfer, what will the fee be?",top_up_by_bank_transfer_charge,top_up_by_bank_transfer_charge,True,0.6692,top_up_by_bank_transfer_charge,0.6692,transfer_fee_charged,0.2723,exchange_charge,0.0109
If I make a top-up are there charges applied?,top_up_by_bank_transfer_charge,top_up_by_bank_transfer_charge,True,0.571,top_up_by_bank_transfer_charge,0.571,top_up_by_card_charge,0.3676,top_up_limits,0.0115
Can I also transfer with SWIFT?,top_up_by_bank_transfer_charge,top_up_by_bank_transfer_charge,True,0.9276,top_up_by_bank_transfer_charge,0.9276,receiving_money,0.0129,transfer_into_account,0.0096
Are SWIFT transfers accepted?,top_up_by_bank_transfer_charge,top_up_by_bank_transfer_charge,True,0.9412,top_up_by_bank_transfer_charge,0.9412,beneficiary_not_allowed,0.0108,receiving_money,0.01
I would like to refill my account using SWIFT.,top_up_by_bank_transfer_charge,top_up_by_bank_transfer_charge,True,0.1479,top_up_by_bank_transfer_charge,0.1479,exchange_via_app,0.1037,passcode_forgotten,0.09
Do I have to pay for topping up by transfer?,top_up_by_bank_transfer_charge,top_up_by_bank_transfer_charge,True,0.8625,top_up_by_bank_transfer_charge,0.8625,topping_up_by_card,0.0338,top_up_by_card_charge,0.0291
Are there any sort of fees involved for top of transfers?,top_up_by_bank_transfer_charge,top_up_by_bank_transfer_charge,True,0.8038,top_up_by_bank_transfer_charge,0.8038,transfer_fee_charged,0.1748,exchange_charge,0.0067
Is it possible to get a transfer from SWIFT?,top_up_by_bank_transfer_charge,top_up_by_bank_transfer_charge,True,0.95,top_up_by_bank_transfer_charge,0.95,receiving_money,0.0137,exchange_via_app,0.0049
Do I have to pay any fees in order to receive money?,top_up_by_bank_transfer_charge,top_up_by_bank_transfer_charge,True,0.4217,top_up_by_bank_transfer_charge,0.4217,transfer_fee_charged,0.1746,card_payment_fee_charged,0.1482
How much am I charged to receive money?,top_up_by_bank_transfer_charge,top_up_by_bank_transfer_charge,True,0.923,top_up_by_bank_transfer_charge,0.923,transfer_fee_charged,0.0216,cash_withdrawal_charge,0.0137
Will you deal with SWIFT transfers?,top_up_by_bank_transfer_charge,top_up_by_bank_transfer_charge,True,0.9698,top_up_by_bank_transfer_charge,0.9698,transfer_fee_charged,0.0053,pending_transfer,0.0046
Will there be any charges for money received?,top_up_by_bank_transfer_charge,top_up_by_bank_transfer_charge,True,0.9287,top_up_by_bank_transfer_charge,0.9287,exchange_charge,0.0195,transfer_fee_charged,0.0189
Will a transfer incur a fee?,top_up_by_bank_transfer_charge,top_up_by_bank_transfer_charge,True,0.534,top_up_by_bank_transfer_charge,0.534,transfer_fee_charged,0.449,pending_transfer,0.005
Are there charges for receiving a SEPA transfer?,top_up_by_bank_transfer_charge,top_up_by_bank_transfer_charge,True,0.9787,top_up_by_bank_transfer_charge,0.9787,transfer_fee_charged,0.0094,pending_transfer,0.0029
If I transfer money from my bank to top-up my account will I be charged?,top_up_by_bank_transfer_charge,top_up_by_bank_transfer_charge,True,0.916,top_up_by_bank_transfer_charge,0.916,transfer_into_account,0.0393,top_up_by_card_charge,0.0287
Will I be charged if someone needs to send me money?,top_up_by_bank_transfer_charge,top_up_by_bank_transfer_charge,True,0.8731,top_up_by_bank_transfer_charge,0.8731,transfer_fee_charged,0.0482,receiving_money,0.0286
What are the fees for top-ups?,top_up_by_bank_transfer_charge,top_up_by_card_charge,False,0.7856,top_up_by_card_charge,0.7856,top_up_by_bank_transfer_charge,0.1744,top_up_limits,0.0121
Will topping up by transfer lead to a charge on my account?,top_up_by_bank_transfer_charge,top_up_by_bank_transfer_charge,True,0.9728,top_up_by_bank_transfer_charge,0.9728,transfer_into_account,0.0059,transfer_fee_charged,0.0058
What are the charges for receiving money?,top_up_by_bank_transfer_charge,top_up_by_bank_transfer_charge,True,0.8998,top_up_by_bank_transfer_charge,0.8998,transfer_fee_charged,0.0263,exchange_charge,0.0214
What is the fee to receive money?,top_up_by_bank_transfer_charge,top_up_by_bank_transfer_charge,True,0.6925,top_up_by_bank_transfer_charge,0.6925,transfer_fee_charged,0.0901,cash_withdrawal_charge,0.0661
How much am I charged for a SEPA transfer?,top_up_by_bank_transfer_charge,top_up_by_bank_transfer_charge,True,0.9762,top_up_by_bank_transfer_charge,0.9762,transfer_fee_charged,0.0119,exchange_charge,0.0021
How much is the fee for a SEPA transfer?,top_up_by_bank_transfer_charge,top_up_by_bank_transfer_charge,True,0.9193,top_up_by_bank_transfer_charge,0.9193,transfer_fee_charged,0.0558,exchange_charge,0.0071
What'll it charge me for a SEPA transfer?,top_up_by_bank_transfer_charge,top_up_by_bank_transfer_charge,True,0.9752,top_up_by_bank_transfer_charge,0.9752,transfer_fee_charged,0.0076,top_up_by_card_charge,0.0035
Is there a charge for topping up by transfer?,top_up_by_bank_transfer_charge,top_up_by_bank_transfer_charge,True,0.9875,top_up_by_bank_transfer_charge,0.9875,top_up_by_card_charge,0.0057,transfer_fee_charged,0.0024
Do you do SWIFT transfers?,top_up_by_bank_transfer_charge,top_up_by_bank_transfer_charge,True,0.969,top_up_by_bank_transfer_charge,0.969,transfer_into_account,0.0064,pending_transfer,0.0034
Should I expect to be charged for topping up by transfer?,top_up_by_bank_transfer_charge,top_up_by_bank_transfer_charge,True,0.953,top_up_by_bank_transfer_charge,0.953,transfer_fee_charged,0.0213,top_up_by_card_charge,0.0152
Will I be charged for a SEPA transfer?,top_up_by_bank_transfer_charge,top_up_by_bank_transfer_charge,True,0.9641,top_up_by_bank_transfer_charge,0.9641,transfer_fee_charged,0.0117,pending_transfer,0.0078
is there a fee for a transfer? if so how much will it be?,top_up_by_bank_transfer_charge,top_up_by_bank_transfer_charge,True,0.6391,top_up_by_bank_transfer_charge,0.6391,transfer_fee_charged,0.325,exchange_charge,0.0189
Please tell me about SWIFT transfers at this bank.,top_up_by_bank_transfer_charge,top_up_by_bank_transfer_charge,True,0.6758,top_up_by_bank_transfer_charge,0.6758,transfer_into_account,0.1048,transfer_fee_charged,0.0323
Is there a fee for transfer top-up?,top_up_by_bank_transfer_charge,top_up_by_bank_transfer_charge,True,0.9271,top_up_by_bank_transfer_charge,0.9271,transfer_fee_charged,0.0413,top_up_by_card_charge,0.0171
Can you tell me what the transfer policy is?,top_up_by_bank_transfer_charge,beneficiary_not_allowed,False,0.3697,beneficiary_not_allowed,0.3697,transfer_fee_charged,0.1308,transfer_timing,0.0935
Is a SWIFT transfer okay?,top_up_by_bank_transfer_charge,top_up_by_bank_transfer_charge,True,0.9717,top_up_by_bank_transfer_charge,0.9717,transfer_fee_charged,0.0051,failed_transfer,0.004
Will I be charged a fee if I receive a SEPA transfer,top_up_by_bank_transfer_charge,top_up_by_bank_transfer_charge,True,0.9301,top_up_by_bank_transfer_charge,0.9301,transfer_fee_charged,0.0569,pending_transfer,0.0041
"When topping up by transfer, will I be charged?",top_up_by_bank_transfer_charge,top_up_by_bank_transfer_charge,True,0.9737,top_up_by_bank_transfer_charge,0.9737,top_up_by_card_charge,0.0116,transfer_fee_charged,0.0061
What us the fee to transfer money from my bank?,top_up_by_bank_transfer_charge,transfer_fee_charged,False,0.3915,transfer_fee_charged,0.3915,top_up_by_bank_transfer_charge,0.2553,top_up_by_card_charge,0.0861
Do I get charged if i am getting money?,top_up_by_bank_transfer_charge,top_up_by_bank_transfer_charge,True,0.7951,top_up_by_bank_transfer_charge,0.7951,cash_withdrawal_charge,0.0635,card_payment_fee_charged,0.0563
Can you tell me the total cost of a transfer?,top_up_by_bank_transfer_charge,top_up_by_bank_transfer_charge,True,0.9046,top_up_by_bank_transfer_charge,0.9046,transfer_fee_charged,0.062,exchange_charge,0.0084
can i do a transfer with swift,top_up_by_bank_transfer_charge,top_up_by_bank_transfer_charge,True,0.955,top_up_by_bank_transfer_charge,0.955,receiving_money,0.01,transfer_into_account,0.0061
"new customer and filling gas today, it's not working, the thing shows pending half an hour!",pending_top_up,pending_top_up,True,0.7418,pending_top_up,0.7418,pending_cash_withdrawal,0.0586,transfer_not_received_by_recipient,0.0539
My card was topped this morning but I can't see the funds. Why didn't it complete?,pending_top_up,pending_top_up,True,0.6095,pending_top_up,0.6095,top_up_failed,0.1994,topping_up_by_card,0.0949
What would lead to my top up still pending?,pending_top_up,pending_top_up,True,0.914,pending_top_up,0.914,top_up_reverted,0.0517,pending_transfer,0.0077
there's a delay in my top-up,pending_top_up,pending_top_up,True,0.9384,pending_top_up,0.9384,top_up_failed,0.0288,top_up_reverted,0.0116
Is there a reason my top up hasn't gone through,pending_top_up,pending_top_up,True,0.6968,pending_top_up,0.6968,top_up_failed,0.1552,top_up_reverted,0.1282
The top-up is pending.,pending_top_up,pending_top_up,True,0.981,pending_top_up,0.981,top_up_failed,0.0052,top_up_reverted,0.0037
Could you explain why my top-up has gone through yet?,pending_top_up,pending_top_up,True,0.6711,pending_top_up,0.6711,top_up_reverted,0.2488,top_up_failed,0.0597
"I've already topped up, but I cannot see the funds being available. What happened?",pending_top_up,pending_top_up,True,0.5452,pending_top_up,0.5452,top_up_reverted,0.3399,top_up_failed,0.0517
What is going on? My top-up is still pending. I use your system all the time but now it is just showing as pending.,pending_top_up,pending_top_up,True,0.9532,pending_top_up,0.9532,top_up_reverted,0.0194,pending_cash_withdrawal,0.0142
I  do not see a top-up processed.,pending_top_up,pending_top_up,True,0.5903,pending_top_up,0.5903,top_up_failed,0.2309,top_up_by_card_charge,0.0333
I topped up but it didn't complete,pending_top_up,pending_top_up,True,0.9174,pending_top_up,0.9174,top_up_failed,0.0505,top_up_reverted,0.0149
"So, I am a new customer and attempted to top up for the very first time today. It's already been pending for half an hour and doesn't seem to be working. I need to please get this fixed.",pending_top_up,pending_top_up,True,0.9685,pending_top_up,0.9685,top_up_failed,0.0252,top_up_reverted,0.0021
My top up is pending.,pending_top_up,pending_top_up,True,0.9772,pending_top_up,0.9772,top_up_failed,0.0071,top_up_reverted,0.006
Can you look into my top up please.  I made it over three hours ago and yet it's still pending.,pending_top_up,pending_top_up,True,0.9866,pending_top_up,0.9866,top_up_reverted,0.002,top_up_failed,0.0017
Can you please make my top up go through as soon as possible. I really need the money and it has been pending for an hour already.,pending_top_up,pending_top_up,True,0.9426,pending_top_up,0.9426,top_up_failed,0.0135,top_up_by_cash_or_cheque,0.0082
"What's going on with the top-up? All it says is pending, pending, pending! I use your service several times a week and have never had a problem before! What's going on here?",pending_top_up,pending_top_up,True,0.9302,pending_top_up,0.9302,top_up_reverted,0.0294,top_up_failed,0.0266
why hasn't my top up gone through yet,pending_top_up,pending_top_up,True,0.8962,pending_top_up,0.8962,top_up_reverted,0.0608,top_up_failed,0.033
top-up is slow to process,pending_top_up,pending_top_up,True,0.8138,pending_top_up,0.8138,top_up_failed,0.1059,top_up_reverted,0.0367
"Is there something wrong with your website? I tried topping up my account and it's been close to two hours now and it's still at ""pending"" for some reason. I just joined with you guys and this is the first attempt at this, so maybe I'm wrong, but shouldn't this be instant?",pending_top_up,pending_top_up,True,0.9346,pending_top_up,0.9346,pending_card_payment,0.0131,pending_cash_withdrawal,0.0129
"I topped up by card a while ago and it's still pending, surely it should be done by now?",pending_top_up,pending_top_up,True,0.9019,pending_top_up,0.9019,pending_card_payment,0.0314,pending_cash_withdrawal,0.0143
Why hasn't my top-up been completed?,pending_top_up,pending_top_up,True,0.8549,pending_top_up,0.8549,top_up_failed,0.0743,top_up_reverted,0.0673
top up did not complete,pending_top_up,pending_top_up,True,0.6075,pending_top_up,0.6075,top_up_failed,0.335,top_up_reverted,0.049
So I just put my top-up into the card and it hasn't changed.,pending_top_up,topping_up_by_card,False,0.3094,topping_up_by_card,0.3094,top_up_failed,0.282,pending_top_up,0.1172
Why is my top up still pending?,pending_top_up,pending_top_up,True,0.918,pending_top_up,0.918,top_up_reverted,0.056,top_up_failed,0.0089
"Your top-up function isn't working, it still says pending even though I know my card works.",pending_top_up,pending_top_up,True,0.8337,pending_top_up,0.8337,top_up_failed,0.1217,activate_my_card,0.0086
"Hi I'm a new customer and tried topping up for the first time today, seems it's not working, the thing shows up as pending since half an hour already! Please fix it!",pending_top_up,pending_top_up,True,0.9307,pending_top_up,0.9307,top_up_failed,0.0202,card_not_working,0.0075
"OMG!  I'm trying to load my card and it wont top up!  I desperately need the money either on my card or in my bank, where is it?",pending_top_up,topping_up_by_card,False,0.3893,topping_up_by_card,0.3893,pending_top_up,0.1575,top_up_failed,0.1178
I'm attempting to top-up my account but it has been pending for an hour.,pending_top_up,pending_top_up,True,0.9208,pending_top_up,0.9208,top_up_failed,0.0345,pending_cash_withdrawal,0.0114
Why is my top-up still outstanding?,pending_top_up,top_up_reverted,False,0.4631,top_up_reverted,0.4631,pending_top_up,0.3697,top_up_failed,0.1088
What does it mean when my top up is saying  still pending?,pending_top_up,pending_top_up,True,0.9621,pending_top_up,0.9621,top_up_reverted,0.0104,pending_cash_withdrawal,0.0092
"My top up hasn't worked, it's been stuck in pending for the last couple hours",pending_top_up,pending_top_up,True,0.8019,pending_top_up,0.8019,top_up_failed,0.1677,top_up_reverted,0.0183
It doesn't look like the top-up completed.,pending_top_up,pending_top_up,True,0.9347,pending_top_up,0.9347,top_up_failed,0.0436,top_up_reverted,0.0067
Why does my top up say still pending when I used my card to do it.,pending_top_up,pending_top_up,True,0.8931,pending_top_up,0.8931,top_up_failed,0.0367,pending_cash_withdrawal,0.0129
Where is the money I topped off with?,pending_top_up,verify_source_of_funds,False,0.1384,verify_source_of_funds,0.1384,top_up_reverted,0.1293,wrong_amount_of_cash_received,0.1222
"Hi. I'm a new customer to your system and I think something isn't working right - or maybe it is. Maybe you can confirm. I tried to top up today (my first time ever) and it's been stuck at ""pending"" for over an hour now. Is it supposed to do this or is there something wrong in the system?",pending_top_up,pending_top_up,True,0.9651,pending_top_up,0.9651,pending_cash_withdrawal,0.0166,pending_transfer,0.0034
Why is my top-up still pending?,pending_top_up,pending_top_up,True,0.9421,pending_top_up,0.9421,top_up_reverted,0.037,top_up_failed,0.008
Topping up my card is not working because I believe the top up is pending,pending_top_up,pending_top_up,True,0.7578,pending_top_up,0.7578,top_up_failed,0.205,topping_up_by_card,0.0128
When will my top-up process?,pending_top_up,pending_top_up,True,0.9196,pending_top_up,0.9196,top_up_limits,0.0217,automatic_top_up,0.0182
"The top-up has a definite problem! I regularly use your service and haven't had a problem before, but now the top-up just shows pending. Please tell my why it continues to show pending.",pending_top_up,pending_top_up,True,0.9709,pending_top_up,0.9709,top_up_reverted,0.0108,top_up_failed,0.0108
"I tried topping up but my funds seem to be pending. I want to buy something right now, what do I do?",pending_top_up,pending_top_up,True,0.8461,pending_top_up,0.8461,top_up_failed,0.0289,topping_up_by_card,0.0257
I made a transaction this morning and would like to revert it.,cancel_transfer,cancel_transfer,True,0.952,cancel_transfer,0.952,direct_debit_payment_not_recognised,0.0112,transaction_charged_twice,0.0109
Can i cancel a charge?,cancel_transfer,cancel_transfer,True,0.5851,cancel_transfer,0.5851,request_refund,0.3098,direct_debit_payment_not_recognised,0.0502
Can I cancel my transaction?,cancel_transfer,cancel_transfer,True,0.9698,cancel_transfer,0.9698,request_refund,0.0175,direct_debit_payment_not_recognised,0.0039
I made a transaction but did it to the wrong account.,cancel_transfer,cancel_transfer,True,0.9484,cancel_transfer,0.9484,cash_withdrawal_not_recognised,0.0092,transaction_charged_twice,0.0052
Tell me how to cancel a transfer.,cancel_transfer,cancel_transfer,True,0.9708,cancel_transfer,0.9708,declined_transfer,0.0111,pending_transfer,0.0064
I need you to cancel a transfer that I made.  It is the wrong account number and the app won't let me stop the transaction.  Please stop it!,cancel_transfer,cancel_transfer,True,0.9803,cancel_transfer,0.9803,beneficiary_not_allowed,0.005,direct_debit_payment_not_recognised,0.004
"I need to cancel my recent transfer immediately, I made a mistake there, please help quickly before it goes through",cancel_transfer,cancel_transfer,True,0.9861,cancel_transfer,0.9861,declined_transfer,0.0042,pending_transfer,0.0023
I would like to revert a transaction I did this morning,cancel_transfer,cancel_transfer,True,0.9736,cancel_transfer,0.9736,request_refund,0.01,direct_debit_payment_not_recognised,0.0042
If I make a transaction can I cancel it?,cancel_transfer,cancel_transfer,True,0.9741,cancel_transfer,0.9741,request_refund,0.0087,direct_debit_payment_not_recognised,0.0034
How can I cancel a transfer?,cancel_transfer,cancel_transfer,True,0.9859,cancel_transfer,0.9859,declined_transfer,0.0053,pending_transfer,0.0021
Is there any way to cancel a transfer?,cancel_transfer,cancel_transfer,True,0.9835,cancel_transfer,0.9835,declined_transfer,0.0037,pending_transfer,0.003
I accidentally made a transaction to the wrong account.,cancel_transfer,cancel_transfer,True,0.9705,cancel_transfer,0.9705,transaction_charged_twice,0.0103,cash_withdrawal_not_recognised,0.0073
I want to cancel a transfer right away! Can you help?,cancel_transfer,cancel_transfer,True,0.9817,cancel_transfer,0.9817,pending_transfer,0.0065,declined_transfer,0.0034
Help me cancel my transaction,cancel_transfer,cancel_transfer,True,0.9524,cancel_transfer,0.9524,request_refund,0.0236,terminate_account,0.0072
"This is URGENT, I typed the wrong payment information for a payment I needed to make and have clicked send, I need to reverse the transaction immediately.",cancel_transfer,cancel_transfer,True,0.9168,cancel_transfer,0.9168,direct_debit_payment_not_recognised,0.0273,transfer_not_received_by_recipient,0.0181
Can I cancel a transfer,cancel_transfer,cancel_transfer,True,0.9845,cancel_transfer,0.9845,pending_transfer,0.0035,declined_transfer,0.0026
I want to reverse my transaction from earlier,cancel_transfer,cancel_transfer,True,0.7625,cancel_transfer,0.7625,request_refund,0.0985,transaction_charged_twice,0.0324
Is there a way to revert my transaction from this morning?,cancel_transfer,cancel_transfer,True,0.9724,cancel_transfer,0.9724,request_refund,0.0061,direct_debit_payment_not_recognised,0.0035
I'd like to cancel a transfer,cancel_transfer,cancel_transfer,True,0.9793,cancel_transfer,0.9793,declined_transfer,0.0077,pending_transfer,0.0036
Can I cancel a transfer if is already processed?,cancel_transfer,cancel_transfer,True,0.9587,cancel_transfer,0.9587,pending_transfer,0.0225,request_refund,0.0043
I transferred the wrong amount and would like to cancel the transaction.,cancel_transfer,cancel_transfer,True,0.9967,cancel_transfer,0.9967,request_refund,0.0012,direct_debit_payment_not_recognised,0.0005
I made a mistake when I did a transfer so now what can I do to fix that?,cancel_transfer,cancel_transfer,True,0.732,cancel_transfer,0.732,failed_transfer,0.0989,declined_transfer,0.0836
I need to cancel an incorrect transaction.,cancel_transfer,cancel_transfer,True,0.9973,cancel_transfer,0.9973,request_refund,0.0013,transaction_charged_twice,0.0004
How do I cancel my transfer?,cancel_transfer,cancel_transfer,True,0.9642,cancel_transfer,0.9642,declined_transfer,0.0152,pending_transfer,0.0054
I made a mistake with a transaction!,cancel_transfer,cancel_transfer,True,0.9298,cancel_transfer,0.9298,card_payment_not_recognised,0.0129,failed_transfer,0.01
I submitted a transaction to the incorrect account.,cancel_transfer,cancel_transfer,True,0.9154,cancel_transfer,0.9154,transaction_charged_twice,0.0201,cash_withdrawal_not_recognised,0.0118
The transfer I just made needs to be cancelled right now. It was my mistake. Please help me cancel it before it goes through!,cancel_transfer,cancel_transfer,True,0.9825,cancel_transfer,0.9825,declined_transfer,0.0044,pending_transfer,0.0035
I want to go back on what I did this morning,cancel_transfer,cancel_transfer,True,0.4791,cancel_transfer,0.4791,request_refund,0.1548,edit_personal_details,0.0739
Can a transaction be cancelled?,cancel_transfer,cancel_transfer,True,0.9689,cancel_transfer,0.9689,request_refund,0.0169,pending_cash_withdrawal,0.0023
How do i cancel my transaction?,cancel_transfer,cancel_transfer,True,0.9739,cancel_transfer,0.9739,request_refund,0.0144,terminate_account,0.0039
My transaction needs to be canceled.,cancel_transfer,cancel_transfer,True,0.9473,cancel_transfer,0.9473,request_refund,0.0091,pending_cash_withdrawal,0.0078
I need to make an immediate cancellation related to a transfer. This was a mistake. Please assist quickly so this does not actually go through.,cancel_transfer,cancel_transfer,True,0.991,cancel_transfer,0.991,pending_transfer,0.0035,request_refund,0.0012
I made a mistake and need to cancel a transaction,cancel_transfer,cancel_transfer,True,0.9959,cancel_transfer,0.9959,request_refund,0.0021,direct_debit_payment_not_recognised,0.0005
I made an error in payment yesterday and I need it fixed asap because it's for my rent tomorrow.,cancel_transfer,cancel_transfer,True,0.5927,cancel_transfer,0.5927,failed_transfer,0.1233,direct_debit_payment_not_recognised,0.0663
Cancel my last transfer,cancel_transfer,cancel_transfer,True,0.9545,cancel_transfer,0.9545,declined_transfer,0.0156,pending_transfer,0.0068
"My recent transfer needs to be cancelled immediately; it was a mistake, please can you cancel it before it goes through?",cancel_transfer,cancel_transfer,True,0.9879,cancel_transfer,0.9879,pending_transfer,0.0045,declined_transfer,0.0015
I need help cancelling a transaction.,cancel_transfer,cancel_transfer,True,0.9796,cancel_transfer,0.9796,request_refund,0.0124,terminate_account,0.0023
I don't want the transaction to go through now,cancel_transfer,cancel_transfer,True,0.9126,cancel_transfer,0.9126,pending_cash_withdrawal,0.0198,transfer_not_received_by_recipient,0.0143
Can I change the amount I made on a payment that I made to the payment is correct.,cancel_transfer,cancel_transfer,True,0.3934,cancel_transfer,0.3934,receiving_money,0.1521,card_payment_not_recognised,0.1069
Please help me!  I need to cancel a transaction.,cancel_transfer,cancel_transfer,True,0.9757,cancel_transfer,0.9757,request_refund,0.0122,terminate_account,0.0036
can you limit my top up?,top_up_limits,top_up_limits,True,0.8125,top_up_limits,0.8125,topping_up_by_card,0.0673,top_up_failed,0.0421
Am I free to top-up as much as I want?,top_up_limits,top_up_limits,True,0.6366,top_up_limits,0.6366,topping_up_by_card,0.0891,pending_top_up,0.0736
Is there a top up limit for my account?,top_up_limits,top_up_limits,True,0.9149,top_up_limits,0.9149,automatic_top_up,0.0197,pending_top_up,0.011
What is the limit to top up?,top_up_limits,top_up_limits,True,0.973,top_up_limits,0.973,automatic_top_up,0.0078,pending_top_up,0.0076
How much money can i top up?,top_up_limits,top_up_limits,True,0.888,top_up_limits,0.888,top_up_by_bank_transfer_charge,0.0247,topping_up_by_card,0.0225
What are the restrictions to top-offs?,top_up_limits,top_up_limits,True,0.6369,top_up_limits,0.6369,top_up_by_cash_or_cheque,0.0821,disposable_card_limits,0.0553
Are the top-ups limited?,top_up_limits,top_up_limits,True,0.8138,top_up_limits,0.8138,automatic_top_up,0.067,supported_cards_and_currencies,0.0236
what is the top up limit,top_up_limits,top_up_limits,True,0.9899,top_up_limits,0.9899,automatic_top_up,0.0045,pending_top_up,0.0012
I need to find out what is the limit for top-ups.,top_up_limits,top_up_limits,True,0.9891,top_up_limits,0.9891,pending_top_up,0.0033,automatic_top_up,0.0029
Do you have a limit to top ups?,top_up_limits,top_up_limits,True,0.9627,top_up_limits,0.9627,automatic_top_up,0.0142,pending_top_up,0.0055
What is maximum top up?,top_up_limits,top_up_limits,True,0.9126,top_up_limits,0.9126,automatic_top_up,0.0329,pending_top_up,0.0134
How can I tell what the limit is to top-ups?,top_up_limits,top_up_limits,True,0.9851,top_up_limits,0.9851,pending_top_up,0.0052,automatic_top_up,0.0039
Is there a limit to top-up amounts?,top_up_limits,top_up_limits,True,0.9838,top_up_limits,0.9838,automatic_top_up,0.0071,top_up_failed,0.0015
Is there any limit to the amount I can add to a card at a time?,top_up_limits,top_up_limits,True,0.5211,top_up_limits,0.5211,getting_spare_card,0.2326,disposable_card_limits,0.1543
I want to know if there is a maximum I can top up.,top_up_limits,top_up_limits,True,0.9862,top_up_limits,0.9862,automatic_top_up,0.0063,topping_up_by_card,0.0017
What is the limit to a top-up?,top_up_limits,top_up_limits,True,0.9667,top_up_limits,0.9667,pending_top_up,0.0124,automatic_top_up,0.0068
Tell me if there are any top-up limits?,top_up_limits,top_up_limits,True,0.9852,top_up_limits,0.9852,disposable_card_limits,0.0081,automatic_top_up,0.0027
How can I top-up my limit?,top_up_limits,top_up_limits,True,0.972,top_up_limits,0.972,top_up_by_cash_or_cheque,0.0068,top_up_failed,0.0048
Is there a limit to top-ups?,top_up_limits,top_up_limits,True,0.9565,top_up_limits,0.9565,automatic_top_up,0.0239,pending_top_up,0.0059
Can I top-up as much as I want?,top_up_limits,top_up_limits,True,0.9103,top_up_limits,0.9103,topping_up_by_card,0.0206,top_up_by_cash_or_cheque,0.0157
Can you tell me the limits for top ups?,top_up_limits,top_up_limits,True,0.9821,top_up_limits,0.9821,automatic_top_up,0.0064,top_up_by_card_charge,0.003
When I top up what are the amoutn limits.,top_up_limits,top_up_limits,True,0.9893,top_up_limits,0.9893,automatic_top_up,0.0044,pending_top_up,0.0011
Is there a limit on top-ups?,top_up_limits,top_up_limits,True,0.9605,top_up_limits,0.9605,automatic_top_up,0.0174,pending_top_up,0.0059
What is the top-ups limit?,top_up_limits,top_up_limits,True,0.984,top_up_limits,0.984,automatic_top_up,0.0065,disposable_card_limits,0.0029
Are there limits to top-ups?,top_up_limits,top_up_limits,True,0.9704,top_up_limits,0.9704,automatic_top_up,0.0154,pending_top_up,0.0023
Is there a maximum amount of top-ups?,top_up_limits,top_up_limits,True,0.9485,top_up_limits,0.9485,automatic_top_up,0.0255,top_up_by_card_charge,0.0079
Do you have a top-up limit?,top_up_limits,top_up_limits,True,0.9627,top_up_limits,0.9627,automatic_top_up,0.0099,pending_top_up,0.009
What's the top up limit?,top_up_limits,top_up_limits,True,0.9924,top_up_limits,0.9924,automatic_top_up,0.0025,disposable_card_limits,0.001
What is the limit to top-up?,top_up_limits,top_up_limits,True,0.9713,top_up_limits,0.9713,pending_top_up,0.0095,automatic_top_up,0.0084
How much can I top-up to my card at a time?,top_up_limits,top_up_limits,True,0.8248,top_up_limits,0.8248,top_up_by_card_charge,0.072,topping_up_by_card,0.0373
how much can i top up?,top_up_limits,top_up_limits,True,0.9675,top_up_limits,0.9675,top_up_by_card_charge,0.0101,topping_up_by_card,0.0048
what is the most i can top up?,top_up_limits,top_up_limits,True,0.9735,top_up_limits,0.9735,topping_up_by_card,0.0088,top_up_by_cash_or_cheque,0.0061
Is there a limit to how high I can top-up?,top_up_limits,top_up_limits,True,0.9812,top_up_limits,0.9812,automatic_top_up,0.0069,topping_up_by_card,0.0057
Is there an amount limit to my top-up?,top_up_limits,top_up_limits,True,0.9661,top_up_limits,0.9661,pending_top_up,0.012,top_up_failed,0.0063
Is there a limit for top-ups?,top_up_limits,top_up_limits,True,0.9633,top_up_limits,0.9633,automatic_top_up,0.0198,pending_top_up,0.0051
Is there a maximum i can top up?,top_up_limits,top_up_limits,True,0.9858,top_up_limits,0.9858,automatic_top_up,0.0058,topping_up_by_card,0.0024
How can I tell if there is a top-up limit?,top_up_limits,top_up_limits,True,0.9581,top_up_limits,0.9581,automatic_top_up,0.013,pending_top_up,0.0119
Do you have any restrictions to my top-up?,top_up_limits,top_up_limits,True,0.6041,top_up_limits,0.6041,top_up_failed,0.0992,top_up_by_cash_or_cheque,0.0817
As for limits are top ups included?,top_up_limits,top_up_limits,True,0.9209,top_up_limits,0.9209,automatic_top_up,0.0395,top_up_by_card_charge,0.0112
What are the top-up limits?,top_up_limits,top_up_limits,True,0.9877,top_up_limits,0.9877,disposable_card_limits,0.0063,automatic_top_up,0.0021
"I don't know if this is an issue with the ATM or my account, but I just tried withdrawing 30 pounds from the ATM I'm at now and it only gave me 10. Is this a glitch or what exactly is going on?",wrong_amount_of_cash_received,wrong_amount_of_cash_received,True,0.6079,wrong_amount_of_cash_received,0.6079,declined_cash_withdrawal,0.2955,pending_cash_withdrawal,0.0446
I didn't get all the cash I requested for at the ATM,wrong_amount_of_cash_received,wrong_amount_of_cash_received,True,0.9796,wrong_amount_of_cash_received,0.9796,declined_cash_withdrawal,0.0118,wrong_exchange_rate_for_cash_withdrawal,0.003
How come the ATM gave me less cash than what I asked for?,wrong_amount_of_cash_received,wrong_amount_of_cash_received,True,0.9246,wrong_amount_of_cash_received,0.9246,declined_cash_withdrawal,0.0439,cash_withdrawal_charge,0.0153
Why did I not get my cash back after I withdrew?,wrong_amount_of_cash_received,declined_cash_withdrawal,False,0.2776,declined_cash_withdrawal,0.2776,cash_withdrawal_charge,0.2453,wrong_amount_of_cash_received,0.1771
I got less cash than the one I specified in the ATM,wrong_amount_of_cash_received,wrong_amount_of_cash_received,True,0.958,wrong_amount_of_cash_received,0.958,declined_cash_withdrawal,0.0243,wrong_exchange_rate_for_cash_withdrawal,0.0133
The amount of cash I received was incorrect,wrong_amount_of_cash_received,wrong_amount_of_cash_received,True,0.9788,wrong_amount_of_cash_received,0.9788,wrong_exchange_rate_for_cash_withdrawal,0.0153,balance_not_updated_after_cheque_or_cash_deposit,0.0012
I'm at an ATM and withdrew 30 pounds and was only given 10. What should I do?,wrong_amount_of_cash_received,wrong_amount_of_cash_received,True,0.9553,wrong_amount_of_cash_received,0.9553,wrong_exchange_rate_for_cash_withdrawal,0.0243,declined_cash_withdrawal,0.0061
The ATM gave me the wrong amount of cash today when I went to withdraw. The app says it was more.,wrong_amount_of_cash_received,wrong_amount_of_cash_received,True,0.9195,wrong_amount_of_cash_received,0.9195,wrong_exchange_rate_for_cash_withdrawal,0.0361,cash_withdrawal_not_recognised,0.021
The amount of cash I received was different than what I requested.,wrong_amount_of_cash_received,wrong_amount_of_cash_received,True,0.9729,wrong_amount_of_cash_received,0.9729,wrong_exchange_rate_for_cash_withdrawal,0.0179,card_payment_wrong_exchange_rate,0.0016
"Hi. I just withdrew cash from an ATM and received the wrong amount. However, my app shows the correct amount I withdrew. How do I get the rest of the cash?",wrong_amount_of_cash_received,wrong_amount_of_cash_received,True,0.9713,wrong_amount_of_cash_received,0.9713,wrong_exchange_rate_for_cash_withdrawal,0.0103,cash_withdrawal_not_recognised,0.0074
"The wrong amount of cash came out of the ATM today when I went to withdraw. When I looked at the app, it was showing it was much more.",wrong_amount_of_cash_received,wrong_amount_of_cash_received,True,0.9425,wrong_amount_of_cash_received,0.9425,cash_withdrawal_not_recognised,0.0284,wrong_exchange_rate_for_cash_withdrawal,0.0207
I did not get as much cash as I requested at the ATM.,wrong_amount_of_cash_received,wrong_amount_of_cash_received,True,0.9727,wrong_amount_of_cash_received,0.9727,wrong_exchange_rate_for_cash_withdrawal,0.016,declined_cash_withdrawal,0.0072
"How can I request cash back? The ATM just gave me the wrong amount, the app shows the amount that I've been actually charged though...",wrong_amount_of_cash_received,wrong_amount_of_cash_received,True,0.8616,wrong_amount_of_cash_received,0.8616,direct_debit_payment_not_recognised,0.0455,cash_withdrawal_not_recognised,0.0377
Where is the money I pushed it's on my mobile app as being withdrawn.,wrong_amount_of_cash_received,cash_withdrawal_not_recognised,False,0.7355,cash_withdrawal_not_recognised,0.7355,top_up_reverted,0.0654,lost_or_stolen_phone,0.0264
Why did I not get all the cash I asked for?,wrong_amount_of_cash_received,wrong_amount_of_cash_received,True,0.977,wrong_amount_of_cash_received,0.977,declined_cash_withdrawal,0.009,cash_withdrawal_charge,0.0043
My cash withdrawal was partly declined,wrong_amount_of_cash_received,declined_cash_withdrawal,False,0.8714,declined_cash_withdrawal,0.8714,wrong_amount_of_cash_received,0.0543,pending_cash_withdrawal,0.0331
Why did I only get $20 when I tried to get $100,wrong_amount_of_cash_received,wrong_amount_of_cash_received,True,0.9768,wrong_amount_of_cash_received,0.9768,top_up_reverted,0.0034,extra_charge_on_statement,0.0027
I have withdrawn cash from ATM but i received the wrong amount. I want cash back as in app its showing actual amount which i got. Please help me in this.,wrong_amount_of_cash_received,wrong_amount_of_cash_received,True,0.9068,wrong_amount_of_cash_received,0.9068,cash_withdrawal_not_recognised,0.0535,wrong_exchange_rate_for_cash_withdrawal,0.0186
"I went to withdraw some cash earlier today, but seems the ATM gave me the wrong amount of cash! The amount showing up in the app is a lot more",wrong_amount_of_cash_received,wrong_amount_of_cash_received,True,0.9323,wrong_amount_of_cash_received,0.9323,wrong_exchange_rate_for_cash_withdrawal,0.025,cash_withdrawal_not_recognised,0.0243
I tried to get $100 but I just got $20,wrong_amount_of_cash_received,wrong_amount_of_cash_received,True,0.9815,wrong_amount_of_cash_received,0.9815,request_refund,0.0016,declined_card_payment,0.0014
I have not received the amount of cash i was supposed to.,wrong_amount_of_cash_received,wrong_amount_of_cash_received,True,0.8709,wrong_amount_of_cash_received,0.8709,balance_not_updated_after_cheque_or_cash_deposit,0.0242,cash_withdrawal_not_recognised,0.0223
I asked for $100 cash but only got $20?,wrong_amount_of_cash_received,wrong_amount_of_cash_received,True,0.9974,wrong_amount_of_cash_received,0.9974,cash_withdrawal_charge,0.001,wrong_exchange_rate_for_cash_withdrawal,0.0003
Where is the money that I asked for? I asked for more than I got!,wrong_amount_of_cash_received,wrong_amount_of_cash_received,True,0.9057,wrong_amount_of_cash_received,0.9057,verify_source_of_funds,0.039,extra_charge_on_statement,0.0047
I withdrew money but the full amount wasn't dispensed.,wrong_amount_of_cash_received,wrong_amount_of_cash_received,True,0.7872,wrong_amount_of_cash_received,0.7872,wrong_exchange_rate_for_cash_withdrawal,0.0578,declined_cash_withdrawal,0.0374
Something went wrong with my withdrawal. The amount of money isn't right.,wrong_amount_of_cash_received,wrong_amount_of_cash_received,True,0.7679,wrong_amount_of_cash_received,0.7679,declined_cash_withdrawal,0.1271,cash_withdrawal_not_recognised,0.0366
I have got out the wrong amount from an ATM. Please tell me the process to get the cash back as in app its showing the amount i have been actually received.,wrong_amount_of_cash_received,wrong_amount_of_cash_received,True,0.9308,wrong_amount_of_cash_received,0.9308,cash_withdrawal_not_recognised,0.0326,pending_cash_withdrawal,0.0094
I asked for 100 but only got 20.,wrong_amount_of_cash_received,wrong_amount_of_cash_received,True,0.9897,wrong_amount_of_cash_received,0.9897,getting_spare_card,0.0016,card_delivery_estimate,0.0009
I didn't receive the right amount of cash back,wrong_amount_of_cash_received,wrong_amount_of_cash_received,True,0.9833,wrong_amount_of_cash_received,0.9833,reverted_card_payment?,0.0049,cash_withdrawal_not_recognised,0.0014
The ATM gave me less cash than I requested,wrong_amount_of_cash_received,wrong_amount_of_cash_received,True,0.9768,wrong_amount_of_cash_received,0.9768,declined_cash_withdrawal,0.0152,wrong_exchange_rate_for_cash_withdrawal,0.0051
"I didn't get as much cash as I asked for from the ATM, why?",wrong_amount_of_cash_received,wrong_amount_of_cash_received,True,0.9384,wrong_amount_of_cash_received,0.9384,declined_cash_withdrawal,0.0353,wrong_exchange_rate_for_cash_withdrawal,0.0136
What do I do if the ATM didn't give me the correct amount I withdrew? I pulled out 30 pounds and the ATM gave me 10 pounds.,wrong_amount_of_cash_received,wrong_amount_of_cash_received,True,0.9844,wrong_amount_of_cash_received,0.9844,wrong_exchange_rate_for_cash_withdrawal,0.0081,declined_cash_withdrawal,0.0026
"I tried to take out cash but the amount isn't right, so what do I do?",wrong_amount_of_cash_received,wrong_amount_of_cash_received,True,0.9126,wrong_amount_of_cash_received,0.9126,cash_withdrawal_not_recognised,0.0406,declined_cash_withdrawal,0.014
I didn't receive all the cash I asked for,wrong_amount_of_cash_received,wrong_amount_of_cash_received,True,0.9937,wrong_amount_of_cash_received,0.9937,transfer_not_received_by_recipient,0.0008,cash_withdrawal_not_recognised,0.0008
I just got $20 when I tried to get $100,wrong_amount_of_cash_received,wrong_amount_of_cash_received,True,0.9858,wrong_amount_of_cash_received,0.9858,top_up_reverted,0.0013,reverted_card_payment?,0.0008
The right amount of cash was not sent to me.,wrong_amount_of_cash_received,wrong_amount_of_cash_received,True,0.9596,wrong_amount_of_cash_received,0.9596,wrong_exchange_rate_for_cash_withdrawal,0.0091,cash_withdrawal_not_recognised,0.0075
The ATM didn't give me the the withdraw amount requested.,wrong_amount_of_cash_received,wrong_amount_of_cash_received,True,0.6713,wrong_amount_of_cash_received,0.6713,declined_cash_withdrawal,0.2517,wrong_exchange_rate_for_cash_withdrawal,0.0304
Why did I get less money than I asked for?,wrong_amount_of_cash_received,wrong_amount_of_cash_received,True,0.9489,wrong_amount_of_cash_received,0.9489,declined_card_payment,0.0117,transfer_fee_charged,0.0061
I didn't get the right amount at the ATM.,wrong_amount_of_cash_received,wrong_amount_of_cash_received,True,0.9952,wrong_amount_of_cash_received,0.9952,wrong_exchange_rate_for_cash_withdrawal,0.0035,declined_cash_withdrawal,0.0004
did not receive correct cash upon withdrawal,wrong_amount_of_cash_received,wrong_amount_of_cash_received,True,0.6798,wrong_amount_of_cash_received,0.6798,declined_cash_withdrawal,0.1228,cash_withdrawal_not_recognised,0.0827
Will declined funds I tried to withdraw be returned to me?,wrong_amount_of_cash_received,declined_cash_withdrawal,False,0.9021,declined_cash_withdrawal,0.9021,declined_transfer,0.0344,wrong_amount_of_cash_received,0.0101
I payed with a card and was charged an extra fee,card_payment_fee_charged,card_payment_fee_charged,True,0.9188,card_payment_fee_charged,0.9188,transfer_fee_charged,0.0342,extra_charge_on_statement,0.0126
I was charged a fee after using my card and I shouldn't have been.,card_payment_fee_charged,card_payment_fee_charged,True,0.9274,card_payment_fee_charged,0.9274,transfer_fee_charged,0.0234,cash_withdrawal_charge,0.0096
Is there a reason I was charged a fee for using my card as payment? I've never had an extra fee before.,card_payment_fee_charged,card_payment_fee_charged,True,0.9842,card_payment_fee_charged,0.9842,cash_withdrawal_charge,0.006,transfer_fee_charged,0.0049
"I show another charge on my card from when I used it, why?",card_payment_fee_charged,card_payment_fee_charged,True,0.3829,card_payment_fee_charged,0.3829,transaction_charged_twice,0.2309,card_payment_not_recognised,0.093
"Why do I get charged additional fees on some payments, but not others?",card_payment_fee_charged,card_payment_fee_charged,True,0.8224,card_payment_fee_charged,0.8224,transfer_fee_charged,0.1529,cash_withdrawal_charge,0.0102
I used my card for a purchase and was charged a fee,card_payment_fee_charged,card_payment_fee_charged,True,0.9435,card_payment_fee_charged,0.9435,transfer_fee_charged,0.0105,order_physical_card,0.0098
Why was I charged for card payment?,card_payment_fee_charged,card_payment_fee_charged,True,0.9246,card_payment_fee_charged,0.9246,card_payment_not_recognised,0.0209,declined_card_payment,0.0126
There is an unauthorized fee.,card_payment_fee_charged,cash_withdrawal_charge,False,0.3427,cash_withdrawal_charge,0.3427,card_payment_fee_charged,0.3056,transfer_fee_charged,0.1072
I would appreciate that someone let me know when there is an extra charge for payments. I was checking the app earlier and saying a charge on one of my payments that was additional that no one made me aware of before.,card_payment_fee_charged,card_payment_fee_charged,True,0.6545,card_payment_fee_charged,0.6545,direct_debit_payment_not_recognised,0.0987,card_payment_not_recognised,0.0941
Why was I charged an extra fee when paying with my card?,card_payment_fee_charged,card_payment_fee_charged,True,0.963,card_payment_fee_charged,0.963,transfer_fee_charged,0.0219,extra_charge_on_statement,0.0068
Why did I have to pay extra because I paid with card?,card_payment_fee_charged,card_payment_fee_charged,True,0.9576,card_payment_fee_charged,0.9576,getting_spare_card,0.0068,transfer_fee_charged,0.0046
Why are there fees for card usage?,card_payment_fee_charged,card_payment_fee_charged,True,0.9422,card_payment_fee_charged,0.9422,top_up_by_card_charge,0.0167,cash_withdrawal_charge,0.0123
im not sure what this charge is for,card_payment_fee_charged,direct_debit_payment_not_recognised,False,0.4245,direct_debit_payment_not_recognised,0.4245,extra_charge_on_statement,0.1726,card_payment_fee_charged,0.1153
What is the fee charged with this card payment?,card_payment_fee_charged,card_payment_fee_charged,True,0.8945,card_payment_fee_charged,0.8945,top_up_by_card_charge,0.031,order_physical_card,0.0157
When would my card be charged an extra fee for a transaction?,card_payment_fee_charged,card_payment_fee_charged,True,0.9467,card_payment_fee_charged,0.9467,top_up_by_card_charge,0.021,card_about_to_expire,0.0065
Why did I have to pay more when I do it with my card?,card_payment_fee_charged,card_payment_fee_charged,True,0.9372,card_payment_fee_charged,0.9372,declined_card_payment,0.0175,getting_spare_card,0.0092
I made a card payment and a fee is showing up?,card_payment_fee_charged,card_payment_fee_charged,True,0.8781,card_payment_fee_charged,0.8781,card_payment_not_recognised,0.0336,transfer_fee_charged,0.0186
I have been charged a fee for paying with card,card_payment_fee_charged,card_payment_fee_charged,True,0.9694,card_payment_fee_charged,0.9694,transfer_fee_charged,0.0074,top_up_by_card_charge,0.0035
What is the fee on my card payment?,card_payment_fee_charged,card_payment_fee_charged,True,0.9201,card_payment_fee_charged,0.9201,order_physical_card,0.0166,top_up_by_card_charge,0.0142
Why would I be charged a fee for card payment?,card_payment_fee_charged,card_payment_fee_charged,True,0.9767,card_payment_fee_charged,0.9767,transfer_fee_charged,0.0079,cash_withdrawal_charge,0.0041
Will I always be charged a fee for using my card?,card_payment_fee_charged,card_payment_fee_charged,True,0.9132,card_payment_fee_charged,0.9132,top_up_by_card_charge,0.0357,card_acceptance,0.0082
"Can I check somewhere if there will be a fee on my payment or not? Seems you are charging in some cases, what's the pattern there?",card_payment_fee_charged,card_payment_fee_charged,True,0.8741,card_payment_fee_charged,0.8741,transfer_fee_charged,0.0357,extra_charge_on_statement,0.0266
Paying in card resulted in a fee,card_payment_fee_charged,card_payment_fee_charged,True,0.964,card_payment_fee_charged,0.964,transfer_fee_charged,0.0113,card_payment_not_recognised,0.0076
I paid with card and I think there was a fee applied.,card_payment_fee_charged,card_payment_fee_charged,True,0.9397,card_payment_fee_charged,0.9397,card_payment_not_recognised,0.0131,order_physical_card,0.0119
So what items  actually come  with  extra  fees,card_payment_fee_charged,card_payment_fee_charged,True,0.506,card_payment_fee_charged,0.506,transfer_fee_charged,0.1702,cash_withdrawal_charge,0.1157
How do I avoid getting charged a fee on my card?,card_payment_fee_charged,card_payment_fee_charged,True,0.9701,card_payment_fee_charged,0.9701,transfer_fee_charged,0.0067,top_up_by_card_charge,0.0049
Is there a fee when you pay with your card?,card_payment_fee_charged,card_payment_fee_charged,True,0.9227,card_payment_fee_charged,0.9227,order_physical_card,0.0265,top_up_by_card_charge,0.0251
I have been charged with a fee for paying with my card.,card_payment_fee_charged,card_payment_fee_charged,True,0.9694,card_payment_fee_charged,0.9694,transfer_fee_charged,0.0078,top_up_by_card_charge,0.0027
For the first time I got a fee on my account. How do I know when you charge these fees?,card_payment_fee_charged,card_payment_fee_charged,True,0.9366,card_payment_fee_charged,0.9366,cash_withdrawal_charge,0.0199,transfer_fee_charged,0.0197
Someone needs to make me aware when there are extra charges for payments. I happened to be looking at the app earlier and noticed a charge associated to a payment that was extra that no one made me aware of before at all.,card_payment_fee_charged,card_payment_fee_charged,True,0.5225,card_payment_fee_charged,0.5225,card_payment_not_recognised,0.2741,direct_debit_payment_not_recognised,0.0932
Is using my card free?,card_payment_fee_charged,card_payment_fee_charged,True,0.5013,card_payment_fee_charged,0.5013,card_acceptance,0.1227,top_up_by_card_charge,0.0688
Why was I charged an extra fee when using a card?,card_payment_fee_charged,card_payment_fee_charged,True,0.9666,card_payment_fee_charged,0.9666,transfer_fee_charged,0.0146,extra_charge_on_statement,0.0074
What fees apply when using a card?,card_payment_fee_charged,card_payment_fee_charged,True,0.7937,card_payment_fee_charged,0.7937,top_up_by_card_charge,0.1319,order_physical_card,0.03
Why do you charge for payments? Why aren't your charges clearly laid out in the agreement?,card_payment_fee_charged,card_payment_fee_charged,True,0.5897,card_payment_fee_charged,0.5897,card_payment_not_recognised,0.2374,direct_debit_payment_not_recognised,0.0768
Why was I charged a fee when I paid with card?,card_payment_fee_charged,card_payment_fee_charged,True,0.9805,card_payment_fee_charged,0.9805,transfer_fee_charged,0.0113,cash_withdrawal_charge,0.0028
There is a fee on my account. Why?,card_payment_fee_charged,transfer_fee_charged,False,0.2501,transfer_fee_charged,0.2501,card_payment_fee_charged,0.2477,extra_charge_on_statement,0.2434
Why do you charge fees on card payments?,card_payment_fee_charged,card_payment_fee_charged,True,0.9826,card_payment_fee_charged,0.9826,transfer_fee_charged,0.0041,top_up_by_card_charge,0.0032
I was charged a fee for a card payment. Why?,card_payment_fee_charged,card_payment_fee_charged,True,0.9606,card_payment_fee_charged,0.9606,transfer_fee_charged,0.017,cash_withdrawal_charge,0.0067
Why was a charged a fee for using the card?,card_payment_fee_charged,card_payment_fee_charged,True,0.9494,card_payment_fee_charged,0.9494,transfer_fee_charged,0.0116,cash_withdrawal_charge,0.0115
They charged me for paying with my card.,card_payment_fee_charged,card_payment_fee_charged,True,0.8926,card_payment_fee_charged,0.8926,card_payment_not_recognised,0.0334,declined_card_payment,0.0243
"I completed an in country transfer a few days ago and was sure to check the account information several times since the transaction was completed, but the funds are still not available. What is the problem?",transfer_not_received_by_recipient,transfer_not_received_by_recipient,True,0.7172,transfer_not_received_by_recipient,0.7172,pending_transfer,0.1166,balance_not_updated_after_bank_transfer,0.0912
My money transfer has not arrived.,transfer_not_received_by_recipient,transfer_not_received_by_recipient,True,0.5887,transfer_not_received_by_recipient,0.5887,balance_not_updated_after_bank_transfer,0.2141,pending_transfer,0.1212
I am still waiting for a transaction to be completed,transfer_not_received_by_recipient,transfer_not_received_by_recipient,True,0.6573,transfer_not_received_by_recipient,0.6573,pending_transfer,0.1134,pending_cash_withdrawal,0.0991
I made a money transaction but the recipient can't see it,transfer_not_received_by_recipient,transfer_not_received_by_recipient,True,0.9758,transfer_not_received_by_recipient,0.9758,pending_transfer,0.0075,Refund_not_showing_up,0.0021
I tried to send someone money but they haven't received it.,transfer_not_received_by_recipient,transfer_not_received_by_recipient,True,0.8946,transfer_not_received_by_recipient,0.8946,failed_transfer,0.0127,pending_transfer,0.0092
How long does it take for a transfer to get to a recipient?,transfer_not_received_by_recipient,transfer_not_received_by_recipient,True,0.8985,transfer_not_received_by_recipient,0.8985,transfer_timing,0.041,pending_transfer,0.0387
How can the recipient see my money transaction?,transfer_not_received_by_recipient,transfer_not_received_by_recipient,True,0.8308,transfer_not_received_by_recipient,0.8308,receiving_money,0.0617,pending_transfer,0.03
I transferred money but the recipient says it has not arrived. Why would this be?,transfer_not_received_by_recipient,transfer_not_received_by_recipient,True,0.9445,transfer_not_received_by_recipient,0.9445,balance_not_updated_after_bank_transfer,0.0205,pending_transfer,0.0126
The transfer I did hasn't arrived,transfer_not_received_by_recipient,transfer_not_received_by_recipient,True,0.523,transfer_not_received_by_recipient,0.523,balance_not_updated_after_bank_transfer,0.2322,pending_transfer,0.0926
how long do money transfers take?,transfer_not_received_by_recipient,transfer_timing,False,0.4534,transfer_timing,0.4534,pending_transfer,0.2253,balance_not_updated_after_bank_transfer,0.1994
I transferred some money and it didint arrive,transfer_not_received_by_recipient,transfer_not_received_by_recipient,True,0.7443,transfer_not_received_by_recipient,0.7443,balance_not_updated_after_bank_transfer,0.1477,pending_transfer,0.0348
Where is the transfer I started?,transfer_not_received_by_recipient,balance_not_updated_after_bank_transfer,False,0.6217,balance_not_updated_after_bank_transfer,0.6217,transfer_timing,0.0967,pending_transfer,0.0629
transaction failed?,transfer_not_received_by_recipient,failed_transfer,False,0.8002,failed_transfer,0.8002,card_not_working,0.0565,beneficiary_not_allowed,0.0491
"I just finished sending money, but it's not logging on the recipient side.",transfer_not_received_by_recipient,transfer_not_received_by_recipient,True,0.9126,transfer_not_received_by_recipient,0.9126,pending_top_up,0.0256,balance_not_updated_after_bank_transfer,0.0101
I completed a money transaction but the recipient hasn't received it,transfer_not_received_by_recipient,transfer_not_received_by_recipient,True,0.9861,transfer_not_received_by_recipient,0.9861,pending_transfer,0.007,pending_cash_withdrawal,0.0021
The receipient doesn't see my money transfer.,transfer_not_received_by_recipient,transfer_not_received_by_recipient,True,0.912,transfer_not_received_by_recipient,0.912,balance_not_updated_after_bank_transfer,0.0305,receiving_money,0.0079
"I transferred the rent payment for my new place a couple days ago but the landlord says it's not there yet, despite showing up as done on my side. I checked the account number I sent it to and it's definitely correct. Can you please verify if the transaction really went through or not?",transfer_not_received_by_recipient,transfer_not_received_by_recipient,True,0.9897,transfer_not_received_by_recipient,0.9897,balance_not_updated_after_bank_transfer,0.0036,pending_transfer,0.001
I need to find out why my transfer didn't get there.,transfer_not_received_by_recipient,failed_transfer,False,0.298,failed_transfer,0.298,transfer_not_received_by_recipient,0.2161,declined_transfer,0.1865
"I've just moved address from a place in Durham to a place in Walton-On-The-Naze.  I have a new landlord at my new house and they haven't got my payment but I know I sent it on time, can you check they got it please?",transfer_not_received_by_recipient,transfer_not_received_by_recipient,True,0.9013,transfer_not_received_by_recipient,0.9013,edit_personal_details,0.0125,balance_not_updated_after_cheque_or_cash_deposit,0.0113
I sent money.  They haven't received it.,transfer_not_received_by_recipient,transfer_not_received_by_recipient,True,0.4794,transfer_not_received_by_recipient,0.4794,Refund_not_showing_up,0.0812,pending_transfer,0.0668
"Hey, I need some help figuring out way my transfer is not complete yet. My Landlord hasn't got the money yet.She should have received it by now.",transfer_not_received_by_recipient,transfer_not_received_by_recipient,True,0.9884,transfer_not_received_by_recipient,0.9884,balance_not_updated_after_bank_transfer,0.0031,failed_transfer,0.0027
"The day before yesterday, I performed a transfer which was within this country. It still hasn't gone through. Can you check on that? The account number is definitely correct, as I've checked and double checked.",transfer_not_received_by_recipient,transfer_not_received_by_recipient,True,0.8615,transfer_not_received_by_recipient,0.8615,balance_not_updated_after_bank_transfer,0.0376,declined_transfer,0.0365
"I'm having a problem with a money transfer.  I sent some money to a friend a couple of hours ago, and they haven't received it yet.  Why hasn't it gotten to them? How long do transfers need to go through?",transfer_not_received_by_recipient,transfer_not_received_by_recipient,True,0.9593,transfer_not_received_by_recipient,0.9593,pending_transfer,0.0134,failed_transfer,0.0103
I transferred some money but the receiver can't pick it up for some reason.,transfer_not_received_by_recipient,transfer_fee_charged,False,0.575,transfer_fee_charged,0.575,transfer_not_received_by_recipient,0.1828,failed_transfer,0.0681
Where is the transaction I made to a friend?,transfer_not_received_by_recipient,transfer_not_received_by_recipient,True,0.966,transfer_not_received_by_recipient,0.966,receiving_money,0.0104,topping_up_by_card,0.0032
My friend still hasn't gotten a transaction I made.,transfer_not_received_by_recipient,transfer_not_received_by_recipient,True,0.9931,transfer_not_received_by_recipient,0.9931,failed_transfer,0.001,cancel_transfer,0.0007
Im waiting for my transaction to go through.,transfer_not_received_by_recipient,transfer_not_received_by_recipient,True,0.8166,transfer_not_received_by_recipient,0.8166,pending_transfer,0.0572,pending_card_payment,0.0472
I made a transaction and it is taking a very long time to go through.,transfer_not_received_by_recipient,transfer_not_received_by_recipient,True,0.726,transfer_not_received_by_recipient,0.726,pending_transfer,0.0648,pending_top_up,0.0507
Is there a reason why my transaction is taking so long?,transfer_not_received_by_recipient,transfer_not_received_by_recipient,True,0.7606,transfer_not_received_by_recipient,0.7606,pending_transfer,0.0612,pending_top_up,0.0275
How long will it take for my transaction to be completed?,transfer_not_received_by_recipient,transfer_not_received_by_recipient,True,0.7365,transfer_not_received_by_recipient,0.7365,pending_card_payment,0.1041,pending_transfer,0.0859
I sent some money and the receiver can't access it.,transfer_not_received_by_recipient,transfer_not_received_by_recipient,True,0.3025,transfer_not_received_by_recipient,0.3025,failed_transfer,0.1107,declined_cash_withdrawal,0.1053
I sent my friend some money a few hours ago but she has not received it yet. She really needs it. How long does this take?,transfer_not_received_by_recipient,transfer_not_received_by_recipient,True,0.9649,transfer_not_received_by_recipient,0.9649,pending_top_up,0.0121,pending_transfer,0.0064
The person I sent money to hasn't gotten it yet!,transfer_not_received_by_recipient,transfer_not_received_by_recipient,True,0.927,transfer_not_received_by_recipient,0.927,card_arrival,0.0244,balance_not_updated_after_cheque_or_cash_deposit,0.0086
When will my funds transfer?,transfer_not_received_by_recipient,transfer_timing,False,0.5509,transfer_timing,0.5509,balance_not_updated_after_bank_transfer,0.186,pending_transfer,0.1716
"How long does it take for transfers to finish?  I sent funds to my pal, and she says that she has not gotten anything.",transfer_not_received_by_recipient,transfer_not_received_by_recipient,True,0.9116,transfer_not_received_by_recipient,0.9116,balance_not_updated_after_bank_transfer,0.0251,pending_transfer,0.0216
"How long do transfers need to come through? I sent some money to a friend, she needs it urgently, but seems it's still not there yet after a couple hours.",transfer_not_received_by_recipient,transfer_not_received_by_recipient,True,0.9228,transfer_not_received_by_recipient,0.9228,balance_not_updated_after_bank_transfer,0.0486,transfer_timing,0.0113
How long until my friend receives my transaction?,transfer_not_received_by_recipient,transfer_not_received_by_recipient,True,0.9901,transfer_not_received_by_recipient,0.9901,pending_transfer,0.0025,transfer_timing,0.002
Why hasn't my recipient received their money?,transfer_not_received_by_recipient,transfer_not_received_by_recipient,True,0.9861,transfer_not_received_by_recipient,0.9861,pending_transfer,0.0021,transfer_fee_charged,0.0015
I am still awaiting the completion of the transaction.,transfer_not_received_by_recipient,transfer_not_received_by_recipient,True,0.5179,transfer_not_received_by_recipient,0.5179,pending_transfer,0.1718,pending_cash_withdrawal,0.1105
I transferred some money but the recipient is having trouble withdrawing.,transfer_not_received_by_recipient,beneficiary_not_allowed,False,0.3562,beneficiary_not_allowed,0.3562,wrong_exchange_rate_for_cash_withdrawal,0.1642,transfer_not_received_by_recipient,0.099
"To add money to my account, what currencies can I use?",supported_cards_and_currencies,supported_cards_and_currencies,True,0.8737,supported_cards_and_currencies,0.8737,fiat_currency_support,0.0412,exchange_via_app,0.0365
"I need support options, I want to top my card",supported_cards_and_currencies,supported_cards_and_currencies,True,0.6478,supported_cards_and_currencies,0.6478,apple_pay_or_google_pay,0.0742,top_up_failed,0.0615
I have 1 other US card.  Can you take that?,supported_cards_and_currencies,supported_cards_and_currencies,True,0.7402,supported_cards_and_currencies,0.7402,getting_spare_card,0.0878,visa_or_mastercard,0.0546
What are the cards and currencies that are supported?,supported_cards_and_currencies,supported_cards_and_currencies,True,0.8672,supported_cards_and_currencies,0.8672,fiat_currency_support,0.0759,exchange_via_app,0.0125
What currencies are accepted for adding money?,supported_cards_and_currencies,supported_cards_and_currencies,True,0.8847,supported_cards_and_currencies,0.8847,fiat_currency_support,0.0643,exchange_via_app,0.0166
What kind of currencies can I use to add money?,supported_cards_and_currencies,supported_cards_and_currencies,True,0.7739,supported_cards_and_currencies,0.7739,fiat_currency_support,0.1034,exchange_via_app,0.0817
I only own one other credit card from the USA. Will it be accepted?,supported_cards_and_currencies,supported_cards_and_currencies,True,0.9115,supported_cards_and_currencies,0.9115,card_acceptance,0.0301,visa_or_mastercard,0.0189
"If I only have 1 other US card, can you take it?",supported_cards_and_currencies,supported_cards_and_currencies,True,0.5347,supported_cards_and_currencies,0.5347,getting_spare_card,0.2412,visa_or_mastercard,0.0916
Can I use my American Express to add money to my account?,supported_cards_and_currencies,supported_cards_and_currencies,True,0.9864,supported_cards_and_currencies,0.9864,top_up_by_card_charge,0.0064,apple_pay_or_google_pay,0.0016
can you tell me what cards and currencies you take?,supported_cards_and_currencies,supported_cards_and_currencies,True,0.837,supported_cards_and_currencies,0.837,exchange_rate,0.0435,fiat_currency_support,0.0306
Can I use American Express to add money into my account?,supported_cards_and_currencies,supported_cards_and_currencies,True,0.9869,supported_cards_and_currencies,0.9869,top_up_by_card_charge,0.0068,apple_pay_or_google_pay,0.0014
Will you accept my other card from the U.S.?,supported_cards_and_currencies,supported_cards_and_currencies,True,0.906,supported_cards_and_currencies,0.906,country_support,0.0325,card_acceptance,0.0222
What is accepted in regards to cards and currencies?,supported_cards_and_currencies,supported_cards_and_currencies,True,0.9255,supported_cards_and_currencies,0.9255,fiat_currency_support,0.0182,exchange_rate,0.0084
Will you accept my other card?,supported_cards_and_currencies,getting_spare_card,False,0.5313,getting_spare_card,0.5313,supported_cards_and_currencies,0.3704,card_acceptance,0.0306
I would like to add money to my account through my American Express.,supported_cards_and_currencies,supported_cards_and_currencies,True,0.9727,supported_cards_and_currencies,0.9727,top_up_by_card_charge,0.0116,top_up_by_cash_or_cheque,0.0024
Which cards do you guys support? I want to top up using my credit card.,supported_cards_and_currencies,supported_cards_and_currencies,True,0.9802,supported_cards_and_currencies,0.9802,visa_or_mastercard,0.0095,card_acceptance,0.0025
What credit cards are supported?,supported_cards_and_currencies,supported_cards_and_currencies,True,0.856,supported_cards_and_currencies,0.856,visa_or_mastercard,0.0785,card_acceptance,0.0243
What cards and currencies do you support?,supported_cards_and_currencies,supported_cards_and_currencies,True,0.9657,supported_cards_and_currencies,0.9657,fiat_currency_support,0.0205,visa_or_mastercard,0.004
How do I transfer funds from my American Express into my account?,supported_cards_and_currencies,supported_cards_and_currencies,True,0.7984,supported_cards_and_currencies,0.7984,transfer_into_account,0.1339,transfer_timing,0.0093
How can I use American Express to add money to my account?,supported_cards_and_currencies,supported_cards_and_currencies,True,0.9856,supported_cards_and_currencies,0.9856,top_up_by_card_charge,0.0035,top_up_by_cash_or_cheque,0.0029
"When adding money, what are the currencies you take?",supported_cards_and_currencies,supported_cards_and_currencies,True,0.6104,supported_cards_and_currencies,0.6104,fiat_currency_support,0.1816,exchange_rate,0.079
Which forms of currency are accepted?,supported_cards_and_currencies,fiat_currency_support,False,0.5465,fiat_currency_support,0.5465,supported_cards_and_currencies,0.3508,exchange_via_app,0.0329
Are US credit cards accepted?,supported_cards_and_currencies,supported_cards_and_currencies,True,0.9751,supported_cards_and_currencies,0.9751,card_acceptance,0.0094,country_support,0.0042
"I want to add money but don't know what currencies you accept, can you tell me?",supported_cards_and_currencies,supported_cards_and_currencies,True,0.9573,supported_cards_and_currencies,0.9573,fiat_currency_support,0.021,exchange_via_app,0.0093
why wouldn't you support american express? its a card i like and use often and i don't want to get a different one,supported_cards_and_currencies,supported_cards_and_currencies,True,0.9381,supported_cards_and_currencies,0.9381,visa_or_mastercard,0.0119,card_acceptance,0.0095
Tell me which cards and what currency is supported.,supported_cards_and_currencies,supported_cards_and_currencies,True,0.8875,supported_cards_and_currencies,0.8875,fiat_currency_support,0.0269,visa_or_mastercard,0.0157
Do you support all cards and currencies?,supported_cards_and_currencies,supported_cards_and_currencies,True,0.8358,supported_cards_and_currencies,0.8358,fiat_currency_support,0.1367,country_support,0.0067
Which credit or debit cards can I use to top up?,supported_cards_and_currencies,supported_cards_and_currencies,True,0.9596,supported_cards_and_currencies,0.9596,top_up_by_cash_or_cheque,0.0185,top_up_by_card_charge,0.0056
What options do I have in regards to payment?,supported_cards_and_currencies,supported_cards_and_currencies,True,0.3118,supported_cards_and_currencies,0.3118,card_payment_fee_charged,0.1667,pending_card_payment,0.1155
I just have one other card from the US. Is that okay?,supported_cards_and_currencies,supported_cards_and_currencies,True,0.6542,supported_cards_and_currencies,0.6542,getting_spare_card,0.1058,country_support,0.0668
What are all the currencies and cards supported to use this?,supported_cards_and_currencies,supported_cards_and_currencies,True,0.9238,supported_cards_and_currencies,0.9238,fiat_currency_support,0.0325,exchange_via_app,0.0193
What cards to do you support to top up.,supported_cards_and_currencies,supported_cards_and_currencies,True,0.9429,supported_cards_and_currencies,0.9429,top_up_limits,0.0168,getting_spare_card,0.0101
Do you accept other currencies besides US Dollars?,supported_cards_and_currencies,supported_cards_and_currencies,True,0.8488,supported_cards_and_currencies,0.8488,fiat_currency_support,0.1081,exchange_charge,0.0238
Can I use any currency to add money?,supported_cards_and_currencies,supported_cards_and_currencies,True,0.4804,supported_cards_and_currencies,0.4804,exchange_via_app,0.2262,fiat_currency_support,0.1521
Is my currency okay to add money with?,supported_cards_and_currencies,supported_cards_and_currencies,True,0.3213,supported_cards_and_currencies,0.3213,fiat_currency_support,0.2064,top_up_by_card_charge,0.1094
What cards and currencies will suffice?,supported_cards_and_currencies,supported_cards_and_currencies,True,0.8768,supported_cards_and_currencies,0.8768,visa_or_mastercard,0.0423,fiat_currency_support,0.0242
How can I use American Express to add funds to my account?,supported_cards_and_currencies,supported_cards_and_currencies,True,0.9922,supported_cards_and_currencies,0.9922,top_up_by_card_charge,0.0014,top_up_by_cash_or_cheque,0.0012
What cards and currencies are supported?,supported_cards_and_currencies,supported_cards_and_currencies,True,0.9254,supported_cards_and_currencies,0.9254,fiat_currency_support,0.0361,exchange_via_app,0.0086
What currencies or cards do you support for topping up?,supported_cards_and_currencies,supported_cards_and_currencies,True,0.9448,supported_cards_and_currencies,0.9448,top_up_by_card_charge,0.0254,fiat_currency_support,0.009
Which cards and currencies do you support?,supported_cards_and_currencies,supported_cards_and_currencies,True,0.9623,supported_cards_and_currencies,0.9623,fiat_currency_support,0.0231,visa_or_mastercard,0.0049
Where can I obtain my virtual card?,getting_virtual_card,getting_virtual_card,True,0.9452,getting_virtual_card,0.9452,get_disposable_virtual_card,0.0265,order_physical_card,0.0106
How do you get a virtual card?,getting_virtual_card,getting_virtual_card,True,0.9398,getting_virtual_card,0.9398,get_disposable_virtual_card,0.0494,virtual_card_not_working,0.0029
Where can I find a virtual card?,getting_virtual_card,getting_virtual_card,True,0.9594,getting_virtual_card,0.9594,get_disposable_virtual_card,0.0278,disposable_card_limits,0.0036
Is there an option to have a virtual card?,getting_virtual_card,getting_virtual_card,True,0.8472,getting_virtual_card,0.8472,get_disposable_virtual_card,0.1208,disposable_card_limits,0.0162
If I don't want a physical card can i get a virtual version?,getting_virtual_card,getting_virtual_card,True,0.8655,getting_virtual_card,0.8655,get_disposable_virtual_card,0.0836,disposable_card_limits,0.0122
I requested a virtual card but it is not showing up. Why?,getting_virtual_card,getting_virtual_card,True,0.6934,getting_virtual_card,0.6934,virtual_card_not_working,0.2369,card_linking,0.0228
Can you tell me how to order a virtual card?,getting_virtual_card,getting_virtual_card,True,0.9421,getting_virtual_card,0.9421,get_disposable_virtual_card,0.0296,order_physical_card,0.0149
Where is the virtual card?,getting_virtual_card,getting_virtual_card,True,0.9809,getting_virtual_card,0.9809,get_disposable_virtual_card,0.0093,virtual_card_not_working,0.0035
what is the virtual card,getting_virtual_card,getting_virtual_card,True,0.9356,getting_virtual_card,0.9356,get_disposable_virtual_card,0.0505,virtual_card_not_working,0.0108
how do i get a virtual card?,getting_virtual_card,getting_virtual_card,True,0.9494,getting_virtual_card,0.9494,get_disposable_virtual_card,0.0324,virtual_card_not_working,0.0083
Where do I order a virtual card from?,getting_virtual_card,getting_virtual_card,True,0.9208,getting_virtual_card,0.9208,order_physical_card,0.0429,get_disposable_virtual_card,0.018
Why did I not get a virtual card yet?,getting_virtual_card,getting_virtual_card,True,0.9667,getting_virtual_card,0.9667,virtual_card_not_working,0.0201,get_disposable_virtual_card,0.0027
How can I order virtual cards?,getting_virtual_card,getting_virtual_card,True,0.8625,getting_virtual_card,0.8625,order_physical_card,0.0774,get_disposable_virtual_card,0.0351
Can you tell me where I can order a virtual card?,getting_virtual_card,getting_virtual_card,True,0.9315,getting_virtual_card,0.9315,get_disposable_virtual_card,0.0338,order_physical_card,0.018
Is it possible for me to get a virtual card?,getting_virtual_card,getting_virtual_card,True,0.8928,getting_virtual_card,0.8928,get_disposable_virtual_card,0.0608,virtual_card_not_working,0.0212
Is this where I order a virtual card?,getting_virtual_card,getting_virtual_card,True,0.9559,getting_virtual_card,0.9559,get_disposable_virtual_card,0.0199,order_physical_card,0.01
What are the steps to getting a virtual card?,getting_virtual_card,getting_virtual_card,True,0.9339,getting_virtual_card,0.9339,get_disposable_virtual_card,0.0374,virtual_card_not_working,0.0086
help me obtain a virtual card,getting_virtual_card,getting_virtual_card,True,0.9059,getting_virtual_card,0.9059,get_disposable_virtual_card,0.0602,virtual_card_not_working,0.0209
Where is the virtual card located?,getting_virtual_card,getting_virtual_card,True,0.9771,getting_virtual_card,0.9771,get_disposable_virtual_card,0.0097,card_acceptance,0.003
Where can I order a virtual card?,getting_virtual_card,getting_virtual_card,True,0.9217,getting_virtual_card,0.9217,order_physical_card,0.0297,get_disposable_virtual_card,0.0296
Where do I obtain my virtual card?,getting_virtual_card,getting_virtual_card,True,0.9512,getting_virtual_card,0.9512,get_disposable_virtual_card,0.0212,order_physical_card,0.0125
I want a virtual card!,getting_virtual_card,getting_virtual_card,True,0.9558,getting_virtual_card,0.9558,get_disposable_virtual_card,0.0305,disposable_card_limits,0.004
I want one of those virtual cards!,getting_virtual_card,getting_virtual_card,True,0.8998,getting_virtual_card,0.8998,get_disposable_virtual_card,0.0689,disposable_card_limits,0.0085
Are virtual cards available to get?,getting_virtual_card,getting_virtual_card,True,0.8276,getting_virtual_card,0.8276,get_disposable_virtual_card,0.1381,disposable_card_limits,0.0123
Can you help me sign up for a virtual card?,getting_virtual_card,getting_virtual_card,True,0.853,getting_virtual_card,0.853,virtual_card_not_working,0.0779,get_disposable_virtual_card,0.0323
Can I get a copy of the card by email?,getting_virtual_card,order_physical_card,False,0.6453,order_physical_card,0.6453,card_arrival,0.1474,card_linking,0.0654
Where do I find the virtual card?,getting_virtual_card,getting_virtual_card,True,0.9748,getting_virtual_card,0.9748,get_disposable_virtual_card,0.0129,card_linking,0.0038
why do i not have a virtual card,getting_virtual_card,getting_virtual_card,True,0.8042,getting_virtual_card,0.8042,virtual_card_not_working,0.1698,get_disposable_virtual_card,0.0067
How do I order a virtual card?,getting_virtual_card,getting_virtual_card,True,0.9378,getting_virtual_card,0.9378,order_physical_card,0.0274,get_disposable_virtual_card,0.0218
"I thought I was going to get a virtual card but I haven't received it yet, how can we resolve this?",getting_virtual_card,getting_virtual_card,True,0.9207,getting_virtual_card,0.9207,virtual_card_not_working,0.0383,card_arrival,0.0098
Please help me get a virtual card.,getting_virtual_card,getting_virtual_card,True,0.9391,getting_virtual_card,0.9391,get_disposable_virtual_card,0.0305,virtual_card_not_working,0.0178
Can I order a virtual card?,getting_virtual_card,getting_virtual_card,True,0.8328,getting_virtual_card,0.8328,get_disposable_virtual_card,0.0804,order_physical_card,0.0435
Where can I go to get a virtual card?,getting_virtual_card,getting_virtual_card,True,0.9607,getting_virtual_card,0.9607,get_disposable_virtual_card,0.0226,order_physical_card,0.0045
Where are the virtual cards located?,getting_virtual_card,getting_virtual_card,True,0.9658,getting_virtual_card,0.9658,get_disposable_virtual_card,0.0156,order_physical_card,0.0051
I would like a virtual card- where can I purchase one?,getting_virtual_card,getting_virtual_card,True,0.8287,getting_virtual_card,0.8287,get_disposable_virtual_card,0.1327,disposable_card_limits,0.0102
When should I receive my virtual card?,getting_virtual_card,getting_virtual_card,True,0.896,getting_virtual_card,0.896,card_delivery_estimate,0.0694,virtual_card_not_working,0.0076
I need to reorder my virtual card!,getting_virtual_card,getting_virtual_card,True,0.9205,getting_virtual_card,0.9205,virtual_card_not_working,0.0318,get_disposable_virtual_card,0.0145
Where can I get a virtual card?,getting_virtual_card,getting_virtual_card,True,0.9436,getting_virtual_card,0.9436,get_disposable_virtual_card,0.0411,disposable_card_limits,0.0038
Is there a way to obtain a virtual card?,getting_virtual_card,getting_virtual_card,True,0.9095,getting_virtual_card,0.9095,get_disposable_virtual_card,0.0749,order_physical_card,0.0041
Can I have one of the virtual cards?,getting_virtual_card,getting_virtual_card,True,0.7383,getting_virtual_card,0.7383,get_disposable_virtual_card,0.1214,getting_spare_card,0.051
Will my card be accepted all over the world?,card_acceptance,card_acceptance,True,0.8206,card_acceptance,0.8206,country_support,0.0828,supported_cards_and_currencies,0.0281
Who accepts this card?,card_acceptance,card_acceptance,True,0.7409,card_acceptance,0.7409,supported_cards_and_currencies,0.1056,atm_support,0.0385
Can I use my card for payment all over the world?,card_acceptance,card_acceptance,True,0.6154,card_acceptance,0.6154,supported_cards_and_currencies,0.1939,country_support,0.0906
It will be fine to use at any establishment that accepts Mastercard.,card_acceptance,card_acceptance,True,0.8522,card_acceptance,0.8522,visa_or_mastercard,0.0637,atm_support,0.0499
Where can the card be used?,card_acceptance,card_acceptance,True,0.6677,card_acceptance,0.6677,order_physical_card,0.1138,card_linking,0.0579
Can my card be used everywhere?,card_acceptance,card_acceptance,True,0.9383,card_acceptance,0.9383,country_support,0.0124,atm_support,0.0089
Are there any limits on where I can use my card?,card_acceptance,card_acceptance,True,0.8722,card_acceptance,0.8722,disposable_card_limits,0.0753,top_up_limits,0.0102
What stores can I sue my card?,card_acceptance,card_acceptance,True,0.6008,card_acceptance,0.6008,compromised_card,0.0603,order_physical_card,0.0538
Can I use my card anywhere I want?,card_acceptance,card_acceptance,True,0.9182,card_acceptance,0.9182,country_support,0.0234,atm_support,0.0105
Is there anywhere my card will not be accepted?,card_acceptance,card_acceptance,True,0.8552,card_acceptance,0.8552,declined_card_payment,0.0493,card_arrival,0.0119
What are the rules to where I can use my card?,card_acceptance,card_acceptance,True,0.916,card_acceptance,0.916,order_physical_card,0.0111,disposable_card_limits,0.009
Do you know where my card will be accepted?,card_acceptance,card_acceptance,True,0.893,card_acceptance,0.893,order_physical_card,0.0347,card_arrival,0.0111
What places can I use my card?,card_acceptance,card_acceptance,True,0.9466,card_acceptance,0.9466,atm_support,0.018,country_support,0.0099
Is my card accepted everywhere?,card_acceptance,card_acceptance,True,0.9682,card_acceptance,0.9682,order_physical_card,0.0085,country_support,0.0045
What places will accept my card for payment?,card_acceptance,card_acceptance,True,0.892,card_acceptance,0.892,supported_cards_and_currencies,0.0535,atm_support,0.0242
Does this card work everywhere?,card_acceptance,card_acceptance,True,0.895,card_acceptance,0.895,country_support,0.0451,atm_support,0.0181
"

What businesses accept this card?",card_acceptance,card_acceptance,True,0.962,card_acceptance,0.962,atm_support,0.0116,supported_cards_and_currencies,0.01
Where can I use my card?,card_acceptance,card_acceptance,True,0.8942,card_acceptance,0.8942,order_physical_card,0.0187,atm_support,0.0178
Which outlets accept my card?,card_acceptance,card_acceptance,True,0.52,card_acceptance,0.52,supported_cards_and_currencies,0.3224,atm_support,0.064
"I am traveling to Germany, Will I be able to use my card there?",card_acceptance,card_acceptance,True,0.503,card_acceptance,0.503,country_support,0.3053,card_linking,0.0264
What stores will take my credit card as payment?,card_acceptance,card_acceptance,True,0.6587,card_acceptance,0.6587,atm_support,0.066,declined_card_payment,0.0557
Is there any place I cannot use my card?,card_acceptance,card_acceptance,True,0.738,card_acceptance,0.738,card_not_working,0.0738,declined_card_payment,0.0387
Will I be able to use my card anywhere?,card_acceptance,card_acceptance,True,0.8888,card_acceptance,0.8888,country_support,0.0454,atm_support,0.0082
Is my card usable anywhere?,card_acceptance,card_acceptance,True,0.9249,card_acceptance,0.9249,order_physical_card,0.0123,card_not_working,0.011
Is it acceptable to use my card anywhere?,card_acceptance,card_acceptance,True,0.9758,card_acceptance,0.9758,country_support,0.0042,atm_support,0.003
Can I use my card everywhere?,card_acceptance,card_acceptance,True,0.9459,card_acceptance,0.9459,country_support,0.0107,atm_support,0.0083
Where is my card accepted?,card_acceptance,card_acceptance,True,0.892,card_acceptance,0.892,order_physical_card,0.0349,card_arrival,0.0103
Where can I pay with my debit or credit card?,card_acceptance,card_acceptance,True,0.4941,card_acceptance,0.4941,supported_cards_and_currencies,0.2225,direct_debit_payment_not_recognised,0.0695
Where should my card work?,card_acceptance,card_acceptance,True,0.8362,card_acceptance,0.8362,order_physical_card,0.0427,card_delivery_estimate,0.0155
areas card is accpeted,card_acceptance,card_acceptance,True,0.2207,card_acceptance,0.2207,country_support,0.1306,lost_or_stolen_card,0.0966
places i can use the card,card_acceptance,card_acceptance,True,0.8353,card_acceptance,0.8353,order_physical_card,0.056,country_support,0.0418
Can I make online purchases with my card?,card_acceptance,card_acceptance,True,0.3027,card_acceptance,0.3027,get_disposable_virtual_card,0.113,order_physical_card,0.0755
Does every place of business accept this card?,card_acceptance,card_acceptance,True,0.9725,card_acceptance,0.9725,order_physical_card,0.0061,atm_support,0.006
What places will accept my card?,card_acceptance,card_acceptance,True,0.9466,card_acceptance,0.9466,atm_support,0.0178,supported_cards_and_currencies,0.0138
Can I use my card anywere?,card_acceptance,card_not_working,False,0.1532,card_not_working,0.1532,card_acceptance,0.1397,activate_my_card,0.1358
Will any business take this card?,card_acceptance,card_acceptance,True,0.7901,card_acceptance,0.7901,order_physical_card,0.0703,atm_support,0.0283
Will filling stations accept my card?,card_acceptance,card_acceptance,True,0.2051,card_acceptance,0.2051,atm_support,0.0769,supported_cards_and_currencies,0.0733
Where am I able to use the card?,card_acceptance,card_acceptance,True,0.6037,card_acceptance,0.6037,card_linking,0.1504,order_physical_card,0.054
What can I use my card to pay for?,card_acceptance,card_acceptance,True,0.2561,card_acceptance,0.2561,supported_cards_and_currencies,0.226,card_payment_fee_charged,0.164
Who accepts my card?,card_acceptance,card_acceptance,True,0.7278,card_acceptance,0.7278,supported_cards_and_currencies,0.0787,order_physical_card,0.0352
My top-up was cancelled; will I receive a refund?,top_up_reverted,top_up_reverted,True,0.9439,top_up_reverted,0.9439,request_refund,0.0217,Refund_not_showing_up,0.0111
How do I fix a reverted top up?,top_up_reverted,top_up_reverted,True,0.9336,top_up_reverted,0.9336,top_up_failed,0.0443,topping_up_by_card,0.0064
Is it possible to tell if my top up has reverted?,top_up_reverted,top_up_reverted,True,0.8251,top_up_reverted,0.8251,pending_top_up,0.0617,top_up_failed,0.0431
"My top-up showed as complete, but it's no longer there! What's going on here?",top_up_reverted,pending_top_up,False,0.7039,pending_top_up,0.7039,top_up_reverted,0.2646,topping_up_by_card,0.0184
"Hi, i don't know what's going on i've just paid for my top up twice by accident can you help me get a refund please.",top_up_reverted,top_up_reverted,True,0.8483,top_up_reverted,0.8483,pending_top_up,0.0352,transaction_charged_twice,0.0308
It seems my top up is reverted?,top_up_reverted,top_up_reverted,True,0.9278,top_up_reverted,0.9278,top_up_failed,0.037,pending_top_up,0.023
The app wouldn't accept my top up.,top_up_reverted,top_up_failed,False,0.7718,top_up_failed,0.7718,top_up_reverted,0.1516,topping_up_by_card,0.0253
"I topped up my account and even though it was confirmed at first, the money isn't there anymore! why did this happen, and where did my money go?",top_up_reverted,top_up_reverted,True,0.8865,top_up_reverted,0.8865,pending_top_up,0.0266,topping_up_by_card,0.0238
"I believe my money did not go through with my top up, was there a problem on your end?",top_up_reverted,top_up_reverted,True,0.5559,top_up_reverted,0.5559,top_up_failed,0.3629,pending_top_up,0.0499
"My top-up was reverted, why did this happen?",top_up_reverted,top_up_reverted,True,0.983,top_up_reverted,0.983,top_up_failed,0.0122,pending_top_up,0.0029
I put money into my account for the minimum balance but the application didn't accept.,top_up_reverted,wrong_amount_of_cash_received,False,0.2024,wrong_amount_of_cash_received,0.2024,balance_not_updated_after_cheque_or_cash_deposit,0.1459,top_up_failed,0.1254
Can you tell me if my top-up has been cancelled?,top_up_reverted,top_up_reverted,True,0.9455,top_up_reverted,0.9455,pending_top_up,0.0339,top_up_failed,0.0144
I got topped up but the application reverted it.,top_up_reverted,top_up_reverted,True,0.6553,top_up_reverted,0.6553,top_up_failed,0.2173,pending_top_up,0.037
Why would my top up be cancelled?,top_up_reverted,top_up_reverted,True,0.9698,top_up_reverted,0.9698,top_up_failed,0.0203,pending_top_up,0.0078
There appears to have been a reversion in my top up,top_up_reverted,top_up_reverted,True,0.8534,top_up_reverted,0.8534,pending_top_up,0.0786,topping_up_by_card,0.0251
The application reverted my top-up.,top_up_reverted,top_up_reverted,True,0.8876,top_up_reverted,0.8876,top_up_failed,0.1023,pending_top_up,0.0029
I think my top-up was cancelled.,top_up_reverted,top_up_reverted,True,0.9761,top_up_reverted,0.9761,top_up_failed,0.0136,pending_top_up,0.0063
I believed crypto top up with something you offered. This does not seem to be working. The money has been removed from my account though so what's going on?,top_up_reverted,top_up_reverted,True,0.8841,top_up_reverted,0.8841,top_up_failed,0.049,cash_withdrawal_not_recognised,0.0123
I topped up but the app reverted it,top_up_reverted,top_up_reverted,True,0.856,top_up_reverted,0.856,top_up_failed,0.0537,pending_top_up,0.0311
I went to top up and it is no longer there.  Was it sent back?,top_up_reverted,top_up_reverted,True,0.7335,top_up_reverted,0.7335,pending_top_up,0.2077,topping_up_by_card,0.0366
What happened to my top-up?,top_up_reverted,top_up_reverted,True,0.8224,top_up_reverted,0.8224,pending_top_up,0.1252,topping_up_by_card,0.0374
Can you tell me why my top up was reverted?,top_up_reverted,top_up_reverted,True,0.9802,top_up_reverted,0.9802,top_up_failed,0.0143,pending_top_up,0.0023
For what reason would a top up be reverted and returned to my account?,top_up_reverted,top_up_reverted,True,0.9893,top_up_reverted,0.9893,top_up_failed,0.004,pending_top_up,0.0023
"When I topped up, the app reverted my funds.",top_up_reverted,top_up_reverted,True,0.7487,top_up_reverted,0.7487,top_up_failed,0.1467,topping_up_by_card,0.0217
What happened to where my top-up was canceled?,top_up_reverted,top_up_reverted,True,0.9915,top_up_reverted,0.9915,pending_top_up,0.0047,top_up_failed,0.0019
I tryed to make a top-up with cryptocurrency but the payment was referted.,top_up_reverted,card_payment_not_recognised,False,0.3462,card_payment_not_recognised,0.3462,supported_cards_and_currencies,0.0868,top_up_reverted,0.0844
The app reverted my top off.,top_up_reverted,top_up_reverted,True,0.8194,top_up_reverted,0.8194,top_up_failed,0.142,topping_up_by_card,0.0139
The app reverted my action when I topped up.,top_up_reverted,top_up_reverted,True,0.8333,top_up_reverted,0.8333,top_up_failed,0.0524,pending_top_up,0.0216
Was my top up reversed?,top_up_reverted,top_up_reverted,True,0.9332,top_up_reverted,0.9332,topping_up_by_card,0.0292,pending_top_up,0.0187
"I see my top-up was canceled, but why?",top_up_reverted,top_up_reverted,True,0.9856,top_up_reverted,0.9856,pending_top_up,0.0087,top_up_failed,0.0042
Do you know if my top-up has been cancelled?,top_up_reverted,top_up_reverted,True,0.9136,top_up_reverted,0.9136,pending_top_up,0.0613,top_up_failed,0.0151
has my top-up has been cancelled,top_up_reverted,top_up_reverted,True,0.938,top_up_reverted,0.938,pending_top_up,0.0291,top_up_failed,0.0267
My top-up was revoked.,top_up_reverted,top_up_reverted,True,0.9438,top_up_reverted,0.9438,top_up_failed,0.0398,topping_up_by_card,0.0052
Causes of top-up cancellation,top_up_reverted,top_up_reverted,True,0.9814,top_up_reverted,0.9814,top_up_failed,0.0116,pending_top_up,0.0015
The app reverted what I topped up.,top_up_reverted,top_up_reverted,True,0.8581,top_up_reverted,0.8581,top_up_failed,0.0724,lost_or_stolen_phone,0.0087
Has my top up been reverted?,top_up_reverted,top_up_reverted,True,0.9574,top_up_reverted,0.9574,top_up_failed,0.0187,pending_top_up,0.0159
Im very upset as my top-up was canceled and I have no idea why.,top_up_reverted,top_up_reverted,True,0.9924,top_up_reverted,0.9924,pending_top_up,0.0033,top_up_failed,0.0018
My top-up has been cancelled.,top_up_reverted,top_up_reverted,True,0.9229,top_up_reverted,0.9229,top_up_failed,0.0415,pending_top_up,0.0259
On my last transaction it seem that my top-up was not successful.,top_up_reverted,top_up_failed,False,0.4113,top_up_failed,0.4113,top_up_reverted,0.3535,pending_top_up,0.1976
I'd like to know why my top-up was canceled please.,top_up_reverted,top_up_reverted,True,0.9851,top_up_reverted,0.9851,top_up_failed,0.007,pending_top_up,0.006
I tried making an update to my balance using cheque just yesterday but it doesn't appear to have worked. Should this not be a faster process? I need you to please check over my account because something has went wrong.,balance_not_updated_after_cheque_or_cash_deposit,balance_not_updated_after_cheque_or_cash_deposit,True,0.9754,balance_not_updated_after_cheque_or_cash_deposit,0.9754,top_up_by_cash_or_cheque,0.0093,balance_not_updated_after_bank_transfer,0.0054
How come I don't see my deposit in my account yet?,balance_not_updated_after_cheque_or_cash_deposit,balance_not_updated_after_cheque_or_cash_deposit,True,0.9678,balance_not_updated_after_cheque_or_cash_deposit,0.9678,pending_top_up,0.0058,Refund_not_showing_up,0.0053
Is there a reason why my account isn't updating because I used a check to  balance my account?,balance_not_updated_after_cheque_or_cash_deposit,balance_not_updated_after_cheque_or_cash_deposit,True,0.8949,balance_not_updated_after_cheque_or_cash_deposit,0.8949,balance_not_updated_after_bank_transfer,0.0499,top_up_by_cash_or_cheque,0.0104
"I don't know why the deposit I made a week ago still hasn't showed up, I really need the money now.",balance_not_updated_after_cheque_or_cash_deposit,balance_not_updated_after_cheque_or_cash_deposit,True,0.9605,balance_not_updated_after_cheque_or_cash_deposit,0.9605,pending_top_up,0.015,top_up_reverted,0.0068
I made a cash deposit almost a week ago but it's still not there!! please sort this out asap I need the money,balance_not_updated_after_cheque_or_cash_deposit,balance_not_updated_after_cheque_or_cash_deposit,True,0.9531,balance_not_updated_after_cheque_or_cash_deposit,0.9531,pending_cash_withdrawal,0.008,pending_top_up,0.0067
Where is my cash deposit?,balance_not_updated_after_cheque_or_cash_deposit,balance_not_updated_after_cheque_or_cash_deposit,True,0.9469,balance_not_updated_after_cheque_or_cash_deposit,0.9469,top_up_by_cash_or_cheque,0.0254,verify_source_of_funds,0.0059
How can I get the cash deposit to show up on my account?,balance_not_updated_after_cheque_or_cash_deposit,balance_not_updated_after_cheque_or_cash_deposit,True,0.887,balance_not_updated_after_cheque_or_cash_deposit,0.887,top_up_by_cash_or_cheque,0.0814,pending_cash_withdrawal,0.0136
When will I see the cash I deposited this morning as available?,balance_not_updated_after_cheque_or_cash_deposit,balance_not_updated_after_cheque_or_cash_deposit,True,0.8938,balance_not_updated_after_cheque_or_cash_deposit,0.8938,pending_cash_withdrawal,0.0535,pending_top_up,0.0176
cash from this morning has not deposited,balance_not_updated_after_cheque_or_cash_deposit,balance_not_updated_after_cheque_or_cash_deposit,True,0.8795,balance_not_updated_after_cheque_or_cash_deposit,0.8795,pending_cash_withdrawal,0.0454,transfer_not_received_by_recipient,0.0304
Where is the cash from my cheque I recently deposited?,balance_not_updated_after_cheque_or_cash_deposit,balance_not_updated_after_cheque_or_cash_deposit,True,0.9685,balance_not_updated_after_cheque_or_cash_deposit,0.9685,top_up_by_cash_or_cheque,0.0246,cash_withdrawal_charge,0.0013
Cash deposit to my account but it has not appeared.,balance_not_updated_after_cheque_or_cash_deposit,balance_not_updated_after_cheque_or_cash_deposit,True,0.931,balance_not_updated_after_cheque_or_cash_deposit,0.931,cash_withdrawal_not_recognised,0.0255,pending_cash_withdrawal,0.0191
"When I deposit cheques and cash, my balance does not update.",balance_not_updated_after_cheque_or_cash_deposit,balance_not_updated_after_cheque_or_cash_deposit,True,0.99,balance_not_updated_after_cheque_or_cash_deposit,0.99,top_up_by_cash_or_cheque,0.0041,balance_not_updated_after_bank_transfer,0.0027
I made a deposit this morning but it is still pending?,balance_not_updated_after_cheque_or_cash_deposit,balance_not_updated_after_cheque_or_cash_deposit,True,0.6373,balance_not_updated_after_cheque_or_cash_deposit,0.6373,pending_top_up,0.1919,pending_cash_withdrawal,0.0657
cash deposit to my account has shown a red flag.,balance_not_updated_after_cheque_or_cash_deposit,balance_not_updated_after_cheque_or_cash_deposit,True,0.7026,balance_not_updated_after_cheque_or_cash_deposit,0.7026,cash_withdrawal_not_recognised,0.1137,direct_debit_payment_not_recognised,0.0393
I have paid money into my account but it doesn't show.,balance_not_updated_after_cheque_or_cash_deposit,balance_not_updated_after_bank_transfer,False,0.6087,balance_not_updated_after_bank_transfer,0.6087,transfer_not_received_by_recipient,0.0897,balance_not_updated_after_cheque_or_cash_deposit,0.0884
The balance on my account wasn't updated after I made a depost.,balance_not_updated_after_cheque_or_cash_deposit,balance_not_updated_after_cheque_or_cash_deposit,True,0.504,balance_not_updated_after_cheque_or_cash_deposit,0.504,balance_not_updated_after_bank_transfer,0.1902,pending_top_up,0.0919
Are cheques accepted to my account? Mine didn't seem to work.,balance_not_updated_after_cheque_or_cash_deposit,balance_not_updated_after_cheque_or_cash_deposit,True,0.6132,balance_not_updated_after_cheque_or_cash_deposit,0.6132,top_up_by_cash_or_cheque,0.2394,declined_card_payment,0.03
I deposited a check but my balance is still the same.,balance_not_updated_after_cheque_or_cash_deposit,balance_not_updated_after_cheque_or_cash_deposit,True,0.974,balance_not_updated_after_cheque_or_cash_deposit,0.974,top_up_by_cash_or_cheque,0.0055,wrong_amount_of_cash_received,0.0031
IM still waiting for my account to update from a cash deposit?,balance_not_updated_after_cheque_or_cash_deposit,balance_not_updated_after_cheque_or_cash_deposit,True,0.9448,balance_not_updated_after_cheque_or_cash_deposit,0.9448,pending_cash_withdrawal,0.0327,balance_not_updated_after_bank_transfer,0.0078
"I Submitted a cheque couple days ago, nothing happened to my account yet.Would you please check What could be the possible issue?",balance_not_updated_after_cheque_or_cash_deposit,balance_not_updated_after_cheque_or_cash_deposit,True,0.9628,balance_not_updated_after_cheque_or_cash_deposit,0.9628,top_up_by_cash_or_cheque,0.0055,Refund_not_showing_up,0.005
Where is my deposit?,balance_not_updated_after_cheque_or_cash_deposit,balance_not_updated_after_cheque_or_cash_deposit,True,0.9373,balance_not_updated_after_cheque_or_cash_deposit,0.9373,top_up_by_cash_or_cheque,0.019,verify_source_of_funds,0.0121
My bank statement doesn't show the cash deposit I made recently.,balance_not_updated_after_cheque_or_cash_deposit,balance_not_updated_after_cheque_or_cash_deposit,True,0.9603,balance_not_updated_after_cheque_or_cash_deposit,0.9603,balance_not_updated_after_bank_transfer,0.0088,pending_cash_withdrawal,0.0079
My cash deposit from a week ago hasn't shown up. I need the money - how quickly can you sort this out?,balance_not_updated_after_cheque_or_cash_deposit,balance_not_updated_after_cheque_or_cash_deposit,True,0.9323,balance_not_updated_after_cheque_or_cash_deposit,0.9323,pending_top_up,0.0247,pending_cash_withdrawal,0.0145
Why didn't my balance update after my cash or checque deposit?,balance_not_updated_after_cheque_or_cash_deposit,balance_not_updated_after_cheque_or_cash_deposit,True,0.996,balance_not_updated_after_cheque_or_cash_deposit,0.996,balance_not_updated_after_bank_transfer,0.0008,top_up_by_cash_or_cheque,0.0007
Why is the cash deposit not showing up in my account?,balance_not_updated_after_cheque_or_cash_deposit,balance_not_updated_after_cheque_or_cash_deposit,True,0.9801,balance_not_updated_after_cheque_or_cash_deposit,0.9801,pending_cash_withdrawal,0.0091,balance_not_updated_after_bank_transfer,0.0028
I made a deposit of cash and check that has not been added to my balance.,balance_not_updated_after_cheque_or_cash_deposit,balance_not_updated_after_cheque_or_cash_deposit,True,0.9198,balance_not_updated_after_cheque_or_cash_deposit,0.9198,cash_withdrawal_not_recognised,0.0321,top_up_by_cash_or_cheque,0.0279
Why hasn't my balance increased after depositing a check?,balance_not_updated_after_cheque_or_cash_deposit,balance_not_updated_after_cheque_or_cash_deposit,True,0.9889,balance_not_updated_after_cheque_or_cash_deposit,0.9889,top_up_by_cash_or_cheque,0.005,wrong_amount_of_cash_received,0.0009
Why does my account not accept cash deposits?,balance_not_updated_after_cheque_or_cash_deposit,declined_cash_withdrawal,False,0.583,declined_cash_withdrawal,0.583,balance_not_updated_after_cheque_or_cash_deposit,0.232,pending_cash_withdrawal,0.0765
What happened to the cash that I tried to deposit into my account? It's gone!,balance_not_updated_after_cheque_or_cash_deposit,balance_not_updated_after_cheque_or_cash_deposit,True,0.7216,balance_not_updated_after_cheque_or_cash_deposit,0.7216,cash_withdrawal_not_recognised,0.0813,top_up_reverted,0.0636
"I had a cheque deposited, but I still haven't seen the cash.",balance_not_updated_after_cheque_or_cash_deposit,balance_not_updated_after_cheque_or_cash_deposit,True,0.9807,balance_not_updated_after_cheque_or_cash_deposit,0.9807,top_up_by_cash_or_cheque,0.0052,transfer_not_received_by_recipient,0.0049
"A cheque deposit hasn't posted to my account, when will my balance update?",balance_not_updated_after_cheque_or_cash_deposit,balance_not_updated_after_cheque_or_cash_deposit,True,0.9979,balance_not_updated_after_cheque_or_cash_deposit,0.9979,top_up_by_cash_or_cheque,0.0005,balance_not_updated_after_bank_transfer,0.0004
I submitted a cash deposit to my account but it hasn't posted yet.,balance_not_updated_after_cheque_or_cash_deposit,balance_not_updated_after_cheque_or_cash_deposit,True,0.9781,balance_not_updated_after_cheque_or_cash_deposit,0.9781,pending_cash_withdrawal,0.0063,pending_top_up,0.0041
I sent a cheque  a few days ago and nothing has happened to my account yet. Can you please check on this for me?,balance_not_updated_after_cheque_or_cash_deposit,balance_not_updated_after_cheque_or_cash_deposit,True,0.951,balance_not_updated_after_cheque_or_cash_deposit,0.951,top_up_by_cash_or_cheque,0.0177,transfer_not_received_by_recipient,0.0064
Has the check I deposited cleared to I can get the cash?,balance_not_updated_after_cheque_or_cash_deposit,balance_not_updated_after_cheque_or_cash_deposit,True,0.729,balance_not_updated_after_cheque_or_cash_deposit,0.729,top_up_by_cash_or_cheque,0.2026,pending_cash_withdrawal,0.0196
How long does it take to process cheque deposits?,balance_not_updated_after_cheque_or_cash_deposit,balance_not_updated_after_cheque_or_cash_deposit,True,0.9189,balance_not_updated_after_cheque_or_cash_deposit,0.9189,top_up_by_cash_or_cheque,0.0495,pending_top_up,0.006
How come my cash deposit is not showing up. This can't be right. There must be some mistake. Where did my cash go. You better not have lost it as I need this money asap.,balance_not_updated_after_cheque_or_cash_deposit,balance_not_updated_after_cheque_or_cash_deposit,True,0.9351,balance_not_updated_after_cheque_or_cash_deposit,0.9351,pending_cash_withdrawal,0.0165,wrong_amount_of_cash_received,0.0145
I deposited cash this morning and I am still waiting,balance_not_updated_after_cheque_or_cash_deposit,balance_not_updated_after_cheque_or_cash_deposit,True,0.8906,balance_not_updated_after_cheque_or_cash_deposit,0.8906,pending_cash_withdrawal,0.0654,transfer_not_received_by_recipient,0.0174
Balance hasn't been updated following a cheque or cash deposit,balance_not_updated_after_cheque_or_cash_deposit,balance_not_updated_after_cheque_or_cash_deposit,True,0.9945,balance_not_updated_after_cheque_or_cash_deposit,0.9945,balance_not_updated_after_bank_transfer,0.0019,pending_cash_withdrawal,0.001
I tired to deposit some cash into my account but it's not there,balance_not_updated_after_cheque_or_cash_deposit,balance_not_updated_after_cheque_or_cash_deposit,True,0.8194,balance_not_updated_after_cheque_or_cash_deposit,0.8194,top_up_by_cash_or_cheque,0.0638,pending_cash_withdrawal,0.0485
"I sent you a cheque couple days ago, nothing happened to my account yet! This is unacceptable, where is my money??",balance_not_updated_after_cheque_or_cash_deposit,balance_not_updated_after_cheque_or_cash_deposit,True,0.9534,balance_not_updated_after_cheque_or_cash_deposit,0.9534,top_up_by_cash_or_cheque,0.0139,Refund_not_showing_up,0.0072
I have a strange payment in my statement,card_payment_not_recognised,card_payment_not_recognised,True,0.9375,card_payment_not_recognised,0.9375,direct_debit_payment_not_recognised,0.0238,extra_charge_on_statement,0.0176
There is a charge on my card that I did not make,card_payment_not_recognised,card_payment_not_recognised,True,0.7726,card_payment_not_recognised,0.7726,card_payment_fee_charged,0.1002,direct_debit_payment_not_recognised,0.0368
I saw a payment i did not do,card_payment_not_recognised,card_payment_not_recognised,True,0.896,card_payment_not_recognised,0.896,direct_debit_payment_not_recognised,0.0467,reverted_card_payment?,0.0159
There is a payment that is not mine in the app.  Please advise/,card_payment_not_recognised,card_payment_not_recognised,True,0.8397,card_payment_not_recognised,0.8397,direct_debit_payment_not_recognised,0.0469,reverted_card_payment?,0.0295
An unauthorized payment is in my app,card_payment_not_recognised,card_payment_not_recognised,True,0.788,card_payment_not_recognised,0.788,direct_debit_payment_not_recognised,0.1562,cash_withdrawal_not_recognised,0.0125
I did not make this card payment.,card_payment_not_recognised,card_payment_not_recognised,True,0.9371,card_payment_not_recognised,0.9371,declined_card_payment,0.0257,card_payment_fee_charged,0.007
What should I do if I see a payment I didn't make?,card_payment_not_recognised,card_payment_not_recognised,True,0.7835,card_payment_not_recognised,0.7835,direct_debit_payment_not_recognised,0.1118,reverted_card_payment?,0.0359
I found an unauthorized card payment,card_payment_not_recognised,card_payment_not_recognised,True,0.6015,card_payment_not_recognised,0.6015,reverted_card_payment?,0.1205,direct_debit_payment_not_recognised,0.0953
there is a transaction on my account that i didnt make,card_payment_not_recognised,card_payment_not_recognised,True,0.4171,card_payment_not_recognised,0.4171,cash_withdrawal_not_recognised,0.3732,direct_debit_payment_not_recognised,0.061
I don't recall making that payment?,card_payment_not_recognised,card_payment_not_recognised,True,0.8934,card_payment_not_recognised,0.8934,direct_debit_payment_not_recognised,0.0397,card_payment_fee_charged,0.0138
There are some payments with my card that I don't know where they are coming from. Just checked today and it's been since a couple days as well! What to I do? Can I revert this retrospectively? My card needs to be frozen immediately as well!,card_payment_not_recognised,card_payment_not_recognised,True,0.864,card_payment_not_recognised,0.864,direct_debit_payment_not_recognised,0.0431,compromised_card,0.0414
Has someone accessed my card there are payments I did not make that are showing up on the app.,card_payment_not_recognised,card_payment_not_recognised,True,0.8494,card_payment_not_recognised,0.8494,compromised_card,0.0525,cash_withdrawal_not_recognised,0.0301
There are some strange charges on my card that I didn't make from a few days ago.  Is my card stolen and if so should I cancel it?  Will I get refunded the charges?,card_payment_not_recognised,compromised_card,False,0.3905,compromised_card,0.3905,card_payment_not_recognised,0.3157,lost_or_stolen_card,0.0631
Why would there be a payment on my account I don't recognize?,card_payment_not_recognised,card_payment_not_recognised,True,0.9243,card_payment_not_recognised,0.9243,reverted_card_payment?,0.0222,direct_debit_payment_not_recognised,0.0144
I have a payment I didn't do,card_payment_not_recognised,card_payment_not_recognised,True,0.9147,card_payment_not_recognised,0.9147,reverted_card_payment?,0.0201,direct_debit_payment_not_recognised,0.0183
There is a payment that is not mine.,card_payment_not_recognised,card_payment_not_recognised,True,0.8981,card_payment_not_recognised,0.8981,declined_card_payment,0.0275,reverted_card_payment?,0.0249
Can you freeze my account?  I just saw there are transactions on my account that I don't recognize.  How can I fix this?,card_payment_not_recognised,compromised_card,False,0.3661,compromised_card,0.3661,card_payment_not_recognised,0.3466,terminate_account,0.0452
There is a card payment I do not recognise.,card_payment_not_recognised,card_payment_not_recognised,True,0.8835,card_payment_not_recognised,0.8835,reverted_card_payment?,0.0391,direct_debit_payment_not_recognised,0.0208
I don't recognise a card payment,card_payment_not_recognised,card_payment_not_recognised,True,0.8008,card_payment_not_recognised,0.8008,declined_card_payment,0.0629,reverted_card_payment?,0.0457
Payment i did not do,card_payment_not_recognised,card_payment_not_recognised,True,0.9085,card_payment_not_recognised,0.9085,declined_card_payment,0.0356,reverted_card_payment?,0.0202
"Please put a freeze on my card,  I am worried there has been some payments on it and I don't know what for.",card_payment_not_recognised,card_payment_not_recognised,True,0.5162,card_payment_not_recognised,0.5162,compromised_card,0.1222,declined_card_payment,0.0821
I think my statement has a fraudulent charge,card_payment_not_recognised,direct_debit_payment_not_recognised,False,0.4042,direct_debit_payment_not_recognised,0.4042,card_payment_not_recognised,0.1801,compromised_card,0.1554
"I'm concerned about a payment that has recently been made on my card.  I do not recognize the name that the transaction went to, can you help me?",card_payment_not_recognised,card_payment_not_recognised,True,0.8703,card_payment_not_recognised,0.8703,direct_debit_payment_not_recognised,0.1066,compromised_card,0.0056
What should I do to get transactions off of my account if I didn't make them?  My card must have been compromised and I need to freeze it asap!,card_payment_not_recognised,compromised_card,False,0.757,compromised_card,0.757,cash_withdrawal_not_recognised,0.1314,card_payment_not_recognised,0.0556
I have a payment listed in error.,card_payment_not_recognised,card_payment_not_recognised,True,0.3487,card_payment_not_recognised,0.3487,direct_debit_payment_not_recognised,0.2041,reverted_card_payment?,0.1678
What can I do about some payments on my card I didn't make.  Please put a freeze on my card till we can figure this out.,card_payment_not_recognised,card_payment_not_recognised,True,0.8583,card_payment_not_recognised,0.8583,declined_card_payment,0.0841,compromised_card,0.0142
I'm not familiar with a card payment.,card_payment_not_recognised,card_payment_not_recognised,True,0.655,card_payment_not_recognised,0.655,card_payment_fee_charged,0.1193,declined_card_payment,0.0514
I have an unauthorized transaction on my statement,card_payment_not_recognised,card_payment_not_recognised,True,0.2739,card_payment_not_recognised,0.2739,direct_debit_payment_not_recognised,0.2361,beneficiary_not_allowed,0.1345
There is a payment in the App that is not mine.,card_payment_not_recognised,card_payment_not_recognised,True,0.9362,card_payment_not_recognised,0.9362,reverted_card_payment?,0.0139,direct_debit_payment_not_recognised,0.0132
I don't know where this transaction came from?,card_payment_not_recognised,card_payment_not_recognised,True,0.8869,card_payment_not_recognised,0.8869,direct_debit_payment_not_recognised,0.0403,compromised_card,0.0161
I see a charge on my account that I don't recall making. I feel like my account may have been compromised.,card_payment_not_recognised,card_payment_not_recognised,True,0.271,card_payment_not_recognised,0.271,extra_charge_on_statement,0.1803,compromised_card,0.1715
"I know I didn't make this payment showing up on my card, I don't remember this person at all.",card_payment_not_recognised,card_payment_not_recognised,True,0.9247,card_payment_not_recognised,0.9247,direct_debit_payment_not_recognised,0.0415,cash_withdrawal_not_recognised,0.0066
Somebody used my card to make a purchase,card_payment_not_recognised,compromised_card,False,0.7219,compromised_card,0.7219,card_payment_not_recognised,0.1824,reverted_card_payment?,0.0228
There's a recent charge on my card that I know I didn't make because I've never seen the name before. Can we investigate this?,card_payment_not_recognised,card_payment_not_recognised,True,0.6497,card_payment_not_recognised,0.6497,direct_debit_payment_not_recognised,0.1563,compromised_card,0.1457
Some of my card payments look different than where I purchased products from. Why is that?,card_payment_not_recognised,card_payment_not_recognised,True,0.5062,card_payment_not_recognised,0.5062,reverted_card_payment?,0.1982,card_payment_wrong_exchange_rate,0.0757
There is a strange payment on my statement. What should I do?,card_payment_not_recognised,card_payment_not_recognised,True,0.8615,card_payment_not_recognised,0.8615,direct_debit_payment_not_recognised,0.0754,extra_charge_on_statement,0.0405
I think there has been a purchase made that wasn't by me.,card_payment_not_recognised,compromised_card,False,0.2726,compromised_card,0.2726,card_payment_not_recognised,0.2616,request_refund,0.1532
There is a fraudulent charge on my statement.,card_payment_not_recognised,direct_debit_payment_not_recognised,False,0.4297,direct_debit_payment_not_recognised,0.4297,card_payment_not_recognised,0.1495,compromised_card,0.122
What is the payment in my account that I did not do?,card_payment_not_recognised,card_payment_not_recognised,True,0.9126,card_payment_not_recognised,0.9126,direct_debit_payment_not_recognised,0.0276,cash_withdrawal_not_recognised,0.0182
In my statement there is a payment that is I do not recognize,card_payment_not_recognised,card_payment_not_recognised,True,0.9405,card_payment_not_recognised,0.9405,direct_debit_payment_not_recognised,0.0383,declined_card_payment,0.0034
"I no longer live at my address on file, how do I change it?",edit_personal_details,edit_personal_details,True,0.9535,edit_personal_details,0.9535,cancel_transfer,0.0119,card_linking,0.0073
How to change my address.,edit_personal_details,edit_personal_details,True,0.9827,edit_personal_details,0.9827,change_pin,0.004,cancel_transfer,0.0024
How do I update my details?,edit_personal_details,edit_personal_details,True,0.9957,edit_personal_details,0.9957,verify_my_identity,0.0008,lost_or_stolen_phone,0.0003
My address needs to be revised.,edit_personal_details,edit_personal_details,True,0.9888,edit_personal_details,0.9888,cancel_transfer,0.002,terminate_account,0.0011
"got married, need to change account name",edit_personal_details,edit_personal_details,True,0.9538,edit_personal_details,0.9538,why_verify_identity,0.0112,terminate_account,0.008
My address has changed.,edit_personal_details,edit_personal_details,True,0.9805,edit_personal_details,0.9805,cancel_transfer,0.0029,balance_not_updated_after_cheque_or_cash_deposit,0.0016
got married and need to change name,edit_personal_details,edit_personal_details,True,0.9851,edit_personal_details,0.9851,verify_my_identity,0.0042,cancel_transfer,0.002
I want to change my personal details.,edit_personal_details,edit_personal_details,True,0.9958,edit_personal_details,0.9958,why_verify_identity,0.001,verify_my_identity,0.0007
I moved.  I need to update my details.,edit_personal_details,edit_personal_details,True,0.9939,edit_personal_details,0.9939,transfer_not_received_by_recipient,0.0013,lost_or_stolen_phone,0.0007
I need to edit the personal details section of my account,edit_personal_details,edit_personal_details,True,0.9908,edit_personal_details,0.9908,terminate_account,0.0032,why_verify_identity,0.0012
Where can I change my personal information after I move?,edit_personal_details,edit_personal_details,True,0.9684,edit_personal_details,0.9684,lost_or_stolen_phone,0.0077,verify_my_identity,0.0066
Where can I go to modify my detail?,edit_personal_details,edit_personal_details,True,0.9855,edit_personal_details,0.9855,verify_my_identity,0.0033,change_pin,0.002
How do I change my information?,edit_personal_details,edit_personal_details,True,0.9912,edit_personal_details,0.9912,verify_my_identity,0.0031,change_pin,0.0012
I need to change my account details,edit_personal_details,edit_personal_details,True,0.9392,edit_personal_details,0.9392,terminate_account,0.0246,why_verify_identity,0.0108
I moved.  Where do I update my details?,edit_personal_details,edit_personal_details,True,0.9914,edit_personal_details,0.9914,transfer_not_received_by_recipient,0.0024,balance_not_updated_after_bank_transfer,0.0008
I relocated and need to change my personal details.,edit_personal_details,edit_personal_details,True,0.9985,edit_personal_details,0.9985,verify_my_identity,0.0004,cancel_transfer,0.0002
I need to update my personal details,edit_personal_details,edit_personal_details,True,0.9947,edit_personal_details,0.9947,verify_my_identity,0.0012,why_verify_identity,0.0009
My address has changed. How do I report it?,edit_personal_details,edit_personal_details,True,0.9644,edit_personal_details,0.9644,compromised_card,0.0058,card_arrival,0.0038
I need to update my info.,edit_personal_details,edit_personal_details,True,0.9683,edit_personal_details,0.9683,unable_to_verify_identity,0.0054,why_verify_identity,0.0023
How can I modify my details?,edit_personal_details,edit_personal_details,True,0.997,edit_personal_details,0.997,why_verify_identity,0.0007,change_pin,0.0005
What do i have to do to change my name?,edit_personal_details,edit_personal_details,True,0.9642,edit_personal_details,0.9642,verify_my_identity,0.0206,unable_to_verify_identity,0.0024
My address has updated and I need to change it.,edit_personal_details,edit_personal_details,True,0.9908,edit_personal_details,0.9908,cancel_transfer,0.0032,change_pin,0.0027
Where can I go to update my personal profile?,edit_personal_details,edit_personal_details,True,0.958,edit_personal_details,0.958,verify_my_identity,0.0093,terminate_account,0.0039
Is it possible to edit my personal details on the app?,edit_personal_details,edit_personal_details,True,0.966,edit_personal_details,0.966,lost_or_stolen_phone,0.0074,why_verify_identity,0.0032
how can i change my details,edit_personal_details,edit_personal_details,True,0.996,edit_personal_details,0.996,change_pin,0.0009,why_verify_identity,0.0007
I need help changing my last name on my account.,edit_personal_details,edit_personal_details,True,0.9519,edit_personal_details,0.9519,terminate_account,0.0185,cancel_transfer,0.0039
How do I update my current residence details?,edit_personal_details,edit_personal_details,True,0.9841,edit_personal_details,0.9841,country_support,0.0034,verify_my_identity,0.0026
how do i change name?,edit_personal_details,edit_personal_details,True,0.9775,edit_personal_details,0.9775,cancel_transfer,0.0067,verify_my_identity,0.0041
I need to change my name since I got married,edit_personal_details,edit_personal_details,True,0.9852,edit_personal_details,0.9852,verify_my_identity,0.0054,lost_or_stolen_phone,0.001
I want to change my address.,edit_personal_details,edit_personal_details,True,0.9828,edit_personal_details,0.9828,terminate_account,0.0039,cancel_transfer,0.003
how to change name,edit_personal_details,edit_personal_details,True,0.9732,edit_personal_details,0.9732,cancel_transfer,0.0116,change_pin,0.0038
Can I change my information?,edit_personal_details,edit_personal_details,True,0.9781,edit_personal_details,0.9781,why_verify_identity,0.0075,change_pin,0.0031
I need to update my current address,edit_personal_details,edit_personal_details,True,0.9725,edit_personal_details,0.9725,cancel_transfer,0.0053,balance_not_updated_after_bank_transfer,0.0035
I have moved.  Where can I update my details?,edit_personal_details,edit_personal_details,True,0.9944,edit_personal_details,0.9944,transfer_not_received_by_recipient,0.0012,pending_transfer,0.0007
I want to change my name.,edit_personal_details,edit_personal_details,True,0.9734,edit_personal_details,0.9734,verify_my_identity,0.0059,terminate_account,0.004
Should I just wait until the post office sends a change of address form?,edit_personal_details,edit_personal_details,True,0.7186,edit_personal_details,0.7186,transfer_not_received_by_recipient,0.0518,card_arrival,0.0466
I need to change my name what do I do?,edit_personal_details,edit_personal_details,True,0.9638,edit_personal_details,0.9638,verify_my_identity,0.0146,receiving_money,0.0024
How can I edit my personal details?,edit_personal_details,edit_personal_details,True,0.9967,edit_personal_details,0.9967,verify_my_identity,0.0006,why_verify_identity,0.0004
How do I change my address?,edit_personal_details,edit_personal_details,True,0.9881,edit_personal_details,0.9881,change_pin,0.0025,cancel_transfer,0.002
What do I need to do to change the address on my account?,edit_personal_details,edit_personal_details,True,0.9573,edit_personal_details,0.9573,terminate_account,0.0112,change_pin,0.0059
Why do you require so many details about my identity?,why_verify_identity,why_verify_identity,True,0.9865,why_verify_identity,0.9865,unable_to_verify_identity,0.0057,verify_my_identity,0.0049
I'd rather not verify my identity.,why_verify_identity,why_verify_identity,True,0.9757,why_verify_identity,0.9757,verify_my_identity,0.0129,unable_to_verify_identity,0.0082
do I need to verify my identity every time I log into my account?,why_verify_identity,why_verify_identity,True,0.9767,why_verify_identity,0.9767,verify_my_identity,0.0212,unable_to_verify_identity,0.0005
Why am I required to verify my identity?,why_verify_identity,why_verify_identity,True,0.8961,why_verify_identity,0.8961,unable_to_verify_identity,0.0557,verify_my_identity,0.0456
Can I make transfers before identity verification?,why_verify_identity,why_verify_identity,True,0.8135,why_verify_identity,0.8135,verify_my_identity,0.0566,beneficiary_not_allowed,0.0377
What is the need to verify my identity?,why_verify_identity,verify_my_identity,False,0.5116,verify_my_identity,0.5116,why_verify_identity,0.3897,unable_to_verify_identity,0.095
Do I have to do the identity check?,why_verify_identity,why_verify_identity,True,0.6416,why_verify_identity,0.6416,verify_my_identity,0.3481,unable_to_verify_identity,0.0041
Can I use my account without verifying my identity?,why_verify_identity,why_verify_identity,True,0.9656,why_verify_identity,0.9656,verify_my_identity,0.0288,unable_to_verify_identity,0.0019
Why is identity verification mandatory?,why_verify_identity,why_verify_identity,True,0.9714,why_verify_identity,0.9714,verify_my_identity,0.0246,unable_to_verify_identity,0.0013
Do I have to do an identity check?,why_verify_identity,verify_my_identity,False,0.5418,verify_my_identity,0.5418,why_verify_identity,0.4475,unable_to_verify_identity,0.0041
I would like to not have to do the identity verification.,why_verify_identity,why_verify_identity,True,0.6356,why_verify_identity,0.6356,verify_my_identity,0.3328,unable_to_verify_identity,0.0076
"Can I still use my account, even though the identity verification has not passed yet?",why_verify_identity,why_verify_identity,True,0.9855,why_verify_identity,0.9855,verify_my_identity,0.0063,unable_to_verify_identity,0.0016
Why do you require all my identity details?,why_verify_identity,why_verify_identity,True,0.9924,why_verify_identity,0.9924,unable_to_verify_identity,0.0027,verify_my_identity,0.0023
Why do you need so much information to verify my identity?,why_verify_identity,why_verify_identity,True,0.9481,why_verify_identity,0.9481,verify_my_identity,0.0381,unable_to_verify_identity,0.0118
What is the purpose for the identity check,why_verify_identity,why_verify_identity,True,0.978,why_verify_identity,0.978,verify_my_identity,0.0179,verify_top_up,0.0025
I don't like that I have to fill out so much information about my identity.,why_verify_identity,why_verify_identity,True,0.9666,why_verify_identity,0.9666,verify_my_identity,0.0133,edit_personal_details,0.0093
What is the point of an identity check?,why_verify_identity,why_verify_identity,True,0.9817,why_verify_identity,0.9817,verify_my_identity,0.0145,verify_top_up,0.0016
How come you need to know my identity?,why_verify_identity,why_verify_identity,True,0.9249,why_verify_identity,0.9249,unable_to_verify_identity,0.0644,verify_my_identity,0.0089
"May I use my account now, even though the identity verification has not gone through yet?",why_verify_identity,why_verify_identity,True,0.9682,why_verify_identity,0.9682,unable_to_verify_identity,0.0132,terminate_account,0.0035
Do I need to verify my identity to use my account?,why_verify_identity,why_verify_identity,True,0.9661,why_verify_identity,0.9661,verify_my_identity,0.0295,unable_to_verify_identity,0.0022
Why am I required to do an identity check?,why_verify_identity,why_verify_identity,True,0.9706,why_verify_identity,0.9706,verify_my_identity,0.0236,unable_to_verify_identity,0.0036
Why am I being asked to have an identity check,why_verify_identity,why_verify_identity,True,0.9683,why_verify_identity,0.9683,verify_my_identity,0.0217,unable_to_verify_identity,0.0064
Can i make transactions before identity verification is complete?,why_verify_identity,why_verify_identity,True,0.8867,why_verify_identity,0.8867,verify_my_identity,0.0682,top_up_by_cash_or_cheque,0.0057
Do I really need to verify my identity?,why_verify_identity,why_verify_identity,True,0.7496,why_verify_identity,0.7496,verify_my_identity,0.2049,unable_to_verify_identity,0.0424
Why do I have to give you all of my identification details?,why_verify_identity,why_verify_identity,True,0.9531,why_verify_identity,0.9531,unable_to_verify_identity,0.037,edit_personal_details,0.0036
Why do you require so many identity details?,why_verify_identity,why_verify_identity,True,0.9884,why_verify_identity,0.9884,verify_my_identity,0.0071,edit_personal_details,0.001
"Since my id hasn't been verified, when can I use my account?",why_verify_identity,why_verify_identity,True,0.7375,why_verify_identity,0.7375,verify_my_identity,0.1617,unable_to_verify_identity,0.0711
I won't verify my identity.,why_verify_identity,unable_to_verify_identity,False,0.476,unable_to_verify_identity,0.476,why_verify_identity,0.4467,verify_my_identity,0.0585
I want to skip verification of my identity.,why_verify_identity,why_verify_identity,True,0.5976,why_verify_identity,0.5976,verify_my_identity,0.3676,unable_to_verify_identity,0.0113
I do not wish to verify my identity.,why_verify_identity,why_verify_identity,True,0.8971,why_verify_identity,0.8971,unable_to_verify_identity,0.0509,verify_my_identity,0.019
Why do I have to verify my identity?,why_verify_identity,why_verify_identity,True,0.8342,why_verify_identity,0.8342,unable_to_verify_identity,0.1024,verify_my_identity,0.0594
what is the identity check?,why_verify_identity,why_verify_identity,True,0.4832,why_verify_identity,0.4832,verify_my_identity,0.4827,verify_top_up,0.0115
What other methods are there to verify my identity?,why_verify_identity,verify_my_identity,False,0.9554,verify_my_identity,0.9554,unable_to_verify_identity,0.0209,why_verify_identity,0.02
Do I need to verify my identity?,why_verify_identity,why_verify_identity,True,0.6301,why_verify_identity,0.6301,verify_my_identity,0.3256,unable_to_verify_identity,0.0408
Do I need to verify my identity each time I wish to use my account?,why_verify_identity,why_verify_identity,True,0.9836,why_verify_identity,0.9836,verify_my_identity,0.015,unable_to_verify_identity,0.0002
Can I use my account if the identity verification is not complete?,why_verify_identity,why_verify_identity,True,0.9705,why_verify_identity,0.9705,verify_my_identity,0.0202,unable_to_verify_identity,0.0023
Why is it asking me to verify my identity,why_verify_identity,why_verify_identity,True,0.6797,why_verify_identity,0.6797,unable_to_verify_identity,0.2734,verify_my_identity,0.0346
Do I have to verify my identity?,why_verify_identity,why_verify_identity,True,0.5979,why_verify_identity,0.5979,verify_my_identity,0.3525,unable_to_verify_identity,0.0456
Why do you need to know so much about me,why_verify_identity,why_verify_identity,True,0.9704,why_verify_identity,0.9704,topping_up_by_card,0.0046,edit_personal_details,0.0039
Why did I need to verfiy my identity?,why_verify_identity,why_verify_identity,True,0.8401,why_verify_identity,0.8401,unable_to_verify_identity,0.1225,verify_my_identity,0.0249
I cannot verify my identity,unable_to_verify_identity,unable_to_verify_identity,True,0.9023,unable_to_verify_identity,0.9023,why_verify_identity,0.0695,verify_my_identity,0.0223
I do not have what is required to prove my identity,unable_to_verify_identity,verify_my_identity,False,0.4344,verify_my_identity,0.4344,unable_to_verify_identity,0.4252,why_verify_identity,0.1243
Why doesn't the app believe I am who I say I am?,unable_to_verify_identity,unable_to_verify_identity,True,0.9389,unable_to_verify_identity,0.9389,why_verify_identity,0.0181,card_not_working,0.0137
I am having trouble verifying my identity.,unable_to_verify_identity,unable_to_verify_identity,True,0.8989,unable_to_verify_identity,0.8989,verify_my_identity,0.0628,why_verify_identity,0.0327
what do i do if my verification failed,unable_to_verify_identity,unable_to_verify_identity,True,0.2301,unable_to_verify_identity,0.2301,verify_my_identity,0.1837,failed_transfer,0.112
It is impossible to verify my identity,unable_to_verify_identity,unable_to_verify_identity,True,0.9253,unable_to_verify_identity,0.9253,why_verify_identity,0.0511,verify_my_identity,0.0167
The app doesn't know it's me.,unable_to_verify_identity,unable_to_verify_identity,True,0.9051,unable_to_verify_identity,0.9051,card_payment_not_recognised,0.0199,lost_or_stolen_phone,0.0118
I'm having trouble verifying my ID.,unable_to_verify_identity,unable_to_verify_identity,True,0.9508,unable_to_verify_identity,0.9508,verify_my_identity,0.0264,why_verify_identity,0.0143
app does not recognize me,unable_to_verify_identity,unable_to_verify_identity,True,0.9824,unable_to_verify_identity,0.9824,card_not_working,0.0039,lost_or_stolen_phone,0.0033
Help my verify my id.,unable_to_verify_identity,unable_to_verify_identity,True,0.88,unable_to_verify_identity,0.88,verify_my_identity,0.058,why_verify_identity,0.0412
The app failed to verify my identity.,unable_to_verify_identity,unable_to_verify_identity,True,0.9553,unable_to_verify_identity,0.9553,beneficiary_not_allowed,0.0115,cash_withdrawal_not_recognised,0.0111
I can't verify my ID.,unable_to_verify_identity,unable_to_verify_identity,True,0.9371,unable_to_verify_identity,0.9371,verify_my_identity,0.0228,why_verify_identity,0.0219
I can't prove my identity.,unable_to_verify_identity,unable_to_verify_identity,True,0.9614,unable_to_verify_identity,0.9614,why_verify_identity,0.0231,verify_my_identity,0.0051
I am not being recognized by the app.,unable_to_verify_identity,unable_to_verify_identity,True,0.8905,unable_to_verify_identity,0.8905,card_linking,0.0221,lost_or_stolen_phone,0.0204
Why isn't my ID being verified?,unable_to_verify_identity,unable_to_verify_identity,True,0.9442,unable_to_verify_identity,0.9442,why_verify_identity,0.0238,verify_my_identity,0.0216
The app will not let me into my account.,unable_to_verify_identity,unable_to_verify_identity,True,0.3257,unable_to_verify_identity,0.3257,beneficiary_not_allowed,0.2455,passcode_forgotten,0.1274
I am having trouble proving my identity.,unable_to_verify_identity,unable_to_verify_identity,True,0.9578,unable_to_verify_identity,0.9578,why_verify_identity,0.0167,verify_my_identity,0.013
I cannot prove my own identity.,unable_to_verify_identity,unable_to_verify_identity,True,0.9359,unable_to_verify_identity,0.9359,why_verify_identity,0.0447,verify_my_identity,0.0058
My ID won't be verified!,unable_to_verify_identity,unable_to_verify_identity,True,0.9033,unable_to_verify_identity,0.9033,verify_my_identity,0.0389,why_verify_identity,0.037
I can not get the app to know it is me.,unable_to_verify_identity,unable_to_verify_identity,True,0.8792,unable_to_verify_identity,0.8792,lost_or_stolen_phone,0.0285,passcode_forgotten,0.0088
I can't verify my identity.,unable_to_verify_identity,unable_to_verify_identity,True,0.8984,unable_to_verify_identity,0.8984,why_verify_identity,0.0738,verify_my_identity,0.0181
The app doesn't recognize me.,unable_to_verify_identity,unable_to_verify_identity,True,0.9607,unable_to_verify_identity,0.9607,card_not_working,0.0078,passcode_forgotten,0.0074
I am having difficulties to verify my identity.,unable_to_verify_identity,unable_to_verify_identity,True,0.8809,unable_to_verify_identity,0.8809,verify_my_identity,0.0777,why_verify_identity,0.0355
The app doesn't believe that I am me,unable_to_verify_identity,unable_to_verify_identity,True,0.9709,unable_to_verify_identity,0.9709,card_not_working,0.0073,why_verify_identity,0.0025
What's with not verifying my Id?,unable_to_verify_identity,unable_to_verify_identity,True,0.7798,unable_to_verify_identity,0.7798,why_verify_identity,0.1602,verify_my_identity,0.036
What do i need to verify my id?,unable_to_verify_identity,verify_my_identity,False,0.9162,verify_my_identity,0.9162,unable_to_verify_identity,0.0619,why_verify_identity,0.0168
"I tried verifying my ID, but it won't let me.",unable_to_verify_identity,unable_to_verify_identity,True,0.9181,unable_to_verify_identity,0.9181,verify_my_identity,0.0276,why_verify_identity,0.0194
How do I show this stupid system that this is really my identity?,unable_to_verify_identity,unable_to_verify_identity,True,0.5473,unable_to_verify_identity,0.5473,why_verify_identity,0.2155,verify_my_identity,0.1702
I am experiencing difficulty providing my identity.,unable_to_verify_identity,unable_to_verify_identity,True,0.9185,unable_to_verify_identity,0.9185,why_verify_identity,0.0498,verify_my_identity,0.017
I a having trouble proving my identity,unable_to_verify_identity,unable_to_verify_identity,True,0.9311,unable_to_verify_identity,0.9311,why_verify_identity,0.0314,verify_my_identity,0.0197
How long will it take for my ID to verify?,unable_to_verify_identity,unable_to_verify_identity,True,0.8961,unable_to_verify_identity,0.8961,verify_my_identity,0.0545,why_verify_identity,0.0323
Why am I not able to verify my id?,unable_to_verify_identity,unable_to_verify_identity,True,0.9494,unable_to_verify_identity,0.9494,why_verify_identity,0.0208,verify_my_identity,0.0174
It doesn't let me verify my identity.,unable_to_verify_identity,unable_to_verify_identity,True,0.8436,unable_to_verify_identity,0.8436,why_verify_identity,0.1123,verify_my_identity,0.0229
app doesnt think its me,unable_to_verify_identity,unable_to_verify_identity,True,0.9199,unable_to_verify_identity,0.9199,card_not_working,0.0142,transfer_not_received_by_recipient,0.0096
Why am I having trouble verifying my id?,unable_to_verify_identity,unable_to_verify_identity,True,0.9651,unable_to_verify_identity,0.9651,why_verify_identity,0.0172,verify_my_identity,0.0105
I am having issues with identity verification,unable_to_verify_identity,unable_to_verify_identity,True,0.5467,unable_to_verify_identity,0.5467,verify_my_identity,0.2644,why_verify_identity,0.1709
The app won't let me log in as myself.,unable_to_verify_identity,unable_to_verify_identity,True,0.5052,unable_to_verify_identity,0.5052,passcode_forgotten,0.2924,lost_or_stolen_phone,0.0384
Why can't I verify my identity?,unable_to_verify_identity,unable_to_verify_identity,True,0.8459,unable_to_verify_identity,0.8459,why_verify_identity,0.1287,verify_my_identity,0.0165
Why can't I verify my id?,unable_to_verify_identity,unable_to_verify_identity,True,0.9407,unable_to_verify_identity,0.9407,why_verify_identity,0.0241,verify_my_identity,0.0203
for some reason I am having a problem with verifying my identity.,unable_to_verify_identity,unable_to_verify_identity,True,0.87,unable_to_verify_identity,0.87,why_verify_identity,0.0876,verify_my_identity,0.0354
What do I do with my card PIN?,get_physical_card,get_physical_card,True,0.5336,get_physical_card,0.5336,pin_blocked,0.2189,change_pin,0.1103
Is the PIN delivered separately?,get_physical_card,get_physical_card,True,0.9787,get_physical_card,0.9787,change_pin,0.0058,pin_blocked,0.0039
I do not have my pin,get_physical_card,get_physical_card,True,0.8019,get_physical_card,0.8019,pin_blocked,0.1402,change_pin,0.0411
Are PIN separately?,get_physical_card,get_physical_card,True,0.9258,get_physical_card,0.9258,change_pin,0.0431,pin_blocked,0.0178
I cannot seem to find my PIN. Where is it?,get_physical_card,get_physical_card,True,0.9675,get_physical_card,0.9675,pin_blocked,0.0233,change_pin,0.0054
How do I set-up my PIN for the new card?,get_physical_card,get_physical_card,True,0.4751,get_physical_card,0.4751,change_pin,0.2998,card_linking,0.1027
How do I find my card PIN?,get_physical_card,get_physical_card,True,0.9437,get_physical_card,0.9437,pin_blocked,0.0194,card_linking,0.0096
is my card PIN saved in the app,get_physical_card,get_physical_card,True,0.5437,get_physical_card,0.5437,card_linking,0.3092,cash_withdrawal_not_recognised,0.0353
I don't know where to look to find my PIN.,get_physical_card,get_physical_card,True,0.9547,get_physical_card,0.9547,pin_blocked,0.0211,change_pin,0.0208
where in the app can i find out about my new pin,get_physical_card,get_physical_card,True,0.9003,get_physical_card,0.9003,change_pin,0.0508,card_linking,0.0295
Where in the app can I find my PIN?,get_physical_card,get_physical_card,True,0.9491,get_physical_card,0.9491,card_linking,0.0241,change_pin,0.0074
I just got my new card but am not sure how to check its PIN.,get_physical_card,get_physical_card,True,0.859,get_physical_card,0.859,change_pin,0.0264,card_linking,0.0214
do i need a pin,get_physical_card,get_physical_card,True,0.9665,get_physical_card,0.9665,pin_blocked,0.017,change_pin,0.0085
"If I need a PIN for my card, where is it located?",get_physical_card,get_physical_card,True,0.9599,get_physical_card,0.9599,order_physical_card,0.0068,pin_blocked,0.0065
what is my card PIN,get_physical_card,get_physical_card,True,0.9151,get_physical_card,0.9151,pin_blocked,0.0457,change_pin,0.012
And what about the Card's PIN?,get_physical_card,get_physical_card,True,0.793,get_physical_card,0.793,pin_blocked,0.0633,change_pin,0.0335
About this card PIN?,get_physical_card,get_physical_card,True,0.9544,get_physical_card,0.9544,pin_blocked,0.0113,change_pin,0.0113
I received my card but not my PIN.,get_physical_card,get_physical_card,True,0.7743,get_physical_card,0.7743,card_arrival,0.0652,pin_blocked,0.0458
Why can't I see my PIN?,get_physical_card,get_physical_card,True,0.7617,get_physical_card,0.7617,pin_blocked,0.1999,card_not_working,0.0121
what is the process for setting up a pin,get_physical_card,get_physical_card,True,0.8845,get_physical_card,0.8845,change_pin,0.0872,pin_blocked,0.0185
Does my PIN come with my card?,get_physical_card,get_physical_card,True,0.9518,get_physical_card,0.9518,order_physical_card,0.0101,pin_blocked,0.0059
Where can I find the card PIN?,get_physical_card,get_physical_card,True,0.9465,get_physical_card,0.9465,pin_blocked,0.0144,card_linking,0.0075
Why isn't my PIN available yet?,get_physical_card,get_physical_card,True,0.9153,get_physical_card,0.9153,pin_blocked,0.0472,change_pin,0.0098
Is my PIN located on my account somewhere?,get_physical_card,get_physical_card,True,0.9516,get_physical_card,0.9516,pin_blocked,0.0169,change_pin,0.012
"Please help in finding my card PIN, thank you!",get_physical_card,get_physical_card,True,0.9098,get_physical_card,0.9098,pin_blocked,0.0342,change_pin,0.0123
Where is my PIN number located?,get_physical_card,get_physical_card,True,0.9151,get_physical_card,0.9151,pin_blocked,0.0575,change_pin,0.0191
I still don't have my pin.,get_physical_card,get_physical_card,True,0.6318,get_physical_card,0.6318,pin_blocked,0.2875,change_pin,0.0428
So what about the card PIN?,get_physical_card,get_physical_card,True,0.8834,get_physical_card,0.8834,change_pin,0.035,pin_blocked,0.0333
I cannot locate the card PIN.,get_physical_card,get_physical_card,True,0.9388,get_physical_card,0.9388,pin_blocked,0.0198,card_linking,0.0118
I need my PIN,get_physical_card,get_physical_card,True,0.7177,get_physical_card,0.7177,pin_blocked,0.2346,change_pin,0.0328
Where can I find my PIN?,get_physical_card,get_physical_card,True,0.9656,get_physical_card,0.9656,pin_blocked,0.0179,change_pin,0.0127
When do I receive my PIN,get_physical_card,get_physical_card,True,0.9798,get_physical_card,0.9798,card_delivery_estimate,0.0116,change_pin,0.0019
Help me find my card pin!,get_physical_card,get_physical_card,True,0.8983,get_physical_card,0.8983,pin_blocked,0.038,lost_or_stolen_card,0.0211
Is PIN delivered separately?,get_physical_card,get_physical_card,True,0.9772,get_physical_card,0.9772,change_pin,0.0073,pin_blocked,0.0036
I can not find my card pin.,get_physical_card,get_physical_card,True,0.8746,get_physical_card,0.8746,pin_blocked,0.0563,lost_or_stolen_card,0.0151
What do I need to do for a PIN?,get_physical_card,get_physical_card,True,0.7228,get_physical_card,0.7228,pin_blocked,0.1506,change_pin,0.1154
Why can't I find my PIN?,get_physical_card,get_physical_card,True,0.8568,get_physical_card,0.8568,pin_blocked,0.1242,declined_cash_withdrawal,0.0051
Where is the card PIN?,get_physical_card,get_physical_card,True,0.9632,get_physical_card,0.9632,pin_blocked,0.01,card_linking,0.0048
What is my card's PIN?,get_physical_card,get_physical_card,True,0.9178,get_physical_card,0.9178,pin_blocked,0.0428,change_pin,0.0071
where can user find pin?,get_physical_card,get_physical_card,True,0.9656,get_physical_card,0.9656,pin_blocked,0.0188,change_pin,0.0087
I like to Mastercard rather than Visa.,visa_or_mastercard,visa_or_mastercard,True,0.9979,visa_or_mastercard,0.9979,supported_cards_and_currencies,0.0006,card_acceptance,0.0005
Do I qualify for a visa card?,visa_or_mastercard,visa_or_mastercard,True,0.9355,visa_or_mastercard,0.9355,country_support,0.0436,card_acceptance,0.0053
How do I get a visa card?,visa_or_mastercard,visa_or_mastercard,True,0.8844,visa_or_mastercard,0.8844,order_physical_card,0.036,country_support,0.0304
Do you guys accept Visa or Mastercard?,visa_or_mastercard,visa_or_mastercard,True,0.8406,visa_or_mastercard,0.8406,supported_cards_and_currencies,0.1391,card_acceptance,0.014
Are both Visa and Mastercard accepted?,visa_or_mastercard,visa_or_mastercard,True,0.9839,visa_or_mastercard,0.9839,supported_cards_and_currencies,0.0104,card_acceptance,0.0034
Do you guys accept mastercard or visa?,visa_or_mastercard,visa_or_mastercard,True,0.8619,visa_or_mastercard,0.8619,supported_cards_and_currencies,0.1199,card_acceptance,0.0127
Are both Visa and Mastercard offered?,visa_or_mastercard,visa_or_mastercard,True,0.995,visa_or_mastercard,0.995,supported_cards_and_currencies,0.0023,card_acceptance,0.0006
Can you give me a visa?,visa_or_mastercard,visa_or_mastercard,True,0.9441,visa_or_mastercard,0.9441,country_support,0.014,receiving_money,0.0065
How to decide if I get a Visa or Mastercard?,visa_or_mastercard,visa_or_mastercard,True,0.9983,visa_or_mastercard,0.9983,supported_cards_and_currencies,0.0007,atm_support,0.0003
Can I get a mastercard?,visa_or_mastercard,visa_or_mastercard,True,0.9228,visa_or_mastercard,0.9228,order_physical_card,0.0219,card_acceptance,0.0096
What steps must I follow to get a Visa credit card?,visa_or_mastercard,visa_or_mastercard,True,0.7977,visa_or_mastercard,0.7977,supported_cards_and_currencies,0.043,topping_up_by_card,0.0157
I'd rather get a Mastercard,visa_or_mastercard,visa_or_mastercard,True,0.9826,visa_or_mastercard,0.9826,getting_spare_card,0.0028,supported_cards_and_currencies,0.0023
Do I get a choice between Visa and Mastercard?,visa_or_mastercard,visa_or_mastercard,True,0.9981,visa_or_mastercard,0.9981,supported_cards_and_currencies,0.0012,card_acceptance,0.0003
What do I have to do to get a Visa credit card?,visa_or_mastercard,visa_or_mastercard,True,0.8919,visa_or_mastercard,0.8919,topping_up_by_card,0.0184,order_physical_card,0.0155
I would prefer a visa card,visa_or_mastercard,visa_or_mastercard,True,0.9736,visa_or_mastercard,0.9736,country_support,0.0067,supported_cards_and_currencies,0.0037
May I choose between Visa and Mastercard?,visa_or_mastercard,visa_or_mastercard,True,0.9976,visa_or_mastercard,0.9976,supported_cards_and_currencies,0.0016,card_acceptance,0.0003
Am I allowed to use any card to make a payment?,visa_or_mastercard,card_acceptance,False,0.3376,card_acceptance,0.3376,supported_cards_and_currencies,0.2953,declined_card_payment,0.0967
What are the available cards?,visa_or_mastercard,getting_spare_card,False,0.3476,getting_spare_card,0.3476,visa_or_mastercard,0.2138,order_physical_card,0.209
I want to get Visa and Mastercard,visa_or_mastercard,visa_or_mastercard,True,0.9946,visa_or_mastercard,0.9946,atm_support,0.001,supported_cards_and_currencies,0.0009
Am I able to choose my card?,visa_or_mastercard,visa_or_mastercard,True,0.6231,visa_or_mastercard,0.6231,card_acceptance,0.0597,getting_spare_card,0.0413
are both visa and mastercard available to me?,visa_or_mastercard,visa_or_mastercard,True,0.9915,visa_or_mastercard,0.9915,supported_cards_and_currencies,0.0024,card_acceptance,0.0015
Do you do Visa or Mastercard?,visa_or_mastercard,visa_or_mastercard,True,0.9699,visa_or_mastercard,0.9699,supported_cards_and_currencies,0.0183,card_acceptance,0.005
How do I select a Mastercard instead of a Visa?,visa_or_mastercard,visa_or_mastercard,True,0.9964,visa_or_mastercard,0.9964,supported_cards_and_currencies,0.0016,atm_support,0.0004
I would like to apply for a visa card.,visa_or_mastercard,visa_or_mastercard,True,0.9283,visa_or_mastercard,0.9283,country_support,0.0367,order_physical_card,0.0053
Do I get to choose between Visa and Mastercard?,visa_or_mastercard,visa_or_mastercard,True,0.9982,visa_or_mastercard,0.9982,supported_cards_and_currencies,0.0011,card_acceptance,0.0003
We need both a visa and a Mastercard.,visa_or_mastercard,visa_or_mastercard,True,0.9791,visa_or_mastercard,0.9791,supported_cards_and_currencies,0.0123,getting_spare_card,0.0016
Hello. Can you tell me if you use Visa or Mastercard?,visa_or_mastercard,visa_or_mastercard,True,0.9683,visa_or_mastercard,0.9683,supported_cards_and_currencies,0.0159,card_acceptance,0.007
I'd like more information about choosing a Visa or Mastercard.,visa_or_mastercard,visa_or_mastercard,True,0.9951,visa_or_mastercard,0.9951,supported_cards_and_currencies,0.0027,atm_support,0.0006
Do you have Visa or Matercard?,visa_or_mastercard,visa_or_mastercard,True,0.9667,visa_or_mastercard,0.9667,country_support,0.0086,supported_cards_and_currencies,0.0061
Is it possible to have both a Visa and a Mastercard from you?,visa_or_mastercard,visa_or_mastercard,True,0.9923,visa_or_mastercard,0.9923,supported_cards_and_currencies,0.0026,getting_spare_card,0.0014
I like Mastercard better.,visa_or_mastercard,visa_or_mastercard,True,0.9506,visa_or_mastercard,0.9506,supported_cards_and_currencies,0.0156,atm_support,0.0057
Do you offer Visa or Mastercard?,visa_or_mastercard,visa_or_mastercard,True,0.9771,visa_or_mastercard,0.9771,supported_cards_and_currencies,0.0162,card_acceptance,0.0024
I would rather the Mastercard.,visa_or_mastercard,visa_or_mastercard,True,0.9621,visa_or_mastercard,0.9621,card_acceptance,0.0069,supported_cards_and_currencies,0.006
Please give me both a visa and a master card.,visa_or_mastercard,visa_or_mastercard,True,0.9901,visa_or_mastercard,0.9901,supported_cards_and_currencies,0.0062,country_support,0.0007
Is it possible to receive a Visa and a MasterCard?,visa_or_mastercard,visa_or_mastercard,True,0.9893,visa_or_mastercard,0.9893,supported_cards_and_currencies,0.003,country_support,0.0012
What major card payments are accepted?,visa_or_mastercard,supported_cards_and_currencies,False,0.6267,supported_cards_and_currencies,0.6267,card_acceptance,0.2374,visa_or_mastercard,0.033
Is Visa or Mastercard available?,visa_or_mastercard,visa_or_mastercard,True,0.9758,visa_or_mastercard,0.9758,card_acceptance,0.0108,supported_cards_and_currencies,0.0027
Can you let me know if Visa is among the card scheme assignments?,visa_or_mastercard,visa_or_mastercard,True,0.9315,visa_or_mastercard,0.9315,card_acceptance,0.0263,disposable_card_limits,0.0031
Do you use Mastercard or Visa?,visa_or_mastercard,visa_or_mastercard,True,0.9667,visa_or_mastercard,0.9667,supported_cards_and_currencies,0.0202,card_acceptance,0.0075
Is it possible to get a Visa here?,visa_or_mastercard,visa_or_mastercard,True,0.827,visa_or_mastercard,0.827,country_support,0.0937,receiving_money,0.0245
How can I top up my account with a card?,topping_up_by_card,topping_up_by_card,True,0.7334,topping_up_by_card,0.7334,supported_cards_and_currencies,0.1166,top_up_by_cash_or_cheque,0.0476
WHERE IS MY MONEY I WAS USING MY CARD AND IT DISAPPEARED,topping_up_by_card,topping_up_by_card,True,0.4717,topping_up_by_card,0.4717,cash_withdrawal_not_recognised,0.1885,lost_or_stolen_card,0.0643
How can I top up by card?,topping_up_by_card,topping_up_by_card,True,0.7623,topping_up_by_card,0.7623,supported_cards_and_currencies,0.071,top_up_failed,0.0372
What is the process for using my credit card to transfer money?,topping_up_by_card,topping_up_by_card,True,0.777,topping_up_by_card,0.777,transfer_into_account,0.1127,get_disposable_virtual_card,0.0114
How do I top up my card using your app? I'm new to this.,topping_up_by_card,topping_up_by_card,True,0.564,topping_up_by_card,0.564,top_up_failed,0.1636,apple_pay_or_google_pay,0.0858
Can friends add to my account,topping_up_by_card,topping_up_by_card,True,0.5603,topping_up_by_card,0.5603,receiving_money,0.0866,age_limit,0.0663
Can I top up using my car?,topping_up_by_card,topping_up_by_card,True,0.4352,topping_up_by_card,0.4352,top_up_limits,0.1305,automatic_top_up,0.1126
Why can't I see my topup in my wallet anymore?,topping_up_by_card,topping_up_by_card,True,0.7789,topping_up_by_card,0.7789,top_up_failed,0.0694,top_up_reverted,0.0679
Use credit card to transfer money,topping_up_by_card,topping_up_by_card,True,0.8239,topping_up_by_card,0.8239,supported_cards_and_currencies,0.0365,transfer_into_account,0.0321
How do my friends top up my account,topping_up_by_card,topping_up_by_card,True,0.98,topping_up_by_card,0.98,transfer_into_account,0.0032,top_up_by_cash_or_cheque,0.0027
"I followed the instructions to transfer money using my card, but then the money disappeared and I don't know what happened.",topping_up_by_card,topping_up_by_card,True,0.5685,topping_up_by_card,0.5685,cash_withdrawal_not_recognised,0.1246,lost_or_stolen_card,0.0397
Where's the money that got charged to my card? It's not showing up in my account balance,topping_up_by_card,topping_up_by_card,True,0.1945,topping_up_by_card,0.1945,card_payment_not_recognised,0.1284,balance_not_updated_after_bank_transfer,0.1261
how can i top up?,topping_up_by_card,topping_up_by_card,True,0.2639,topping_up_by_card,0.2639,top_up_limits,0.1919,top_up_by_cash_or_cheque,0.1783
"I am missing some funds from my account - I tried to transfer them using my credit card number, and it disappeared.",topping_up_by_card,topping_up_by_card,True,0.5037,topping_up_by_card,0.5037,cash_withdrawal_not_recognised,0.1567,balance_not_updated_after_bank_transfer,0.0822
I have friends that would like to top-up my account is that possible?,topping_up_by_card,topping_up_by_card,True,0.9676,topping_up_by_card,0.9676,top_up_by_cash_or_cheque,0.0059,transfer_into_account,0.005
How do I transfer money using a credit card?,topping_up_by_card,topping_up_by_card,True,0.858,topping_up_by_card,0.858,transfer_into_account,0.0689,supported_cards_and_currencies,0.0201
Can I give my friends access to my account so they can top it up for me?,topping_up_by_card,topping_up_by_card,True,0.9252,topping_up_by_card,0.9252,receiving_money,0.0252,why_verify_identity,0.0065
"I did a top-up, but I'm not seeing it in my wallet yet.",topping_up_by_card,topping_up_by_card,True,0.4852,topping_up_by_card,0.4852,pending_top_up,0.4092,top_up_failed,0.0361
"i know i entered the right info, but my top up isn't in my balance",topping_up_by_card,pending_top_up,False,0.2289,pending_top_up,0.2289,topping_up_by_card,0.2262,top_up_reverted,0.1912
Will my friend be able to top off my account?,topping_up_by_card,topping_up_by_card,True,0.8679,topping_up_by_card,0.8679,receiving_money,0.0249,terminate_account,0.016
Is there a way to transfer funds directly from my card?,topping_up_by_card,topping_up_by_card,True,0.5824,topping_up_by_card,0.5824,transfer_into_account,0.1903,supported_cards_and_currencies,0.0312
Why isn't my top up showing on my wallet?,topping_up_by_card,topping_up_by_card,True,0.8692,topping_up_by_card,0.8692,top_up_reverted,0.042,pending_top_up,0.0397
"I tried to top up using my card, but now the money just disappeared!",topping_up_by_card,topping_up_by_card,True,0.8511,topping_up_by_card,0.8511,top_up_failed,0.0547,top_up_reverted,0.0514
Help me transfer money to my credit card.,topping_up_by_card,topping_up_by_card,True,0.8032,topping_up_by_card,0.8032,transfer_into_account,0.0436,supported_cards_and_currencies,0.0258
I tried to use my card to top up but all of the money has disappeared.,topping_up_by_card,topping_up_by_card,True,0.9199,topping_up_by_card,0.9199,top_up_failed,0.0334,top_up_reverted,0.0216
Is it possible to use my credit card to transfer money?,topping_up_by_card,topping_up_by_card,True,0.8466,topping_up_by_card,0.8466,transfer_into_account,0.0495,receiving_money,0.022
How can someone add money to my account?,topping_up_by_card,transfer_into_account,False,0.3238,transfer_into_account,0.3238,topping_up_by_card,0.1795,top_up_by_cash_or_cheque,0.1433
Cannot access my top up.,topping_up_by_card,top_up_failed,False,0.5283,top_up_failed,0.5283,top_up_reverted,0.2227,pending_top_up,0.1744
Are my friends able to add funds to my account?,topping_up_by_card,topping_up_by_card,True,0.6089,topping_up_by_card,0.6089,receiving_money,0.109,verify_source_of_funds,0.063
Can I transfer money to my credit card?,topping_up_by_card,topping_up_by_card,True,0.8653,topping_up_by_card,0.8653,transfer_into_account,0.0407,supported_cards_and_currencies,0.0185
Who else can top up my account,topping_up_by_card,topping_up_by_card,True,0.519,topping_up_by_card,0.519,top_up_by_cash_or_cheque,0.1733,supported_cards_and_currencies,0.0659
Why is my money gone right when I attempted to top up,topping_up_by_card,top_up_reverted,False,0.7479,top_up_reverted,0.7479,top_up_failed,0.1684,topping_up_by_card,0.0517
How do i transfer money using my credit card?,topping_up_by_card,topping_up_by_card,True,0.8687,topping_up_by_card,0.8687,transfer_into_account,0.0717,supported_cards_and_currencies,0.0165
My friends want to top up my account,topping_up_by_card,topping_up_by_card,True,0.9456,topping_up_by_card,0.9456,top_up_by_cash_or_cheque,0.0179,transfer_into_account,0.0098
Who can top up my accounts?,topping_up_by_card,topping_up_by_card,True,0.2967,topping_up_by_card,0.2967,top_up_by_cash_or_cheque,0.272,supported_cards_and_currencies,0.1048
show me how to top up with my card,topping_up_by_card,topping_up_by_card,True,0.831,topping_up_by_card,0.831,top_up_failed,0.0639,supported_cards_and_currencies,0.0276
I topped up my card but the money disappeared.,topping_up_by_card,topping_up_by_card,True,0.9092,topping_up_by_card,0.9092,top_up_reverted,0.0289,card_swallowed,0.0131
Why don't I see my top up in my wallet?,topping_up_by_card,topping_up_by_card,True,0.9499,topping_up_by_card,0.9499,pending_top_up,0.017,top_up_failed,0.0127
Why can't I see the top-up amount I just added to my account?,topping_up_by_card,top_up_reverted,False,0.3747,top_up_reverted,0.3747,pending_top_up,0.2884,topping_up_by_card,0.1996
Are my friends able to top up my account?,topping_up_by_card,topping_up_by_card,True,0.9726,topping_up_by_card,0.9726,top_up_limits,0.0057,automatic_top_up,0.0024
How can i get multiple disposble cards.,disposable_card_limits,disposable_card_limits,True,0.54,disposable_card_limits,0.54,getting_spare_card,0.3162,get_disposable_virtual_card,0.0876
Can I make many disposable cards per day?,disposable_card_limits,disposable_card_limits,True,0.9853,disposable_card_limits,0.9853,get_disposable_virtual_card,0.005,getting_spare_card,0.0036
"I need to use my disposable card multiple times a day, is there a cutoff limit?",disposable_card_limits,disposable_card_limits,True,0.9791,disposable_card_limits,0.9791,top_up_limits,0.0092,get_disposable_virtual_card,0.0024
How do I make more than one disposable card in a day?,disposable_card_limits,disposable_card_limits,True,0.9529,disposable_card_limits,0.9529,get_disposable_virtual_card,0.0244,getting_spare_card,0.0091
Can I have more than one disposable card?,disposable_card_limits,disposable_card_limits,True,0.8386,disposable_card_limits,0.8386,getting_spare_card,0.1028,get_disposable_virtual_card,0.0408
what is the disposable cards limit?,disposable_card_limits,disposable_card_limits,True,0.9903,disposable_card_limits,0.9903,top_up_limits,0.0047,get_disposable_virtual_card,0.001
What's the most disposable cards I can have?,disposable_card_limits,disposable_card_limits,True,0.9142,disposable_card_limits,0.9142,get_disposable_virtual_card,0.0562,visa_or_mastercard,0.0103
Do these virtual cards have any caps on using them?,disposable_card_limits,getting_virtual_card,False,0.466,getting_virtual_card,0.466,get_disposable_virtual_card,0.2184,disposable_card_limits,0.0344
How many disposable cards can I have?,disposable_card_limits,disposable_card_limits,True,0.973,disposable_card_limits,0.973,getting_spare_card,0.0206,top_up_limits,0.0021
What is the amount of disposable cards I can have each day?,disposable_card_limits,disposable_card_limits,True,0.9718,disposable_card_limits,0.9718,top_up_limits,0.0115,get_disposable_virtual_card,0.0054
How many disposable cards per day am I allowed to have?,disposable_card_limits,disposable_card_limits,True,0.9798,disposable_card_limits,0.9798,top_up_limits,0.0118,getting_spare_card,0.0044
How many card payments can I use on a disposable card?,disposable_card_limits,disposable_card_limits,True,0.9653,disposable_card_limits,0.9653,getting_spare_card,0.0083,get_disposable_virtual_card,0.0045
What if I need multiple disposable cards?,disposable_card_limits,disposable_card_limits,True,0.8665,disposable_card_limits,0.8665,get_disposable_virtual_card,0.0959,getting_spare_card,0.0293
"If I have more than one disposable card, can I make five payments on each of them?",disposable_card_limits,disposable_card_limits,True,0.8216,disposable_card_limits,0.8216,getting_spare_card,0.1044,transaction_charged_twice,0.0181
Are you able to explain the restrictions of the disposable cards?,disposable_card_limits,disposable_card_limits,True,0.9765,disposable_card_limits,0.9765,get_disposable_virtual_card,0.016,card_not_working,0.0011
What is the maximum number of transactions I can make with one card?,disposable_card_limits,disposable_card_limits,True,0.649,disposable_card_limits,0.649,getting_spare_card,0.1682,top_up_limits,0.1208
What is the limit to number of transactions I can do with a disposable card?,disposable_card_limits,disposable_card_limits,True,0.986,disposable_card_limits,0.986,top_up_limits,0.0073,getting_spare_card,0.0011
How many disposable cards is the limit?,disposable_card_limits,disposable_card_limits,True,0.9845,disposable_card_limits,0.9845,top_up_limits,0.0063,getting_spare_card,0.0061
Tell me how many transactions I can do with a disposable card.,disposable_card_limits,disposable_card_limits,True,0.9754,disposable_card_limits,0.9754,get_disposable_virtual_card,0.0084,top_up_limits,0.0041
I have to have several disposable cards per day.,disposable_card_limits,disposable_card_limits,True,0.9542,disposable_card_limits,0.9542,get_disposable_virtual_card,0.0344,getting_spare_card,0.0026
I would like to know any restrictions for the disposable cards.,disposable_card_limits,disposable_card_limits,True,0.9894,disposable_card_limits,0.9894,get_disposable_virtual_card,0.0035,card_acceptance,0.0009
How can I create many temporary cards daily?,disposable_card_limits,disposable_card_limits,True,0.7914,disposable_card_limits,0.7914,getting_spare_card,0.076,get_disposable_virtual_card,0.0315
Is it possible to make several disposable cards in a day?,disposable_card_limits,disposable_card_limits,True,0.9631,disposable_card_limits,0.9631,get_disposable_virtual_card,0.0238,getting_spare_card,0.0044
How many disposable cards can I make in a single day?,disposable_card_limits,disposable_card_limits,True,0.9801,disposable_card_limits,0.9801,top_up_limits,0.0127,getting_spare_card,0.0035
Is there a limit to how many transactions I can make on one disposable card?,disposable_card_limits,disposable_card_limits,True,0.9793,disposable_card_limits,0.9793,top_up_limits,0.0132,getting_spare_card,0.0035
Are there any limits to how many disposable cards I can use?,disposable_card_limits,disposable_card_limits,True,0.9851,disposable_card_limits,0.9851,getting_spare_card,0.0091,top_up_limits,0.0045
Can you explain the virtual cards limit?,disposable_card_limits,disposable_card_limits,True,0.8339,disposable_card_limits,0.8339,getting_virtual_card,0.0838,getting_spare_card,0.0214
How many disposable virtual cards can I have?,disposable_card_limits,disposable_card_limits,True,0.9747,disposable_card_limits,0.9747,get_disposable_virtual_card,0.01,getting_spare_card,0.01
I need to create several disposable cards per day.,disposable_card_limits,disposable_card_limits,True,0.9601,disposable_card_limits,0.9601,get_disposable_virtual_card,0.0318,getting_spare_card,0.0023
Are there any hindrances to using a disposable virtual card?,disposable_card_limits,disposable_card_limits,True,0.5352,disposable_card_limits,0.5352,get_disposable_virtual_card,0.3932,virtual_card_not_working,0.0598
How many disposable cards can I own?,disposable_card_limits,disposable_card_limits,True,0.9593,disposable_card_limits,0.9593,getting_spare_card,0.03,get_disposable_virtual_card,0.0031
How many virtual cards do I get?,disposable_card_limits,getting_virtual_card,False,0.8168,getting_virtual_card,0.8168,getting_spare_card,0.0907,disposable_card_limits,0.0715
What is the limit to disposable cards you can have?,disposable_card_limits,disposable_card_limits,True,0.9926,disposable_card_limits,0.9926,top_up_limits,0.003,getting_spare_card,0.001
How many times can I use a disposable card?,disposable_card_limits,disposable_card_limits,True,0.9676,disposable_card_limits,0.9676,get_disposable_virtual_card,0.0116,transaction_charged_twice,0.0073
What can I use a virtual disposable card for?,disposable_card_limits,get_disposable_virtual_card,False,0.9685,get_disposable_virtual_card,0.9685,disposable_card_limits,0.0269,virtual_card_not_working,0.0036
Do you know what the restriction of the disposable cards are?,disposable_card_limits,disposable_card_limits,True,0.9829,disposable_card_limits,0.9829,get_disposable_virtual_card,0.0065,card_acceptance,0.0013
What are the limits for disposable virtual cards?,disposable_card_limits,disposable_card_limits,True,0.987,disposable_card_limits,0.987,get_disposable_virtual_card,0.01,virtual_card_not_working,0.0017
What are the limits to using disposable virtual cards?,disposable_card_limits,disposable_card_limits,True,0.9756,disposable_card_limits,0.9756,get_disposable_virtual_card,0.0194,virtual_card_not_working,0.0036
How many transactions can I do with one disposable card?,disposable_card_limits,disposable_card_limits,True,0.9823,disposable_card_limits,0.9823,getting_spare_card,0.0051,top_up_limits,0.0035
How many times can I use the disposable virtual card I have?,disposable_card_limits,disposable_card_limits,True,0.9215,disposable_card_limits,0.9215,get_disposable_virtual_card,0.0468,virtual_card_not_working,0.0153
I think someone is using my card to make transactions I don't remember.,compromised_card,compromised_card,True,0.9371,compromised_card,0.9371,card_payment_not_recognised,0.0302,cash_withdrawal_not_recognised,0.0129
someone is using my account,compromised_card,compromised_card,True,0.752,compromised_card,0.752,cash_withdrawal_not_recognised,0.1044,why_verify_identity,0.0548
Someone I don't know has used my card without permission.,compromised_card,compromised_card,True,0.8718,compromised_card,0.8718,lost_or_stolen_card,0.0436,cash_withdrawal_not_recognised,0.0356
My card was used without my permission.,compromised_card,compromised_card,True,0.3847,compromised_card,0.3847,lost_or_stolen_card,0.0996,cash_withdrawal_not_recognised,0.0824
Can I freeze my card right now?,compromised_card,lost_or_stolen_card,False,0.2288,lost_or_stolen_card,0.2288,card_not_working,0.2162,card_delivery_estimate,0.1312
Freeze my account it's been hacked.,compromised_card,compromised_card,True,0.3574,compromised_card,0.3574,terminate_account,0.278,passcode_forgotten,0.1123
"There are transactions I didn't make, someone else must have used my card.",compromised_card,compromised_card,True,0.7364,compromised_card,0.7364,cash_withdrawal_not_recognised,0.1177,card_payment_not_recognised,0.0666
Can you freeze my card because someone used it while I was out of town. I did not make these purchases.,compromised_card,compromised_card,True,0.6122,compromised_card,0.6122,card_payment_not_recognised,0.1706,cash_withdrawal_not_recognised,0.0462
Someone is using my account to do online shopping! Please freeze it asap,compromised_card,compromised_card,True,0.7451,compromised_card,0.7451,terminate_account,0.1083,cash_withdrawal_not_recognised,0.0213
Someone else may be using my card.  There are transactions I don't recognize.,compromised_card,compromised_card,True,0.9309,compromised_card,0.9309,card_payment_not_recognised,0.0221,card_not_working,0.0133
What do I do to stop unauthorized transactions on my card? I was never in the place from which the transactions on my bill were made and I never made them. Please help!,compromised_card,compromised_card,True,0.9239,compromised_card,0.9239,card_payment_not_recognised,0.0288,cash_withdrawal_not_recognised,0.0227
What do I do if I think my card was improperly used?,compromised_card,compromised_card,True,0.7318,compromised_card,0.7318,card_not_working,0.0791,cash_withdrawal_not_recognised,0.0287
How can I stop fraud on my account right now?,compromised_card,compromised_card,True,0.3306,compromised_card,0.3306,terminate_account,0.1896,cash_withdrawal_not_recognised,0.1174
"I think my identity has been stolen, can you check on unauthorized charges?",compromised_card,compromised_card,True,0.224,compromised_card,0.224,verify_my_identity,0.1642,lost_or_stolen_phone,0.1241
I think someone else is using my card.  There are transactions I didn't make.,compromised_card,compromised_card,True,0.8942,compromised_card,0.8942,cash_withdrawal_not_recognised,0.0423,card_payment_not_recognised,0.0231
"I don't recognize some of the transactions on my card, I think someone must have gotten my card info and used it.",compromised_card,compromised_card,True,0.9047,compromised_card,0.9047,card_payment_not_recognised,0.0552,cash_withdrawal_not_recognised,0.0081
Can I use app to freeze account and dispute fraud?,compromised_card,cash_withdrawal_not_recognised,False,0.4871,cash_withdrawal_not_recognised,0.4871,direct_debit_payment_not_recognised,0.1019,compromised_card,0.0854
My card is being used online to make a bunch of purchases! Someone else is using it fraudulently. Can you help me freeze it?,compromised_card,compromised_card,True,0.9778,compromised_card,0.9778,card_payment_not_recognised,0.0077,cash_withdrawal_not_recognised,0.0034
"Someone has my card number, freeze my account.",compromised_card,compromised_card,True,0.8349,compromised_card,0.8349,lost_or_stolen_card,0.0968,cash_withdrawal_not_recognised,0.0281
"I see random purchases to my account, was it hacked?",compromised_card,compromised_card,True,0.7973,compromised_card,0.7973,card_payment_not_recognised,0.0987,cash_withdrawal_not_recognised,0.0262
It seems someone used my card! There are a few transactions from a small town in the middle of nowhere that I definitely have not made! Please prevent them from using it immediately!,compromised_card,compromised_card,True,0.9609,compromised_card,0.9609,cash_withdrawal_not_recognised,0.0185,lost_or_stolen_card,0.0042
How do I freeze my card using the app?,compromised_card,card_not_working,False,0.362,card_not_working,0.362,card_linking,0.1197,lost_or_stolen_card,0.0941
My card has been compromised,compromised_card,compromised_card,True,0.7733,compromised_card,0.7733,lost_or_stolen_card,0.0762,cash_withdrawal_not_recognised,0.0336
What should I do if I think that someone else may be using my card.,compromised_card,compromised_card,True,0.9754,compromised_card,0.9754,cash_withdrawal_not_recognised,0.0091,getting_spare_card,0.0022
"The transactions showing up are strange, I think my card was used without me knowing.",compromised_card,compromised_card,True,0.8165,compromised_card,0.8165,card_payment_not_recognised,0.0569,cash_withdrawal_not_recognised,0.0308
How do I freeze my account?,compromised_card,terminate_account,False,0.7307,terminate_account,0.7307,passcode_forgotten,0.0386,cancel_transfer,0.0277
"I'm not certain, but someone may be using my card.",compromised_card,compromised_card,True,0.8899,compromised_card,0.8899,cash_withdrawal_not_recognised,0.027,card_payment_not_recognised,0.01
How do I freeze my card? I think someone is using it to make a bunch of online transactions.,compromised_card,compromised_card,True,0.9458,compromised_card,0.9458,lost_or_stolen_card,0.0086,card_payment_not_recognised,0.0082
I think someone got my card details and used it because there are transactions i don't recognize. What do I do now?,compromised_card,compromised_card,True,0.9664,compromised_card,0.9664,card_payment_not_recognised,0.0148,cash_withdrawal_not_recognised,0.0047
Someone else used my card!,compromised_card,compromised_card,True,0.7966,compromised_card,0.7966,lost_or_stolen_card,0.0352,direct_debit_payment_not_recognised,0.0219
I believe someone is using my card without my agreement!,compromised_card,compromised_card,True,0.6981,compromised_card,0.6981,card_payment_not_recognised,0.101,cash_withdrawal_not_recognised,0.0468
"If I feel someone has my card information, can I get a new card?",compromised_card,compromised_card,True,0.4764,compromised_card,0.4764,getting_spare_card,0.1278,card_arrival,0.1257
"There are a few transaction that I don't recognize, I think someone managed to get my card details and use it.",compromised_card,compromised_card,True,0.6694,compromised_card,0.6694,card_payment_not_recognised,0.2043,cash_withdrawal_not_recognised,0.0435
I think someone has access to my card numbers that shouldn't.,compromised_card,compromised_card,True,0.7984,compromised_card,0.7984,lost_or_stolen_card,0.044,why_verify_identity,0.0221
I think my child used my card while I wasn't home.,compromised_card,age_limit,False,0.2475,age_limit,0.2475,compromised_card,0.0996,lost_or_stolen_phone,0.0978
What do I do if I think someone managed to get my card information?,compromised_card,compromised_card,True,0.9056,compromised_card,0.9056,lost_or_stolen_card,0.0185,card_payment_not_recognised,0.018
I think someone copied the numbers on my card and is using them.,compromised_card,compromised_card,True,0.8967,compromised_card,0.8967,verify_top_up,0.0323,cash_withdrawal_not_recognised,0.0138
What should I do if I think someone is using my card.,compromised_card,compromised_card,True,0.9674,compromised_card,0.9674,cash_withdrawal_not_recognised,0.0154,lost_or_stolen_card,0.0028
Can I use app to freeze my card and dispute fraud?,compromised_card,cash_withdrawal_not_recognised,False,0.2974,cash_withdrawal_not_recognised,0.2974,card_payment_not_recognised,0.2407,compromised_card,0.2104
"Someone else is using my card, freeze it.",compromised_card,compromised_card,True,0.937,compromised_card,0.937,lost_or_stolen_card,0.0159,cash_withdrawal_not_recognised,0.0123
Do all ATMs take this card?,atm_support,atm_support,True,0.9559,atm_support,0.9559,card_swallowed,0.0101,card_acceptance,0.0086
Which ATMs accept this card?,atm_support,atm_support,True,0.9777,atm_support,0.9777,supported_cards_and_currencies,0.011,card_acceptance,0.0049
Where is the closest Mastercard ATM?,atm_support,atm_support,True,0.9808,atm_support,0.9808,card_acceptance,0.0056,card_swallowed,0.0034
Is there a list of ATM machines?,atm_support,atm_support,True,0.9888,atm_support,0.9888,pending_cash_withdrawal,0.0019,disposable_card_limits,0.0011
Are there any specific ATMs that this card can be used at?,atm_support,atm_support,True,0.9828,atm_support,0.9828,card_acceptance,0.0063,supported_cards_and_currencies,0.0032
How do I know which ATMs will accept this card?,atm_support,atm_support,True,0.972,atm_support,0.972,supported_cards_and_currencies,0.0074,card_acceptance,0.0044
Which ATM's accept my card?,atm_support,atm_support,True,0.9458,atm_support,0.9458,supported_cards_and_currencies,0.0178,card_swallowed,0.0118
Is there any nearby ATM's?,atm_support,atm_support,True,0.9792,atm_support,0.9792,declined_cash_withdrawal,0.0024,pending_cash_withdrawal,0.0023
Where are the locations of ATMs that accept this card?,atm_support,atm_support,True,0.9695,atm_support,0.9695,card_acceptance,0.021,card_swallowed,0.0014
Which ATMs accept this placard ?,atm_support,atm_support,True,0.9547,atm_support,0.9547,change_pin,0.0059,supported_cards_and_currencies,0.0056
Help me locate the nearest ATM.,atm_support,atm_support,True,0.9762,atm_support,0.9762,card_swallowed,0.0039,wrong_amount_of_cash_received,0.0028
What ATMs is the card okay to use at?,atm_support,atm_support,True,0.9692,atm_support,0.9692,supported_cards_and_currencies,0.0077,card_acceptance,0.0046
How can I find the nearest ATM?,atm_support,atm_support,True,0.9685,atm_support,0.9685,wrong_amount_of_cash_received,0.0073,card_swallowed,0.0061
What kind of ATM's can I use?,atm_support,atm_support,True,0.9776,atm_support,0.9776,change_pin,0.0033,card_swallowed,0.003
How can I withdraw money?,atm_support,atm_support,True,0.4755,atm_support,0.4755,declined_cash_withdrawal,0.1996,cash_withdrawal_not_recognised,0.0898
How many miles away is the ATM?,atm_support,atm_support,True,0.8593,atm_support,0.8593,wrong_amount_of_cash_received,0.0284,wrong_exchange_rate_for_cash_withdrawal,0.0236
From where can I withdraw?,atm_support,atm_support,True,0.7572,atm_support,0.7572,cash_withdrawal_not_recognised,0.0959,cash_withdrawal_charge,0.0343
Which ATM's will accept my card?,atm_support,atm_support,True,0.9503,atm_support,0.9503,supported_cards_and_currencies,0.0215,card_swallowed,0.0068
At what ATMS am I able to use the card?,atm_support,atm_support,True,0.9495,atm_support,0.9495,declined_cash_withdrawal,0.0173,card_swallowed,0.0075
Can I use my card at any ATMs?,atm_support,atm_support,True,0.954,atm_support,0.954,card_acceptance,0.0092,declined_cash_withdrawal,0.008
Can I get cash with this card anywhere?,atm_support,card_acceptance,False,0.44,card_acceptance,0.44,atm_support,0.3518,order_physical_card,0.0644
"
Which ATMs accept this card?",atm_support,atm_support,True,0.9777,atm_support,0.9777,supported_cards_and_currencies,0.011,card_acceptance,0.0049
Can someone please assist me with finding my nearest ATM?,atm_support,atm_support,True,0.9088,atm_support,0.9088,card_swallowed,0.0186,declined_cash_withdrawal,0.0174
Are there any ATM machines near me?,atm_support,atm_support,True,0.9592,atm_support,0.9592,card_swallowed,0.0067,declined_cash_withdrawal,0.0053
Where is the nearest bank machine?,atm_support,atm_support,True,0.9508,atm_support,0.9508,verify_source_of_funds,0.0108,top_up_by_cash_or_cheque,0.0054
What type of ATMs accept this card?,atm_support,atm_support,True,0.9704,atm_support,0.9704,supported_cards_and_currencies,0.0141,card_acceptance,0.0053
Where can I use this card at an ATM?,atm_support,atm_support,True,0.9519,atm_support,0.9519,card_acceptance,0.0289,card_swallowed,0.0058
"If I have this card, which ATMs can I go to?",atm_support,atm_support,True,0.9856,atm_support,0.9856,card_swallowed,0.0041,card_acceptance,0.0023
What ATMs can I withdraw money from?,atm_support,atm_support,True,0.9946,atm_support,0.9946,declined_cash_withdrawal,0.0026,wrong_exchange_rate_for_cash_withdrawal,0.0007
"I want to withdraw money, where can I go?",atm_support,atm_support,True,0.8984,atm_support,0.8984,declined_cash_withdrawal,0.0517,cash_withdrawal_not_recognised,0.0112
Where can I withdrawal my money?,atm_support,atm_support,True,0.8641,atm_support,0.8641,cash_withdrawal_not_recognised,0.0462,declined_cash_withdrawal,0.0185
What are the ATMs that will accept this card?,atm_support,atm_support,True,0.9619,atm_support,0.9619,supported_cards_and_currencies,0.0196,card_acceptance,0.0091
What ATMs will accept this type of card?,atm_support,atm_support,True,0.9726,atm_support,0.9726,supported_cards_and_currencies,0.0143,card_acceptance,0.0037
Where can I find an ATM to use this card?,atm_support,atm_support,True,0.9694,atm_support,0.9694,card_acceptance,0.0089,card_swallowed,0.0067
At which ATMs can I use this card?,atm_support,atm_support,True,0.989,atm_support,0.989,card_acceptance,0.0036,supported_cards_and_currencies,0.0029
Are there certain ATMs that I can use this card at?,atm_support,atm_support,True,0.9786,atm_support,0.9786,supported_cards_and_currencies,0.0067,card_acceptance,0.0054
Do you know the closest ATM?,atm_support,atm_support,True,0.9917,atm_support,0.9917,top_up_by_cash_or_cheque,0.001,card_swallowed,0.0008
Can I use this card at an ATM?,atm_support,atm_support,True,0.9416,atm_support,0.9416,card_swallowed,0.0133,declined_cash_withdrawal,0.0086
Is there places where I can't withdraw money?,atm_support,atm_support,True,0.6376,atm_support,0.6376,declined_cash_withdrawal,0.2587,cash_withdrawal_not_recognised,0.0408
locations to withdraw money,atm_support,atm_support,True,0.9528,atm_support,0.9528,cash_withdrawal_not_recognised,0.0094,declined_cash_withdrawal,0.0071
Help me.  There is a Direct Debit that I didn't make.,direct_debit_payment_not_recognised,direct_debit_payment_not_recognised,True,0.995,direct_debit_payment_not_recognised,0.995,reverted_card_payment?,0.0008,extra_charge_on_statement,0.0003
There is a direct debit that's not mine.,direct_debit_payment_not_recognised,direct_debit_payment_not_recognised,True,0.9908,direct_debit_payment_not_recognised,0.9908,reverted_card_payment?,0.0013,extra_charge_on_statement,0.0006
I have a strange direct debit in my statement,direct_debit_payment_not_recognised,direct_debit_payment_not_recognised,True,0.9889,direct_debit_payment_not_recognised,0.9889,extra_charge_on_statement,0.0059,transaction_charged_twice,0.0018
I don't understand where this debit came from and want it removed.,direct_debit_payment_not_recognised,direct_debit_payment_not_recognised,True,0.9742,direct_debit_payment_not_recognised,0.9742,extra_charge_on_statement,0.0064,cash_withdrawal_not_recognised,0.0038
what is this charge on my account,direct_debit_payment_not_recognised,extra_charge_on_statement,False,0.8169,extra_charge_on_statement,0.8169,direct_debit_payment_not_recognised,0.0734,card_payment_fee_charged,0.0259
"im so mad right now. theres several charges that I think my x boyfriend made on my card. the companys on the website wouldn't refund me my money, they told me to contact my bank. DO something please.",direct_debit_payment_not_recognised,direct_debit_payment_not_recognised,True,0.2186,direct_debit_payment_not_recognised,0.2186,reverted_card_payment?,0.1131,transaction_charged_twice,0.1024
someone stole my money,direct_debit_payment_not_recognised,cash_withdrawal_not_recognised,False,0.4942,cash_withdrawal_not_recognised,0.4942,lost_or_stolen_phone,0.1704,card_payment_not_recognised,0.0426
There's a Direct Debit payment in my account that I didn't make,direct_debit_payment_not_recognised,direct_debit_payment_not_recognised,True,0.9767,direct_debit_payment_not_recognised,0.9767,card_payment_not_recognised,0.0082,reverted_card_payment?,0.0074
There's a debit on my account that I didn't do.,direct_debit_payment_not_recognised,direct_debit_payment_not_recognised,True,0.9397,direct_debit_payment_not_recognised,0.9397,cash_withdrawal_not_recognised,0.0225,card_payment_not_recognised,0.0098
I may have a fraud charge on my debit statement.,direct_debit_payment_not_recognised,direct_debit_payment_not_recognised,True,0.9835,direct_debit_payment_not_recognised,0.9835,extra_charge_on_statement,0.0053,transaction_charged_twice,0.0028
Why is there a direct debit payment on my app that is not from me?,direct_debit_payment_not_recognised,direct_debit_payment_not_recognised,True,0.948,direct_debit_payment_not_recognised,0.948,card_payment_not_recognised,0.0156,reverted_card_payment?,0.0124
Weird charges are appearing in my debit account.,direct_debit_payment_not_recognised,direct_debit_payment_not_recognised,True,0.8985,direct_debit_payment_not_recognised,0.8985,transaction_charged_twice,0.0436,extra_charge_on_statement,0.0334
"Even though it's late, I wanted to see about disputing a charge. I was just looking through my transactions over the past couple of months and noticed a pretty large amount that was not completed by me. Is this possibly something I can still do.",direct_debit_payment_not_recognised,direct_debit_payment_not_recognised,True,0.9702,direct_debit_payment_not_recognised,0.9702,extra_charge_on_statement,0.0076,pending_cash_withdrawal,0.0032
"There was a transaction from two weeks ago from a business that I don't know. I'm fairly certain it wasn't me who made it, but is it an option to trace it to confirm?",direct_debit_payment_not_recognised,direct_debit_payment_not_recognised,True,0.8987,direct_debit_payment_not_recognised,0.8987,transfer_not_received_by_recipient,0.0351,compromised_card,0.0195
What is this direct debit I am seeing?,direct_debit_payment_not_recognised,direct_debit_payment_not_recognised,True,0.9957,direct_debit_payment_not_recognised,0.9957,extra_charge_on_statement,0.0023,card_payment_not_recognised,0.0003
There is a Direct Debit that I don't recognize.,direct_debit_payment_not_recognised,direct_debit_payment_not_recognised,True,0.9983,direct_debit_payment_not_recognised,0.9983,extra_charge_on_statement,0.0003,card_payment_not_recognised,0.0002
Unknown direct deposit,direct_debit_payment_not_recognised,direct_debit_payment_not_recognised,True,0.8169,direct_debit_payment_not_recognised,0.8169,balance_not_updated_after_cheque_or_cash_deposit,0.0935,verify_source_of_funds,0.0232
There is a suspicious direct debit payment.,direct_debit_payment_not_recognised,direct_debit_payment_not_recognised,True,0.9775,direct_debit_payment_not_recognised,0.9775,extra_charge_on_statement,0.005,reverted_card_payment?,0.0041
There is a transaction from my account that I don't recognize can you trace back the information so I can make sure it's something I did or not?,direct_debit_payment_not_recognised,direct_debit_payment_not_recognised,True,0.4673,direct_debit_payment_not_recognised,0.4673,card_payment_not_recognised,0.2692,compromised_card,0.1125
"A couple weeks ago some money was deducted from my account by some seller that I don't remember. I'm pretty sure I didn't do that, but is it possible to trace back who that is just to make sure?",direct_debit_payment_not_recognised,direct_debit_payment_not_recognised,True,0.9752,direct_debit_payment_not_recognised,0.9752,compromised_card,0.0059,card_payment_not_recognised,0.0045
I found a charge for a direct debit that was not made by me.,direct_debit_payment_not_recognised,direct_debit_payment_not_recognised,True,0.9975,direct_debit_payment_not_recognised,0.9975,extra_charge_on_statement,0.0008,card_payment_not_recognised,0.0005
"I am seeing a weird payment showing up that I know I did not make, how can I get it cancelled?",direct_debit_payment_not_recognised,card_payment_not_recognised,False,0.6371,card_payment_not_recognised,0.6371,direct_debit_payment_not_recognised,0.2529,reverted_card_payment?,0.0428
This Direct Debit payment may not be right.,direct_debit_payment_not_recognised,direct_debit_payment_not_recognised,True,0.7286,direct_debit_payment_not_recognised,0.7286,card_payment_wrong_exchange_rate,0.0628,reverted_card_payment?,0.0483
why does the app show a direct debit payment that I did not authorize,direct_debit_payment_not_recognised,direct_debit_payment_not_recognised,True,0.9512,direct_debit_payment_not_recognised,0.9512,card_payment_not_recognised,0.0154,reverted_card_payment?,0.0134
Can I dispute a payment even if I notice it several weeks after it was made?,direct_debit_payment_not_recognised,direct_debit_payment_not_recognised,True,0.7388,direct_debit_payment_not_recognised,0.7388,card_payment_not_recognised,0.0757,reverted_card_payment?,0.0661
It seems there is an incorrect listing of a direct debit payment on my app that I did not make,direct_debit_payment_not_recognised,direct_debit_payment_not_recognised,True,0.9833,direct_debit_payment_not_recognised,0.9833,card_payment_not_recognised,0.0068,reverted_card_payment?,0.0028
I don't think I made this charge on my debit statement.,direct_debit_payment_not_recognised,direct_debit_payment_not_recognised,True,0.9546,direct_debit_payment_not_recognised,0.9546,extra_charge_on_statement,0.0239,card_payment_not_recognised,0.0143
I have a direct debit charge that I do not recognize,direct_debit_payment_not_recognised,direct_debit_payment_not_recognised,True,0.9983,direct_debit_payment_not_recognised,0.9983,extra_charge_on_statement,0.0006,transaction_charged_twice,0.0003
I didn't make this direct debit transaction,direct_debit_payment_not_recognised,direct_debit_payment_not_recognised,True,0.9469,direct_debit_payment_not_recognised,0.9469,failed_transfer,0.0072,transfer_not_received_by_recipient,0.0051
There's a direct debit on my account that I didn't authorize,direct_debit_payment_not_recognised,direct_debit_payment_not_recognised,True,0.982,direct_debit_payment_not_recognised,0.982,reverted_card_payment?,0.0047,cash_withdrawal_not_recognised,0.0027
I understand that this is extremely late. After going over my transactions for the last couple of months I noticed a large charge that I'm sure I did not make. Is there anyway I can still dispute this?,direct_debit_payment_not_recognised,direct_debit_payment_not_recognised,True,0.9056,direct_debit_payment_not_recognised,0.9056,card_payment_not_recognised,0.0387,extra_charge_on_statement,0.0191
I don't recognize a debit payment that was made and would like to find out about the payment.,direct_debit_payment_not_recognised,direct_debit_payment_not_recognised,True,0.993,direct_debit_payment_not_recognised,0.993,card_payment_not_recognised,0.0053,reverted_card_payment?,0.0004
I am concerned about the security in my account and would like to make a dispute.,direct_debit_payment_not_recognised,why_verify_identity,False,0.4954,why_verify_identity,0.4954,verify_my_identity,0.1046,compromised_card,0.098
Why is there a direct debit I didn't make showing in the app?,direct_debit_payment_not_recognised,direct_debit_payment_not_recognised,True,0.9877,direct_debit_payment_not_recognised,0.9877,extra_charge_on_statement,0.0019,reverted_card_payment?,0.0012
There is a direct debit I do not recognise in my statement,direct_debit_payment_not_recognised,direct_debit_payment_not_recognised,True,0.9947,direct_debit_payment_not_recognised,0.9947,extra_charge_on_statement,0.001,beneficiary_not_allowed,0.0004
"I have a direct debit transaction I have not set up, but would like to .",direct_debit_payment_not_recognised,direct_debit_payment_not_recognised,True,0.9721,direct_debit_payment_not_recognised,0.9721,cancel_transfer,0.0057,transfer_into_account,0.0032
Someone has taken my money and I don't know who,direct_debit_payment_not_recognised,cash_withdrawal_not_recognised,False,0.374,cash_withdrawal_not_recognised,0.374,verify_source_of_funds,0.2079,direct_debit_payment_not_recognised,0.1464
I was charged on my account that shouldn't be there.,direct_debit_payment_not_recognised,extra_charge_on_statement,False,0.3679,extra_charge_on_statement,0.3679,card_payment_not_recognised,0.1499,card_payment_fee_charged,0.0689
There's a direct debit I wish to dispute,direct_debit_payment_not_recognised,direct_debit_payment_not_recognised,True,0.9973,direct_debit_payment_not_recognised,0.9973,transaction_charged_twice,0.0005,request_refund,0.0004
Why was my account deducted from a seller when I didn't approve of it?,direct_debit_payment_not_recognised,reverted_card_payment?,False,0.6736,reverted_card_payment?,0.6736,direct_debit_payment_not_recognised,0.2,request_refund,0.0187
What do I do if I forget my passcode?  Because I did.,passcode_forgotten,passcode_forgotten,True,0.9716,passcode_forgotten,0.9716,pin_blocked,0.0106,lost_or_stolen_phone,0.0071
I can't find my password,passcode_forgotten,passcode_forgotten,True,0.9752,passcode_forgotten,0.9752,lost_or_stolen_phone,0.0071,pin_blocked,0.0047
How do I retrieve my passcode?,passcode_forgotten,passcode_forgotten,True,0.9943,passcode_forgotten,0.9943,lost_or_stolen_phone,0.0015,get_physical_card,0.0011
My passcode doesn't seem to be working,passcode_forgotten,passcode_forgotten,True,0.9887,passcode_forgotten,0.9887,pin_blocked,0.0033,card_not_working,0.0023
I lost my password,passcode_forgotten,passcode_forgotten,True,0.9574,passcode_forgotten,0.9574,lost_or_stolen_phone,0.0209,lost_or_stolen_card,0.0045
My password isn't being accepted and I need to reset it.,passcode_forgotten,passcode_forgotten,True,0.9536,passcode_forgotten,0.9536,cancel_transfer,0.014,pin_blocked,0.0109
Something is wrong with my password.,passcode_forgotten,passcode_forgotten,True,0.9615,passcode_forgotten,0.9615,pin_blocked,0.0147,card_not_working,0.0069
Something is wrong with my passcode,passcode_forgotten,passcode_forgotten,True,0.9888,passcode_forgotten,0.9888,pin_blocked,0.0043,card_not_working,0.0024
"How do I reset a forgotten passcode, please?",passcode_forgotten,passcode_forgotten,True,0.9939,passcode_forgotten,0.9939,pin_blocked,0.0028,lost_or_stolen_phone,0.0006
I can't recall my passcode and need to reset it.,passcode_forgotten,passcode_forgotten,True,0.9932,passcode_forgotten,0.9932,pin_blocked,0.0029,cancel_transfer,0.0006
Can I be given a new passcode?,passcode_forgotten,passcode_forgotten,True,0.939,passcode_forgotten,0.939,change_pin,0.0112,activate_my_card,0.011
I do not know my passcode.,passcode_forgotten,passcode_forgotten,True,0.9863,passcode_forgotten,0.9863,get_physical_card,0.0029,why_verify_identity,0.0021
I don't remember my code to get into the app.,passcode_forgotten,passcode_forgotten,True,0.9372,passcode_forgotten,0.9372,card_linking,0.0192,lost_or_stolen_phone,0.0094
I no longer have my passcode.,passcode_forgotten,passcode_forgotten,True,0.982,passcode_forgotten,0.982,pin_blocked,0.0044,lost_or_stolen_phone,0.0042
Why won't my passcode work?,passcode_forgotten,passcode_forgotten,True,0.9746,passcode_forgotten,0.9746,card_not_working,0.0079,pin_blocked,0.0054
Can I resent my passcode?,passcode_forgotten,passcode_forgotten,True,0.9768,passcode_forgotten,0.9768,change_pin,0.0029,cancel_transfer,0.0028
I need to reset my passcode. How do I do it?,passcode_forgotten,passcode_forgotten,True,0.9919,passcode_forgotten,0.9919,pin_blocked,0.002,activate_my_card,0.0014
Show me please how to reset my passcode.,passcode_forgotten,passcode_forgotten,True,0.991,passcode_forgotten,0.991,pin_blocked,0.0029,cancel_transfer,0.001
Help me reset the passcode.,passcode_forgotten,passcode_forgotten,True,0.9927,passcode_forgotten,0.9927,pin_blocked,0.0029,cancel_transfer,0.0009
I have forgotten my passcode to access my app,passcode_forgotten,passcode_forgotten,True,0.9855,passcode_forgotten,0.9855,lost_or_stolen_phone,0.0112,pin_blocked,0.0008
What should I do if the passcode doesn't work for me?,passcode_forgotten,passcode_forgotten,True,0.9644,passcode_forgotten,0.9644,card_not_working,0.0134,pin_blocked,0.0118
"I do not remember the code, what should I do?",passcode_forgotten,passcode_forgotten,True,0.9819,passcode_forgotten,0.9819,pin_blocked,0.0049,verify_top_up,0.0015
Where can I reset the passcode?,passcode_forgotten,passcode_forgotten,True,0.9942,passcode_forgotten,0.9942,pin_blocked,0.0015,lost_or_stolen_phone,0.0006
I need help resetting my passcode to access my app.,passcode_forgotten,passcode_forgotten,True,0.9925,passcode_forgotten,0.9925,lost_or_stolen_phone,0.0021,pin_blocked,0.0016
What steps do I take to receive another passcode?,passcode_forgotten,passcode_forgotten,True,0.824,passcode_forgotten,0.824,getting_spare_card,0.0372,verify_my_identity,0.0201
I forgot my password,passcode_forgotten,passcode_forgotten,True,0.9689,passcode_forgotten,0.9689,lost_or_stolen_phone,0.0076,pin_blocked,0.0065
I forgot my code to get into the app.,passcode_forgotten,passcode_forgotten,True,0.94,passcode_forgotten,0.94,lost_or_stolen_phone,0.0124,card_linking,0.0118
I have forgotten my password.,passcode_forgotten,passcode_forgotten,True,0.9764,passcode_forgotten,0.9764,lost_or_stolen_phone,0.0067,pin_blocked,0.0057
I forgot the code to access the app.,passcode_forgotten,passcode_forgotten,True,0.7207,passcode_forgotten,0.7207,card_linking,0.1033,lost_or_stolen_phone,0.0778
Is there a way to reset my passcode?,passcode_forgotten,passcode_forgotten,True,0.9939,passcode_forgotten,0.9939,pin_blocked,0.0012,cancel_transfer,0.0008
Can you help me reset my password?,passcode_forgotten,passcode_forgotten,True,0.9809,passcode_forgotten,0.9809,pin_blocked,0.003,terminate_account,0.0025
Can I reset my password?  I don't know what it is.,passcode_forgotten,passcode_forgotten,True,0.97,passcode_forgotten,0.97,why_verify_identity,0.0036,terminate_account,0.0033
How do I reset the passcode?,passcode_forgotten,passcode_forgotten,True,0.9949,passcode_forgotten,0.9949,pin_blocked,0.0018,cancel_transfer,0.0007
What should I do if I forgot my passcode?,passcode_forgotten,passcode_forgotten,True,0.9815,passcode_forgotten,0.9815,lost_or_stolen_phone,0.0061,pin_blocked,0.0048
My passcode doesn't work,passcode_forgotten,passcode_forgotten,True,0.9895,passcode_forgotten,0.9895,pin_blocked,0.0038,card_not_working,0.0022
Tell me how to reset the passcode.,passcode_forgotten,passcode_forgotten,True,0.989,passcode_forgotten,0.989,pin_blocked,0.0035,cancel_transfer,0.0016
I need a new passcode.,passcode_forgotten,passcode_forgotten,True,0.9675,passcode_forgotten,0.9675,activate_my_card,0.007,pin_blocked,0.0057
I don't have my access code for the app.,passcode_forgotten,passcode_forgotten,True,0.7906,passcode_forgotten,0.7906,lost_or_stolen_phone,0.0651,card_linking,0.0634
Can you tell me what to do to reset my passcode?,passcode_forgotten,passcode_forgotten,True,0.992,passcode_forgotten,0.992,pin_blocked,0.002,activate_my_card,0.001
What is the code I need to get into the app?,passcode_forgotten,passcode_forgotten,True,0.8303,passcode_forgotten,0.8303,card_linking,0.027,lost_or_stolen_phone,0.0189
Can you tell me why you won't let me get my own money out of the money machine? I know I used the right PIN.,declined_cash_withdrawal,declined_cash_withdrawal,True,0.6762,declined_cash_withdrawal,0.6762,change_pin,0.1021,pin_blocked,0.0377
My withdrawal was cancelled.,declined_cash_withdrawal,top_up_reverted,False,0.3152,top_up_reverted,0.3152,declined_cash_withdrawal,0.2328,pending_cash_withdrawal,0.1338
This is very frustrating. I can't get my card to work on any ATM I try and I've tried 3 of them so far. What's going on? Can you please fix this issue immediately?,declined_cash_withdrawal,declined_cash_withdrawal,True,0.7571,declined_cash_withdrawal,0.7571,card_not_working,0.1784,card_swallowed,0.0104
The ATM did not allow me to withdraw,declined_cash_withdrawal,declined_cash_withdrawal,True,0.9787,declined_cash_withdrawal,0.9787,wrong_amount_of_cash_received,0.0074,pending_cash_withdrawal,0.0063
Why was my ATM transaction cancelled?,declined_cash_withdrawal,declined_cash_withdrawal,True,0.7846,declined_cash_withdrawal,0.7846,pending_cash_withdrawal,0.0983,wrong_amount_of_cash_received,0.0442
The ATM keeps declining my card. I tried at a couple different ATMs. Can you tell me if there's a problem with my account?,declined_cash_withdrawal,declined_cash_withdrawal,True,0.9592,declined_cash_withdrawal,0.9592,pending_cash_withdrawal,0.0131,declined_card_payment,0.0082
I was at the ATM trying to made a withdraw and I was declined.,declined_cash_withdrawal,declined_cash_withdrawal,True,0.9679,declined_cash_withdrawal,0.9679,wrong_amount_of_cash_received,0.0102,wrong_exchange_rate_for_cash_withdrawal,0.005
The ATM didn't let me get any cash,declined_cash_withdrawal,declined_cash_withdrawal,True,0.7621,declined_cash_withdrawal,0.7621,wrong_amount_of_cash_received,0.2228,card_swallowed,0.0044
I want to know why I have been unable to withdrawn funds.,declined_cash_withdrawal,declined_cash_withdrawal,True,0.8129,declined_cash_withdrawal,0.8129,beneficiary_not_allowed,0.1318,cash_withdrawal_not_recognised,0.0246
"I need your help to check my account, please! My card keeps being declined at the ATM, and I've already tried two different ones!",declined_cash_withdrawal,declined_cash_withdrawal,True,0.7752,declined_cash_withdrawal,0.7752,declined_card_payment,0.0681,top_up_failed,0.0159
"Hi, My card withdrawal was declined this morning. It was working fine till yesterday. Please check and inform me.",declined_cash_withdrawal,declined_cash_withdrawal,True,0.731,declined_cash_withdrawal,0.731,pending_cash_withdrawal,0.0893,declined_transfer,0.0368
"Hi, I was trying to use my card but it was declining by ATM. I have cross checked with two different ATMs but i was facing the same issue. Could you please check my account.",declined_cash_withdrawal,declined_cash_withdrawal,True,0.8206,declined_cash_withdrawal,0.8206,pending_cash_withdrawal,0.0459,declined_card_payment,0.0229
I tried to make a cash withdrawal and it was declined. Why did this happen?,declined_cash_withdrawal,declined_cash_withdrawal,True,0.9601,declined_cash_withdrawal,0.9601,cash_withdrawal_not_recognised,0.0112,cash_withdrawal_charge,0.0099
I can't get money out of the ATM,declined_cash_withdrawal,declined_cash_withdrawal,True,0.7538,declined_cash_withdrawal,0.7538,wrong_amount_of_cash_received,0.1242,card_swallowed,0.0625
The ATM is declining my card. I tried at two different ATMs. Can you tell me if there's anything wrong with my account?,declined_cash_withdrawal,declined_cash_withdrawal,True,0.9539,declined_cash_withdrawal,0.9539,pending_cash_withdrawal,0.0119,wrong_amount_of_cash_received,0.0071
The withdrawal was declined I am unsure as to why this happened?,declined_cash_withdrawal,declined_cash_withdrawal,True,0.5934,declined_cash_withdrawal,0.5934,pending_cash_withdrawal,0.1613,cash_withdrawal_not_recognised,0.0858
I was declined when I tried to get cash.,declined_cash_withdrawal,declined_cash_withdrawal,True,0.905,declined_cash_withdrawal,0.905,declined_transfer,0.0367,wrong_amount_of_cash_received,0.0239
Why was I declined at the ATM today when I was trying to make a withdraw?,declined_cash_withdrawal,declined_cash_withdrawal,True,0.9832,declined_cash_withdrawal,0.9832,pending_cash_withdrawal,0.0046,wrong_amount_of_cash_received,0.0037
What are some reasons that would cause ATM machines to decline my card? It has happened to me multiple times!,declined_cash_withdrawal,declined_cash_withdrawal,True,0.895,declined_cash_withdrawal,0.895,declined_card_payment,0.0271,card_swallowed,0.0153
Why did the ATM machine fail to give me a cash withdrawal?,declined_cash_withdrawal,declined_cash_withdrawal,True,0.9192,declined_cash_withdrawal,0.9192,wrong_amount_of_cash_received,0.0332,pending_cash_withdrawal,0.0203
My ATM transaction was unsuccessful.,declined_cash_withdrawal,declined_cash_withdrawal,True,0.8881,declined_cash_withdrawal,0.8881,wrong_amount_of_cash_received,0.0409,failed_transfer,0.0331
I attempted to get cash but was declined.,declined_cash_withdrawal,declined_cash_withdrawal,True,0.8982,declined_cash_withdrawal,0.8982,wrong_amount_of_cash_received,0.0582,declined_transfer,0.0141
I tried to withdraw money but I was declined!,declined_cash_withdrawal,declined_cash_withdrawal,True,0.9319,declined_cash_withdrawal,0.9319,cash_withdrawal_not_recognised,0.0205,declined_transfer,0.0145
How come I can't take money out of the ATM?,declined_cash_withdrawal,declined_cash_withdrawal,True,0.9076,declined_cash_withdrawal,0.9076,wrong_amount_of_cash_received,0.0261,cash_withdrawal_charge,0.0186
The ATM keeps declining my card. I tried at two different ATMs. Can you tell me if there's an issue with my account?,declined_cash_withdrawal,declined_cash_withdrawal,True,0.9638,declined_cash_withdrawal,0.9638,pending_cash_withdrawal,0.0117,declined_card_payment,0.0049
Why was my cash withdrawal declined?,declined_cash_withdrawal,declined_cash_withdrawal,True,0.9115,declined_cash_withdrawal,0.9115,wrong_amount_of_cash_received,0.0254,pending_cash_withdrawal,0.0202
Why could I not get cash?,declined_cash_withdrawal,declined_cash_withdrawal,True,0.9368,declined_cash_withdrawal,0.9368,wrong_amount_of_cash_received,0.0286,cash_withdrawal_not_recognised,0.0058
why couldn't I get cash in the ATM?,declined_cash_withdrawal,declined_cash_withdrawal,True,0.9772,declined_cash_withdrawal,0.9772,wrong_amount_of_cash_received,0.0101,cash_withdrawal_charge,0.0037
Why can't I get cash?,declined_cash_withdrawal,declined_cash_withdrawal,True,0.9596,declined_cash_withdrawal,0.9596,wrong_amount_of_cash_received,0.0097,top_up_by_cash_or_cheque,0.0046
Why didn't the ATM give me my money?,declined_cash_withdrawal,declined_cash_withdrawal,True,0.6396,declined_cash_withdrawal,0.6396,wrong_amount_of_cash_received,0.3065,cash_withdrawal_charge,0.0183
i tried to withdraw money from an atm and i was declined on front of my friends. Why did this happen?,declined_cash_withdrawal,declined_cash_withdrawal,True,0.982,declined_cash_withdrawal,0.982,wrong_exchange_rate_for_cash_withdrawal,0.0043,cash_withdrawal_charge,0.0041
The ATM isn't giving out any money.,declined_cash_withdrawal,declined_cash_withdrawal,True,0.5658,declined_cash_withdrawal,0.5658,wrong_amount_of_cash_received,0.3005,pending_cash_withdrawal,0.074
Why was I declined getting cash?,declined_cash_withdrawal,declined_cash_withdrawal,True,0.8864,declined_cash_withdrawal,0.8864,wrong_amount_of_cash_received,0.0554,declined_card_payment,0.0146
I couldn't get cash at the atm,declined_cash_withdrawal,declined_cash_withdrawal,True,0.8986,declined_cash_withdrawal,0.8986,wrong_amount_of_cash_received,0.0872,wrong_exchange_rate_for_cash_withdrawal,0.0037
"Oh my goodness, my card has been declined twice at ATM! I tried two different ATM, but each one declined my card! Can you tell me what's going on with my account?",declined_cash_withdrawal,declined_cash_withdrawal,True,0.9275,declined_cash_withdrawal,0.9275,declined_card_payment,0.0266,transaction_charged_twice,0.0134
Why could I not choose cash at the ATM?,declined_cash_withdrawal,declined_cash_withdrawal,True,0.9101,declined_cash_withdrawal,0.9101,cash_withdrawal_charge,0.0241,wrong_amount_of_cash_received,0.0235
My cash withdrawl was declined why?,declined_cash_withdrawal,declined_cash_withdrawal,True,0.9322,declined_cash_withdrawal,0.9322,wrong_amount_of_cash_received,0.0166,pending_cash_withdrawal,0.0157
Is there a reason that the ATM declined my transaction?,declined_cash_withdrawal,declined_cash_withdrawal,True,0.962,declined_cash_withdrawal,0.962,wrong_amount_of_cash_received,0.0098,pending_cash_withdrawal,0.0068
The cash I tried to draw from the ATM was not approved.,declined_cash_withdrawal,declined_cash_withdrawal,True,0.7406,declined_cash_withdrawal,0.7406,wrong_amount_of_cash_received,0.1991,wrong_exchange_rate_for_cash_withdrawal,0.0182
atm would not give me cash,declined_cash_withdrawal,declined_cash_withdrawal,True,0.7364,declined_cash_withdrawal,0.7364,wrong_amount_of_cash_received,0.2331,pending_cash_withdrawal,0.0094
"My card payment is still on hold, why is it so?",pending_card_payment,pending_card_payment,True,0.6664,pending_card_payment,0.6664,reverted_card_payment?,0.216,pending_cash_withdrawal,0.0268
Why is my payment pending?,pending_card_payment,pending_card_payment,True,0.9833,pending_card_payment,0.9833,pending_transfer,0.0088,pending_cash_withdrawal,0.0024
My card payment is still pending.,pending_card_payment,pending_card_payment,True,0.9264,pending_card_payment,0.9264,reverted_card_payment?,0.024,pending_cash_withdrawal,0.0141
How do i finalize a card payment,pending_card_payment,supported_cards_and_currencies,False,0.3154,supported_cards_and_currencies,0.3154,pending_card_payment,0.1059,card_about_to_expire,0.1045
Why is my card payment showing as pending?,pending_card_payment,pending_card_payment,True,0.9724,pending_card_payment,0.9724,pending_cash_withdrawal,0.0058,pending_transfer,0.005
Why has my payment not gone through?,pending_card_payment,reverted_card_payment?,False,0.3462,reverted_card_payment?,0.3462,declined_card_payment,0.3243,pending_card_payment,0.2733
Please help me to know the status of my card payment as its pending since a while.,pending_card_payment,pending_card_payment,True,0.926,pending_card_payment,0.926,pending_transfer,0.027,card_arrival,0.01
"I recently made a payment, and it is showing up in my account as ""pending"". What does that mean?",pending_card_payment,pending_card_payment,True,0.9497,pending_card_payment,0.9497,pending_transfer,0.0173,pending_cash_withdrawal,0.0166
What does it mean by pending payment?,pending_card_payment,pending_card_payment,True,0.9833,pending_card_payment,0.9833,pending_transfer,0.0074,pending_cash_withdrawal,0.0041
When will my card payment be done pending?,pending_card_payment,pending_card_payment,True,0.9914,pending_card_payment,0.9914,pending_cash_withdrawal,0.0015,card_arrival,0.0015
I made this payment days ago so why hasn't it gone through yet?,pending_card_payment,pending_card_payment,True,0.9242,pending_card_payment,0.9242,reverted_card_payment?,0.0307,declined_card_payment,0.0149
I am seeing pending from the card payment I made.,pending_card_payment,pending_card_payment,True,0.9491,pending_card_payment,0.9491,pending_transfer,0.0148,pending_cash_withdrawal,0.0116
My card payment is showing pending.,pending_card_payment,pending_card_payment,True,0.9253,pending_card_payment,0.9253,pending_cash_withdrawal,0.0175,pending_transfer,0.0149
I bought some stuff this morning but the payment shows as pending,pending_card_payment,pending_card_payment,True,0.9615,pending_card_payment,0.9615,reverted_card_payment?,0.0142,pending_transfer,0.0098
I am waiting for a payment to go through.,pending_card_payment,pending_card_payment,True,0.9421,pending_card_payment,0.9421,transfer_not_received_by_recipient,0.0252,pending_transfer,0.0072
How long does an item I bought show as pending?,pending_card_payment,pending_card_payment,True,0.6925,pending_card_payment,0.6925,pending_transfer,0.213,pending_top_up,0.0279
What is a pending payment?,pending_card_payment,pending_card_payment,True,0.9888,pending_card_payment,0.9888,pending_transfer,0.0051,pending_cash_withdrawal,0.0018
I would like to know why my purchases from this morning are still pending.,pending_card_payment,pending_card_payment,True,0.8681,pending_card_payment,0.8681,pending_transfer,0.0542,pending_cash_withdrawal,0.0233
Why is there a pending transaction on my card?,pending_card_payment,pending_card_payment,True,0.8666,pending_card_payment,0.8666,pending_cash_withdrawal,0.0287,card_arrival,0.0282
My card payment is pending.,pending_card_payment,pending_card_payment,True,0.9462,pending_card_payment,0.9462,reverted_card_payment?,0.0105,pending_cash_withdrawal,0.0065
Why is a payment showing up on my card as pending?,pending_card_payment,pending_card_payment,True,0.9816,pending_card_payment,0.9816,pending_transfer,0.0033,reverted_card_payment?,0.0032
I made a purchase and it says it's pending. What does that mean?,pending_card_payment,pending_card_payment,True,0.9069,pending_card_payment,0.9069,pending_transfer,0.0484,pending_top_up,0.0179
How long do card transactions take to clear?,pending_card_payment,pending_card_payment,True,0.2194,pending_card_payment,0.2194,pending_cash_withdrawal,0.1752,card_not_working,0.0653
what does pending mean?,pending_card_payment,pending_card_payment,True,0.6038,pending_card_payment,0.6038,pending_transfer,0.2322,pending_cash_withdrawal,0.0917
How long will this card payment stay pending?,pending_card_payment,pending_card_payment,True,0.9777,pending_card_payment,0.9777,pending_cash_withdrawal,0.0054,pending_transfer,0.0044
My payment still hasn't processed!,pending_card_payment,pending_card_payment,True,0.7323,pending_card_payment,0.7323,reverted_card_payment?,0.1215,declined_card_payment,0.0424
"I was double charged, and the second charge is showing as ""pending"". How long will it be before I get my money back once the second charge has been refunded?",pending_card_payment,transaction_charged_twice,False,0.9373,transaction_charged_twice,0.9373,Refund_not_showing_up,0.0313,pending_transfer,0.008
"I have waited 15 days, but my payment still hasn't cleared.",pending_card_payment,pending_card_payment,True,0.6121,pending_card_payment,0.6121,reverted_card_payment?,0.1082,transfer_not_received_by_recipient,0.049
Why would I have a pending payment?,pending_card_payment,pending_card_payment,True,0.9757,pending_card_payment,0.9757,pending_transfer,0.0095,extra_charge_on_statement,0.0035
Explain what the pending payment means?,pending_card_payment,pending_card_payment,True,0.9572,pending_card_payment,0.9572,pending_transfer,0.0222,pending_cash_withdrawal,0.0063
Why are my payments showing pending?,pending_card_payment,pending_card_payment,True,0.9136,pending_card_payment,0.9136,pending_transfer,0.0655,pending_cash_withdrawal,0.0087
"My card is still pending, I've been waiting a while.",pending_card_payment,pending_card_payment,True,0.5281,pending_card_payment,0.5281,card_arrival,0.1679,pending_top_up,0.1205
How long does it take for a payment to go thru? I made one a few days ago and it has not been cleared yet.,pending_card_payment,pending_card_payment,True,0.9236,pending_card_payment,0.9236,direct_debit_payment_not_recognised,0.0235,reverted_card_payment?,0.0111
I bought some things this morning but the payment shows that it is pending,pending_card_payment,pending_card_payment,True,0.9685,pending_card_payment,0.9685,pending_transfer,0.0137,reverted_card_payment?,0.0053
How long does it take to authorise a payment?,pending_card_payment,pending_card_payment,True,0.8719,pending_card_payment,0.8719,transfer_not_received_by_recipient,0.0226,pending_transfer,0.0225
I had a payment that I made and it's been some amount of time and would like to know when it's suppose to go though.,pending_card_payment,pending_card_payment,True,0.8803,pending_card_payment,0.8803,transfer_not_received_by_recipient,0.0427,reverted_card_payment?,0.0223
What does a pending transaction mean?,pending_card_payment,pending_card_payment,True,0.6275,pending_card_payment,0.6275,pending_transfer,0.2115,pending_cash_withdrawal,0.1324
I have paid by my card but payment is still its coming as pending. I think there is some issue please check and let me know when the status will complete.,pending_card_payment,pending_card_payment,True,0.9166,pending_card_payment,0.9166,pending_transfer,0.0335,pending_cash_withdrawal,0.0225
I have a pending payment in my account that I paid a while back ago and it still hasnt gone through. Why would it show pending for so long?,pending_card_payment,pending_card_payment,True,0.9425,pending_card_payment,0.9425,pending_cash_withdrawal,0.0266,pending_transfer,0.0193
I have a pending payment from stuff I bought this morning.,pending_card_payment,pending_card_payment,True,0.9692,pending_card_payment,0.9692,direct_debit_payment_not_recognised,0.0065,pending_transfer,0.0054
My phone was stolen,lost_or_stolen_phone,lost_or_stolen_phone,True,0.9976,lost_or_stolen_phone,0.9976,lost_or_stolen_card,0.0015,cash_withdrawal_not_recognised,0.0002
My phone was stolen yesterday.  What should I do?,lost_or_stolen_phone,lost_or_stolen_phone,True,0.9955,lost_or_stolen_phone,0.9955,lost_or_stolen_card,0.003,compromised_card,0.0004
"If my phone is missing, can I block someone from using the app?",lost_or_stolen_phone,lost_or_stolen_phone,True,0.987,lost_or_stolen_phone,0.987,cash_withdrawal_not_recognised,0.0021,card_linking,0.0017
I think my phone is either lost or stolen.,lost_or_stolen_phone,lost_or_stolen_phone,True,0.9936,lost_or_stolen_phone,0.9936,lost_or_stolen_card,0.0042,cash_withdrawal_not_recognised,0.0005
"If I was mugged and lost everything, how do I access my account and app?",lost_or_stolen_phone,lost_or_stolen_phone,True,0.9742,lost_or_stolen_phone,0.9742,cash_withdrawal_not_recognised,0.0095,passcode_forgotten,0.0043
I can't find my phone.,lost_or_stolen_phone,lost_or_stolen_phone,True,0.9598,lost_or_stolen_phone,0.9598,lost_or_stolen_card,0.0075,passcode_forgotten,0.006
I've lost track of my phone or someone stole it.,lost_or_stolen_phone,lost_or_stolen_phone,True,0.9865,lost_or_stolen_phone,0.9865,lost_or_stolen_card,0.0114,compromised_card,0.0006
"I'm not sure where my phone is, I think someone stole it or it's lost.",lost_or_stolen_phone,lost_or_stolen_phone,True,0.9834,lost_or_stolen_phone,0.9834,lost_or_stolen_card,0.0127,cash_withdrawal_not_recognised,0.0008
Can I used my card even if my phone has been stolen?,lost_or_stolen_phone,lost_or_stolen_phone,True,0.9637,lost_or_stolen_phone,0.9637,lost_or_stolen_card,0.0137,compromised_card,0.0127
"My phone was stolen, what do I do?",lost_or_stolen_phone,lost_or_stolen_phone,True,0.996,lost_or_stolen_phone,0.996,lost_or_stolen_card,0.0022,compromised_card,0.0007
"lost my phone, dont want others to use it.",lost_or_stolen_phone,lost_or_stolen_phone,True,0.9966,lost_or_stolen_phone,0.9966,lost_or_stolen_card,0.0005,terminate_account,0.0004
I lost my phone and need help securing it.,lost_or_stolen_phone,lost_or_stolen_phone,True,0.9943,lost_or_stolen_phone,0.9943,lost_or_stolen_card,0.0016,passcode_forgotten,0.0009
My phone was stolen so I no longer have access to the app.,lost_or_stolen_phone,lost_or_stolen_phone,True,0.9901,lost_or_stolen_phone,0.9901,card_linking,0.0042,passcode_forgotten,0.002
"left phone at hotel, how to access app",lost_or_stolen_phone,lost_or_stolen_phone,True,0.9727,lost_or_stolen_phone,0.9727,transfer_not_received_by_recipient,0.0056,passcode_forgotten,0.0034
My phone is not on me.  How can I use the app?,lost_or_stolen_phone,lost_or_stolen_phone,True,0.9626,lost_or_stolen_phone,0.9626,card_linking,0.0062,unable_to_verify_identity,0.0059
my phone is gone,lost_or_stolen_phone,lost_or_stolen_phone,True,0.9878,lost_or_stolen_phone,0.9878,transfer_not_received_by_recipient,0.002,top_up_reverted,0.0019
My phone is not with me at the moment so I will not be able to access the app.,lost_or_stolen_phone,lost_or_stolen_phone,True,0.9448,lost_or_stolen_phone,0.9448,card_linking,0.0215,passcode_forgotten,0.0153
my phone was taken! can you place cancel my account so no one uses it,lost_or_stolen_phone,lost_or_stolen_phone,True,0.5457,lost_or_stolen_phone,0.5457,cancel_transfer,0.1373,terminate_account,0.1171
I lost my phone and would like to freeze my accounts.,lost_or_stolen_phone,lost_or_stolen_phone,True,0.9003,lost_or_stolen_phone,0.9003,terminate_account,0.0485,passcode_forgotten,0.0073
"lost phone, can i still access account?",lost_or_stolen_phone,lost_or_stolen_phone,True,0.9954,lost_or_stolen_phone,0.9954,passcode_forgotten,0.0013,why_verify_identity,0.0008
The hotel called and said I left my phone in the room.,lost_or_stolen_phone,lost_or_stolen_phone,True,0.7978,lost_or_stolen_phone,0.7978,transfer_not_received_by_recipient,0.0322,lost_or_stolen_card,0.0305
Someone stole my phone yesterday :( is there anything I need to do?,lost_or_stolen_phone,lost_or_stolen_phone,True,0.9923,lost_or_stolen_phone,0.9923,compromised_card,0.0029,lost_or_stolen_card,0.0025
"lost phone, dont want others to access account",lost_or_stolen_phone,lost_or_stolen_phone,True,0.9936,lost_or_stolen_phone,0.9936,terminate_account,0.0014,why_verify_identity,0.0009
I was mugged and everything taken.  What do I do to protect my account?,lost_or_stolen_phone,lost_or_stolen_phone,True,0.514,lost_or_stolen_phone,0.514,cash_withdrawal_not_recognised,0.2426,compromised_card,0.0641
I believe I left my smartphone at the hotel I was staying at.,lost_or_stolen_phone,lost_or_stolen_phone,True,0.9679,lost_or_stolen_phone,0.9679,cash_withdrawal_not_recognised,0.015,lost_or_stolen_card,0.0058
"Someone attacked me yesterday and took my things, so I am unable to use the app.  I am in need of some help.",lost_or_stolen_phone,lost_or_stolen_phone,True,0.9556,lost_or_stolen_phone,0.9556,cash_withdrawal_not_recognised,0.012,passcode_forgotten,0.0087
Can I still use the app if I switched phones?,lost_or_stolen_phone,lost_or_stolen_phone,True,0.9803,lost_or_stolen_phone,0.9803,card_linking,0.0064,contactless_not_working,0.0025
I was mugged yesterday and they took everything.  I can't access my app.  What are my next steps?,lost_or_stolen_phone,lost_or_stolen_phone,True,0.9667,lost_or_stolen_phone,0.9667,unable_to_verify_identity,0.0102,passcode_forgotten,0.0054
I got mugged yesterday and lost access to the app. I need to regain it.,lost_or_stolen_phone,lost_or_stolen_phone,True,0.9483,lost_or_stolen_phone,0.9483,passcode_forgotten,0.0122,card_linking,0.011
"If I lost my phone, can someone use my account?",lost_or_stolen_phone,lost_or_stolen_phone,True,0.99,lost_or_stolen_phone,0.99,why_verify_identity,0.0058,passcode_forgotten,0.0007
I am not able to use the app since I forgot my phone at the hotel I was staying at.,lost_or_stolen_phone,lost_or_stolen_phone,True,0.9761,lost_or_stolen_phone,0.9761,passcode_forgotten,0.0077,card_linking,0.0057
Someone stole my phone.,lost_or_stolen_phone,lost_or_stolen_phone,True,0.9951,lost_or_stolen_phone,0.9951,lost_or_stolen_card,0.0016,compromised_card,0.0011
Someone stole my cards!,lost_or_stolen_phone,lost_or_stolen_card,False,0.7402,lost_or_stolen_card,0.7402,compromised_card,0.1185,lost_or_stolen_phone,0.0358
My phone is lost.  What do I do to prevent someone from using the app?,lost_or_stolen_phone,lost_or_stolen_phone,True,0.9926,lost_or_stolen_phone,0.9926,cash_withdrawal_not_recognised,0.0028,compromised_card,0.0023
Is there anything I need to do since my phone was stolen?,lost_or_stolen_phone,lost_or_stolen_phone,True,0.9979,lost_or_stolen_phone,0.9979,lost_or_stolen_card,0.0014,compromised_card,0.0002
I lost my phone!,lost_or_stolen_phone,lost_or_stolen_phone,True,0.988,lost_or_stolen_phone,0.988,lost_or_stolen_card,0.0069,passcode_forgotten,0.0014
I can't find my phone but it has all my credit card information.,lost_or_stolen_phone,lost_or_stolen_phone,True,0.8757,lost_or_stolen_phone,0.8757,topping_up_by_card,0.036,lost_or_stolen_card,0.0253
How do I use the app if I don't have my phone with me?,lost_or_stolen_phone,lost_or_stolen_phone,True,0.9873,lost_or_stolen_phone,0.9873,card_linking,0.0044,passcode_forgotten,0.0012
I got mugged yesterday and can't use the app.,lost_or_stolen_phone,lost_or_stolen_phone,True,0.8244,lost_or_stolen_phone,0.8244,card_not_working,0.0361,unable_to_verify_identity,0.0357
"My things were stolen yesterday and I can't use any apps or anything, so I am going to need some help.",lost_or_stolen_phone,lost_or_stolen_phone,True,0.986,lost_or_stolen_phone,0.986,lost_or_stolen_card,0.007,passcode_forgotten,0.0016
"Hello- It is urgent I get a refund on this product. The merchant has not been helpful, what can I do now to get this resolved ASAP?",request_refund,request_refund,True,0.6503,request_refund,0.6503,Refund_not_showing_up,0.2987,reverted_card_payment?,0.0107
Can I receive a refund for my item?,request_refund,request_refund,True,0.9863,request_refund,0.9863,Refund_not_showing_up,0.0112,reverted_card_payment?,0.0009
Get an item refund,request_refund,request_refund,True,0.9856,request_refund,0.9856,Refund_not_showing_up,0.0106,reverted_card_payment?,0.0018
Would I be able to get a refund for something I bought?,request_refund,request_refund,True,0.9632,request_refund,0.9632,Refund_not_showing_up,0.0285,reverted_card_payment?,0.0048
I need to do a refund,request_refund,request_refund,True,0.8114,request_refund,0.8114,Refund_not_showing_up,0.1542,direct_debit_payment_not_recognised,0.0069
I need a refund on an item I have not received.  Am I able to simply cancel the payment?  I don't know how to do this.,request_refund,request_refund,True,0.9851,request_refund,0.9851,direct_debit_payment_not_recognised,0.0076,Refund_not_showing_up,0.0033
I would like a refund for something I bought,request_refund,request_refund,True,0.9855,request_refund,0.9855,Refund_not_showing_up,0.0099,reverted_card_payment?,0.0027
I want to return an item.,request_refund,request_refund,True,0.9889,request_refund,0.9889,Refund_not_showing_up,0.0018,card_delivery_estimate,0.0016
Can I have a refund?,request_refund,request_refund,True,0.8707,request_refund,0.8707,Refund_not_showing_up,0.1167,direct_debit_payment_not_recognised,0.0046
"I wasn't charged the correct amount for an item I purchased, how can I fix this?",request_refund,card_payment_wrong_exchange_rate,False,0.8211,card_payment_wrong_exchange_rate,0.8211,extra_charge_on_statement,0.0457,request_refund,0.0416
Hi there! I need to cancel an order I recently made and start processing a refund. Can you please help me with this and set up the refund as soon as possible? It's very urgent.,request_refund,request_refund,True,0.9563,request_refund,0.9563,cancel_transfer,0.0217,Refund_not_showing_up,0.0109
Please stop my purchase.,request_refund,request_refund,True,0.8416,request_refund,0.8416,terminate_account,0.0733,reverted_card_payment?,0.0163
I want a refund because my package has been taking too long to arrive. How do I go about doing that?,request_refund,request_refund,True,0.9908,request_refund,0.9908,Refund_not_showing_up,0.0037,card_delivery_estimate,0.0018
How do I apply for a refund?,request_refund,request_refund,True,0.8124,request_refund,0.8124,Refund_not_showing_up,0.1664,verify_my_identity,0.0028
Can I have an item refunded?,request_refund,request_refund,True,0.9937,request_refund,0.9937,Refund_not_showing_up,0.004,reverted_card_payment?,0.0007
"I ordered something ages ago online but it's simply not arriving. I've got enough! Give me back my money, I'm not paying these people.",request_refund,request_refund,True,0.8148,request_refund,0.8148,reverted_card_payment?,0.0719,transfer_not_received_by_recipient,0.0223
What do I need to do to get a refund?,request_refund,request_refund,True,0.7702,request_refund,0.7702,Refund_not_showing_up,0.1958,direct_debit_payment_not_recognised,0.0045
I need a refund?,request_refund,request_refund,True,0.9298,request_refund,0.9298,Refund_not_showing_up,0.0603,direct_debit_payment_not_recognised,0.0027
"I am unhappy with my purchase, how do I cancel the order?",request_refund,request_refund,True,0.9937,request_refund,0.9937,cancel_transfer,0.0014,reverted_card_payment?,0.001
I bought something but now I would like a refund. How do I do that?,request_refund,request_refund,True,0.9909,request_refund,0.9909,Refund_not_showing_up,0.0045,reverted_card_payment?,0.0025
How do I get refunded?,request_refund,request_refund,True,0.9273,request_refund,0.9273,Refund_not_showing_up,0.0655,reverted_card_payment?,0.0015
Can you cancel my purchase?,request_refund,request_refund,True,0.9561,request_refund,0.9561,cancel_transfer,0.0145,reverted_card_payment?,0.012
How do I cancel a previous purchase,request_refund,request_refund,True,0.8946,request_refund,0.8946,cancel_transfer,0.0517,reverted_card_payment?,0.0238
I would appreciate it if I could get an item refunded,request_refund,request_refund,True,0.9811,request_refund,0.9811,Refund_not_showing_up,0.0152,reverted_card_payment?,0.0012
How do I claim a refund?,request_refund,request_refund,True,0.8101,request_refund,0.8101,Refund_not_showing_up,0.1546,direct_debit_payment_not_recognised,0.0251
"I don't want the item, I bought it on accident, can I get a refund?",request_refund,request_refund,True,0.9895,request_refund,0.9895,Refund_not_showing_up,0.0064,direct_debit_payment_not_recognised,0.0012
Hello I changed my mind and really need a refund on one of things I bought recently. Can you please cancel the transaction and get my money back. Please it's urgent.,request_refund,request_refund,True,0.9007,request_refund,0.9007,cancel_transfer,0.0409,Refund_not_showing_up,0.0356
I would like a refund on one of your products that has been sold to me,request_refund,request_refund,True,0.9877,request_refund,0.9877,Refund_not_showing_up,0.0107,reverted_card_payment?,0.0006
I am not Happy with this product can i get a refund?,request_refund,request_refund,True,0.989,request_refund,0.989,Refund_not_showing_up,0.0093,reverted_card_payment?,0.0004
I want this amount reversed out of my account.,request_refund,cancel_transfer,False,0.293,cancel_transfer,0.293,wrong_amount_of_cash_received,0.1932,request_refund,0.0694
Hello! I recently made a purchase and I'm needing to cancel my order and process a refund as soon as possible.,request_refund,request_refund,True,0.9952,request_refund,0.9952,Refund_not_showing_up,0.0026,direct_debit_payment_not_recognised,0.001
I want to reverse a purchase. Can I cancel it?,request_refund,request_refund,True,0.9368,request_refund,0.9368,cancel_transfer,0.0293,direct_debit_payment_not_recognised,0.0173
I am chatting about an order from a long while back.  I never got it to this day and am deeply upset by this!  I want all of my money back!  I just can not accept paying for something I never got.,request_refund,request_refund,True,0.8637,request_refund,0.8637,reverted_card_payment?,0.0446,direct_debit_payment_not_recognised,0.0333
I bought this item and was charged the wrong amount can I get a refund?,request_refund,request_refund,True,0.917,request_refund,0.917,card_payment_wrong_exchange_rate,0.0336,Refund_not_showing_up,0.0097
I would like to cancel a payment. I purchased something several days ago and i still have not received it.,request_refund,request_refund,True,0.6661,request_refund,0.6661,reverted_card_payment?,0.1376,direct_debit_payment_not_recognised,0.0788
What's the refund process?,request_refund,request_refund,True,0.7718,request_refund,0.7718,Refund_not_showing_up,0.209,reverted_card_payment?,0.0056
I want a refund for my purchase,request_refund,request_refund,True,0.9774,request_refund,0.9774,Refund_not_showing_up,0.0163,reverted_card_payment?,0.0042
How can I process a refund for something I purchased?,request_refund,request_refund,True,0.9839,request_refund,0.9839,Refund_not_showing_up,0.0126,direct_debit_payment_not_recognised,0.0011
I want to get an item refunded,request_refund,request_refund,True,0.9888,request_refund,0.9888,Refund_not_showing_up,0.0086,reverted_card_payment?,0.0008
I need to cancel a purchase I made.,request_refund,request_refund,True,0.961,request_refund,0.961,cancel_transfer,0.018,direct_debit_payment_not_recognised,0.0112
I tried to make a transfer and it was declined. Why?,declined_transfer,declined_transfer,True,0.9579,declined_transfer,0.9579,failed_transfer,0.0282,beneficiary_not_allowed,0.0107
Good morning. I tried to make a purchase with my credit card last night and again this morning. Both times it was declined. Can you investigate?,declined_transfer,reverted_card_payment?,False,0.2169,reverted_card_payment?,0.2169,declined_transfer,0.1777,declined_card_payment,0.1777
I am getting continuous failure for all my transfers. I have cross checked each recipient detail again and again and everything is correct.,declined_transfer,failed_transfer,False,0.4251,failed_transfer,0.4251,declined_transfer,0.2777,beneficiary_not_allowed,0.176
why was my transfer declined,declined_transfer,declined_transfer,True,0.9701,declined_transfer,0.9701,failed_transfer,0.0166,beneficiary_not_allowed,0.0077
What would make a decline message show up during a transfer?,declined_transfer,declined_transfer,True,0.9564,declined_transfer,0.9564,pending_transfer,0.0116,transfer_not_received_by_recipient,0.0079
Why do you keep declining my transfers?it was always been working really well so far but when I tried to buy something just now the card got declined . I tried couple of times already  but same thing is happening.,declined_transfer,declined_transfer,True,0.9661,declined_transfer,0.9661,declined_card_payment,0.0162,beneficiary_not_allowed,0.0078
"How can I fix my card, it got declined twice.",declined_transfer,declined_card_payment,False,0.4198,declined_card_payment,0.4198,card_not_working,0.2686,top_up_failed,0.091
Why did a transfer get declined?,declined_transfer,declined_transfer,True,0.9786,declined_transfer,0.9786,failed_transfer,0.0111,beneficiary_not_allowed,0.0051
My transfers are being declined. IT has always worked for me but now it's declining my card. I've tried several times.,declined_transfer,declined_transfer,True,0.7853,declined_transfer,0.7853,beneficiary_not_allowed,0.1319,failed_transfer,0.0252
Why did my transfer decline,declined_transfer,declined_transfer,True,0.875,declined_transfer,0.875,failed_transfer,0.0741,beneficiary_not_allowed,0.0245
The card got declined twice when I tried to use it to buy something online yesterday.,declined_transfer,declined_card_payment,False,0.4815,declined_card_payment,0.4815,declined_transfer,0.14,reverted_card_payment?,0.0901
"If the transfer details have already but reviewed and confirmed that they are correct, what other reason would cause my transfer to be declined?",declined_transfer,declined_transfer,True,0.9486,declined_transfer,0.9486,pending_transfer,0.0286,transfer_fee_charged,0.0094
Why did I get a transfer declined?,declined_transfer,declined_transfer,True,0.9713,declined_transfer,0.9713,failed_transfer,0.0176,beneficiary_not_allowed,0.0053
Why did my my transfer get declined?,declined_transfer,declined_transfer,True,0.9623,declined_transfer,0.9623,failed_transfer,0.0281,beneficiary_not_allowed,0.0047
How do I contact customer support about a transfer?,declined_transfer,transfer_not_received_by_recipient,False,0.2647,transfer_not_received_by_recipient,0.2647,pending_transfer,0.1809,transfer_fee_charged,0.1618
"You keep declining my transfers? It's always been working really well so far, but when I tried to buy something just now the card got declined. I tried couple times already but same thing.",declined_transfer,declined_transfer,True,0.9638,declined_transfer,0.9638,declined_card_payment,0.0144,beneficiary_not_allowed,0.0057
Why was I unable to do a transfer?,declined_transfer,failed_transfer,False,0.783,failed_transfer,0.783,beneficiary_not_allowed,0.176,declined_transfer,0.0301
Trouble transferring transaction contact for help,declined_transfer,failed_transfer,False,0.2676,failed_transfer,0.2676,transfer_not_received_by_recipient,0.2352,contactless_not_working,0.1553
Why could my transfer have been declined?,declined_transfer,declined_transfer,True,0.9489,declined_transfer,0.9489,failed_transfer,0.0358,beneficiary_not_allowed,0.0112
When I try and to buy something using my card it keeps getting declined.,declined_transfer,declined_card_payment,False,0.6891,declined_card_payment,0.6891,declined_transfer,0.1721,card_not_working,0.0626
I could not do a transfer because it was declined,declined_transfer,declined_transfer,True,0.9862,declined_transfer,0.9862,failed_transfer,0.0072,beneficiary_not_allowed,0.0029
"When I submit a transfer, it is being declined.  The information I put in has been reviewed.",declined_transfer,declined_transfer,True,0.9804,declined_transfer,0.9804,pending_transfer,0.0121,failed_transfer,0.0032
Why was the transfer declined?,declined_transfer,declined_transfer,True,0.9487,declined_transfer,0.9487,beneficiary_not_allowed,0.019,failed_transfer,0.0172
What is the reason my transfer was declined?,declined_transfer,declined_transfer,True,0.9722,declined_transfer,0.9722,failed_transfer,0.0129,beneficiary_not_allowed,0.0109
My transfer got declined.,declined_transfer,declined_transfer,True,0.978,declined_transfer,0.978,failed_transfer,0.0129,transfer_fee_charged,0.002
My transfer was declined,declined_transfer,declined_transfer,True,0.9781,declined_transfer,0.9781,failed_transfer,0.0112,beneficiary_not_allowed,0.0032
"I tired to move my money, but my transfer was declined.",declined_transfer,declined_transfer,True,0.9207,declined_transfer,0.9207,failed_transfer,0.0248,transfer_fee_charged,0.0157
I would like to know why my transfer was declined.,declined_transfer,declined_transfer,True,0.9753,declined_transfer,0.9753,beneficiary_not_allowed,0.0111,failed_transfer,0.0088
"I tried to make a transfer, but it was declined. Can you tell me why?",declined_transfer,declined_transfer,True,0.9312,declined_transfer,0.9312,failed_transfer,0.0418,beneficiary_not_allowed,0.0191
For what reason was my transfer declined?,declined_transfer,declined_transfer,True,0.976,declined_transfer,0.976,failed_transfer,0.0107,beneficiary_not_allowed,0.0085
My transfer has been declined and I know it should have went through.,declined_transfer,declined_transfer,True,0.9841,declined_transfer,0.9841,failed_transfer,0.0068,pending_transfer,0.0026
Double check your funds may be declined,declined_transfer,transaction_charged_twice,False,0.3858,transaction_charged_twice,0.3858,declined_cash_withdrawal,0.1915,verify_source_of_funds,0.065
I can't transfer money from my account.,declined_transfer,beneficiary_not_allowed,False,0.6663,beneficiary_not_allowed,0.6663,transfer_into_account,0.1131,failed_transfer,0.1113
"Why would my transfer be declined? I've checked that I've put in all the right details, but it is still declined.",declined_transfer,declined_transfer,True,0.9914,declined_transfer,0.9914,failed_transfer,0.0043,beneficiary_not_allowed,0.0025
I tried to buy something online yesterday but it kept saying declined. Tried again today but same thing happened. What's broken?,declined_transfer,declined_transfer,True,0.7782,declined_transfer,0.7782,card_not_working,0.0615,reverted_card_payment?,0.0533
I tried to buy something online yesterday but it wouldn't stop saying declined. Tried again today but same thing happened. What's Broken?,declined_transfer,declined_transfer,True,0.8834,declined_transfer,0.8834,declined_cash_withdrawal,0.0252,card_not_working,0.0251
My card is being declined online. Could you tell me what might be broken or wrong with the account?,declined_transfer,declined_card_payment,False,0.4728,declined_card_payment,0.4728,declined_transfer,0.1758,card_not_working,0.1266
Are there any restrictions causing my transfer to be declined?,declined_transfer,declined_transfer,True,0.9523,declined_transfer,0.9523,beneficiary_not_allowed,0.0231,failed_transfer,0.0185
"I was attempting to purchase a golf club off eBay yesterday, but my credit card was declined. I tried multiple times, and again this morning. Can you check into my card please?",declined_transfer,declined_card_payment,False,0.3207,declined_card_payment,0.3207,declined_transfer,0.2061,declined_cash_withdrawal,0.1187
"I think my transfer was declined, but why?",declined_transfer,declined_transfer,True,0.9656,declined_transfer,0.9656,failed_transfer,0.0175,beneficiary_not_allowed,0.0088
The refund isn't showing up on my account.,Refund_not_showing_up,Refund_not_showing_up,True,0.9915,Refund_not_showing_up,0.9915,reverted_card_payment?,0.0047,request_refund,0.0011
My refund is missing from my statement.,Refund_not_showing_up,Refund_not_showing_up,True,0.993,Refund_not_showing_up,0.993,request_refund,0.0028,direct_debit_payment_not_recognised,0.001
"I requested a refund, and never received it. What can I do?",Refund_not_showing_up,request_refund,False,0.7323,request_refund,0.7323,Refund_not_showing_up,0.2459,direct_debit_payment_not_recognised,0.007
I was supposed to get a purchase refunded but I don't see the money in my account,Refund_not_showing_up,Refund_not_showing_up,True,0.8067,Refund_not_showing_up,0.8067,reverted_card_payment?,0.1348,request_refund,0.0168
There's a refund missing from my statement,Refund_not_showing_up,Refund_not_showing_up,True,0.9838,Refund_not_showing_up,0.9838,request_refund,0.0085,direct_debit_payment_not_recognised,0.0016
"I need help. I asked for a refund from a merchant a while ago, but I have not gotten my money back. I keep checking my account, but nothing is showing up. What should I do now?",Refund_not_showing_up,Refund_not_showing_up,True,0.9743,Refund_not_showing_up,0.9743,reverted_card_payment?,0.0113,request_refund,0.0035
I am awaiting my refund,Refund_not_showing_up,Refund_not_showing_up,True,0.9735,Refund_not_showing_up,0.9735,request_refund,0.0123,transfer_not_received_by_recipient,0.0027
How long does it take for a refund?,Refund_not_showing_up,Refund_not_showing_up,True,0.7604,Refund_not_showing_up,0.7604,request_refund,0.2128,direct_debit_payment_not_recognised,0.0064
"Help! I keep checking my account, but my refund is not showing. I requested that a seller refund my money a while back, but there is no money showing in my account. What can you do for me?",Refund_not_showing_up,Refund_not_showing_up,True,0.9728,Refund_not_showing_up,0.9728,reverted_card_payment?,0.0079,balance_not_updated_after_cheque_or_cash_deposit,0.0041
Can you tell me why my refund is not showing in my statement?,Refund_not_showing_up,Refund_not_showing_up,True,0.9963,Refund_not_showing_up,0.9963,request_refund,0.0008,reverted_card_payment?,0.0004
"I asked for a refund last week but nothing has happened yet, can you help me please?",Refund_not_showing_up,Refund_not_showing_up,True,0.8347,Refund_not_showing_up,0.8347,request_refund,0.1482,reverted_card_payment?,0.0035
Why is my refund missing from my  statement?,Refund_not_showing_up,Refund_not_showing_up,True,0.9947,Refund_not_showing_up,0.9947,request_refund,0.002,wrong_amount_of_cash_received,0.0005
Still waiting on a refund.,Refund_not_showing_up,Refund_not_showing_up,True,0.9196,Refund_not_showing_up,0.9196,request_refund,0.0356,reverted_card_payment?,0.0139
I requested a refund and it is missing.,Refund_not_showing_up,Refund_not_showing_up,True,0.9475,Refund_not_showing_up,0.9475,request_refund,0.0251,direct_debit_payment_not_recognised,0.0081
"Hi, As suggested by you, i have asked the seller to initiate the refund, it has been a week and i haven't received my money. Please advise.",Refund_not_showing_up,Refund_not_showing_up,True,0.9334,Refund_not_showing_up,0.9334,request_refund,0.038,reverted_card_payment?,0.0195
I bought something and returned it and the money from the return isn't in my account.,Refund_not_showing_up,reverted_card_payment?,False,0.5953,reverted_card_payment?,0.5953,Refund_not_showing_up,0.2435,request_refund,0.0561
Do you have any idea on when I will receive my refund? I got my statement and it was not there.,Refund_not_showing_up,Refund_not_showing_up,True,0.9921,Refund_not_showing_up,0.9921,request_refund,0.0033,direct_debit_payment_not_recognised,0.0018
Why isn't a recent refund on my statement?,Refund_not_showing_up,Refund_not_showing_up,True,0.9922,Refund_not_showing_up,0.9922,request_refund,0.0026,direct_debit_payment_not_recognised,0.0011
Where can I see the refund in my account,Refund_not_showing_up,Refund_not_showing_up,True,0.9704,Refund_not_showing_up,0.9704,request_refund,0.0159,reverted_card_payment?,0.0045
"i was supposed to get a refund but my balance hasn't changed, why not?",Refund_not_showing_up,Refund_not_showing_up,True,0.8315,Refund_not_showing_up,0.8315,reverted_card_payment?,0.0355,balance_not_updated_after_cheque_or_cash_deposit,0.0278
I requested a refund from a merchant days ago but I do not see it in my account.,Refund_not_showing_up,Refund_not_showing_up,True,0.9761,Refund_not_showing_up,0.9761,reverted_card_payment?,0.0101,request_refund,0.0075
The refund has not appeared in my account,Refund_not_showing_up,Refund_not_showing_up,True,0.9807,Refund_not_showing_up,0.9807,reverted_card_payment?,0.0104,request_refund,0.0039
Did my refund go through? It's not on my statement.,Refund_not_showing_up,Refund_not_showing_up,True,0.9843,Refund_not_showing_up,0.9843,request_refund,0.0061,direct_debit_payment_not_recognised,0.0022
My statement doesn't show that a refund has processed,Refund_not_showing_up,Refund_not_showing_up,True,0.9903,Refund_not_showing_up,0.9903,request_refund,0.0037,transfer_not_received_by_recipient,0.0013
I requested a refund from a store but it hasn't arrived.,Refund_not_showing_up,request_refund,False,0.7789,request_refund,0.7789,Refund_not_showing_up,0.2123,reverted_card_payment?,0.0028
I still haven't seen a refund on my account,Refund_not_showing_up,Refund_not_showing_up,True,0.9883,Refund_not_showing_up,0.9883,request_refund,0.0043,reverted_card_payment?,0.0039
I am missing a refund.,Refund_not_showing_up,Refund_not_showing_up,True,0.9526,Refund_not_showing_up,0.9526,request_refund,0.0333,reverted_card_payment?,0.0037
My refund doesn't seem to be showing on my statement.,Refund_not_showing_up,Refund_not_showing_up,True,0.998,Refund_not_showing_up,0.998,request_refund,0.0006,direct_debit_payment_not_recognised,0.0002
I am not seeing a refund in my statement.,Refund_not_showing_up,Refund_not_showing_up,True,0.9922,Refund_not_showing_up,0.9922,request_refund,0.0042,direct_debit_payment_not_recognised,0.0012
Why can't I see a recent refund in my statement?,Refund_not_showing_up,Refund_not_showing_up,True,0.9967,Refund_not_showing_up,0.9967,direct_debit_payment_not_recognised,0.0012,request_refund,0.0006
"I did what you told me earlier and contacted the seller for a refund directly, but nothing is happening! It's been a week and I still haven't got anything. Please just give me back my money",Refund_not_showing_up,Refund_not_showing_up,True,0.8582,Refund_not_showing_up,0.8582,reverted_card_payment?,0.0471,request_refund,0.0388
Where is my refund? I have been checking my account all day.,Refund_not_showing_up,Refund_not_showing_up,True,0.9471,Refund_not_showing_up,0.9471,balance_not_updated_after_cheque_or_cash_deposit,0.0267,reverted_card_payment?,0.0073
It's been a week and I have done everything that I was asked to do and still nothing. I have contacted the seller and have not gotten a response. Please understand my frustration and put the money back in my account.,Refund_not_showing_up,Refund_not_showing_up,True,0.4059,Refund_not_showing_up,0.4059,reverted_card_payment?,0.2686,request_refund,0.0926
My refund is missing,Refund_not_showing_up,Refund_not_showing_up,True,0.9833,Refund_not_showing_up,0.9833,request_refund,0.0086,reverted_card_payment?,0.0023
Why doesn't a return show up im my account from a purchase I made?,Refund_not_showing_up,reverted_card_payment?,False,0.4407,reverted_card_payment?,0.4407,Refund_not_showing_up,0.4362,transfer_not_received_by_recipient,0.0351
I keep checking my bank statements but I don't see a refund that I've requested from a seller. Can you ensure that I receive the refund from the seller?,Refund_not_showing_up,Refund_not_showing_up,True,0.9598,Refund_not_showing_up,0.9598,request_refund,0.0216,direct_debit_payment_not_recognised,0.0096
"I am waiting patiently for a week now for the seller to get back to me and there has been no response, could you please help me further with getting my money back.  Thank you.",Refund_not_showing_up,Refund_not_showing_up,True,0.6192,Refund_not_showing_up,0.6192,request_refund,0.1823,reverted_card_payment?,0.0913
I would like some help getting a refund back from a seller. It still isn't showing up on my statement and I requested this a long time ago. I'm not sure why it's not returned yet. Can you assist me in getting this money back?,Refund_not_showing_up,Refund_not_showing_up,True,0.958,Refund_not_showing_up,0.958,request_refund,0.0235,reverted_card_payment?,0.008
How long will it take to get my refund,Refund_not_showing_up,Refund_not_showing_up,True,0.8861,Refund_not_showing_up,0.8861,request_refund,0.0964,card_delivery_estimate,0.0025
I should have received a refund however it is not showing on my statement,Refund_not_showing_up,Refund_not_showing_up,True,0.9892,Refund_not_showing_up,0.9892,transfer_not_received_by_recipient,0.0021,request_refund,0.0018
My credit card was declined.,declined_card_payment,declined_card_payment,True,0.8971,declined_card_payment,0.8971,declined_transfer,0.0398,top_up_failed,0.0141
The new card that was just sent to me was declined multiple times yesterday when I tried to use it at a restaurant to pay for my dinner.  I am really disappointed  and embarrassed that my card was denied when I tried to use it to pay for my friend's birthday dinner.,declined_card_payment,declined_card_payment,True,0.7793,declined_card_payment,0.7793,card_not_working,0.0466,card_acceptance,0.026
Why was my card payment declined?,declined_card_payment,declined_card_payment,True,0.9775,declined_card_payment,0.9775,reverted_card_payment?,0.0107,declined_cash_withdrawal,0.0027
I was trying to purchase something at the store today and my card has been declined.  Why has this happened?,declined_card_payment,declined_card_payment,True,0.7673,declined_card_payment,0.7673,declined_transfer,0.1288,reverted_card_payment?,0.0324
"My payment has been declined, I thought this issue was fixed!",declined_card_payment,declined_card_payment,True,0.4607,declined_card_payment,0.4607,reverted_card_payment?,0.2645,declined_transfer,0.0961
My card was declined in a shop,declined_card_payment,declined_card_payment,True,0.955,declined_card_payment,0.955,declined_transfer,0.0215,card_acceptance,0.0028
Why did it decline my payment?,declined_card_payment,declined_card_payment,True,0.7741,declined_card_payment,0.7741,reverted_card_payment?,0.1681,pending_card_payment,0.0117
My card declined,declined_card_payment,declined_card_payment,True,0.8056,declined_card_payment,0.8056,declined_transfer,0.0518,top_up_failed,0.0373
Can you look at my account ans see why my card was declined,declined_card_payment,declined_card_payment,True,0.8066,declined_card_payment,0.8066,declined_cash_withdrawal,0.0484,declined_transfer,0.0391
"I was out today looking forward to pay with my new card, turns out the payment just kept getting declined. This is really sad, what's going on?",declined_card_payment,declined_card_payment,True,0.8906,declined_card_payment,0.8906,reverted_card_payment?,0.0506,pending_card_payment,0.0184
Why was a transaction on my card declined?,declined_card_payment,declined_card_payment,True,0.6221,declined_card_payment,0.6221,declined_transfer,0.1563,declined_cash_withdrawal,0.0803
My new card keeps getting declined. I was very excited to use it for the first time today. Why is this doing this?,declined_card_payment,declined_card_payment,True,0.6642,declined_card_payment,0.6642,card_not_working,0.0911,declined_transfer,0.0595
"My latest payment was declined, I was told everything was back to working order. What happened?",declined_card_payment,declined_card_payment,True,0.7474,declined_card_payment,0.7474,reverted_card_payment?,0.1782,declined_transfer,0.024
I know I have enough funds in my account but my card payment hasn't worked for some reason. What do I do?,declined_card_payment,declined_card_payment,True,0.6519,declined_card_payment,0.6519,card_not_working,0.0712,top_up_failed,0.0549
Why doesn't the card payment work,declined_card_payment,declined_card_payment,True,0.817,declined_card_payment,0.817,reverted_card_payment?,0.061,card_not_working,0.0459
I'm really stuck. I don't know why but my card payment has not gone through.,declined_card_payment,declined_card_payment,True,0.4193,declined_card_payment,0.4193,reverted_card_payment?,0.2302,pending_card_payment,0.1756
"I have a card payment that was declined, but why?",declined_card_payment,declined_card_payment,True,0.9612,declined_card_payment,0.9612,reverted_card_payment?,0.0138,card_payment_not_recognised,0.0064
Do you know why my card payment did not work?,declined_card_payment,declined_card_payment,True,0.9506,declined_card_payment,0.9506,reverted_card_payment?,0.0284,card_not_working,0.0054
Something is wrong with my payment account since it has been declined,declined_card_payment,declined_card_payment,True,0.7673,declined_card_payment,0.7673,reverted_card_payment?,0.0897,declined_transfer,0.082
Why are you declining my payment? Everything was fine.,declined_card_payment,declined_card_payment,True,0.9514,declined_card_payment,0.9514,reverted_card_payment?,0.0149,declined_transfer,0.0139
I don't know why my payment didn't work.,declined_card_payment,declined_card_payment,True,0.8923,declined_card_payment,0.8923,reverted_card_payment?,0.047,failed_transfer,0.021
My card payment did not work.,declined_card_payment,declined_card_payment,True,0.8779,declined_card_payment,0.8779,reverted_card_payment?,0.0896,top_up_failed,0.0065
Why is my debit card being declined when I have money?,declined_card_payment,declined_cash_withdrawal,False,0.4004,declined_cash_withdrawal,0.4004,declined_card_payment,0.3187,reverted_card_payment?,0.0931
My card was not accepted.,declined_card_payment,declined_card_payment,True,0.6082,declined_card_payment,0.6082,card_arrival,0.0477,card_acceptance,0.0469
I have no idea why my card payment did not work.,declined_card_payment,declined_card_payment,True,0.9326,declined_card_payment,0.9326,reverted_card_payment?,0.033,top_up_failed,0.0087
"My card payment didn't work, can you help?",declined_card_payment,declined_card_payment,True,0.8747,declined_card_payment,0.8747,reverted_card_payment?,0.0635,pending_card_payment,0.013
"My card was rejected at the store for some reason, can you look into this for me?",declined_card_payment,declined_card_payment,True,0.588,declined_card_payment,0.588,card_acceptance,0.0856,top_up_failed,0.043
Please explain why my card was declined?,declined_card_payment,declined_card_payment,True,0.8158,declined_card_payment,0.8158,declined_transfer,0.0574,declined_cash_withdrawal,0.0396
"Hello, I am facing the issue with my new card as payments are declining again and again. Please help me in this issue.",declined_card_payment,declined_card_payment,True,0.4137,declined_card_payment,0.4137,reverted_card_payment?,0.221,contactless_not_working,0.0678
Do you know why my card payment is declined?,declined_card_payment,declined_card_payment,True,0.9787,declined_card_payment,0.9787,reverted_card_payment?,0.006,declined_transfer,0.0035
Why was my Payment declined,declined_card_payment,declined_card_payment,True,0.9339,declined_card_payment,0.9339,reverted_card_payment?,0.0225,declined_transfer,0.0222
They declined my card payment.,declined_card_payment,declined_card_payment,True,0.9573,declined_card_payment,0.9573,card_payment_not_recognised,0.0105,reverted_card_payment?,0.0092
Why has my card payment been declined?,declined_card_payment,declined_card_payment,True,0.9662,declined_card_payment,0.9662,reverted_card_payment?,0.0151,declined_cash_withdrawal,0.0044
"I finally got my new card and was very excited to use it today. However, my payment kept declining. What is happening?",declined_card_payment,declined_card_payment,True,0.7749,declined_card_payment,0.7749,reverted_card_payment?,0.1503,pending_card_payment,0.0384
My card payment did not complete.,declined_card_payment,declined_card_payment,True,0.5824,declined_card_payment,0.5824,reverted_card_payment?,0.2443,pending_card_payment,0.0858
My card didn't work in one of the shops.,declined_card_payment,declined_card_payment,True,0.9081,declined_card_payment,0.9081,card_not_working,0.0397,card_acceptance,0.0066
Card payment declined?,declined_card_payment,declined_card_payment,True,0.9105,declined_card_payment,0.9105,reverted_card_payment?,0.0417,card_payment_not_recognised,0.02
"I tried using my card and it kept getting declined, Why?",declined_card_payment,declined_card_payment,True,0.7698,declined_card_payment,0.7698,declined_cash_withdrawal,0.1045,card_not_working,0.0696
How do you fix  my card payment?,declined_card_payment,declined_card_payment,True,0.452,declined_card_payment,0.452,reverted_card_payment?,0.2571,card_payment_not_recognised,0.1169
Why do you keep declining my payment? I tried several times already with this card and it's just not working,declined_card_payment,declined_card_payment,True,0.9234,declined_card_payment,0.9234,reverted_card_payment?,0.0249,declined_cash_withdrawal,0.0181
"I did transfer, why is it pending",pending_transfer,pending_transfer,True,0.9687,pending_transfer,0.9687,declined_transfer,0.0095,beneficiary_not_allowed,0.0049
How long for money transfer to show?,pending_transfer,pending_transfer,True,0.3731,pending_transfer,0.3731,transfer_timing,0.3153,balance_not_updated_after_bank_transfer,0.2187
Why is my transfer not done yet?,pending_transfer,balance_not_updated_after_bank_transfer,False,0.2598,balance_not_updated_after_bank_transfer,0.2598,transfer_not_received_by_recipient,0.2457,pending_transfer,0.1851
I have a pending transfer,pending_transfer,pending_transfer,True,0.9818,pending_transfer,0.9818,declined_transfer,0.0049,cancel_transfer,0.0032
I am waiting for a pending money transfer to process.,pending_transfer,pending_transfer,True,0.9613,pending_transfer,0.9613,pending_cash_withdrawal,0.0126,pending_card_payment,0.011
i transfered however its still pending,pending_transfer,pending_transfer,True,0.9379,pending_transfer,0.9379,balance_not_updated_after_bank_transfer,0.016,transfer_not_received_by_recipient,0.0126
I have a transfer that's pending and wanted to know how long it is going to take to process?,pending_transfer,pending_transfer,True,0.985,pending_transfer,0.985,transfer_not_received_by_recipient,0.0074,pending_card_payment,0.0025
So the transfer finally worked but now it's been pending for quite a long time. How long do you expect me to wait for it? It's quite urgent,pending_transfer,pending_transfer,True,0.8847,pending_transfer,0.8847,transfer_not_received_by_recipient,0.0423,balance_not_updated_after_bank_transfer,0.0304
I had made a transfer but its still pending.,pending_transfer,pending_transfer,True,0.9595,pending_transfer,0.9595,declined_transfer,0.01,transfer_not_received_by_recipient,0.0079
I submitted my transfer but it has been pending for quite a while and I was wondering what takes so long? why hasn't it completed,pending_transfer,pending_transfer,True,0.9274,pending_transfer,0.9274,transfer_not_received_by_recipient,0.0538,balance_not_updated_after_bank_transfer,0.0042
How can I speed up a transfer?  Mine is pending.,pending_transfer,pending_transfer,True,0.9439,pending_transfer,0.9439,balance_not_updated_after_bank_transfer,0.0102,declined_transfer,0.0089
How long can an EU transfer take?,pending_transfer,transfer_timing,False,0.5758,transfer_timing,0.5758,pending_transfer,0.3534,balance_not_updated_after_bank_transfer,0.0555
My transfer is still coming up as pending.,pending_transfer,pending_transfer,True,0.9574,pending_transfer,0.9574,balance_not_updated_after_bank_transfer,0.0107,declined_transfer,0.006
I'm trying to transfer money to another country. It's just pending and not sending. My account details are correct. Please help me.,pending_transfer,pending_transfer,True,0.7422,pending_transfer,0.7422,declined_transfer,0.068,transfer_not_received_by_recipient,0.0549
My transfer is still pending and I know the account numbers are correct.  Please help.,pending_transfer,pending_transfer,True,0.7801,pending_transfer,0.7801,cancel_transfer,0.0779,declined_transfer,0.0696
"I transferred money yesterday, but it still isn't available?",pending_transfer,balance_not_updated_after_bank_transfer,False,0.6059,balance_not_updated_after_bank_transfer,0.6059,transfer_not_received_by_recipient,0.3161,pending_transfer,0.0205
How long does a transfer stay pending?,pending_transfer,pending_transfer,True,0.9726,pending_transfer,0.9726,transfer_timing,0.0104,pending_cash_withdrawal,0.0046
How long do transfer pend for?,pending_transfer,transfer_timing,False,0.3619,transfer_timing,0.3619,pending_transfer,0.3456,balance_not_updated_after_bank_transfer,0.1665
Why hasn't my transfer gone through yet?,pending_transfer,transfer_not_received_by_recipient,False,0.3193,transfer_not_received_by_recipient,0.3193,balance_not_updated_after_bank_transfer,0.2133,failed_transfer,0.1706
When will the transfer go through?,pending_transfer,transfer_timing,False,0.4367,transfer_timing,0.4367,transfer_not_received_by_recipient,0.2922,pending_transfer,0.1288
Please explain why the transfers shows up as pending?,pending_transfer,pending_transfer,True,0.9657,pending_transfer,0.9657,pending_cash_withdrawal,0.0092,balance_not_updated_after_bank_transfer,0.0073
"I double checked that I have the correct account details , they're right for sure. Transfer is still pending since forever. What should be done now?",pending_transfer,pending_transfer,True,0.844,pending_transfer,0.844,transfer_not_received_by_recipient,0.0394,declined_transfer,0.0381
When will my transfer go through?,pending_transfer,transfer_timing,False,0.4342,transfer_timing,0.4342,transfer_not_received_by_recipient,0.1985,balance_not_updated_after_bank_transfer,0.1887
What is the cause that the transfer shows as pending?,pending_transfer,pending_transfer,True,0.9809,pending_transfer,0.9809,pending_card_payment,0.0041,transfer_not_received_by_recipient,0.0039
When will the transfer be completed?,pending_transfer,transfer_not_received_by_recipient,False,0.4025,transfer_not_received_by_recipient,0.4025,pending_transfer,0.3759,transfer_timing,0.1387
Pending transfer?,pending_transfer,pending_transfer,True,0.9838,pending_transfer,0.9838,declined_transfer,0.0031,pending_card_payment,0.0031
"I would like to know why my payment is still pending, can you help?",pending_transfer,pending_card_payment,False,0.9116,pending_card_payment,0.9116,pending_transfer,0.0505,pending_cash_withdrawal,0.0209
Someone transferred money to me and it doesn't show,pending_transfer,transfer_not_received_by_recipient,False,0.6879,transfer_not_received_by_recipient,0.6879,balance_not_updated_after_bank_transfer,0.1814,pending_transfer,0.0275
How long does a transfer take to be confirmed?,pending_transfer,pending_transfer,True,0.78,pending_transfer,0.78,transfer_not_received_by_recipient,0.1499,transfer_timing,0.0463
I made a transfer 12 hours ago. Why is it still listed as pending?,pending_transfer,pending_transfer,True,0.9425,pending_transfer,0.9425,pending_card_payment,0.0145,transfer_not_received_by_recipient,0.0106
"Why does my transfer say ""pending""?",pending_transfer,pending_transfer,True,0.96,pending_transfer,0.96,pending_card_payment,0.0087,declined_transfer,0.0085
How long can I expect a transfer to pend for?,pending_transfer,transfer_timing,False,0.4408,transfer_timing,0.4408,pending_transfer,0.4369,balance_not_updated_after_bank_transfer,0.0507
For how long will my transfer be pending?,pending_transfer,pending_transfer,True,0.959,pending_transfer,0.959,transfer_timing,0.0229,pending_card_payment,0.0058
Transferring money in 2018 to another country shouldn't take this long. My transfer has been pending for too long. I verified my account details are correct.,pending_transfer,pending_transfer,True,0.7355,pending_transfer,0.7355,transfer_not_received_by_recipient,0.0886,balance_not_updated_after_bank_transfer,0.0715
Why is a money transfer not showing?,pending_transfer,transfer_not_received_by_recipient,False,0.4038,transfer_not_received_by_recipient,0.4038,balance_not_updated_after_bank_transfer,0.3477,pending_transfer,0.204
The transfer is coming up as pending the payment is due today. Will I be charged a fee?,pending_transfer,transfer_fee_charged,False,0.4229,transfer_fee_charged,0.4229,pending_transfer,0.1744,top_up_by_bank_transfer_charge,0.1648
I am still waiting for a money transfer to show,pending_transfer,pending_transfer,True,0.7598,pending_transfer,0.7598,transfer_not_received_by_recipient,0.1145,balance_not_updated_after_bank_transfer,0.0949
My transfer hasn't gone through yet.,pending_transfer,pending_transfer,True,0.2576,pending_transfer,0.2576,transfer_not_received_by_recipient,0.2511,balance_not_updated_after_bank_transfer,0.1706
I am confused as to why my transfer could still be pending.,pending_transfer,pending_transfer,True,0.8777,pending_transfer,0.8777,beneficiary_not_allowed,0.0552,declined_transfer,0.0394
How long does it take for a money transfer to show?,pending_transfer,pending_transfer,True,0.512,pending_transfer,0.512,transfer_timing,0.1781,balance_not_updated_after_bank_transfer,0.1528
Can you remove my account please?,terminate_account,terminate_account,True,0.9544,terminate_account,0.9544,why_verify_identity,0.0198,cancel_transfer,0.0046
"i want to close an account but im not sure about setting up a new one in the future, what do you recommend",terminate_account,terminate_account,True,0.8906,terminate_account,0.8906,edit_personal_details,0.0252,age_limit,0.0214
My account needs to be deleted.,terminate_account,terminate_account,True,0.9829,terminate_account,0.9829,passcode_forgotten,0.0028,why_verify_identity,0.0027
I would like to delete my account please.,terminate_account,terminate_account,True,0.9913,terminate_account,0.9913,edit_personal_details,0.0018,passcode_forgotten,0.0012
What steps do I need to take to close my account?,terminate_account,terminate_account,True,0.9762,terminate_account,0.9762,cancel_transfer,0.0046,edit_personal_details,0.003
I'm tired of all the problems I've had. I want to quit this account!,terminate_account,terminate_account,True,0.9883,terminate_account,0.9883,cancel_transfer,0.0032,why_verify_identity,0.0021
Please delete my account right now!,terminate_account,terminate_account,True,0.9726,terminate_account,0.9726,why_verify_identity,0.0051,passcode_forgotten,0.0032
I want to close my account,terminate_account,terminate_account,True,0.9894,terminate_account,0.9894,cancel_transfer,0.0043,edit_personal_details,0.0012
"unhappy with you, how to delete account",terminate_account,terminate_account,True,0.9941,terminate_account,0.9941,cancel_transfer,0.0024,edit_personal_details,0.0007
I would like to delete my account.,terminate_account,terminate_account,True,0.9919,terminate_account,0.9919,edit_personal_details,0.0018,cancel_transfer,0.0011
I am highly unsatisfied with this company and want to delete my account!,terminate_account,terminate_account,True,0.9914,terminate_account,0.9914,direct_debit_payment_not_recognised,0.0016,cancel_transfer,0.0015
I don't like your company. Delete my account.,terminate_account,terminate_account,True,0.9647,terminate_account,0.9647,why_verify_identity,0.0081,compromised_card,0.0047
I would like to close my account.,terminate_account,terminate_account,True,0.9885,terminate_account,0.9885,cancel_transfer,0.0036,edit_personal_details,0.0021
This company is terrible! Can you delete my account?,terminate_account,terminate_account,True,0.9755,terminate_account,0.9755,request_refund,0.0061,compromised_card,0.0044
"This company is bad, please delete my account.",terminate_account,terminate_account,True,0.9706,terminate_account,0.9706,compromised_card,0.0064,request_refund,0.0037
"please delete my account, your services are not up to par.",terminate_account,terminate_account,True,0.9483,terminate_account,0.9483,why_verify_identity,0.0115,unable_to_verify_identity,0.0081
I need your help in deleting my account.,terminate_account,terminate_account,True,0.9892,terminate_account,0.9892,cancel_transfer,0.002,why_verify_identity,0.0018
"The service of this company sucks, I need to terminate my account.",terminate_account,terminate_account,True,0.9876,terminate_account,0.9876,request_refund,0.0029,cancel_transfer,0.0025
Delete this account!,terminate_account,terminate_account,True,0.9594,terminate_account,0.9594,cancel_transfer,0.007,why_verify_identity,0.0054
How do I get rid of my account ASAP?,terminate_account,terminate_account,True,0.9792,terminate_account,0.9792,cash_withdrawal_not_recognised,0.0029,passcode_forgotten,0.0025
"This company isn't good, I would like to delete my account.",terminate_account,terminate_account,True,0.9937,terminate_account,0.9937,request_refund,0.0012,cancel_transfer,0.0009
Can you delete my account please?,terminate_account,terminate_account,True,0.9733,terminate_account,0.9733,why_verify_identity,0.0115,passcode_forgotten,0.0022
I am not satisfied with your company and would like to delete my accounts!,terminate_account,terminate_account,True,0.9921,terminate_account,0.9921,direct_debit_payment_not_recognised,0.0013,why_verify_identity,0.0011
Please delete my account. I am not happy with the service from your company.,terminate_account,terminate_account,True,0.974,terminate_account,0.974,why_verify_identity,0.0042,compromised_card,0.0037
Please terminate my account.,terminate_account,terminate_account,True,0.9892,terminate_account,0.9892,cancel_transfer,0.004,request_refund,0.0013
I am sick of this damn company and want to close out my account.,terminate_account,terminate_account,True,0.9916,terminate_account,0.9916,request_refund,0.0025,cancel_transfer,0.0012
Please close my account. I am unsatisfied with your service.,terminate_account,terminate_account,True,0.9799,terminate_account,0.9799,why_verify_identity,0.0028,cancel_transfer,0.0024
Please delete my account.,terminate_account,terminate_account,True,0.9742,terminate_account,0.9742,why_verify_identity,0.0073,passcode_forgotten,0.003
"Your service is terrible,.  Delete my account,",terminate_account,terminate_account,True,0.9195,terminate_account,0.9195,unable_to_verify_identity,0.0188,compromised_card,0.0152
I want my account deleted!,terminate_account,terminate_account,True,0.9823,terminate_account,0.9823,cancel_transfer,0.0025,direct_debit_payment_not_recognised,0.0023
I am extremely unhappy with this app and want to get rid of my account?,terminate_account,terminate_account,True,0.9431,terminate_account,0.9431,lost_or_stolen_phone,0.013,cash_withdrawal_not_recognised,0.0079
How do I delete my account?,terminate_account,terminate_account,True,0.9911,terminate_account,0.9911,passcode_forgotten,0.0013,edit_personal_details,0.0012
This company sucks! Can you delete my account?,terminate_account,terminate_account,True,0.9788,terminate_account,0.9788,request_refund,0.0052,direct_debit_payment_not_recognised,0.0029
I wish to close my account. I do not like the service you provide.,terminate_account,terminate_account,True,0.9937,terminate_account,0.9937,why_verify_identity,0.0011,cancel_transfer,0.0009
Can you help me get rid of my account?,terminate_account,terminate_account,True,0.9837,terminate_account,0.9837,passcode_forgotten,0.0035,why_verify_identity,0.0017
"I don't find your services useful anymore, how do I delete my account?",terminate_account,terminate_account,True,0.985,terminate_account,0.985,lost_or_stolen_phone,0.0034,compromised_card,0.0023
"Please delete my account, this company is not working for me!",terminate_account,terminate_account,True,0.9803,terminate_account,0.9803,compromised_card,0.0014,direct_debit_payment_not_recognised,0.0014
I want to delete my account. I'm unhappy with the service you're providing.,terminate_account,terminate_account,True,0.9951,terminate_account,0.9951,why_verify_identity,0.0011,compromised_card,0.0009
Can you tell me how to close my account?,terminate_account,terminate_account,True,0.9856,terminate_account,0.9856,cancel_transfer,0.0047,passcode_forgotten,0.0021
This company sucks! Can you terminate my account?,terminate_account,terminate_account,True,0.9682,terminate_account,0.9682,request_refund,0.0147,cancel_transfer,0.0051
"What do I do if an ATM ""stole"" my card?",card_swallowed,card_swallowed,True,0.8076,card_swallowed,0.8076,cash_withdrawal_not_recognised,0.0718,compromised_card,0.0367
How do I retrieve my card from the machine?,card_swallowed,card_linking,False,0.3285,card_linking,0.3285,lost_or_stolen_card,0.1789,card_swallowed,0.1726
I was retrieving money and my card wouldn't remove.,card_swallowed,cash_withdrawal_not_recognised,False,0.3414,cash_withdrawal_not_recognised,0.3414,card_swallowed,0.2041,lost_or_stolen_card,0.0724
What do I do since the machine swallowed my card. I need one.,card_swallowed,card_swallowed,True,0.7937,card_swallowed,0.7937,card_not_working,0.052,lost_or_stolen_card,0.0322
HOw do I get my card back after the ATM has pulled it in?,card_swallowed,card_swallowed,True,0.9775,card_swallowed,0.9775,declined_cash_withdrawal,0.0059,pending_cash_withdrawal,0.0031
Atm took my card,card_swallowed,card_swallowed,True,0.9003,card_swallowed,0.9003,atm_support,0.0258,declined_cash_withdrawal,0.024
Is there a way I can get my ATM card back from the machine?,card_swallowed,card_swallowed,True,0.9436,card_swallowed,0.9436,atm_support,0.0258,declined_cash_withdrawal,0.008
I think the atm ate my card.,card_swallowed,card_swallowed,True,0.8995,card_swallowed,0.8995,wrong_amount_of_cash_received,0.0351,declined_cash_withdrawal,0.0192
The ATM didn't give me the card back!,card_swallowed,card_swallowed,True,0.9452,card_swallowed,0.9452,declined_cash_withdrawal,0.0214,wrong_amount_of_cash_received,0.0134
How can I get my card out of the damn ATM?,card_swallowed,card_swallowed,True,0.9468,card_swallowed,0.9468,atm_support,0.0136,cash_withdrawal_not_recognised,0.0104
The atm won't give my card back!,card_swallowed,card_swallowed,True,0.9081,card_swallowed,0.9081,declined_cash_withdrawal,0.0585,wrong_amount_of_cash_received,0.0065
How can I get my card back out?,card_swallowed,card_swallowed,True,0.4849,card_swallowed,0.4849,card_not_working,0.1786,lost_or_stolen_card,0.1572
The ATM machine stole my card.,card_swallowed,card_swallowed,True,0.9265,card_swallowed,0.9265,lost_or_stolen_card,0.0154,declined_cash_withdrawal,0.0106
The ATM at Metro bank on High St. Kensington swallowed my card. How do I get it back?,card_swallowed,card_swallowed,True,0.9181,card_swallowed,0.9181,declined_cash_withdrawal,0.023,atm_support,0.0177
My ATM got stuck and I'm not sure what to do.,card_swallowed,card_swallowed,True,0.6627,card_swallowed,0.6627,declined_cash_withdrawal,0.1553,wrong_amount_of_cash_received,0.0652
The ATM ate my card.,card_swallowed,card_swallowed,True,0.9472,card_swallowed,0.9472,wrong_amount_of_cash_received,0.0165,declined_cash_withdrawal,0.0135
The ATM won't give me my card back.,card_swallowed,card_swallowed,True,0.8809,card_swallowed,0.8809,declined_cash_withdrawal,0.0783,wrong_amount_of_cash_received,0.0104
My card was confiscated by an ATM. How do I get my card back?,card_swallowed,card_swallowed,True,0.9036,card_swallowed,0.9036,lost_or_stolen_card,0.0133,declined_cash_withdrawal,0.0118
What do I do if the ATM ate my card?,card_swallowed,card_swallowed,True,0.9585,card_swallowed,0.9585,cash_withdrawal_not_recognised,0.0085,wrong_amount_of_cash_received,0.0074
ATM still has my card,card_swallowed,card_swallowed,True,0.7792,card_swallowed,0.7792,pending_cash_withdrawal,0.0862,reverted_card_payment?,0.0255
What do I do if an ATM ate my card?,card_swallowed,card_swallowed,True,0.9488,card_swallowed,0.9488,cash_withdrawal_not_recognised,0.0122,atm_support,0.0065
What happens if the ATM doesn't give me back my card?,card_swallowed,card_swallowed,True,0.8389,card_swallowed,0.8389,declined_cash_withdrawal,0.0458,wrong_amount_of_cash_received,0.0179
I can't pull my card out of the ATM. Help me.,card_swallowed,card_swallowed,True,0.8241,card_swallowed,0.8241,declined_cash_withdrawal,0.114,pin_blocked,0.0164
I have a problem!  The ATM stole my card!,card_swallowed,card_swallowed,True,0.8845,card_swallowed,0.8845,declined_cash_withdrawal,0.0348,lost_or_stolen_card,0.0166
Why would an ATM swallow my card?,card_swallowed,card_swallowed,True,0.7218,card_swallowed,0.7218,declined_cash_withdrawal,0.1613,atm_support,0.027
My card was taken by the ATM.,card_swallowed,card_swallowed,True,0.8213,card_swallowed,0.8213,cash_withdrawal_not_recognised,0.0364,declined_cash_withdrawal,0.0296
Help!  The atm won't give me my card back.,card_swallowed,card_swallowed,True,0.9057,card_swallowed,0.9057,declined_cash_withdrawal,0.0578,wrong_amount_of_cash_received,0.006
The stupid machine just swallowed my card!! I need a new one ASAP,card_swallowed,card_swallowed,True,0.6689,card_swallowed,0.6689,lost_or_stolen_card,0.1233,card_not_working,0.0441
How do I retrieve a trapped card from a ATM?,card_swallowed,card_swallowed,True,0.9322,card_swallowed,0.9322,atm_support,0.028,pin_blocked,0.0098
"My card is stuck in the ATM, what can I do?",card_swallowed,card_swallowed,True,0.9117,card_swallowed,0.9117,declined_cash_withdrawal,0.0457,pending_cash_withdrawal,0.0102
I was getting cash and can't get my card back.,card_swallowed,card_swallowed,True,0.4099,card_swallowed,0.4099,declined_cash_withdrawal,0.1302,cash_withdrawal_not_recognised,0.1142
"If my card is trapped in the ATM, what do I do?",card_swallowed,card_swallowed,True,0.9446,card_swallowed,0.9446,atm_support,0.0157,pin_blocked,0.0079
My card has been swallowed by an ATM,card_swallowed,card_swallowed,True,0.9466,card_swallowed,0.9466,declined_cash_withdrawal,0.0205,atm_support,0.0103
I was taking out funds and was unable to regain my card.,card_swallowed,cash_withdrawal_not_recognised,False,0.2929,cash_withdrawal_not_recognised,0.2929,declined_cash_withdrawal,0.1139,top_up_failed,0.102
What should I do with my atm that got stuck?,card_swallowed,card_swallowed,True,0.8089,card_swallowed,0.8089,wrong_amount_of_cash_received,0.0703,declined_cash_withdrawal,0.0595
The ATM at Metro bank on High St. Kensington didn't return my card. What should I do now that the bank is closed?,card_swallowed,card_swallowed,True,0.753,card_swallowed,0.753,pending_cash_withdrawal,0.0379,declined_cash_withdrawal,0.0352
The ATM won't give back my card,card_swallowed,card_swallowed,True,0.7974,card_swallowed,0.7974,declined_cash_withdrawal,0.153,wrong_amount_of_cash_received,0.0135
I was at an ATM and it swallowed my card.,card_swallowed,card_swallowed,True,0.9243,card_swallowed,0.9243,declined_cash_withdrawal,0.0185,wrong_amount_of_cash_received,0.0114
WTF??? I tried to withdraw some money at a Metro bank on High St. Kensington and without any notice it disappeared in the machine. The bank was already closed so I couldn't do anything. How do I get it back?,card_swallowed,cash_withdrawal_not_recognised,False,0.4772,cash_withdrawal_not_recognised,0.4772,card_swallowed,0.0957,pending_cash_withdrawal,0.08
What happens if my card is stuck in the ATM?,card_swallowed,card_swallowed,True,0.796,card_swallowed,0.796,pending_cash_withdrawal,0.0959,declined_cash_withdrawal,0.047
I got double charged for a payment so how do I fix that?,transaction_charged_twice,transaction_charged_twice,True,0.9609,transaction_charged_twice,0.9609,extra_charge_on_statement,0.0122,card_payment_fee_charged,0.0087
"I've just come back from an eating holiday in the USA and Canada and have SO many pending and duplicated transactions on my account.  I think there is something wrong, can you look in to it please?",transaction_charged_twice,transaction_charged_twice,True,0.8984,transaction_charged_twice,0.8984,transfer_not_received_by_recipient,0.013,compromised_card,0.012
Why am I being charged twice fro a restaurant?,transaction_charged_twice,transaction_charged_twice,True,0.9766,transaction_charged_twice,0.9766,card_payment_fee_charged,0.0095,cash_withdrawal_charge,0.0073
I would like to know why I was charged twice for my purchase.,transaction_charged_twice,transaction_charged_twice,True,0.97,transaction_charged_twice,0.97,extra_charge_on_statement,0.0169,card_payment_fee_charged,0.0086
I didn't buy this twice,transaction_charged_twice,transaction_charged_twice,True,0.9258,transaction_charged_twice,0.9258,request_refund,0.0126,card_payment_not_recognised,0.0095
Why was I chaged twice for the same thing?,transaction_charged_twice,transaction_charged_twice,True,0.9952,transaction_charged_twice,0.9952,extra_charge_on_statement,0.0012,top_up_reverted,0.0008
Why is there more then one charge on my card I only paid for one not twice how can I fix this?,transaction_charged_twice,transaction_charged_twice,True,0.9693,transaction_charged_twice,0.9693,getting_spare_card,0.0103,extra_charge_on_statement,0.0086
I have a duplicate payment showing up on the app. How do I stop myself being charged for the thing twice?,transaction_charged_twice,transaction_charged_twice,True,0.991,transaction_charged_twice,0.991,direct_debit_payment_not_recognised,0.0036,extra_charge_on_statement,0.0026
Why would I be charged more than once for the same transaction?,transaction_charged_twice,transaction_charged_twice,True,0.9961,transaction_charged_twice,0.9961,extra_charge_on_statement,0.0022,card_payment_fee_charged,0.0007
I was wondering how I could have two charges for the same item happen more than once in a 7 day period. Is there anyway I could get this corrected asap.,transaction_charged_twice,transaction_charged_twice,True,0.9984,transaction_charged_twice,0.9984,extra_charge_on_statement,0.0006,card_payment_wrong_exchange_rate,1e-04
Can you please check if I was charged twice?,transaction_charged_twice,transaction_charged_twice,True,0.9962,transaction_charged_twice,0.9962,extra_charge_on_statement,0.0016,card_payment_fee_charged,0.0007
I have been charged twice,transaction_charged_twice,transaction_charged_twice,True,0.9991,transaction_charged_twice,0.9991,extra_charge_on_statement,0.0004,card_payment_fee_charged,1e-04
It appears that I am being double charged for some items that I have purchased this past week.  Please review and correct.,transaction_charged_twice,transaction_charged_twice,True,0.975,transaction_charged_twice,0.975,card_payment_wrong_exchange_rate,0.0089,extra_charge_on_statement,0.0069
It looks like this week I was double charged for a couple things. Is there any way that you can look into this for me and return the double charged items back to my card?,transaction_charged_twice,transaction_charged_twice,True,0.9014,transaction_charged_twice,0.9014,direct_debit_payment_not_recognised,0.0459,card_payment_not_recognised,0.0066
I noticed after looking over my transactions that I have been charged twice from an earlier restaurant visit this week. Is it possible that one of these can be removed so I get the money back for the one that is not accurate?,transaction_charged_twice,transaction_charged_twice,True,0.9787,transaction_charged_twice,0.9787,direct_debit_payment_not_recognised,0.011,card_payment_not_recognised,0.0034
I think something may have happened that caused a charge to show up twice.,transaction_charged_twice,transaction_charged_twice,True,0.9928,transaction_charged_twice,0.9928,extra_charge_on_statement,0.0037,top_up_reverted,0.0005
Why is there a transaction that shows multiple times?,transaction_charged_twice,transaction_charged_twice,True,0.9966,transaction_charged_twice,0.9966,extra_charge_on_statement,0.0011,card_payment_not_recognised,0.0004
I see what looks like duplicate charges on account.,transaction_charged_twice,transaction_charged_twice,True,0.9796,transaction_charged_twice,0.9796,extra_charge_on_statement,0.0096,card_payment_not_recognised,0.0021
Why was I charged multiple times for the same thing?,transaction_charged_twice,transaction_charged_twice,True,0.9908,transaction_charged_twice,0.9908,extra_charge_on_statement,0.0055,card_payment_fee_charged,0.0012
I had a duplicate card and got charged twice. How do I resolve this?,transaction_charged_twice,transaction_charged_twice,True,0.9922,transaction_charged_twice,0.9922,compromised_card,0.002,getting_spare_card,0.0013
Hello. I checked my transactions and saw I was double charged on my card for a restaurant visit. I would like to get my money back.,transaction_charged_twice,transaction_charged_twice,True,0.9467,transaction_charged_twice,0.9467,direct_debit_payment_not_recognised,0.0244,reverted_card_payment?,0.0063
Why am I being charged twice?,transaction_charged_twice,transaction_charged_twice,True,0.9978,transaction_charged_twice,0.9978,extra_charge_on_statement,0.0012,card_payment_fee_charged,0.0004
Transactions on my card look really weird. I've been charged twice for a couple things this week! Please check this and return the double charged ones.,transaction_charged_twice,transaction_charged_twice,True,0.9796,transaction_charged_twice,0.9796,compromised_card,0.0073,card_payment_wrong_exchange_rate,0.0025
Please check payments on my card. There is a duplicate and I only bought it once.,transaction_charged_twice,transaction_charged_twice,True,0.8735,transaction_charged_twice,0.8735,reverted_card_payment?,0.0406,card_payment_not_recognised,0.0086
"More than one time this week, I have been charged more than once for the same transaction. Please correct the issue and refund the duplicate charges.",transaction_charged_twice,transaction_charged_twice,True,0.9994,transaction_charged_twice,0.9994,card_payment_wrong_exchange_rate,1e-04,extra_charge_on_statement,1e-04
A transaction is repeated several times on my account.,transaction_charged_twice,transaction_charged_twice,True,0.993,transaction_charged_twice,0.993,compromised_card,0.0025,cash_withdrawal_not_recognised,0.0013
I've been charged more than once for the same transaction,transaction_charged_twice,transaction_charged_twice,True,0.9986,transaction_charged_twice,0.9986,extra_charge_on_statement,0.0007,card_payment_fee_charged,0.0002
My card has been charged two separate times for a single transaction.,transaction_charged_twice,transaction_charged_twice,True,0.9931,transaction_charged_twice,0.9931,card_payment_fee_charged,0.0036,extra_charge_on_statement,0.001
Can you explain why there is a payment showing twice?,transaction_charged_twice,transaction_charged_twice,True,0.9849,transaction_charged_twice,0.9849,reverted_card_payment?,0.0052,extra_charge_on_statement,0.0049
Why have I been charged twice for the same transaction?,transaction_charged_twice,transaction_charged_twice,True,0.9993,transaction_charged_twice,0.9993,extra_charge_on_statement,0.0004,card_payment_fee_charged,1e-04
I see that I have been charged multiple times for the same transaction.,transaction_charged_twice,transaction_charged_twice,True,0.9961,transaction_charged_twice,0.9961,extra_charge_on_statement,0.0011,card_payment_fee_charged,0.0011
I was double charged,transaction_charged_twice,transaction_charged_twice,True,0.9849,transaction_charged_twice,0.9849,extra_charge_on_statement,0.0073,transfer_fee_charged,0.0015
I have multiple charges on the same transaction.,transaction_charged_twice,transaction_charged_twice,True,0.9965,transaction_charged_twice,0.9965,card_payment_not_recognised,0.0005,card_payment_fee_charged,0.0005
"Looks like my card payment was duplicated. I went to pay at the store earlier, got declined once,second time it works. App still stays pending for one of the payments. Can you please remove one of them as it's wrong and clearly was declined?",transaction_charged_twice,transaction_charged_twice,True,0.9384,transaction_charged_twice,0.9384,declined_card_payment,0.0159,reverted_card_payment?,0.011
I have a transaction that shows several times,transaction_charged_twice,transaction_charged_twice,True,0.9748,transaction_charged_twice,0.9748,compromised_card,0.0059,transfer_not_received_by_recipient,0.0054
I recently got charged twice from a restaurant that I was at this week and I would like for one of those payments to be removed from my account.,transaction_charged_twice,transaction_charged_twice,True,0.7176,transaction_charged_twice,0.7176,cancel_transfer,0.0949,card_payment_not_recognised,0.0599
There is more than one of the same transaction on my account.,transaction_charged_twice,transaction_charged_twice,True,0.957,transaction_charged_twice,0.957,cash_withdrawal_not_recognised,0.0093,cancel_transfer,0.0082
I have a duplicate payment showing,transaction_charged_twice,transaction_charged_twice,True,0.9905,transaction_charged_twice,0.9905,card_payment_not_recognised,0.0036,direct_debit_payment_not_recognised,0.0025
I made a payment that got charged twice instead of once.,transaction_charged_twice,transaction_charged_twice,True,0.994,transaction_charged_twice,0.994,extra_charge_on_statement,0.0013,card_payment_not_recognised,0.0011
What are my remedies if I think I was charged twice for the same expense?,transaction_charged_twice,transaction_charged_twice,True,0.9838,transaction_charged_twice,0.9838,card_payment_fee_charged,0.0071,extra_charge_on_statement,0.0041
Can I verify the source of my funds?,verify_source_of_funds,verify_source_of_funds,True,0.9916,verify_source_of_funds,0.9916,direct_debit_payment_not_recognised,0.0014,receiving_money,0.0009
I want information about the source of funds.,verify_source_of_funds,verify_source_of_funds,True,0.9935,verify_source_of_funds,0.9935,fiat_currency_support,0.0012,atm_support,0.001
Where are my funds being sourced from?,verify_source_of_funds,verify_source_of_funds,True,0.9979,verify_source_of_funds,0.9979,cash_withdrawal_not_recognised,0.0003,balance_not_updated_after_bank_transfer,0.0002
I would like to verify the source of my money,verify_source_of_funds,verify_source_of_funds,True,0.9834,verify_source_of_funds,0.9834,verify_my_identity,0.0031,verify_top_up,0.0024
where to funds come from,verify_source_of_funds,verify_source_of_funds,True,0.991,verify_source_of_funds,0.991,transfer_into_account,0.0012,receiving_money,0.0008
What is the source of my funds.,verify_source_of_funds,verify_source_of_funds,True,0.9974,verify_source_of_funds,0.9974,cash_withdrawal_not_recognised,0.0006,card_payment_not_recognised,0.0004
I need to verify my source of funds,verify_source_of_funds,verify_source_of_funds,True,0.9928,verify_source_of_funds,0.9928,verify_my_identity,0.001,verify_top_up,0.0008
I would like to see the source of my money.,verify_source_of_funds,verify_source_of_funds,True,0.9907,verify_source_of_funds,0.9907,topping_up_by_card,0.0014,direct_debit_payment_not_recognised,0.001
Why do you need all this information about my Source of Funds?,verify_source_of_funds,verify_source_of_funds,True,0.9883,verify_source_of_funds,0.9883,why_verify_identity,0.0058,cash_withdrawal_not_recognised,0.0006
How can I check the source of funds?,verify_source_of_funds,verify_source_of_funds,True,0.9981,verify_source_of_funds,0.9981,atm_support,0.0005,receiving_money,1e-04
How can I tell where my funds came from?,verify_source_of_funds,verify_source_of_funds,True,0.9971,verify_source_of_funds,0.9971,card_payment_not_recognised,0.0005,cash_withdrawal_not_recognised,0.0004
What is the source of my available funds?,verify_source_of_funds,verify_source_of_funds,True,0.9967,verify_source_of_funds,0.9967,cash_withdrawal_not_recognised,0.0005,card_payment_not_recognised,0.0003
Can I find the origination of my funds?,verify_source_of_funds,verify_source_of_funds,True,0.993,verify_source_of_funds,0.993,card_payment_not_recognised,0.0019,direct_debit_payment_not_recognised,0.0008
My source of funds need verified.,verify_source_of_funds,verify_source_of_funds,True,0.9843,verify_source_of_funds,0.9843,why_verify_identity,0.0024,verify_top_up,0.0024
What information do you need to verify my Source of Funds?,verify_source_of_funds,verify_source_of_funds,True,0.9856,verify_source_of_funds,0.9856,verify_my_identity,0.0043,verify_top_up,0.002
I need the source of my funds verified. How do I do this?,verify_source_of_funds,verify_source_of_funds,True,0.9544,verify_source_of_funds,0.9544,verify_top_up,0.0082,verify_my_identity,0.0082
I need my funds verified.,verify_source_of_funds,verify_source_of_funds,True,0.8666,verify_source_of_funds,0.8666,verify_top_up,0.0162,balance_not_updated_after_cheque_or_cash_deposit,0.0113
Help me check where the funds came from.,verify_source_of_funds,verify_source_of_funds,True,0.989,verify_source_of_funds,0.989,card_payment_not_recognised,0.0018,cash_withdrawal_not_recognised,0.0016
I want to know where the funds come from.,verify_source_of_funds,verify_source_of_funds,True,0.9844,verify_source_of_funds,0.9844,exchange_rate,0.0036,receiving_money,0.0012
What is the source of my money?,verify_source_of_funds,verify_source_of_funds,True,0.9917,verify_source_of_funds,0.9917,cash_withdrawal_not_recognised,0.0022,card_payment_not_recognised,0.0011
Where can I find the source of my available money?,verify_source_of_funds,verify_source_of_funds,True,0.9825,verify_source_of_funds,0.9825,atm_support,0.0083,receiving_money,0.001
How can I lookup where funds came from?,verify_source_of_funds,verify_source_of_funds,True,0.9956,verify_source_of_funds,0.9956,card_payment_not_recognised,0.0008,direct_debit_payment_not_recognised,0.0006
Can I see that history on my funds and where they came from?,verify_source_of_funds,verify_source_of_funds,True,0.9818,verify_source_of_funds,0.9818,card_payment_not_recognised,0.0053,direct_debit_payment_not_recognised,0.004
I have to verify the source of my funds,verify_source_of_funds,verify_source_of_funds,True,0.9909,verify_source_of_funds,0.9909,cash_withdrawal_not_recognised,0.0015,verify_top_up,0.0009
How can I view the source of my available funds?,verify_source_of_funds,verify_source_of_funds,True,0.9983,verify_source_of_funds,0.9983,card_payment_not_recognised,0.0002,balance_not_updated_after_bank_transfer,0.0002
Why does my money come from?,verify_source_of_funds,verify_source_of_funds,True,0.912,verify_source_of_funds,0.912,cash_withdrawal_not_recognised,0.0138,card_payment_not_recognised,0.01
I need to validate the source of my funds.,verify_source_of_funds,verify_source_of_funds,True,0.9869,verify_source_of_funds,0.9869,verify_top_up,0.0019,verify_my_identity,0.0018
Where are my funds coming from? I need to know.,verify_source_of_funds,verify_source_of_funds,True,0.9815,verify_source_of_funds,0.9815,balance_not_updated_after_cheque_or_cash_deposit,0.0028,cash_withdrawal_not_recognised,0.0021
Where has my available money come from?,verify_source_of_funds,verify_source_of_funds,True,0.9631,verify_source_of_funds,0.9631,balance_not_updated_after_bank_transfer,0.006,transfer_timing,0.0043
Why do you need to know where my money is coming from?,verify_source_of_funds,verify_source_of_funds,True,0.9813,verify_source_of_funds,0.9813,why_verify_identity,0.0049,balance_not_updated_after_bank_transfer,0.0022
How can I see where my money comes from?,verify_source_of_funds,verify_source_of_funds,True,0.9952,verify_source_of_funds,0.9952,balance_not_updated_after_bank_transfer,0.0007,card_payment_not_recognised,0.0007
How can I check the source for my funds?,verify_source_of_funds,verify_source_of_funds,True,0.9968,verify_source_of_funds,0.9968,atm_support,0.0005,direct_debit_payment_not_recognised,0.0003
Where can I see the source of my money?,verify_source_of_funds,verify_source_of_funds,True,0.9954,verify_source_of_funds,0.9954,balance_not_updated_after_bank_transfer,0.0009,atm_support,0.0005
"what is source of my funds, need to verify",verify_source_of_funds,verify_source_of_funds,True,0.9954,verify_source_of_funds,0.9954,cash_withdrawal_not_recognised,0.0009,verify_top_up,0.0007
Where do my funds come from?,verify_source_of_funds,verify_source_of_funds,True,0.9939,verify_source_of_funds,0.9939,card_payment_not_recognised,0.0006,transfer_timing,0.0006
How can I check the source of my fund?,verify_source_of_funds,verify_source_of_funds,True,0.9937,verify_source_of_funds,0.9937,card_payment_not_recognised,0.0006,direct_debit_payment_not_recognised,0.0006
How can I see my source of funds?,verify_source_of_funds,verify_source_of_funds,True,0.9986,verify_source_of_funds,0.9986,receiving_money,0.0002,balance_not_updated_after_bank_transfer,0.0002
How do I become aware of where my funds come from?,verify_source_of_funds,verify_source_of_funds,True,0.9986,verify_source_of_funds,0.9986,card_payment_not_recognised,1e-04,balance_not_updated_after_bank_transfer,1e-04
Where does all this money come from though?,verify_source_of_funds,verify_source_of_funds,True,0.9439,verify_source_of_funds,0.9439,exchange_rate,0.0108,card_payment_not_recognised,0.0065
What do I need to do to verify the source of my funds?,verify_source_of_funds,verify_source_of_funds,True,0.9882,verify_source_of_funds,0.9882,verify_my_identity,0.002,verify_top_up,0.0014
What is the number of days I have to wait for my Europe transfer?,transfer_timing,transfer_timing,True,0.9456,transfer_timing,0.9456,balance_not_updated_after_bank_transfer,0.0246,pending_transfer,0.0198
What is the wait time for a transfer from the US?,transfer_timing,transfer_timing,True,0.9323,transfer_timing,0.9323,transfer_not_received_by_recipient,0.0269,pending_transfer,0.0198
I need a fast transfer from China?  How fast will it be?,transfer_timing,transfer_timing,True,0.9677,transfer_timing,0.9677,card_delivery_estimate,0.0054,failed_transfer,0.004
how soon will I see the transfer in my account?,transfer_timing,transfer_timing,True,0.8213,transfer_timing,0.8213,balance_not_updated_after_bank_transfer,0.1409,pending_transfer,0.0269
How many days does it take until funds are in my account?,transfer_timing,transfer_timing,True,0.7348,transfer_timing,0.7348,balance_not_updated_after_cheque_or_cash_deposit,0.1078,pending_top_up,0.0616
How long until my transfer goes through?,transfer_timing,transfer_timing,True,0.5335,transfer_timing,0.5335,balance_not_updated_after_bank_transfer,0.2154,pending_transfer,0.142
Do transfers from Europe take longer?,transfer_timing,transfer_timing,True,0.7896,transfer_timing,0.7896,pending_transfer,0.1104,balance_not_updated_after_bank_transfer,0.0782
What is the fastest that I can make a transfer?,transfer_timing,transfer_timing,True,0.5743,transfer_timing,0.5743,top_up_by_bank_transfer_charge,0.1222,failed_transfer,0.0822
how long dies it take for transfers to reflect on my balance,transfer_timing,balance_not_updated_after_bank_transfer,False,0.9003,balance_not_updated_after_bank_transfer,0.9003,pending_transfer,0.0472,transfer_timing,0.0295
"If I started the Bank transfer from Europe, how long will the process take to complete?",transfer_timing,transfer_timing,True,0.4277,transfer_timing,0.4277,balance_not_updated_after_bank_transfer,0.3898,pending_transfer,0.1269
How long until the money is in my account?,transfer_timing,transfer_timing,True,0.8331,transfer_timing,0.8331,balance_not_updated_after_bank_transfer,0.0554,balance_not_updated_after_cheque_or_cash_deposit,0.0553
When will a transfer reach my account?,transfer_timing,transfer_timing,True,0.8553,transfer_timing,0.8553,balance_not_updated_after_bank_transfer,0.0855,pending_transfer,0.0281
When should I expect to see my transfer hit my account?,transfer_timing,transfer_timing,True,0.7104,transfer_timing,0.7104,balance_not_updated_after_bank_transfer,0.2028,pending_transfer,0.0603
Will my transfer immediately show up in my account?,transfer_timing,transfer_timing,True,0.5623,transfer_timing,0.5623,balance_not_updated_after_bank_transfer,0.3547,pending_transfer,0.0572
"If I need to do a quick transfer from China, how long should I expect the transfer to take?",transfer_timing,transfer_timing,True,0.9834,transfer_timing,0.9834,transfer_not_received_by_recipient,0.0046,balance_not_updated_after_bank_transfer,0.0036
When does the money get transferred to my account,transfer_timing,transfer_timing,True,0.6369,transfer_timing,0.6369,balance_not_updated_after_bank_transfer,0.2956,pending_transfer,0.0178
How long do i have to wait for a transfer to reach my account?,transfer_timing,transfer_timing,True,0.8449,transfer_timing,0.8449,balance_not_updated_after_bank_transfer,0.0917,pending_transfer,0.0375
How long does it take for funds to come through the US to my account?,transfer_timing,transfer_timing,True,0.95,transfer_timing,0.95,pending_top_up,0.0088,balance_not_updated_after_bank_transfer,0.0074
How long is my Europe transfer wait?,transfer_timing,transfer_timing,True,0.8753,transfer_timing,0.8753,pending_transfer,0.0876,balance_not_updated_after_bank_transfer,0.0326
How many days does a transfer from the US take?,transfer_timing,transfer_timing,True,0.9644,transfer_timing,0.9644,transfer_not_received_by_recipient,0.0124,balance_not_updated_after_bank_transfer,0.0114
How long do I have to wait for a transfer from the US?,transfer_timing,transfer_timing,True,0.9431,transfer_timing,0.9431,transfer_not_received_by_recipient,0.0158,balance_not_updated_after_bank_transfer,0.0151
How long is the wait for a US transfer?,transfer_timing,transfer_timing,True,0.8857,transfer_timing,0.8857,pending_transfer,0.0531,transfer_not_received_by_recipient,0.0419
How many days until the money will be in my account?,transfer_timing,transfer_timing,True,0.8796,transfer_timing,0.8796,balance_not_updated_after_cheque_or_cash_deposit,0.0631,balance_not_updated_after_bank_transfer,0.02
How long does it take for a transfer?,transfer_timing,transfer_timing,True,0.3663,transfer_timing,0.3663,pending_transfer,0.24,transfer_not_received_by_recipient,0.1952
What is the time frame for a transfer from the US?,transfer_timing,transfer_timing,True,0.9502,transfer_timing,0.9502,transfer_not_received_by_recipient,0.0178,balance_not_updated_after_bank_transfer,0.0099
when will i receive a US transfer,transfer_timing,transfer_timing,True,0.8615,transfer_timing,0.8615,transfer_not_received_by_recipient,0.0319,card_delivery_estimate,0.0305
Approximately how long will an urgent transfer from China take?,transfer_timing,transfer_timing,True,0.9319,transfer_timing,0.9319,pending_transfer,0.032,transfer_not_received_by_recipient,0.017
"I initiated a Bank transfer form Europe, how long will this take?",transfer_timing,transfer_timing,True,0.4015,transfer_timing,0.4015,pending_transfer,0.3391,balance_not_updated_after_bank_transfer,0.1973
How long does it take to process transfers from Europe?,transfer_timing,transfer_timing,True,0.708,transfer_timing,0.708,pending_transfer,0.1957,balance_not_updated_after_bank_transfer,0.063
How long does a funds transfer take from one back to another?,transfer_timing,transfer_timing,True,0.4572,transfer_timing,0.4572,pending_transfer,0.2466,balance_not_updated_after_bank_transfer,0.2034
What would the approximate delivery date be if I transferred something urgently to China?,transfer_timing,transfer_timing,True,0.7165,transfer_timing,0.7165,card_about_to_expire,0.1521,transfer_not_received_by_recipient,0.043
I have to transfer something to China as fast as I can. How long will it take to arrive in China?,transfer_timing,transfer_timing,True,0.9428,transfer_timing,0.9428,card_delivery_estimate,0.0221,card_about_to_expire,0.0162
How long to I have to wait for a transfer to reach my account?,transfer_timing,transfer_timing,True,0.8288,transfer_timing,0.8288,balance_not_updated_after_bank_transfer,0.0995,pending_transfer,0.042
How long is it going to take for my funds to show in my account?,transfer_timing,transfer_timing,True,0.546,transfer_timing,0.546,pending_top_up,0.1485,balance_not_updated_after_bank_transfer,0.1104
"How long does a transfer take from the point it's sent, to the point it arrives in my account?",transfer_timing,transfer_timing,True,0.8725,transfer_timing,0.8725,pending_transfer,0.0487,balance_not_updated_after_bank_transfer,0.0428
How long will it take for the transfer to reach my account?,transfer_timing,transfer_timing,True,0.833,transfer_timing,0.833,balance_not_updated_after_bank_transfer,0.0686,pending_transfer,0.0519
If my transfer is from Europe how long will it take?,transfer_timing,transfer_timing,True,0.8939,transfer_timing,0.8939,pending_transfer,0.0607,balance_not_updated_after_bank_transfer,0.0317
There is an important thing from China that I need to transfer. Approximately how long will this take?,transfer_timing,transfer_timing,True,0.9728,transfer_timing,0.9728,balance_not_updated_after_bank_transfer,0.0064,card_about_to_expire,0.0061
How long does a transfer take from china?,transfer_timing,transfer_timing,True,0.9804,transfer_timing,0.9804,transfer_not_received_by_recipient,0.0056,pending_transfer,0.0044
When will money be available in my account?,transfer_timing,transfer_timing,True,0.7661,transfer_timing,0.7661,balance_not_updated_after_bank_transfer,0.0589,balance_not_updated_after_cheque_or_cash_deposit,0.0253
I think my card payment has been stopped,reverted_card_payment?,reverted_card_payment?,True,0.8501,reverted_card_payment?,0.8501,declined_card_payment,0.0518,pending_card_payment,0.044
My card payment was reverted.  Why?,reverted_card_payment?,reverted_card_payment?,True,0.9591,reverted_card_payment?,0.9591,declined_card_payment,0.0327,card_payment_not_recognised,0.0013
the app reverted my payment,reverted_card_payment?,reverted_card_payment?,True,0.9134,reverted_card_payment?,0.9134,card_payment_not_recognised,0.0274,direct_debit_payment_not_recognised,0.0216
My card payment was cancelled.,reverted_card_payment?,reverted_card_payment?,True,0.9424,reverted_card_payment?,0.9424,declined_card_payment,0.0367,pending_card_payment,0.0034
Why was my payment cancelled?,reverted_card_payment?,reverted_card_payment?,True,0.9265,reverted_card_payment?,0.9265,declined_card_payment,0.0276,top_up_reverted,0.0155
I made a payment but the app reverted the payment.,reverted_card_payment?,reverted_card_payment?,True,0.8386,reverted_card_payment?,0.8386,card_payment_not_recognised,0.0574,direct_debit_payment_not_recognised,0.0444
My payment was reverted by the app,reverted_card_payment?,reverted_card_payment?,True,0.919,reverted_card_payment?,0.919,card_payment_not_recognised,0.0276,direct_debit_payment_not_recognised,0.02
"Hello, My money went through for my purchase but now I got contacted from the seller noting that they didn't receive it. Then the money was returned to my account and I'm not sure why this occurred. So if you can resolve this issue please.",reverted_card_payment?,reverted_card_payment?,True,0.9327,reverted_card_payment?,0.9327,Refund_not_showing_up,0.0327,transfer_not_received_by_recipient,0.006
Please explain to me the circumstances in which my card payment would be reverted?,reverted_card_payment?,reverted_card_payment?,True,0.9756,reverted_card_payment?,0.9756,declined_card_payment,0.0133,card_payment_not_recognised,0.0022
Why has my card payment been cancelled?,reverted_card_payment?,reverted_card_payment?,True,0.9506,reverted_card_payment?,0.9506,declined_card_payment,0.0244,pending_card_payment,0.0122
What do I do if it says my card payment has been cancelled?,reverted_card_payment?,reverted_card_payment?,True,0.9027,reverted_card_payment?,0.9027,declined_card_payment,0.0185,card_payment_not_recognised,0.0136
I'm not sure why my account has been refunded a payment for an item I've already received about 2 weeks ago. Can you please tell me what is going on?,reverted_card_payment?,reverted_card_payment?,True,0.5524,reverted_card_payment?,0.5524,Refund_not_showing_up,0.3503,request_refund,0.0393
My card is being declined for a purchase. I bought items before and the card worked. Do you know what the problem is?,reverted_card_payment?,declined_card_payment,False,0.7695,declined_card_payment,0.7695,declined_transfer,0.1114,card_not_working,0.0441
Can you tell my why my card payment has been reverted.,reverted_card_payment?,reverted_card_payment?,True,0.957,reverted_card_payment?,0.957,declined_card_payment,0.0307,direct_debit_payment_not_recognised,0.0018
why did the app refuse to make an approved payment,reverted_card_payment?,reverted_card_payment?,True,0.1984,reverted_card_payment?,0.1984,beneficiary_not_allowed,0.1386,card_payment_not_recognised,0.1256
Do you know why my card payment was reverted?,reverted_card_payment?,reverted_card_payment?,True,0.9525,reverted_card_payment?,0.9525,declined_card_payment,0.0371,card_payment_not_recognised,0.0018
My credit card cancelled a payment for a purchase.,reverted_card_payment?,reverted_card_payment?,True,0.9443,reverted_card_payment?,0.9443,card_payment_not_recognised,0.0211,direct_debit_payment_not_recognised,0.0087
Why was my payment reversed?,reverted_card_payment?,reverted_card_payment?,True,0.9367,reverted_card_payment?,0.9367,top_up_reverted,0.0136,card_payment_not_recognised,0.0105
I have a payment listed as cancelled.,reverted_card_payment?,reverted_card_payment?,True,0.8569,reverted_card_payment?,0.8569,cancel_transfer,0.0307,card_payment_not_recognised,0.029
I think my card payment had been return,reverted_card_payment?,reverted_card_payment?,True,0.9546,reverted_card_payment?,0.9546,declined_card_payment,0.0232,card_payment_not_recognised,0.0059
I was contacted by a seller with a message that they never received my money. I am 100% sure it was taken from my account so I definitely need this sorted out soon.,reverted_card_payment?,reverted_card_payment?,True,0.3655,reverted_card_payment?,0.3655,Refund_not_showing_up,0.3347,transfer_not_received_by_recipient,0.0434
what happens to the funds if a merchant refuses the payment,reverted_card_payment?,reverted_card_payment?,True,0.5077,reverted_card_payment?,0.5077,card_payment_not_recognised,0.1385,declined_card_payment,0.0649
"I am attempting to make a purchase online, but my card is not working.  I know there are funds available, is this an issue on the banks end?",reverted_card_payment?,reverted_card_payment?,True,0.2863,reverted_card_payment?,0.2863,card_not_working,0.1055,top_up_failed,0.0747
Why was my card payment cancelled?,reverted_card_payment?,reverted_card_payment?,True,0.8961,reverted_card_payment?,0.8961,declined_card_payment,0.0799,pending_card_payment,0.0062
Why has my card payment been reverted?,reverted_card_payment?,reverted_card_payment?,True,0.9779,reverted_card_payment?,0.9779,declined_card_payment,0.0152,pending_card_payment,0.0011
"There must be an issue, why has my card been cancelled?",reverted_card_payment?,reverted_card_payment?,True,0.4934,reverted_card_payment?,0.4934,card_not_working,0.2174,top_up_failed,0.0608
I bought something and the money appeared back into my account? Why?,reverted_card_payment?,reverted_card_payment?,True,0.8929,reverted_card_payment?,0.8929,top_up_reverted,0.0521,cash_withdrawal_not_recognised,0.0075
My account shows the card payment cancelled.,reverted_card_payment?,reverted_card_payment?,True,0.9613,reverted_card_payment?,0.9613,declined_card_payment,0.0093,card_payment_not_recognised,0.0081
"I'm not sure why my card payment was cancelled, can you find out why?",reverted_card_payment?,reverted_card_payment?,True,0.9055,reverted_card_payment?,0.9055,declined_card_payment,0.0476,card_payment_not_recognised,0.0061
What is the reason that my card payment was cancelled?,reverted_card_payment?,reverted_card_payment?,True,0.929,reverted_card_payment?,0.929,declined_card_payment,0.0451,pending_card_payment,0.005
"Hi, I would like to file a claim for an inquiry. I am a frequent customer of the company in question and have never had any issue with my purchases, payments, or otherwise. However, the price deducted for an item I purchased a couple of weeks ago has been returned to my checking account. Was there an issue with my payment? The item has already been delivered to me.",reverted_card_payment?,direct_debit_payment_not_recognised,False,0.6054,direct_debit_payment_not_recognised,0.6054,reverted_card_payment?,0.3353,request_refund,0.0311
Why was my card payment reverted?,reverted_card_payment?,reverted_card_payment?,True,0.9587,reverted_card_payment?,0.9587,declined_card_payment,0.0336,card_payment_not_recognised,0.0008
Why does the app revert a payment?,reverted_card_payment?,reverted_card_payment?,True,0.9586,reverted_card_payment?,0.9586,card_payment_not_recognised,0.0095,top_up_reverted,0.0068
I did a payment but the app reverted it,reverted_card_payment?,reverted_card_payment?,True,0.8097,reverted_card_payment?,0.8097,card_payment_not_recognised,0.0753,direct_debit_payment_not_recognised,0.0434
What happens if a merchant doesn't accept a payment?,reverted_card_payment?,reverted_card_payment?,True,0.5231,reverted_card_payment?,0.5231,pending_card_payment,0.1294,declined_card_payment,0.106
There was a canceled payment for my card.,reverted_card_payment?,reverted_card_payment?,True,0.9038,reverted_card_payment?,0.9038,declined_card_payment,0.0482,card_payment_not_recognised,0.0111
My transaction to pay for an item was returned to my account.,reverted_card_payment?,reverted_card_payment?,True,0.833,reverted_card_payment?,0.833,Refund_not_showing_up,0.0285,transfer_not_received_by_recipient,0.0222
Someone stopped my payment,reverted_card_payment?,reverted_card_payment?,True,0.6519,reverted_card_payment?,0.6519,card_payment_not_recognised,0.1644,pending_card_payment,0.0433
"If my card payment is cancelled, what should I do?",reverted_card_payment?,reverted_card_payment?,True,0.7483,reverted_card_payment?,0.7483,cancel_transfer,0.0331,pending_card_payment,0.0304
Why has payment been returned?,reverted_card_payment?,reverted_card_payment?,True,0.9731,reverted_card_payment?,0.9731,transfer_not_received_by_recipient,0.0063,Refund_not_showing_up,0.0041
What kind of cash machines would allow me to change my PIN?,change_pin,change_pin,True,0.9698,change_pin,0.9698,atm_support,0.0104,pin_blocked,0.0053
Where do I change my PIN?,change_pin,change_pin,True,0.9219,change_pin,0.9219,get_physical_card,0.0668,pin_blocked,0.0084
Is the bank the only place I can change my PIN>,change_pin,change_pin,True,0.9897,change_pin,0.9897,get_physical_card,0.0026,pin_blocked,0.0022
"If I am overseas, how do I change my pin?",change_pin,change_pin,True,0.9658,change_pin,0.9658,get_physical_card,0.0122,pin_blocked,0.0064
Can i change my PIN at the ATM?,change_pin,change_pin,True,0.9885,change_pin,0.9885,atm_support,0.0044,declined_cash_withdrawal,0.0014
How might  I change my PIN?,change_pin,change_pin,True,0.9889,change_pin,0.9889,pin_blocked,0.0055,get_physical_card,0.0047
I would like to change my PIN but I am not currently in the country.,change_pin,change_pin,True,0.9822,change_pin,0.9822,get_physical_card,0.0064,country_support,0.0052
I would like to change my card PIN.,change_pin,change_pin,True,0.9713,change_pin,0.9713,get_physical_card,0.0122,pin_blocked,0.0041
I want to set a new PIN,change_pin,change_pin,True,0.9785,change_pin,0.9785,get_physical_card,0.0105,pin_blocked,0.0091
"I desperately need to change my PIN, but I'm overseas on vacation right now. How can I do this?",change_pin,change_pin,True,0.9825,change_pin,0.9825,pin_blocked,0.0063,get_physical_card,0.0025
I need a new Pin how do I go about that?,change_pin,change_pin,True,0.7894,change_pin,0.7894,pin_blocked,0.1106,get_physical_card,0.0906
Is there a location near me that i can change my PIN?,change_pin,change_pin,True,0.9618,change_pin,0.9618,get_physical_card,0.028,pin_blocked,0.0048
In what ATM can I change my pin?,change_pin,change_pin,True,0.9844,change_pin,0.9844,atm_support,0.0106,pin_blocked,0.0013
I'd like to make a new PIN selection.,change_pin,change_pin,True,0.9346,change_pin,0.9346,get_physical_card,0.0399,pin_blocked,0.0183
How do I set a new pin?,change_pin,change_pin,True,0.9422,change_pin,0.9422,pin_blocked,0.0278,get_physical_card,0.027
How do I update my PIN to a new number?,change_pin,change_pin,True,0.9254,change_pin,0.9254,pin_blocked,0.051,get_physical_card,0.0073
How can I change my Tholepin ?,change_pin,change_pin,True,0.9213,change_pin,0.9213,edit_personal_details,0.0173,pin_blocked,0.0111
My new pin needs to be set.,change_pin,change_pin,True,0.7728,change_pin,0.7728,get_physical_card,0.1404,pin_blocked,0.0708
I want to choose a different PIN.,change_pin,change_pin,True,0.9175,change_pin,0.9175,get_physical_card,0.0506,visa_or_mastercard,0.0123
I would like to change my pin.,change_pin,change_pin,True,0.993,change_pin,0.993,get_physical_card,0.0036,pin_blocked,0.0023
Am I able to change my PIN at any cash machines?,change_pin,change_pin,True,0.9884,change_pin,0.9884,atm_support,0.0043,declined_cash_withdrawal,0.0018
I am travelling for two more weeks but really need to change my PIN asap. What do I do?,change_pin,change_pin,True,0.9302,change_pin,0.9302,pin_blocked,0.0412,get_physical_card,0.0144
I need to change my PIN. Can I do that at a cash machine?,change_pin,change_pin,True,0.9927,change_pin,0.9927,atm_support,0.0012,pin_blocked,0.0009
Do cash machines let me change my pin?,change_pin,change_pin,True,0.9841,change_pin,0.9841,pin_blocked,0.0024,declined_cash_withdrawal,0.0022
How do I change my PIN?,change_pin,change_pin,True,0.9774,change_pin,0.9774,get_physical_card,0.0114,pin_blocked,0.0099
I need to change my PIN.,change_pin,change_pin,True,0.972,change_pin,0.972,pin_blocked,0.0194,get_physical_card,0.0069
May I receive a different card pin,change_pin,get_physical_card,False,0.5622,get_physical_card,0.5622,change_pin,0.1692,visa_or_mastercard,0.0676
What do I need to do to change my PIN?,change_pin,change_pin,True,0.9712,change_pin,0.9712,pin_blocked,0.0177,get_physical_card,0.0086
Help me set up a new PIN?,change_pin,change_pin,True,0.8584,change_pin,0.8584,get_physical_card,0.0934,pin_blocked,0.0429
Which cash machines will allow me to change my PIN?,change_pin,change_pin,True,0.9537,change_pin,0.9537,atm_support,0.024,pin_blocked,0.0049
"I am in Austria right now. I need to change my PIN ASAP, so can I still do this from here?",change_pin,change_pin,True,0.9644,change_pin,0.9644,get_physical_card,0.0101,country_support,0.006
Where can I find instructions to change my PIN?,change_pin,change_pin,True,0.9586,change_pin,0.9586,get_physical_card,0.0242,pin_blocked,0.0137
I need to change my pin but I am on the road.,change_pin,change_pin,True,0.9723,change_pin,0.9723,pin_blocked,0.0133,get_physical_card,0.0095
How do I update the PIN on my account?,change_pin,change_pin,True,0.8816,change_pin,0.8816,pin_blocked,0.0505,get_physical_card,0.0465
I need a new PIN.,change_pin,change_pin,True,0.6082,change_pin,0.6082,pin_blocked,0.2267,get_physical_card,0.1508
Show me how to change my pin?,change_pin,change_pin,True,0.971,change_pin,0.971,get_physical_card,0.0151,pin_blocked,0.0122
Please tell me which cash machines will allow me to change my pin.,change_pin,change_pin,True,0.9534,change_pin,0.9534,atm_support,0.0233,pin_blocked,0.0063
What steps do I need to take to change my card PIN?,change_pin,change_pin,True,0.9352,change_pin,0.9352,get_physical_card,0.0151,activate_my_card,0.0122
How to change the PIN on my card?,change_pin,change_pin,True,0.9206,change_pin,0.9206,get_physical_card,0.0341,pin_blocked,0.0221
How can I change the PIN?  Do I have to go to a real bank?,change_pin,change_pin,True,0.9834,change_pin,0.9834,get_physical_card,0.0052,pin_blocked,0.0034
I've tried numerous times to submit a transfer of funds. Why isn't it going through?,beneficiary_not_allowed,beneficiary_not_allowed,True,0.5506,beneficiary_not_allowed,0.5506,failed_transfer,0.2173,declined_transfer,0.0838
I've transferred money before without issue but now I am encountering an error stating that it isn't possible. Why is that?,beneficiary_not_allowed,beneficiary_not_allowed,True,0.9359,beneficiary_not_allowed,0.9359,failed_transfer,0.0231,declined_transfer,0.0137
I am not able to do a transfer to an account,beneficiary_not_allowed,beneficiary_not_allowed,True,0.8415,beneficiary_not_allowed,0.8415,failed_transfer,0.0597,transfer_into_account,0.0352
I was unable to make a transfer to another account.,beneficiary_not_allowed,beneficiary_not_allowed,True,0.84,beneficiary_not_allowed,0.84,failed_transfer,0.0942,declined_transfer,0.0261
I had a transfer blocked,beneficiary_not_allowed,failed_transfer,False,0.561,failed_transfer,0.561,beneficiary_not_allowed,0.1971,declined_transfer,0.0924
Can you please help me with this exchange?  I am trying to get crypto and the app won't let me.,beneficiary_not_allowed,beneficiary_not_allowed,True,0.8037,beneficiary_not_allowed,0.8037,exchange_via_app,0.0449,top_up_reverted,0.0216
How do I do a successful transfer to an account?,beneficiary_not_allowed,transfer_into_account,False,0.8584,transfer_into_account,0.8584,declined_transfer,0.0411,failed_transfer,0.0169
Why did I get a message saying that my transfer is not possible?  I have done this before no problem.  Please fix.,beneficiary_not_allowed,beneficiary_not_allowed,True,0.9464,beneficiary_not_allowed,0.9464,declined_transfer,0.0279,failed_transfer,0.0193
"Hey I want to buy some crypto but the app doesn't allow me to! What's the issue, I really want to exchange this",beneficiary_not_allowed,beneficiary_not_allowed,True,0.9191,beneficiary_not_allowed,0.9191,exchange_via_app,0.0181,declined_transfer,0.0129
I tried to transfer money but it said it wasn't possible? I've done this before and it worked why isn't it working now?,beneficiary_not_allowed,beneficiary_not_allowed,True,0.4325,beneficiary_not_allowed,0.4325,failed_transfer,0.4175,declined_transfer,0.031
Why can't I transfer to a beneficiary?,beneficiary_not_allowed,beneficiary_not_allowed,True,0.9978,beneficiary_not_allowed,0.9978,failed_transfer,0.0011,declined_transfer,0.0004
I am having problems transferring to a beneficiary.,beneficiary_not_allowed,beneficiary_not_allowed,True,0.9968,beneficiary_not_allowed,0.9968,failed_transfer,0.0011,declined_transfer,0.0008
What's the deal with no cryptocurrency on your app?,beneficiary_not_allowed,beneficiary_not_allowed,True,0.426,beneficiary_not_allowed,0.426,top_up_reverted,0.1699,cash_withdrawal_not_recognised,0.0737
Why isn't my transfer not going through? I keep getting an error message.,beneficiary_not_allowed,beneficiary_not_allowed,True,0.5794,beneficiary_not_allowed,0.5794,failed_transfer,0.3542,declined_transfer,0.0532
What are the rules for transferring to a beneficiary?,beneficiary_not_allowed,beneficiary_not_allowed,True,0.9831,beneficiary_not_allowed,0.9831,receiving_money,0.0042,top_up_by_bank_transfer_charge,0.0019
Can I transfer money to a beneficiery?,beneficiary_not_allowed,receiving_money,False,0.4137,receiving_money,0.4137,beneficiary_not_allowed,0.2208,transfer_into_account,0.139
I have tried transferring money numerous times.  All I keep getting is an error message.  Can you tell me what is going on and how this van be fixed?,beneficiary_not_allowed,beneficiary_not_allowed,True,0.4606,beneficiary_not_allowed,0.4606,failed_transfer,0.3616,declined_transfer,0.0907
I have a cryptocurrency exchange that won't go through. Please help me process it.,beneficiary_not_allowed,exchange_via_app,False,0.4116,exchange_via_app,0.4116,beneficiary_not_allowed,0.1213,fiat_currency_support,0.1126
Why wasn't I able to transfer to another account?,beneficiary_not_allowed,beneficiary_not_allowed,True,0.9265,beneficiary_not_allowed,0.9265,failed_transfer,0.0428,balance_not_updated_after_bank_transfer,0.0091
The money would not transfer to a beneficiary.,beneficiary_not_allowed,beneficiary_not_allowed,True,0.8449,beneficiary_not_allowed,0.8449,cancel_transfer,0.0457,receiving_money,0.0101
How come I'm not allowed to transfer funds right now? I just keep getting an error message.,beneficiary_not_allowed,beneficiary_not_allowed,True,0.986,beneficiary_not_allowed,0.986,failed_transfer,0.0038,declined_transfer,0.003
I couldn't do a transfer to an account,beneficiary_not_allowed,beneficiary_not_allowed,True,0.7122,beneficiary_not_allowed,0.7122,failed_transfer,0.1845,declined_transfer,0.0458
A transfer to an account was not allowed,beneficiary_not_allowed,beneficiary_not_allowed,True,0.9626,beneficiary_not_allowed,0.9626,failed_transfer,0.0205,declined_transfer,0.006
Why did I receive an error message saying that my transfer was not possible?,beneficiary_not_allowed,beneficiary_not_allowed,True,0.9157,beneficiary_not_allowed,0.9157,failed_transfer,0.0618,declined_transfer,0.0197
Explain why I can't do a transfer to a beneficiary.,beneficiary_not_allowed,beneficiary_not_allowed,True,0.9953,beneficiary_not_allowed,0.9953,failed_transfer,0.003,declined_transfer,0.0005
My transfer to beneficiary didn't go through,beneficiary_not_allowed,beneficiary_not_allowed,True,0.9547,beneficiary_not_allowed,0.9547,transfer_not_received_by_recipient,0.0189,failed_transfer,0.0125
Why isn't my transfer going through? I get a message saying it's not possible. I've had no issues in the past.,beneficiary_not_allowed,beneficiary_not_allowed,True,0.7731,beneficiary_not_allowed,0.7731,failed_transfer,0.1345,declined_transfer,0.0754
I couldn't make a transfer to a beneficiary!,beneficiary_not_allowed,beneficiary_not_allowed,True,0.9404,beneficiary_not_allowed,0.9404,failed_transfer,0.0478,declined_transfer,0.0029
"My beneficiary has been denied, is this normal?",beneficiary_not_allowed,beneficiary_not_allowed,True,0.9294,beneficiary_not_allowed,0.9294,direct_debit_payment_not_recognised,0.0205,declined_cash_withdrawal,0.0067
I am trying to exchange crypto and it's not working. Tell me how to fix this.,beneficiary_not_allowed,beneficiary_not_allowed,True,0.761,beneficiary_not_allowed,0.761,top_up_reverted,0.0343,declined_transfer,0.0275
The account transfer I was trying to do failed.,beneficiary_not_allowed,beneficiary_not_allowed,True,0.4879,beneficiary_not_allowed,0.4879,failed_transfer,0.3638,declined_transfer,0.0628
"My beneficiary is not allowed, please may I have answer as to why this is?",beneficiary_not_allowed,beneficiary_not_allowed,True,0.9977,beneficiary_not_allowed,0.9977,declined_cash_withdrawal,0.0003,card_not_working,0.0002
Why couldn't I do a transfer to a beneficiary?,beneficiary_not_allowed,beneficiary_not_allowed,True,0.9948,beneficiary_not_allowed,0.9948,failed_transfer,0.0033,declined_transfer,0.0007
Why would i not be able to do a transfer to a beneficiary?,beneficiary_not_allowed,beneficiary_not_allowed,True,0.9969,beneficiary_not_allowed,0.9969,failed_transfer,0.002,declined_transfer,0.0005
I want to transfer money to a beneficiery. Why can't I?,beneficiary_not_allowed,beneficiary_not_allowed,True,0.9519,beneficiary_not_allowed,0.9519,failed_transfer,0.0133,transfer_into_account,0.01
Can you help with a transfer to an account,beneficiary_not_allowed,transfer_into_account,False,0.6134,transfer_into_account,0.6134,beneficiary_not_allowed,0.0594,top_up_by_bank_transfer_charge,0.054
why isnt my account allowing transfers,beneficiary_not_allowed,beneficiary_not_allowed,True,0.9205,beneficiary_not_allowed,0.9205,failed_transfer,0.0308,balance_not_updated_after_bank_transfer,0.0182
"I want to buy cryptocurrency, but your app doesn't let me. Why?",beneficiary_not_allowed,beneficiary_not_allowed,True,0.8367,beneficiary_not_allowed,0.8367,card_payment_not_recognised,0.0194,declined_transfer,0.0179
i tried to make a transfer to a beneficiary and it didn't go through,beneficiary_not_allowed,beneficiary_not_allowed,True,0.9453,beneficiary_not_allowed,0.9453,failed_transfer,0.0265,transfer_not_received_by_recipient,0.013
Why was a transfer to an account not allowed?,beneficiary_not_allowed,beneficiary_not_allowed,True,0.9682,beneficiary_not_allowed,0.9682,failed_transfer,0.0102,transfer_fee_charged,0.0065
"When I made a transfer, there was a fee.  Why?",transfer_fee_charged,transfer_fee_charged,True,0.9862,transfer_fee_charged,0.9862,card_payment_fee_charged,0.0037,top_up_by_bank_transfer_charge,0.0023
I was charged a fee for my transfer.,transfer_fee_charged,transfer_fee_charged,True,0.9738,transfer_fee_charged,0.9738,top_up_by_bank_transfer_charge,0.0095,card_payment_fee_charged,0.0032
Is there a reason I was charged a fee to transfer?,transfer_fee_charged,transfer_fee_charged,True,0.9867,transfer_fee_charged,0.9867,top_up_by_bank_transfer_charge,0.0074,cash_withdrawal_charge,0.0015
Why was a charged just for transferring?,transfer_fee_charged,transfer_fee_charged,True,0.9481,transfer_fee_charged,0.9481,top_up_by_bank_transfer_charge,0.0189,beneficiary_not_allowed,0.0122
I had to pay in order to do a transfer,transfer_fee_charged,transfer_fee_charged,True,0.3894,transfer_fee_charged,0.3894,transfer_not_received_by_recipient,0.2597,failed_transfer,0.0799
What is the transfer fee charge?,transfer_fee_charged,transfer_fee_charged,True,0.5381,transfer_fee_charged,0.5381,top_up_by_bank_transfer_charge,0.4354,exchange_charge,0.009
Why was I charged extra for transferring money?,transfer_fee_charged,transfer_fee_charged,True,0.9773,transfer_fee_charged,0.9773,cash_withdrawal_charge,0.0081,extra_charge_on_statement,0.0043
im not paying this transfer fee,transfer_fee_charged,transfer_fee_charged,True,0.7713,transfer_fee_charged,0.7713,top_up_by_bank_transfer_charge,0.0646,card_payment_fee_charged,0.0382
I am being charged a transfer fee aren't they free?,transfer_fee_charged,transfer_fee_charged,True,0.9313,transfer_fee_charged,0.9313,top_up_by_bank_transfer_charge,0.0347,card_payment_fee_charged,0.0219
What is the maximum I can transfer before I incur fees?,transfer_fee_charged,transfer_fee_charged,True,0.3765,transfer_fee_charged,0.3765,top_up_by_bank_transfer_charge,0.3455,transfer_timing,0.0974
I got 2 transfer fees and I thought transfers were free.,transfer_fee_charged,transfer_fee_charged,True,0.9765,transfer_fee_charged,0.9765,top_up_by_bank_transfer_charge,0.01,card_payment_fee_charged,0.0052
Why am I being charged a fee for transferring money?,transfer_fee_charged,transfer_fee_charged,True,0.9862,transfer_fee_charged,0.9862,cash_withdrawal_charge,0.0065,card_payment_fee_charged,0.0023
Do charge fees for transfers?,transfer_fee_charged,transfer_fee_charged,True,0.6076,transfer_fee_charged,0.6076,top_up_by_bank_transfer_charge,0.3722,exchange_charge,0.0065
"I recently got a new place while I'm staying abroad and have been using this account to manage payments, but suddenly I am seeing fees increase. Where are these additional fees coming from?",transfer_fee_charged,transfer_fee_charged,True,0.81,transfer_fee_charged,0.81,card_payment_fee_charged,0.1599,extra_charge_on_statement,0.0101
"Hi,  Please help me, as i have transferred some amount but receiver did not get the same amount. He received a bit less. Due to this again i need to transfer the difference.   I have transferred money but beneficiary's account is credited with less amount. Now i have transfer the difference of the amount. I think there is some issue, could you please look into this.",transfer_fee_charged,transfer_fee_charged,True,0.8582,transfer_fee_charged,0.8582,beneficiary_not_allowed,0.0253,pending_transfer,0.0249
"Why did I get charged for something I bought online? Even though it was international, I thought it would be covered.",transfer_fee_charged,transfer_fee_charged,True,0.2824,transfer_fee_charged,0.2824,card_payment_wrong_exchange_rate,0.2166,extra_charge_on_statement,0.1987
Why were there additional charges when transferring?,transfer_fee_charged,transfer_fee_charged,True,0.9743,transfer_fee_charged,0.9743,top_up_by_bank_transfer_charge,0.009,beneficiary_not_allowed,0.0075
I was charged more when I transferred!,transfer_fee_charged,transfer_fee_charged,True,0.9367,transfer_fee_charged,0.9367,top_up_by_bank_transfer_charge,0.0161,transaction_charged_twice,0.012
Is there a transfer fee?,transfer_fee_charged,top_up_by_bank_transfer_charge,False,0.6075,top_up_by_bank_transfer_charge,0.6075,transfer_fee_charged,0.3709,exchange_charge,0.0109
I'm not sure why I was charged an extra fee for transferring funds.,transfer_fee_charged,transfer_fee_charged,True,0.9388,transfer_fee_charged,0.9388,card_payment_fee_charged,0.025,cash_withdrawal_charge,0.0196
"I thought transfers were free, why was I charged a fee?",transfer_fee_charged,transfer_fee_charged,True,0.9789,transfer_fee_charged,0.9789,cash_withdrawal_charge,0.0082,card_payment_fee_charged,0.0068
"My receipt shows an extra charge on my transfer, why is this?",transfer_fee_charged,transfer_fee_charged,True,0.7781,transfer_fee_charged,0.7781,extra_charge_on_statement,0.0767,transaction_charged_twice,0.0323
"I was charged a fee when making this transfer, and I don't think I should have been!",transfer_fee_charged,transfer_fee_charged,True,0.9536,transfer_fee_charged,0.9536,top_up_by_bank_transfer_charge,0.0256,card_payment_fee_charged,0.0049
"I sent out money, but was charged extra for transferring. Why?",transfer_fee_charged,transfer_fee_charged,True,0.9822,transfer_fee_charged,0.9822,cash_withdrawal_charge,0.0037,top_up_by_bank_transfer_charge,0.0022
Why am I seeing a transfer fee?,transfer_fee_charged,transfer_fee_charged,True,0.9768,transfer_fee_charged,0.9768,card_payment_fee_charged,0.0101,pending_transfer,0.0035
There was an extra charge when I made a transfer.,transfer_fee_charged,transfer_fee_charged,True,0.9373,transfer_fee_charged,0.9373,beneficiary_not_allowed,0.0092,transfer_not_received_by_recipient,0.0081
I need someone to alert me as to what's going on. I had transferred an amount but the receiver is saying that the amount is somewhat less than what I sent over. I now have to make another transfer to make up the difference.,transfer_fee_charged,transfer_fee_charged,True,0.8584,transfer_fee_charged,0.8584,pending_transfer,0.0382,declined_transfer,0.0349
"I was charge a fee for my transfer, why?",transfer_fee_charged,transfer_fee_charged,True,0.9895,transfer_fee_charged,0.9895,card_payment_fee_charged,0.0031,cash_withdrawal_charge,0.0024
Why was there a fee for my transfer?,transfer_fee_charged,transfer_fee_charged,True,0.9875,transfer_fee_charged,0.9875,cash_withdrawal_charge,0.0029,card_payment_fee_charged,0.0022
Why was my transfer charged fees?,transfer_fee_charged,transfer_fee_charged,True,0.989,transfer_fee_charged,0.989,card_payment_fee_charged,0.0044,top_up_by_bank_transfer_charge,0.0021
Is there supposed to be a fee for the transfer I made?,transfer_fee_charged,transfer_fee_charged,True,0.7089,transfer_fee_charged,0.7089,top_up_by_bank_transfer_charge,0.2732,card_payment_fee_charged,0.0036
In the past month I often used this account to manage payments for my new holiday villa. Now all of a sudden your fees have increased exorbitantly! Don't you have a rewards programme for frequent users?,transfer_fee_charged,transfer_fee_charged,True,0.3666,transfer_fee_charged,0.3666,card_payment_fee_charged,0.3169,extra_charge_on_statement,0.0601
Why was I charged a fee for a transfer?,transfer_fee_charged,transfer_fee_charged,True,0.9855,transfer_fee_charged,0.9855,card_payment_fee_charged,0.0051,top_up_by_bank_transfer_charge,0.0039
What extra charges are there?,transfer_fee_charged,card_payment_fee_charged,False,0.2602,card_payment_fee_charged,0.2602,extra_charge_on_statement,0.2152,getting_spare_card,0.0975
I know that I am able to make transfers for free.  That was something that I valued.  After I bought something online from abroad I noticed that I got charged a fee?  What is this and can it be removed?,transfer_fee_charged,transfer_fee_charged,True,0.9474,transfer_fee_charged,0.9474,card_payment_fee_charged,0.0172,extra_charge_on_statement,0.0109
I transferred money and was charged and want to know why.,transfer_fee_charged,transfer_fee_charged,True,0.9513,transfer_fee_charged,0.9513,cash_withdrawal_charge,0.0101,transfer_not_received_by_recipient,0.0057
I was charged for something I didn't expect,transfer_fee_charged,card_payment_fee_charged,False,0.2887,card_payment_fee_charged,0.2887,transfer_fee_charged,0.2109,extra_charge_on_statement,0.1501
"I purchased some makeup through a site in China, and I was under the impression that when I make transfers there is no fee.  Why am I seeing this fee now?  I am not happy about this at all.",transfer_fee_charged,transfer_fee_charged,True,0.8954,transfer_fee_charged,0.8954,card_payment_fee_charged,0.052,cash_withdrawal_charge,0.0099
I got charged and extra fee when I transferred money so why was I charged?,transfer_fee_charged,transfer_fee_charged,True,0.9567,transfer_fee_charged,0.9567,cash_withdrawal_charge,0.0197,card_payment_fee_charged,0.0145
Can you explain the transfer fee to me?,transfer_fee_charged,transfer_fee_charged,True,0.9555,transfer_fee_charged,0.9555,top_up_by_bank_transfer_charge,0.027,card_payment_fee_charged,0.0051
Will salary be received through this?,receiving_money,receiving_money,True,0.9721,receiving_money,0.9721,top_up_by_bank_transfer_charge,0.0204,exchange_rate,0.0027
How can I get paid in a different currency?,receiving_money,receiving_money,True,0.9652,receiving_money,0.9652,exchange_via_app,0.0156,exchange_charge,0.0092
Can I receive my salary in a currency other than what it is deposited in?,receiving_money,receiving_money,True,0.992,receiving_money,0.992,fiat_currency_support,0.0018,exchange_via_app,0.0017
Can I get my salary through this?,receiving_money,receiving_money,True,0.9908,receiving_money,0.9908,top_up_by_bank_transfer_charge,0.0028,apple_pay_or_google_pay,0.001
How can someone send me money?,receiving_money,receiving_money,True,0.8206,receiving_money,0.8206,transfer_into_account,0.0426,topping_up_by_card,0.0254
Is there a problem with receiving my salary in GBP?,receiving_money,receiving_money,True,0.9932,receiving_money,0.9932,apple_pay_or_google_pay,0.0015,top_up_by_bank_transfer_charge,0.0009
Do I need to choose GBP to get my salary deposited properly?,receiving_money,receiving_money,True,0.9925,receiving_money,0.9925,apple_pay_or_google_pay,0.0013,top_up_by_bank_transfer_charge,0.0006
"I get paid in GBP. Should I configure this and if so, where?",receiving_money,receiving_money,True,0.9068,receiving_money,0.9068,apple_pay_or_google_pay,0.0674,supported_cards_and_currencies,0.0048
Is it possible for me to get money out in a different currency?,receiving_money,exchange_via_app,False,0.4653,exchange_via_app,0.4653,receiving_money,0.2123,wrong_exchange_rate_for_cash_withdrawal,0.1582
Can I use this to receive my salary?,receiving_money,receiving_money,True,0.9969,receiving_money,0.9969,apple_pay_or_google_pay,0.0007,top_up_by_bank_transfer_charge,0.0006
My salary is received in the form of GBP. Do I need to do anything specific to configure this?,receiving_money,receiving_money,True,0.9972,receiving_money,0.9972,exchange_via_app,0.0007,apple_pay_or_google_pay,0.0005
How do people send me money?,receiving_money,receiving_money,True,0.752,receiving_money,0.752,topping_up_by_card,0.0686,verify_source_of_funds,0.0559
Is GBP a supported currency?,receiving_money,exchange_via_app,False,0.5277,exchange_via_app,0.5277,receiving_money,0.2448,fiat_currency_support,0.1065
Do I need to establish I am paid in GBP before a transfer?,receiving_money,receiving_money,True,0.8375,receiving_money,0.8375,balance_not_updated_after_bank_transfer,0.0721,top_up_by_bank_transfer_charge,0.0215
"Salary in GBP has been received, does it need to be configured elsewhere?",receiving_money,receiving_money,True,0.9895,receiving_money,0.9895,exchange_via_app,0.0022,apple_pay_or_google_pay,0.002
How do i get my salary in the account?,receiving_money,receiving_money,True,0.9515,receiving_money,0.9515,transfer_into_account,0.0122,transfer_timing,0.005
What are the ways for others to transfer me money?,receiving_money,receiving_money,True,0.6523,receiving_money,0.6523,transfer_into_account,0.1523,topping_up_by_card,0.1146
What different ways are there for someone to send me money?,receiving_money,receiving_money,True,0.8109,receiving_money,0.8109,transfer_into_account,0.0597,top_up_by_cash_or_cheque,0.0359
What do I need to do to transfer my paycheck to my account?,receiving_money,receiving_money,True,0.4001,receiving_money,0.4001,top_up_by_cash_or_cheque,0.259,transfer_into_account,0.1882
How can my friend send me money?,receiving_money,receiving_money,True,0.9499,receiving_money,0.9499,transfer_not_received_by_recipient,0.0332,topping_up_by_card,0.0058
Can I directly transfer my salary onto here?,receiving_money,receiving_money,True,0.988,receiving_money,0.988,top_up_by_bank_transfer_charge,0.0032,transfer_into_account,0.0028
Can this be used to receive my salary?,receiving_money,receiving_money,True,0.9962,receiving_money,0.9962,top_up_by_bank_transfer_charge,0.0008,apple_pay_or_google_pay,0.0008
Is it possible to deposit money in GBP?,receiving_money,receiving_money,True,0.5213,receiving_money,0.5213,exchange_via_app,0.2606,top_up_by_cash_or_cheque,0.0387
I received my salary in GBP. How do I change this to my currency?,receiving_money,receiving_money,True,0.9367,receiving_money,0.9367,exchange_via_app,0.0517,card_payment_wrong_exchange_rate,0.003
How can my friend transfer money to me?,receiving_money,receiving_money,True,0.8872,receiving_money,0.8872,transfer_not_received_by_recipient,0.05,topping_up_by_card,0.028
Can my friends send me money?,receiving_money,receiving_money,True,0.9598,receiving_money,0.9598,topping_up_by_card,0.0183,top_up_by_bank_transfer_charge,0.0032
How do I deposit my paycheck to this account?,receiving_money,top_up_by_cash_or_cheque,False,0.6864,top_up_by_cash_or_cheque,0.6864,balance_not_updated_after_cheque_or_cash_deposit,0.2664,transfer_into_account,0.0131
Can I use this account to receive my salary?,receiving_money,receiving_money,True,0.9782,receiving_money,0.9782,why_verify_identity,0.0041,top_up_by_bank_transfer_charge,0.003
Can i deposit my salary to this account?,receiving_money,receiving_money,True,0.8415,receiving_money,0.8415,transfer_into_account,0.0636,top_up_by_cash_or_cheque,0.0397
How do I get my salary through this account?,receiving_money,receiving_money,True,0.9204,receiving_money,0.9204,transfer_into_account,0.026,apple_pay_or_google_pay,0.0062
What if I need my salary in a different currency?,receiving_money,receiving_money,True,0.9661,receiving_money,0.9661,exchange_via_app,0.0092,fiat_currency_support,0.0078
I receive my salary in GBP. Do I need to configure this somehwere?,receiving_money,receiving_money,True,0.9968,receiving_money,0.9968,apple_pay_or_google_pay,0.0008,exchange_via_app,0.0005
Do you know if I can use this for my salary?,receiving_money,receiving_money,True,0.9822,receiving_money,0.9822,exchange_rate,0.0024,verify_source_of_funds,0.0022
How do I get my paycheck through this?,receiving_money,receiving_money,True,0.4738,receiving_money,0.4738,top_up_by_cash_or_cheque,0.2775,apple_pay_or_google_pay,0.064
can I transfer my salary if it's in a different currency?,receiving_money,receiving_money,True,0.987,receiving_money,0.987,exchange_via_app,0.0033,transfer_into_account,0.0021
Can I get paid in a different currency?,receiving_money,receiving_money,True,0.9795,receiving_money,0.9795,exchange_charge,0.0077,exchange_via_app,0.005
Is my salary eligible for this?,receiving_money,receiving_money,True,0.9626,receiving_money,0.9626,top_up_by_bank_transfer_charge,0.0041,top_up_limits,0.0037
My salary is in GBP; how can I note this in the app?,receiving_money,receiving_money,True,0.9391,receiving_money,0.9391,exchange_via_app,0.0195,apple_pay_or_google_pay,0.015
Can I get paid in another currency?,receiving_money,receiving_money,True,0.9714,receiving_money,0.9714,exchange_charge,0.0118,exchange_via_app,0.0074
Can I get my paycheck through here?,receiving_money,receiving_money,True,0.6793,receiving_money,0.6793,top_up_by_cash_or_cheque,0.2078,apple_pay_or_google_pay,0.0448
dont understand why transfer failed,failed_transfer,failed_transfer,True,0.9536,failed_transfer,0.9536,beneficiary_not_allowed,0.0298,declined_transfer,0.0142
Please help me make a transfer. I keep receiving an error and I'm trying to make the initial mortgage payment for a flat I'm buying. What is the deal here?,failed_transfer,failed_transfer,True,0.9483,failed_transfer,0.9483,beneficiary_not_allowed,0.025,declined_transfer,0.0139
My transfer didn't work,failed_transfer,failed_transfer,True,0.7003,failed_transfer,0.7003,declined_transfer,0.1293,balance_not_updated_after_bank_transfer,0.0547
"Fix your system. I can't make transfers, I've tried like 5 times already.",failed_transfer,failed_transfer,True,0.8111,failed_transfer,0.8111,beneficiary_not_allowed,0.0882,declined_transfer,0.0239
Tell me why my transfer failed!,failed_transfer,failed_transfer,True,0.9679,failed_transfer,0.9679,declined_transfer,0.0164,beneficiary_not_allowed,0.0132
My transfer did not go through.,failed_transfer,failed_transfer,True,0.445,failed_transfer,0.445,declined_transfer,0.2174,beneficiary_not_allowed,0.144
Why was I not able to complete a transfer?,failed_transfer,failed_transfer,True,0.8297,failed_transfer,0.8297,beneficiary_not_allowed,0.1139,declined_transfer,0.0411
Can you help me figure out what's happening? I'm trying to transfer money to a friend but it keeps getting returned. I'm not sure what i'm doing wrong.,failed_transfer,failed_transfer,True,0.4782,failed_transfer,0.4782,transfer_not_received_by_recipient,0.4456,transfer_fee_charged,0.0157
Why did my transfer not go through?,failed_transfer,failed_transfer,True,0.6431,failed_transfer,0.6431,beneficiary_not_allowed,0.1543,declined_transfer,0.1214
My transfer didn't go through.,failed_transfer,failed_transfer,True,0.4932,failed_transfer,0.4932,declined_transfer,0.2073,transfer_not_received_by_recipient,0.1126
I could not get my transfer to happen correctly and was wondering why?,failed_transfer,failed_transfer,True,0.5581,failed_transfer,0.5581,beneficiary_not_allowed,0.2252,declined_transfer,0.133
how come my transfer didn't work,failed_transfer,failed_transfer,True,0.8188,failed_transfer,0.8188,declined_transfer,0.098,beneficiary_not_allowed,0.0281
"I transferred my funds, why did it not go through?",failed_transfer,beneficiary_not_allowed,False,0.3764,beneficiary_not_allowed,0.3764,failed_transfer,0.1877,balance_not_updated_after_bank_transfer,0.0903
Why has my transfer failed?,failed_transfer,failed_transfer,True,0.9429,failed_transfer,0.9429,beneficiary_not_allowed,0.036,declined_transfer,0.0182
Why did my transfer fail?,failed_transfer,failed_transfer,True,0.945,failed_transfer,0.945,declined_transfer,0.0346,beneficiary_not_allowed,0.0166
Why hasn't my transfer been made?,failed_transfer,failed_transfer,True,0.3858,failed_transfer,0.3858,balance_not_updated_after_bank_transfer,0.1918,declined_transfer,0.1505
My transfer will not go through.,failed_transfer,failed_transfer,True,0.6319,failed_transfer,0.6319,beneficiary_not_allowed,0.1831,declined_transfer,0.1202
My transfer keeps failing and I just want to transfer the money can you please make it work?,failed_transfer,failed_transfer,True,0.9377,failed_transfer,0.9377,declined_transfer,0.0281,beneficiary_not_allowed,0.0134
"The transfer keeps failing , I tried to transfer some money to friends this morning but it keeps getting rejected for some reason, Would you please check the issue ?",failed_transfer,failed_transfer,True,0.9653,failed_transfer,0.9653,declined_transfer,0.0172,beneficiary_not_allowed,0.0087
Why would a transfer fail?,failed_transfer,failed_transfer,True,0.9308,failed_transfer,0.9308,declined_transfer,0.037,beneficiary_not_allowed,0.0245
What are your policies for card transfers?,failed_transfer,card_acceptance,False,0.2353,card_acceptance,0.2353,beneficiary_not_allowed,0.1452,disposable_card_limits,0.0638
Is the system down? I've been trying to do a transfer and have failed?,failed_transfer,failed_transfer,True,0.9378,failed_transfer,0.9378,declined_transfer,0.0271,beneficiary_not_allowed,0.0145
I tried to make a transfer but it failed,failed_transfer,failed_transfer,True,0.9165,failed_transfer,0.9165,declined_transfer,0.0405,beneficiary_not_allowed,0.0294
Why couldn't I complete a transfer?,failed_transfer,failed_transfer,True,0.7814,failed_transfer,0.7814,beneficiary_not_allowed,0.1316,declined_transfer,0.0685
My transfer appeared not to work.,failed_transfer,failed_transfer,True,0.6569,failed_transfer,0.6569,beneficiary_not_allowed,0.1634,declined_transfer,0.078
What is stopping my money from transferring?,failed_transfer,beneficiary_not_allowed,False,0.6585,beneficiary_not_allowed,0.6585,transfer_fee_charged,0.095,failed_transfer,0.0682
"Hi, I'm buying a flat and I'm trying to get my mortgage to go though. Every time I check I simply get an error message. Is there any way you can help me get this money transferred over. Thanks!",failed_transfer,failed_transfer,True,0.9031,failed_transfer,0.9031,beneficiary_not_allowed,0.0453,declined_transfer,0.0207
My attempted transfer failed.,failed_transfer,failed_transfer,True,0.9518,failed_transfer,0.9518,declined_transfer,0.0234,beneficiary_not_allowed,0.0206
"I can not seem to make a successful transfer, can you tell me what I'm doing wrong?",failed_transfer,failed_transfer,True,0.8559,failed_transfer,0.8559,declined_transfer,0.1211,beneficiary_not_allowed,0.0088
"Please help me as i am continuously facing the issue in transferring money to my friends, as all my transactions are getting failed.",failed_transfer,failed_transfer,True,0.8243,failed_transfer,0.8243,beneficiary_not_allowed,0.0588,declined_transfer,0.0268
"I am trying to make a transfer and am unsuccessful, can you please tell me why?",failed_transfer,failed_transfer,True,0.7067,failed_transfer,0.7067,declined_transfer,0.1684,beneficiary_not_allowed,0.1017
My transfer did not seem to work.,failed_transfer,failed_transfer,True,0.5917,failed_transfer,0.5917,declined_transfer,0.2043,beneficiary_not_allowed,0.0741
"I've now been trying to do a really standard transfer 5 times already. What's going on, is your system broken or something?!",failed_transfer,failed_transfer,True,0.9157,failed_transfer,0.9157,declined_transfer,0.0302,beneficiary_not_allowed,0.0249
help me with my transfer,failed_transfer,failed_transfer,True,0.3699,failed_transfer,0.3699,declined_transfer,0.2363,receiving_money,0.09
Says my transfer can't be completed?,failed_transfer,failed_transfer,True,0.5975,failed_transfer,0.5975,beneficiary_not_allowed,0.2061,declined_transfer,0.0921
can you tell me why my transfer failed?,failed_transfer,failed_transfer,True,0.9543,failed_transfer,0.9543,beneficiary_not_allowed,0.0241,declined_transfer,0.0191
Why didn't my transfer go through?,failed_transfer,failed_transfer,True,0.722,failed_transfer,0.722,beneficiary_not_allowed,0.0992,declined_transfer,0.0831
I've attempted to do a very standard transfer and have tried 5 times at this point. Can you tell me what the issue is? Is the system down?,failed_transfer,failed_transfer,True,0.9428,failed_transfer,0.9428,declined_transfer,0.0351,beneficiary_not_allowed,0.0143
Can you provide a reason as to why my transfer did not work?,failed_transfer,failed_transfer,True,0.8143,failed_transfer,0.8143,beneficiary_not_allowed,0.0859,declined_transfer,0.0799
I tried to transfer money and it did not work.,failed_transfer,failed_transfer,True,0.7766,failed_transfer,0.7766,beneficiary_not_allowed,0.0934,declined_transfer,0.0396
Can I do a bank transfer to put additional money in my account because I am out of money?,transfer_into_account,transfer_into_account,True,0.8895,transfer_into_account,0.8895,receiving_money,0.0215,top_up_by_bank_transfer_charge,0.0106
"I'm out of money, can I add money with my bank?",transfer_into_account,transfer_into_account,True,0.3086,transfer_into_account,0.3086,supported_cards_and_currencies,0.1616,top_up_by_cash_or_cheque,0.1331
How do I go forth on transferring money into my account?,transfer_into_account,transfer_into_account,True,0.9723,transfer_into_account,0.9723,receiving_money,0.0061,topping_up_by_card,0.0034
"I don't understand how to top up my account, can you please explain the process?",transfer_into_account,transfer_into_account,True,0.4128,transfer_into_account,0.4128,topping_up_by_card,0.2166,top_up_by_cash_or_cheque,0.0855
I don't understand the money transfer process.,transfer_into_account,transfer_into_account,True,0.2929,transfer_into_account,0.2929,transfer_fee_charged,0.1415,pending_transfer,0.1386
"I need to transfer money into my account, how do I go about doing this?",transfer_into_account,transfer_into_account,True,0.9848,transfer_into_account,0.9848,topping_up_by_card,0.0046,receiving_money,0.0037
What do I need to do to transfer money into my account?,transfer_into_account,transfer_into_account,True,0.9509,transfer_into_account,0.9509,topping_up_by_card,0.0125,transfer_timing,0.009
I don't know what to do. Should I transfer funds. My account is out of money.,transfer_into_account,transfer_into_account,True,0.2699,transfer_into_account,0.2699,transfer_fee_charged,0.1463,balance_not_updated_after_bank_transfer,0.0768
Can I add funds to the card directly from my bank account?,transfer_into_account,supported_cards_and_currencies,False,0.2845,supported_cards_and_currencies,0.2845,top_up_by_card_charge,0.2727,transfer_into_account,0.1613
How does tranferring money into my account work?,transfer_into_account,transfer_into_account,True,0.8683,transfer_into_account,0.8683,receiving_money,0.036,transfer_timing,0.02
I NEED TO KNOW HOW TO TRANSFER MONEY INTO MY BANK ACCOUNT. PLEASE HELP,transfer_into_account,transfer_into_account,True,0.991,transfer_into_account,0.991,receiving_money,0.0028,beneficiary_not_allowed,0.0011
I would like to transfer some money from my other bank account into this one.,transfer_into_account,transfer_into_account,True,0.9853,transfer_into_account,0.9853,receiving_money,0.0018,getting_spare_card,0.0014
"When I want to transfer money to my account, how can I do that?",transfer_into_account,transfer_into_account,True,0.9637,transfer_into_account,0.9637,receiving_money,0.0104,transfer_timing,0.0051
I need to transfer funds into my account. How can I do this?,transfer_into_account,transfer_into_account,True,0.9895,transfer_into_account,0.9895,topping_up_by_card,0.0032,receiving_money,0.0016
What are the steps I follow to transfer money into my account?,transfer_into_account,transfer_into_account,True,0.9743,transfer_into_account,0.9743,transfer_timing,0.0053,receiving_money,0.0051
How can I transfer funds from my bank to my top up account?,transfer_into_account,transfer_into_account,True,0.9817,transfer_into_account,0.9817,topping_up_by_card,0.0094,supported_cards_and_currencies,0.0022
I want to top my account by using a bank transfer. How would that work?,transfer_into_account,transfer_into_account,True,0.9806,transfer_into_account,0.9806,topping_up_by_card,0.0064,top_up_by_cash_or_cheque,0.0062
How to I transfer my funds into my account?,transfer_into_account,transfer_into_account,True,0.9848,transfer_into_account,0.9848,topping_up_by_card,0.0053,transfer_timing,0.002
How do I top up my card?,transfer_into_account,topping_up_by_card,False,0.8193,topping_up_by_card,0.8193,top_up_failed,0.0539,supported_cards_and_currencies,0.04
How can I transfer money from an outside bank?,transfer_into_account,transfer_into_account,True,0.8896,transfer_into_account,0.8896,receiving_money,0.0581,atm_support,0.0147
How can I fund my top-up account using my bank account?,transfer_into_account,transfer_into_account,True,0.7688,transfer_into_account,0.7688,supported_cards_and_currencies,0.0837,top_up_by_cash_or_cheque,0.0377
What methods can I use to add money to my account?,transfer_into_account,top_up_by_cash_or_cheque,False,0.407,top_up_by_cash_or_cheque,0.407,transfer_into_account,0.3702,supported_cards_and_currencies,0.1183
"I would like to use the bank transfer feature, but I can't find it. Can you please give me the details?",transfer_into_account,transfer_into_account,True,0.7162,transfer_into_account,0.7162,balance_not_updated_after_bank_transfer,0.0491,receiving_money,0.0284
How can I perform a dual money transferring from one account to another?,transfer_into_account,transfer_into_account,True,0.9409,transfer_into_account,0.9409,receiving_money,0.022,cancel_transfer,0.0056
CAN YOU EXPLAIN HOW TO TRANSFER MONEY INTO MY  ACCOUNT FOR ME?,transfer_into_account,transfer_into_account,True,0.9748,transfer_into_account,0.9748,topping_up_by_card,0.0068,receiving_money,0.0065
"I need to bank account transfer from another account into this one, what is the easiest way that can be done, and what information do i need?",transfer_into_account,transfer_into_account,True,0.9935,transfer_into_account,0.9935,receiving_money,0.0014,balance_not_updated_after_bank_transfer,0.001
How do I transfer money to my account?,transfer_into_account,transfer_into_account,True,0.971,transfer_into_account,0.971,topping_up_by_card,0.0102,receiving_money,0.0066
How do I send my account money through transfer?,transfer_into_account,transfer_into_account,True,0.9414,transfer_into_account,0.9414,receiving_money,0.0361,topping_up_by_card,0.0043
How do I do an international transfer?,transfer_into_account,receiving_money,False,0.2963,receiving_money,0.2963,exchange_rate,0.1452,declined_transfer,0.11
Are there ways to transfer money into my account?,transfer_into_account,transfer_into_account,True,0.9794,transfer_into_account,0.9794,topping_up_by_card,0.0068,receiving_money,0.0044
I want to transfer from accounts in order to Top up. What are the steps necessary.,transfer_into_account,transfer_into_account,True,0.973,transfer_into_account,0.973,topping_up_by_card,0.0116,transfer_timing,0.0028
How does a transfer work?,transfer_into_account,transfer_into_account,True,0.4258,transfer_into_account,0.4258,top_up_by_bank_transfer_charge,0.1808,transfer_fee_charged,0.0729
"I would like use the bank transfer, but I don't understand the process, can you please explain, topping up?",transfer_into_account,transfer_into_account,True,0.9571,transfer_into_account,0.9571,top_up_by_bank_transfer_charge,0.0065,topping_up_by_card,0.0054
I want to use bank transfer for topping up my account. How is it handled?,transfer_into_account,transfer_into_account,True,0.9836,transfer_into_account,0.9836,top_up_by_bank_transfer_charge,0.0079,top_up_by_cash_or_cheque,0.0015
I checked my account today and it said I was out of money. How do I transfer money into my account?,transfer_into_account,transfer_into_account,True,0.6483,transfer_into_account,0.6483,topping_up_by_card,0.0889,balance_not_updated_after_bank_transfer,0.0572
How can I transfer money to my account?,transfer_into_account,transfer_into_account,True,0.9742,transfer_into_account,0.9742,topping_up_by_card,0.0084,receiving_money,0.0079
I would like to transfer funds from one account to another.,transfer_into_account,transfer_into_account,True,0.9769,transfer_into_account,0.9769,beneficiary_not_allowed,0.0046,receiving_money,0.0037
I'm trying to transfer money into my account.,transfer_into_account,transfer_into_account,True,0.8423,transfer_into_account,0.8423,beneficiary_not_allowed,0.0438,failed_transfer,0.0223
I would like to transfer money from my other bank account into this one.,transfer_into_account,transfer_into_account,True,0.983,transfer_into_account,0.983,receiving_money,0.0023,beneficiary_not_allowed,0.0017
Can I use a bank transfer to refill my account?,transfer_into_account,transfer_into_account,True,0.9271,transfer_into_account,0.9271,receiving_money,0.0146,atm_support,0.0085
What all is needed to verify the top-up card?,verify_top_up,verify_top_up,True,0.9846,verify_top_up,0.9846,supported_cards_and_currencies,0.0047,verify_my_identity,0.0013
It wants me to verify the top up. Why?,verify_top_up,verify_top_up,True,0.9114,verify_top_up,0.9114,top_up_reverted,0.0298,top_up_failed,0.0285
Where can I find the top-up verification code?,verify_top_up,verify_top_up,True,0.9965,verify_top_up,0.9965,verify_my_identity,0.001,top_up_by_cash_or_cheque,0.0007
Why do I have to verify the top-up that I started?,verify_top_up,verify_top_up,True,0.8742,verify_top_up,0.8742,pending_top_up,0.0533,top_up_failed,0.0171
Can you give me information about verification code?,verify_top_up,verify_top_up,True,0.9078,verify_top_up,0.9078,why_verify_identity,0.0378,verify_my_identity,0.0297
What are the benefits to verifying the top-up?,verify_top_up,verify_top_up,True,0.9365,verify_top_up,0.9365,top_up_by_cash_or_cheque,0.0292,top_up_limits,0.0062
how come the verification with the top up,verify_top_up,verify_top_up,True,0.9948,verify_top_up,0.9948,why_verify_identity,0.0011,top_up_by_cash_or_cheque,0.0007
Can I verify a top up?,verify_top_up,verify_top_up,True,0.9442,verify_top_up,0.9442,top_up_by_cash_or_cheque,0.0146,top_up_failed,0.0097
reason i need to verify top up,verify_top_up,verify_top_up,True,0.9768,verify_top_up,0.9768,top_up_by_cash_or_cheque,0.0069,top_up_reverted,0.0038
Why do you need code verification for my top up?,verify_top_up,verify_top_up,True,0.9884,verify_top_up,0.9884,top_up_by_cash_or_cheque,0.0034,why_verify_identity,0.0033
Where can I find the verification code on a top-up card?,verify_top_up,verify_top_up,True,0.9973,verify_top_up,0.9973,verify_my_identity,0.0004,get_physical_card,0.0003
How do I get my top-up verification code?,verify_top_up,verify_top_up,True,0.9936,verify_top_up,0.9936,top_up_by_cash_or_cheque,0.0019,verify_my_identity,0.0016
Is it possible to verify a top up?,verify_top_up,verify_top_up,True,0.9571,verify_top_up,0.9571,top_up_by_cash_or_cheque,0.0143,verify_source_of_funds,0.0045
Is it normal to have to verify my top-up or is something wrong?,verify_top_up,verify_top_up,True,0.7743,verify_top_up,0.7743,pending_top_up,0.0883,top_up_reverted,0.0566
Why does the top-up need verification?,verify_top_up,verify_top_up,True,0.9914,verify_top_up,0.9914,why_verify_identity,0.0032,top_up_reverted,0.0012
Why does top-up need verifying?,verify_top_up,verify_top_up,True,0.9858,verify_top_up,0.9858,top_up_by_cash_or_cheque,0.0032,top_up_reverted,0.0024
Is it necessary to verify my top up?,verify_top_up,verify_top_up,True,0.93,verify_top_up,0.93,why_verify_identity,0.0178,top_up_by_cash_or_cheque,0.0147
Why am i to verify the top-ups?,verify_top_up,verify_top_up,True,0.9713,verify_top_up,0.9713,verify_source_of_funds,0.0079,why_verify_identity,0.0072
Where's the verification code for the top-up card?,verify_top_up,verify_top_up,True,0.9964,verify_top_up,0.9964,get_physical_card,0.0005,verify_my_identity,0.0003
How do I find the verification code for my top-up card?,verify_top_up,verify_top_up,True,0.9964,verify_top_up,0.9964,verify_my_identity,0.0005,get_physical_card,0.0004
Why is it important to verify a top-up card?,verify_top_up,verify_top_up,True,0.9939,verify_top_up,0.9939,supported_cards_and_currencies,0.0008,top_up_by_card_charge,0.0005
Why do I have to verify the top-up?,verify_top_up,verify_top_up,True,0.977,verify_top_up,0.977,top_up_failed,0.0066,top_up_reverted,0.0054
What is the verification code on a top-up?,verify_top_up,verify_top_up,True,0.9987,verify_top_up,0.9987,verify_my_identity,0.0004,top_up_by_cash_or_cheque,0.0003
I can't find the top-up verification code.,verify_top_up,verify_top_up,True,0.9962,verify_top_up,0.9962,passcode_forgotten,0.0006,verify_my_identity,0.0006
How do I go forth verifying my top-up card?,verify_top_up,verify_top_up,True,0.985,verify_top_up,0.985,top_up_failed,0.0039,activate_my_card,0.0018
Where do I find the top-up verification code?,verify_top_up,verify_top_up,True,0.9964,verify_top_up,0.9964,verify_my_identity,0.0012,top_up_by_cash_or_cheque,0.0005
How is the top-up card verified?,verify_top_up,verify_top_up,True,0.9965,verify_top_up,0.9965,supported_cards_and_currencies,0.0006,verify_my_identity,0.0005
Is there a verification code for the top-up card?,verify_top_up,verify_top_up,True,0.9954,verify_top_up,0.9954,top_up_failed,0.0005,supported_cards_and_currencies,0.0004
What is the importance of verifying the top-up?,verify_top_up,verify_top_up,True,0.9828,verify_top_up,0.9828,top_up_by_cash_or_cheque,0.0061,why_verify_identity,0.003
help me find the top-up card's verification code?,verify_top_up,verify_top_up,True,0.9945,verify_top_up,0.9945,get_physical_card,0.0005,card_arrival,0.0005
I don't understand why it says I have to verify the top-up.,verify_top_up,verify_top_up,True,0.9722,verify_top_up,0.9722,top_up_failed,0.012,pending_top_up,0.0058
Can I verify a top-up and what card is used?,verify_top_up,verify_top_up,True,0.9743,verify_top_up,0.9743,supported_cards_and_currencies,0.0124,top_up_by_card_charge,0.0018
Where do I go to get the code to verify the top up card?,verify_top_up,verify_top_up,True,0.9919,verify_top_up,0.9919,top_up_failed,0.001,get_physical_card,0.0007
The top-up verification code is missing,verify_top_up,verify_top_up,True,0.986,verify_top_up,0.986,top_up_failed,0.0038,top_up_reverted,0.0037
How do I verify a top-up?,verify_top_up,verify_top_up,True,0.9782,verify_top_up,0.9782,top_up_by_cash_or_cheque,0.0049,verify_source_of_funds,0.004
I cannot locate the verification code for my top-up card. Please help me.,verify_top_up,verify_top_up,True,0.9937,verify_top_up,0.9937,top_up_failed,0.0013,activate_my_card,0.0007
How can I find the top-up verification code?,verify_top_up,verify_top_up,True,0.9972,verify_top_up,0.9972,verify_my_identity,0.001,verify_source_of_funds,0.0004
I need help finding the verification code for my top-up card.,verify_top_up,verify_top_up,True,0.9963,verify_top_up,0.9963,top_up_failed,0.0006,activate_my_card,0.0004
Is there a verification code for top-ups?,verify_top_up,verify_top_up,True,0.9882,verify_top_up,0.9882,top_up_by_cash_or_cheque,0.0044,automatic_top_up,0.0031
What is the necessity of verifying the top up?,verify_top_up,verify_top_up,True,0.98,verify_top_up,0.98,top_up_by_cash_or_cheque,0.0078,why_verify_identity,0.0024
Would it be possible to get another card?,getting_spare_card,getting_spare_card,True,0.9821,getting_spare_card,0.9821,visa_or_mastercard,0.0035,card_linking,0.0027
How many cards can I have for one account?,getting_spare_card,getting_spare_card,True,0.9395,getting_spare_card,0.9395,disposable_card_limits,0.0371,visa_or_mastercard,0.0107
I want to order another crad,getting_spare_card,request_refund,False,0.2619,request_refund,0.2619,getting_spare_card,0.202,order_physical_card,0.1482
How can I get additional cards?,getting_spare_card,getting_spare_card,True,0.9899,getting_spare_card,0.9899,order_physical_card,0.0046,card_linking,0.0012
Is there a fee for extra cards?,getting_spare_card,getting_spare_card,True,0.9419,getting_spare_card,0.9419,order_physical_card,0.0231,card_payment_fee_charged,0.0175
I need some spare physical cards.,getting_spare_card,getting_spare_card,True,0.8152,getting_spare_card,0.8152,order_physical_card,0.1561,disposable_card_limits,0.0053
I would like to receive a few more physical cards.,getting_spare_card,getting_spare_card,True,0.8944,getting_spare_card,0.8944,order_physical_card,0.0865,getting_virtual_card,0.0068
Can I have a card after my first one?,getting_spare_card,getting_spare_card,True,0.5471,getting_spare_card,0.5471,card_linking,0.0955,order_physical_card,0.0849
How would I go about getting a second card?,getting_spare_card,getting_spare_card,True,0.985,getting_spare_card,0.985,visa_or_mastercard,0.0044,supported_cards_and_currencies,0.0023
I'd like to have another card,getting_spare_card,getting_spare_card,True,0.9779,getting_spare_card,0.9779,card_linking,0.0042,visa_or_mastercard,0.004
"If I need more cards, are there any fees?",getting_spare_card,getting_spare_card,True,0.9379,getting_spare_card,0.9379,order_physical_card,0.0174,top_up_by_card_charge,0.0167
Do you offer multiple cards for the same account?,getting_spare_card,getting_spare_card,True,0.971,getting_spare_card,0.971,visa_or_mastercard,0.0092,transaction_charged_twice,0.0076
Can I get a spare card for someone else to use?,getting_spare_card,getting_spare_card,True,0.9624,getting_spare_card,0.9624,order_physical_card,0.0116,get_disposable_virtual_card,0.0032
I need to get some more physical cards.,getting_spare_card,getting_spare_card,True,0.9035,getting_spare_card,0.9035,order_physical_card,0.0609,getting_virtual_card,0.012
"Would I be able to get another card for my account, so I could give one to my daughter?",getting_spare_card,getting_spare_card,True,0.992,getting_spare_card,0.992,age_limit,0.0029,card_linking,0.0006
What is the procedure for getting another card?,getting_spare_card,getting_spare_card,True,0.845,getting_spare_card,0.845,card_linking,0.027,order_physical_card,0.0195
Can I have a second card?,getting_spare_card,getting_spare_card,True,0.9899,getting_spare_card,0.9899,visa_or_mastercard,0.0044,supported_cards_and_currencies,0.0025
"My daughter would like a card as well, how can we make this happen?",getting_spare_card,getting_spare_card,True,0.8631,getting_spare_card,0.8631,age_limit,0.0521,order_physical_card,0.0257
Can I give a second card to my daughter?,getting_spare_card,getting_spare_card,True,0.9971,getting_spare_card,0.9971,age_limit,0.0008,supported_cards_and_currencies,0.0002
May I have another card?,getting_spare_card,getting_spare_card,True,0.9365,getting_spare_card,0.9365,card_arrival,0.0182,visa_or_mastercard,0.0113
Is there a fee for sending out more than one card?,getting_spare_card,getting_spare_card,True,0.9857,getting_spare_card,0.9857,card_payment_fee_charged,0.0022,top_up_by_card_charge,0.002
Can I order extra cards?,getting_spare_card,getting_spare_card,True,0.9828,getting_spare_card,0.9828,order_physical_card,0.0119,card_about_to_expire,0.0018
Where can I get a second card?,getting_spare_card,getting_spare_card,True,0.9668,getting_spare_card,0.9668,order_physical_card,0.0098,visa_or_mastercard,0.0064
I was looking to buy another card today.,getting_spare_card,getting_spare_card,True,0.4865,getting_spare_card,0.4865,card_arrival,0.1535,card_about_to_expire,0.0899
I need a few more physical cards.,getting_spare_card,getting_spare_card,True,0.9453,getting_spare_card,0.9453,order_physical_card,0.0307,getting_virtual_card,0.0067
Can i have a second physical card for this account?,getting_spare_card,getting_spare_card,True,0.9709,getting_spare_card,0.9709,order_physical_card,0.006,visa_or_mastercard,0.0034
Can I purchase extra non-virtual cards?,getting_spare_card,getting_spare_card,True,0.4619,getting_spare_card,0.4619,getting_virtual_card,0.2861,get_disposable_virtual_card,0.0933
Am I allowed to give my daughter one of my cards to use?,getting_spare_card,getting_spare_card,True,0.878,getting_spare_card,0.878,age_limit,0.0472,disposable_card_limits,0.015
May I have a second card?,getting_spare_card,getting_spare_card,True,0.9675,getting_spare_card,0.9675,visa_or_mastercard,0.0141,card_arrival,0.0035
Can i have a card to my daughter?,getting_spare_card,getting_spare_card,True,0.8109,getting_spare_card,0.8109,age_limit,0.0892,order_physical_card,0.0341
Are there restrictions for ordering extra cards?,getting_spare_card,getting_spare_card,True,0.9783,getting_spare_card,0.9783,order_physical_card,0.0064,disposable_card_limits,0.0038
How can I get a second card for my daughter?,getting_spare_card,getting_spare_card,True,0.9943,getting_spare_card,0.9943,age_limit,0.0018,order_physical_card,0.0005
Where do I request another card?,getting_spare_card,getting_spare_card,True,0.7837,getting_spare_card,0.7837,card_acceptance,0.0521,order_physical_card,0.0507
Am I able to get a second card?,getting_spare_card,getting_spare_card,True,0.9881,getting_spare_card,0.9881,visa_or_mastercard,0.0038,transaction_charged_twice,0.0021
"If you send me more cards, are there any charges?",getting_spare_card,getting_spare_card,True,0.8955,getting_spare_card,0.8955,order_physical_card,0.0374,top_up_by_card_charge,0.0283
When trying to get more than one card is there a extra amount that needs to be paid?,getting_spare_card,getting_spare_card,True,0.9745,getting_spare_card,0.9745,card_payment_fee_charged,0.0076,order_physical_card,0.0022
Is it possible to give a second card for this account to my daughter?,getting_spare_card,getting_spare_card,True,0.9932,getting_spare_card,0.9932,age_limit,0.0035,supported_cards_and_currencies,0.0003
My daughter needs a card. Can I give her one of mine that's linked to my account?,getting_spare_card,getting_spare_card,True,0.9144,getting_spare_card,0.9144,age_limit,0.0268,card_linking,0.0218
"My child needs a card, how can I add them to the account I currently have?",getting_spare_card,getting_spare_card,True,0.8168,getting_spare_card,0.8168,age_limit,0.0738,card_linking,0.0357
"my daughter needs a card, how do i add her?",getting_spare_card,getting_spare_card,True,0.854,getting_spare_card,0.854,order_physical_card,0.0335,card_linking,0.032
Can I top up by cheque?,top_up_by_cash_or_cheque,top_up_by_cash_or_cheque,True,0.9899,top_up_by_cash_or_cheque,0.9899,apple_pay_or_google_pay,0.002,top_up_limits,0.0017
How do I top-up using cash?,top_up_by_cash_or_cheque,top_up_by_cash_or_cheque,True,0.9626,top_up_by_cash_or_cheque,0.9626,topping_up_by_card,0.009,top_up_limits,0.0066
Can I top up with a cheque?,top_up_by_cash_or_cheque,top_up_by_cash_or_cheque,True,0.9928,top_up_by_cash_or_cheque,0.9928,top_up_limits,0.0013,top_up_by_bank_transfer_charge,0.0012
Is it possible to top up with cash? If so how do I do it?,top_up_by_cash_or_cheque,top_up_by_cash_or_cheque,True,0.907,top_up_by_cash_or_cheque,0.907,topping_up_by_card,0.0421,top_up_limits,0.0129
Can you help me find top up by cash deposit?,top_up_by_cash_or_cheque,top_up_by_cash_or_cheque,True,0.9183,top_up_by_cash_or_cheque,0.9183,balance_not_updated_after_cheque_or_cash_deposit,0.0337,verify_source_of_funds,0.0088
Is there an option to top up a with cheque?,top_up_by_cash_or_cheque,top_up_by_cash_or_cheque,True,0.9964,top_up_by_cash_or_cheque,0.9964,automatic_top_up,0.001,apple_pay_or_google_pay,0.0008
Need to deposit a cheque into my account,top_up_by_cash_or_cheque,top_up_by_cash_or_cheque,True,0.6101,top_up_by_cash_or_cheque,0.6101,balance_not_updated_after_cheque_or_cash_deposit,0.3848,transfer_into_account,0.0014
I'm looking for the cash deposit top up option but can't find it. Can you help me?,top_up_by_cash_or_cheque,top_up_by_cash_or_cheque,True,0.8584,top_up_by_cash_or_cheque,0.8584,balance_not_updated_after_cheque_or_cash_deposit,0.0306,automatic_top_up,0.0261
How do I top up my account with a cash payment?,top_up_by_cash_or_cheque,top_up_by_cash_or_cheque,True,0.9303,top_up_by_cash_or_cheque,0.9303,supported_cards_and_currencies,0.0261,transfer_into_account,0.0137
I'd like to use cash to top up. How do I find that option?,top_up_by_cash_or_cheque,top_up_by_cash_or_cheque,True,0.968,top_up_by_cash_or_cheque,0.968,automatic_top_up,0.0091,supported_cards_and_currencies,0.0046
Where do I locate topping up with cash.,top_up_by_cash_or_cheque,top_up_by_cash_or_cheque,True,0.9174,top_up_by_cash_or_cheque,0.9174,top_up_by_card_charge,0.0229,topping_up_by_card,0.0108
How do I pay by check?,top_up_by_cash_or_cheque,top_up_by_cash_or_cheque,True,0.6949,top_up_by_cash_or_cheque,0.6949,receiving_money,0.0971,card_payment_fee_charged,0.059
Can I add to my account balance with a cheque?,top_up_by_cash_or_cheque,top_up_by_cash_or_cheque,True,0.8633,top_up_by_cash_or_cheque,0.8633,balance_not_updated_after_cheque_or_cash_deposit,0.1046,automatic_top_up,0.0047
What type of deposits do you accept into my account?,top_up_by_cash_or_cheque,top_up_by_cash_or_cheque,True,0.4569,top_up_by_cash_or_cheque,0.4569,supported_cards_and_currencies,0.2495,balance_not_updated_after_cheque_or_cash_deposit,0.1041
Can I top up using a cheque?,top_up_by_cash_or_cheque,top_up_by_cash_or_cheque,True,0.993,top_up_by_cash_or_cheque,0.993,apple_pay_or_google_pay,0.0017,top_up_limits,0.0014
Can you top-up a card with a cheque?,top_up_by_cash_or_cheque,top_up_by_cash_or_cheque,True,0.9203,top_up_by_cash_or_cheque,0.9203,supported_cards_and_currencies,0.0306,top_up_by_card_charge,0.0124
"I need to top up cash, How do I do it?",top_up_by_cash_or_cheque,top_up_by_cash_or_cheque,True,0.9569,top_up_by_cash_or_cheque,0.9569,topping_up_by_card,0.018,top_up_limits,0.0074
I'm looking for the option to top up by cheque.,top_up_by_cash_or_cheque,top_up_by_cash_or_cheque,True,0.9899,top_up_by_cash_or_cheque,0.9899,automatic_top_up,0.0034,apple_pay_or_google_pay,0.002
What locations can I top up with cash?,top_up_by_cash_or_cheque,top_up_by_cash_or_cheque,True,0.9489,top_up_by_cash_or_cheque,0.9489,atm_support,0.0262,supported_cards_and_currencies,0.0043
"I want to top up using cash, where can I do that?",top_up_by_cash_or_cheque,top_up_by_cash_or_cheque,True,0.9776,top_up_by_cash_or_cheque,0.9776,supported_cards_and_currencies,0.005,atm_support,0.0034
is there a way to do top up with cash deposit,top_up_by_cash_or_cheque,top_up_by_cash_or_cheque,True,0.9692,top_up_by_cash_or_cheque,0.9692,automatic_top_up,0.0071,transfer_into_account,0.0066
Where are the options to top up with a cheque on my account?,top_up_by_cash_or_cheque,top_up_by_cash_or_cheque,True,0.9977,top_up_by_cash_or_cheque,0.9977,balance_not_updated_after_cheque_or_cash_deposit,0.0012,apple_pay_or_google_pay,0.0002
Can I use cash to top up my account?,top_up_by_cash_or_cheque,top_up_by_cash_or_cheque,True,0.9175,top_up_by_cash_or_cheque,0.9175,transfer_into_account,0.0243,topping_up_by_card,0.0164
How can I top up with cash?,top_up_by_cash_or_cheque,top_up_by_cash_or_cheque,True,0.9578,top_up_by_cash_or_cheque,0.9578,topping_up_by_card,0.0132,top_up_limits,0.0108
Will you accept a cheque to top up my account?,top_up_by_cash_or_cheque,top_up_by_cash_or_cheque,True,0.9768,top_up_by_cash_or_cheque,0.9768,supported_cards_and_currencies,0.0051,balance_not_updated_after_cheque_or_cash_deposit,0.0051
How can I top up with this cheque I got?,top_up_by_cash_or_cheque,top_up_by_cash_or_cheque,True,0.9585,top_up_by_cash_or_cheque,0.9585,balance_not_updated_after_cheque_or_cash_deposit,0.0069,apple_pay_or_google_pay,0.0057
What methods can I use to top up my account?,top_up_by_cash_or_cheque,top_up_by_cash_or_cheque,True,0.4954,top_up_by_cash_or_cheque,0.4954,transfer_into_account,0.2568,topping_up_by_card,0.1362
Is cash good to top up with?,top_up_by_cash_or_cheque,top_up_by_cash_or_cheque,True,0.906,top_up_by_cash_or_cheque,0.906,top_up_limits,0.0185,supported_cards_and_currencies,0.0161
how come i can't find anywhere to load using cash,top_up_by_cash_or_cheque,balance_not_updated_after_cheque_or_cash_deposit,False,0.2651,balance_not_updated_after_cheque_or_cash_deposit,0.2651,declined_cash_withdrawal,0.2112,top_up_by_cash_or_cheque,0.126
What can I pay with? Does cash work?,top_up_by_cash_or_cheque,top_up_by_cash_or_cheque,True,0.6942,top_up_by_cash_or_cheque,0.6942,receiving_money,0.0891,supported_cards_and_currencies,0.0359
How do I deposit cash into my account?,top_up_by_cash_or_cheque,top_up_by_cash_or_cheque,True,0.7095,top_up_by_cash_or_cheque,0.7095,balance_not_updated_after_cheque_or_cash_deposit,0.1423,transfer_into_account,0.1104
Why can't I top up with a cheque?,top_up_by_cash_or_cheque,top_up_by_cash_or_cheque,True,0.9763,top_up_by_cash_or_cheque,0.9763,balance_not_updated_after_cheque_or_cash_deposit,0.0115,apple_pay_or_google_pay,0.0027
Can I send a cheque to do my top ups?,top_up_by_cash_or_cheque,top_up_by_cash_or_cheque,True,0.9593,top_up_by_cash_or_cheque,0.9593,top_up_by_bank_transfer_charge,0.0074,top_up_by_card_charge,0.0048
Can I top up my account with a cheque?,top_up_by_cash_or_cheque,top_up_by_cash_or_cheque,True,0.9928,top_up_by_cash_or_cheque,0.9928,topping_up_by_card,0.001,apple_pay_or_google_pay,0.0009
I want to do a cash top-up,top_up_by_cash_or_cheque,top_up_by_cash_or_cheque,True,0.9647,top_up_by_cash_or_cheque,0.9647,top_up_limits,0.0099,supported_cards_and_currencies,0.0043
"I have a cheque here, can I use it to top off my account?",top_up_by_cash_or_cheque,top_up_by_cash_or_cheque,True,0.9837,top_up_by_cash_or_cheque,0.9837,balance_not_updated_after_cheque_or_cash_deposit,0.0041,why_verify_identity,0.0012
I want to top-up using cash,top_up_by_cash_or_cheque,top_up_by_cash_or_cheque,True,0.9565,top_up_by_cash_or_cheque,0.9565,supported_cards_and_currencies,0.0079,topping_up_by_card,0.0075
How can I top-up my card?,top_up_by_cash_or_cheque,topping_up_by_card,False,0.6839,topping_up_by_card,0.6839,top_up_failed,0.0947,supported_cards_and_currencies,0.0819
Can I submit a check or cash payment?,top_up_by_cash_or_cheque,top_up_by_cash_or_cheque,True,0.9296,top_up_by_cash_or_cheque,0.9296,receiving_money,0.0365,balance_not_updated_after_cheque_or_cash_deposit,0.006
Do you accept checks?,top_up_by_cash_or_cheque,top_up_by_cash_or_cheque,True,0.8446,top_up_by_cash_or_cheque,0.8446,why_verify_identity,0.0393,supported_cards_and_currencies,0.0331
How do I receive my physical card,order_physical_card,order_physical_card,True,0.9507,order_physical_card,0.9507,card_arrival,0.0089,card_delivery_estimate,0.0082
I want a card. What is the procedure?,order_physical_card,order_physical_card,True,0.6572,order_physical_card,0.6572,visa_or_mastercard,0.0543,card_delivery_estimate,0.0386
What do you charge for physical cards?,order_physical_card,order_physical_card,True,0.9707,order_physical_card,0.9707,getting_spare_card,0.0124,top_up_by_card_charge,0.006
Where can I get my card at?,order_physical_card,order_physical_card,True,0.5961,order_physical_card,0.5961,card_acceptance,0.1849,card_arrival,0.0672
price of physical card,order_physical_card,order_physical_card,True,0.9309,order_physical_card,0.9309,card_about_to_expire,0.0162,getting_spare_card,0.0139
"Please, how do I order a card?",order_physical_card,order_physical_card,True,0.9549,order_physical_card,0.9549,card_about_to_expire,0.0092,card_delivery_estimate,0.0066
Send me a physical card,order_physical_card,order_physical_card,True,0.8322,order_physical_card,0.8322,getting_spare_card,0.0496,card_delivery_estimate,0.0444
I want to order a card. Where do you deliver to?,order_physical_card,order_physical_card,True,0.9226,order_physical_card,0.9226,card_delivery_estimate,0.0429,country_support,0.0081
Can I request a physical card?,order_physical_card,order_physical_card,True,0.937,order_physical_card,0.937,getting_spare_card,0.0171,card_delivery_estimate,0.0067
Is there a charge for physical cards,order_physical_card,order_physical_card,True,0.9689,order_physical_card,0.9689,getting_spare_card,0.0095,top_up_by_card_charge,0.0057
Do you charge for physical cards,order_physical_card,order_physical_card,True,0.9648,order_physical_card,0.9648,getting_spare_card,0.0108,top_up_by_card_charge,0.0083
Do you ship cards to where I live?,order_physical_card,order_physical_card,True,0.7657,order_physical_card,0.7657,country_support,0.1269,card_delivery_estimate,0.0502
"For physical cards, do you charge?",order_physical_card,order_physical_card,True,0.9525,order_physical_card,0.9525,top_up_by_card_charge,0.0178,getting_spare_card,0.0088
I need to get an actual card so that I can use it for in person transactions. How would I do this?,order_physical_card,order_physical_card,True,0.7178,order_physical_card,0.7178,get_disposable_virtual_card,0.0638,compromised_card,0.0406
Will I get a real card?,order_physical_card,order_physical_card,True,0.8823,order_physical_card,0.8823,visa_or_mastercard,0.021,card_delivery_estimate,0.019
Where can you deliver cards?,order_physical_card,order_physical_card,True,0.7773,order_physical_card,0.7773,card_delivery_estimate,0.1453,country_support,0.0153
Where are cards delivered to?,order_physical_card,order_physical_card,True,0.9545,order_physical_card,0.9545,card_arrival,0.0129,card_delivery_estimate,0.0097
Please tell me how to get a physical card.,order_physical_card,order_physical_card,True,0.9349,order_physical_card,0.9349,getting_virtual_card,0.0111,getting_spare_card,0.0099
What is the charge for a physical card?,order_physical_card,order_physical_card,True,0.9667,order_physical_card,0.9667,card_payment_fee_charged,0.0103,top_up_by_card_charge,0.0038
Is a non-electronic card available as well,order_physical_card,order_physical_card,True,0.3537,order_physical_card,0.3537,get_disposable_virtual_card,0.1888,card_acceptance,0.1008
How much does it cost in fees to use your card?,order_physical_card,card_payment_fee_charged,False,0.5508,card_payment_fee_charged,0.5508,top_up_by_card_charge,0.2807,order_physical_card,0.0627
How can I get a physical card,order_physical_card,order_physical_card,True,0.9583,order_physical_card,0.9583,getting_spare_card,0.0082,getting_virtual_card,0.0072
Can I get a physical card through this app?,order_physical_card,card_linking,False,0.3972,card_linking,0.3972,order_physical_card,0.3723,getting_virtual_card,0.0314
can I have a non virtual card?,order_physical_card,getting_virtual_card,False,0.7469,getting_virtual_card,0.7469,virtual_card_not_working,0.0936,get_disposable_virtual_card,0.0881
How do I get a physical card?,order_physical_card,order_physical_card,True,0.9753,order_physical_card,0.9753,getting_virtual_card,0.0044,getting_spare_card,0.0042
What are the fees to get a physical card?,order_physical_card,order_physical_card,True,0.9546,order_physical_card,0.9546,card_payment_fee_charged,0.0172,getting_spare_card,0.0105
Where can my card be delivered?,order_physical_card,order_physical_card,True,0.8481,order_physical_card,0.8481,card_arrival,0.0511,card_acceptance,0.0383
What will I be charged for a physical card?,order_physical_card,order_physical_card,True,0.9336,order_physical_card,0.9336,card_payment_fee_charged,0.0248,getting_spare_card,0.0096
Where do I order my card?,order_physical_card,order_physical_card,True,0.8885,order_physical_card,0.8885,card_acceptance,0.0398,card_about_to_expire,0.0166
What locations can a card be delivered to?,order_physical_card,order_physical_card,True,0.8318,order_physical_card,0.8318,card_acceptance,0.0789,card_delivery_estimate,0.025
Where can I receive my card?,order_physical_card,order_physical_card,True,0.7878,order_physical_card,0.7878,card_arrival,0.0779,card_acceptance,0.0511
Where do you deliver cards by mail?,order_physical_card,order_physical_card,True,0.7884,order_physical_card,0.7884,card_delivery_estimate,0.1155,card_arrival,0.0426
How can I get a real-life card of my own?,order_physical_card,order_physical_card,True,0.9217,order_physical_card,0.9217,getting_spare_card,0.0168,country_support,0.0065
Where will I find my card?,order_physical_card,order_physical_card,True,0.4086,order_physical_card,0.4086,card_arrival,0.187,lost_or_stolen_card,0.1462
"If I want a physical card, do I have to pay anything?",order_physical_card,order_physical_card,True,0.9801,order_physical_card,0.9801,card_payment_fee_charged,0.0042,getting_spare_card,0.0036
Where can cards be delivered?,order_physical_card,order_physical_card,True,0.9372,order_physical_card,0.9372,card_delivery_estimate,0.02,country_support,0.0109
I need a physical card.,order_physical_card,order_physical_card,True,0.882,order_physical_card,0.882,getting_spare_card,0.0492,getting_virtual_card,0.0143
What are the fees for a physical card?,order_physical_card,order_physical_card,True,0.8956,order_physical_card,0.8956,card_payment_fee_charged,0.0554,top_up_by_card_charge,0.0149
How do I get an actual card?,order_physical_card,order_physical_card,True,0.9571,order_physical_card,0.9571,card_linking,0.0096,card_arrival,0.005
Can I get a real card?,order_physical_card,order_physical_card,True,0.9214,order_physical_card,0.9214,getting_spare_card,0.0148,visa_or_mastercard,0.0113
Why is my disposable virtual card being denied?,virtual_card_not_working,virtual_card_not_working,True,0.9385,virtual_card_not_working,0.9385,disposable_card_limits,0.0344,get_disposable_virtual_card,0.0097
My disposable virtual card doesn't seem to work,virtual_card_not_working,virtual_card_not_working,True,0.9488,virtual_card_not_working,0.9488,get_disposable_virtual_card,0.0395,disposable_card_limits,0.0083
My disposable virtual card is broken.,virtual_card_not_working,virtual_card_not_working,True,0.9342,virtual_card_not_working,0.9342,get_disposable_virtual_card,0.0383,disposable_card_limits,0.0136
My non-physical card will not work,virtual_card_not_working,card_not_working,False,0.8903,card_not_working,0.8903,virtual_card_not_working,0.0211,declined_card_payment,0.0133
Why did the disposable virtual card which I used to pay a gym subscription get denied?,virtual_card_not_working,virtual_card_not_working,True,0.6889,virtual_card_not_working,0.6889,reverted_card_payment?,0.0432,card_payment_fee_charged,0.0374
Why is my virtual card is being declined?,virtual_card_not_working,virtual_card_not_working,True,0.7855,virtual_card_not_working,0.7855,getting_virtual_card,0.094,declined_card_payment,0.0507
Are there restrictions for my disposable card since it does not seem to be working?,virtual_card_not_working,disposable_card_limits,False,0.7295,disposable_card_limits,0.7295,card_not_working,0.1169,virtual_card_not_working,0.0646
I cannot get my virtual card to work.,virtual_card_not_working,virtual_card_not_working,True,0.9496,virtual_card_not_working,0.9496,getting_virtual_card,0.0237,card_not_working,0.017
I was at the store earlier and my virtual card didn't work. What's the solution for this problem?,virtual_card_not_working,virtual_card_not_working,True,0.7499,virtual_card_not_working,0.7499,getting_virtual_card,0.1294,card_not_working,0.0262
My disposable virtual card will not work,virtual_card_not_working,virtual_card_not_working,True,0.9741,virtual_card_not_working,0.9741,get_disposable_virtual_card,0.0171,disposable_card_limits,0.0058
I cannot use my disposable virtual card.,virtual_card_not_working,virtual_card_not_working,True,0.9049,virtual_card_not_working,0.9049,get_disposable_virtual_card,0.0462,disposable_card_limits,0.0384
Can I make multiple online transactions with my virtual card?,virtual_card_not_working,disposable_card_limits,False,0.4446,disposable_card_limits,0.4446,get_disposable_virtual_card,0.1771,virtual_card_not_working,0.1012
Why was my virtual card declined when attempting to setup automatic billing?,virtual_card_not_working,virtual_card_not_working,True,0.8044,virtual_card_not_working,0.8044,reverted_card_payment?,0.0365,declined_card_payment,0.033
Why doesn't my disposable virtual card work?,virtual_card_not_working,virtual_card_not_working,True,0.963,virtual_card_not_working,0.963,get_disposable_virtual_card,0.0217,disposable_card_limits,0.0128
Why can't I use my virtual card for subscription services?,virtual_card_not_working,virtual_card_not_working,True,0.9307,virtual_card_not_working,0.9307,disposable_card_limits,0.0234,getting_virtual_card,0.0072
Why isn't my virtual card working?,virtual_card_not_working,virtual_card_not_working,True,0.944,virtual_card_not_working,0.944,getting_virtual_card,0.0268,card_not_working,0.0234
I cannot make transactions with my virtual card.,virtual_card_not_working,virtual_card_not_working,True,0.7601,virtual_card_not_working,0.7601,card_not_working,0.1189,beneficiary_not_allowed,0.0394
"For some reason, the virtual card won't work for me.",virtual_card_not_working,virtual_card_not_working,True,0.8547,virtual_card_not_working,0.8547,getting_virtual_card,0.1,card_not_working,0.0252
My disposable virtual card has been rejected by the merchant earlier today. What should I do?,virtual_card_not_working,virtual_card_not_working,True,0.7538,virtual_card_not_working,0.7538,get_disposable_virtual_card,0.067,disposable_card_limits,0.0492
How can I fix a problem where my virtual card is rejected?,virtual_card_not_working,virtual_card_not_working,True,0.8909,virtual_card_not_working,0.8909,getting_virtual_card,0.0447,card_not_working,0.0215
My virtual card isn't working. What do I do?,virtual_card_not_working,virtual_card_not_working,True,0.8779,virtual_card_not_working,0.8779,card_not_working,0.0616,getting_virtual_card,0.0438
What do I do if my virtual card won't work.,virtual_card_not_working,virtual_card_not_working,True,0.83,virtual_card_not_working,0.83,card_not_working,0.1187,getting_virtual_card,0.0288
Is there a trick to get the disposable virtual card to work?,virtual_card_not_working,virtual_card_not_working,True,0.5938,virtual_card_not_working,0.5938,get_disposable_virtual_card,0.3393,disposable_card_limits,0.0545
Why can't I get my virtual card to work?,virtual_card_not_working,virtual_card_not_working,True,0.9502,virtual_card_not_working,0.9502,getting_virtual_card,0.0238,card_not_working,0.019
My card is just not working at this time.,virtual_card_not_working,card_not_working,False,0.908,card_not_working,0.908,declined_card_payment,0.0235,activate_my_card,0.014
My disposable card seems not to be working am I doing something wrong?,virtual_card_not_working,virtual_card_not_working,True,0.6199,virtual_card_not_working,0.6199,card_not_working,0.1373,declined_cash_withdrawal,0.045
My payments from my virtual card keep getting rejected.,virtual_card_not_working,declined_card_payment,False,0.3733,declined_card_payment,0.3733,virtual_card_not_working,0.3171,reverted_card_payment?,0.1604
My disposable virtual card is not working when I try to use it at a point of sale transaction. What do I do now?,virtual_card_not_working,virtual_card_not_working,True,0.9049,virtual_card_not_working,0.9049,get_disposable_virtual_card,0.0594,disposable_card_limits,0.0194
My transaction was just declined when I was using my disposable virtual card. What can I do?,virtual_card_not_working,virtual_card_not_working,True,0.6894,virtual_card_not_working,0.6894,declined_transfer,0.1424,declined_card_payment,0.0259
My disposable virtual card is not working,virtual_card_not_working,virtual_card_not_working,True,0.9662,virtual_card_not_working,0.9662,get_disposable_virtual_card,0.0227,disposable_card_limits,0.0074
How do I get my disposable virtual card to work?,virtual_card_not_working,virtual_card_not_working,True,0.9076,virtual_card_not_working,0.9076,get_disposable_virtual_card,0.0719,disposable_card_limits,0.015
How come my disposable virtual card used to pay for a gym subscription got rejected?,virtual_card_not_working,virtual_card_not_working,True,0.7097,virtual_card_not_working,0.7097,reverted_card_payment?,0.069,declined_card_payment,0.0353
Payments from my disposable virtual card don't work,virtual_card_not_working,virtual_card_not_working,True,0.9662,virtual_card_not_working,0.9662,reverted_card_payment?,0.0087,get_disposable_virtual_card,0.0066
"My disposable virtual card was rejected by the merchant, please help?",virtual_card_not_working,virtual_card_not_working,True,0.8467,virtual_card_not_working,0.8467,get_disposable_virtual_card,0.0476,disposable_card_limits,0.0369
My virtual card won't work.,virtual_card_not_working,virtual_card_not_working,True,0.9056,virtual_card_not_working,0.9056,card_not_working,0.0558,getting_virtual_card,0.0252
Tell me why my virtual disposable card won't work.,virtual_card_not_working,virtual_card_not_working,True,0.9568,virtual_card_not_working,0.9568,get_disposable_virtual_card,0.022,disposable_card_limits,0.0132
I need help getting the virtual card to work.,virtual_card_not_working,virtual_card_not_working,True,0.8929,virtual_card_not_working,0.8929,getting_virtual_card,0.0845,activate_my_card,0.0068
I was trying to use my virtual card at a merchant and it was rejected. How can I fix this?,virtual_card_not_working,virtual_card_not_working,True,0.7062,virtual_card_not_working,0.7062,declined_card_payment,0.1169,card_not_working,0.0257
How do I make my virtual card work?,virtual_card_not_working,virtual_card_not_working,True,0.8125,virtual_card_not_working,0.8125,getting_virtual_card,0.1642,activate_my_card,0.0077
virtual card is not working for me,virtual_card_not_working,virtual_card_not_working,True,0.9324,virtual_card_not_working,0.9324,getting_virtual_card,0.0355,card_not_working,0.0218
I did not get the right amount of money when I used a different country's currency.,wrong_exchange_rate_for_cash_withdrawal,wrong_exchange_rate_for_cash_withdrawal,True,0.9268,wrong_exchange_rate_for_cash_withdrawal,0.9268,card_payment_wrong_exchange_rate,0.0203,wrong_amount_of_cash_received,0.013
I took out money from a transaction machine and it exchanged the wrong dollar value amount from another currency!,wrong_exchange_rate_for_cash_withdrawal,wrong_exchange_rate_for_cash_withdrawal,True,0.5713,wrong_exchange_rate_for_cash_withdrawal,0.5713,cancel_transfer,0.1537,card_payment_wrong_exchange_rate,0.0863
I made a withdraw from the ATM this past holiday and it seems like a was charged too much. If I would have   known about these charges I wouldn't have made a withdraw.,wrong_exchange_rate_for_cash_withdrawal,wrong_exchange_rate_for_cash_withdrawal,True,0.8996,wrong_exchange_rate_for_cash_withdrawal,0.8996,cash_withdrawal_charge,0.0602,wrong_amount_of_cash_received,0.0173
Can you look to make sure the exchange rate is correct,wrong_exchange_rate_for_cash_withdrawal,card_payment_wrong_exchange_rate,False,0.7362,card_payment_wrong_exchange_rate,0.7362,exchange_rate,0.121,wrong_exchange_rate_for_cash_withdrawal,0.1034
Exchange rate for my cash withdrawal is wrong,wrong_exchange_rate_for_cash_withdrawal,wrong_exchange_rate_for_cash_withdrawal,True,0.9943,wrong_exchange_rate_for_cash_withdrawal,0.9943,wrong_amount_of_cash_received,0.0028,card_payment_wrong_exchange_rate,0.0011
Hello. I'm on holiday and didn't bring any cash with me. I need to withdrawal my home currency from one of your machines. Do you have any that will do this and is there a charge?,wrong_exchange_rate_for_cash_withdrawal,wrong_exchange_rate_for_cash_withdrawal,True,0.7407,wrong_exchange_rate_for_cash_withdrawal,0.7407,exchange_via_app,0.0799,cash_withdrawal_not_recognised,0.055
Why was the exchange rate wrong when I got cash,wrong_exchange_rate_for_cash_withdrawal,wrong_exchange_rate_for_cash_withdrawal,True,0.9937,wrong_exchange_rate_for_cash_withdrawal,0.9937,card_payment_wrong_exchange_rate,0.0029,wrong_amount_of_cash_received,0.0022
I attempted to get money using a foreign currency at an ATM but the rate was highly inaccurate!,wrong_exchange_rate_for_cash_withdrawal,wrong_exchange_rate_for_cash_withdrawal,True,0.9918,wrong_exchange_rate_for_cash_withdrawal,0.9918,declined_cash_withdrawal,0.0023,wrong_amount_of_cash_received,0.0015
Why is the exchange rate wrong for my international withdrawal?,wrong_exchange_rate_for_cash_withdrawal,wrong_exchange_rate_for_cash_withdrawal,True,0.9572,wrong_exchange_rate_for_cash_withdrawal,0.9572,card_payment_wrong_exchange_rate,0.0385,exchange_rate,0.0022
A wrong exchange rate was applied to a transaction made abroad.,wrong_exchange_rate_for_cash_withdrawal,wrong_exchange_rate_for_cash_withdrawal,True,0.6205,wrong_exchange_rate_for_cash_withdrawal,0.6205,card_payment_wrong_exchange_rate,0.3636,cancel_transfer,0.0064
The exchange rate you gave me for my cash withdrawal is wrong,wrong_exchange_rate_for_cash_withdrawal,wrong_exchange_rate_for_cash_withdrawal,True,0.9935,wrong_exchange_rate_for_cash_withdrawal,0.9935,wrong_amount_of_cash_received,0.0026,card_payment_wrong_exchange_rate,0.0018
Is there a fee for exchanging cash?,wrong_exchange_rate_for_cash_withdrawal,exchange_charge,False,0.7392,exchange_charge,0.7392,cash_withdrawal_charge,0.1091,top_up_by_bank_transfer_charge,0.0533
Why is the exchange rate so exorbitant? This should have been a much higher amount of cash for that to apply.,wrong_exchange_rate_for_cash_withdrawal,wrong_exchange_rate_for_cash_withdrawal,True,0.9495,wrong_exchange_rate_for_cash_withdrawal,0.9495,card_payment_wrong_exchange_rate,0.0451,exchange_rate,0.0015
Why was the exchange rate different when I withdrew my cash?,wrong_exchange_rate_for_cash_withdrawal,wrong_exchange_rate_for_cash_withdrawal,True,0.9939,wrong_exchange_rate_for_cash_withdrawal,0.9939,cash_withdrawal_charge,0.0031,wrong_amount_of_cash_received,0.0007
"When I got cash, my exchange rate was wrong.",wrong_exchange_rate_for_cash_withdrawal,wrong_exchange_rate_for_cash_withdrawal,True,0.9859,wrong_exchange_rate_for_cash_withdrawal,0.9859,card_payment_wrong_exchange_rate,0.0088,wrong_amount_of_cash_received,0.0034
Will there be additional costs of I make a withdrawal from a local ATM of British pounds? I need some cash to feel comfortable on the journey home,wrong_exchange_rate_for_cash_withdrawal,cash_withdrawal_charge,False,0.4696,cash_withdrawal_charge,0.4696,wrong_exchange_rate_for_cash_withdrawal,0.4333,pending_cash_withdrawal,0.0221
It seems I was overcharged when I used an ATM while on vacation. If I knew about your fees in advance I sure would have gone somewhere else.,wrong_exchange_rate_for_cash_withdrawal,wrong_exchange_rate_for_cash_withdrawal,True,0.7515,wrong_exchange_rate_for_cash_withdrawal,0.7515,cash_withdrawal_charge,0.1358,transfer_fee_charged,0.0337
I checked the exchange rate when I withdrew cash. But the actual rate that you applied was different.,wrong_exchange_rate_for_cash_withdrawal,wrong_exchange_rate_for_cash_withdrawal,True,0.9774,wrong_exchange_rate_for_cash_withdrawal,0.9774,card_payment_wrong_exchange_rate,0.0149,wrong_amount_of_cash_received,0.0033
"In receiving cash, the wrong exchange rate was used for my transaction.",wrong_exchange_rate_for_cash_withdrawal,wrong_exchange_rate_for_cash_withdrawal,True,0.9678,wrong_exchange_rate_for_cash_withdrawal,0.9678,card_payment_wrong_exchange_rate,0.0236,wrong_amount_of_cash_received,0.0047
Can I make a withdraw if I am out of country from with out any fees at an ATM?,wrong_exchange_rate_for_cash_withdrawal,wrong_exchange_rate_for_cash_withdrawal,True,0.7169,wrong_exchange_rate_for_cash_withdrawal,0.7169,atm_support,0.2117,cash_withdrawal_charge,0.0425
I took out a foreign currency and the exchange rate is wrong.,wrong_exchange_rate_for_cash_withdrawal,card_payment_wrong_exchange_rate,False,0.5429,card_payment_wrong_exchange_rate,0.5429,wrong_exchange_rate_for_cash_withdrawal,0.4494,exchange_rate,0.0028
I feel like too much money was taken during my currency exchange.,wrong_exchange_rate_for_cash_withdrawal,wrong_exchange_rate_for_cash_withdrawal,True,0.8604,wrong_exchange_rate_for_cash_withdrawal,0.8604,card_payment_wrong_exchange_rate,0.0649,exchange_charge,0.021
There was an error in exchange rate for my cash withdrawal,wrong_exchange_rate_for_cash_withdrawal,wrong_exchange_rate_for_cash_withdrawal,True,0.9824,wrong_exchange_rate_for_cash_withdrawal,0.9824,wrong_amount_of_cash_received,0.0064,declined_cash_withdrawal,0.0047
"I need the right foreign money, at the right rate, at ATMs, when I go abroad.",wrong_exchange_rate_for_cash_withdrawal,wrong_exchange_rate_for_cash_withdrawal,True,0.4631,wrong_exchange_rate_for_cash_withdrawal,0.4631,atm_support,0.2866,fiat_currency_support,0.0746
The conversion rate on the ATM that I used with foreign currency was wrong.,wrong_exchange_rate_for_cash_withdrawal,wrong_exchange_rate_for_cash_withdrawal,True,0.9905,wrong_exchange_rate_for_cash_withdrawal,0.9905,card_payment_wrong_exchange_rate,0.0046,wrong_amount_of_cash_received,0.0018
why is the exchange rate for a Foreign ATM different,wrong_exchange_rate_for_cash_withdrawal,wrong_exchange_rate_for_cash_withdrawal,True,0.9597,wrong_exchange_rate_for_cash_withdrawal,0.9597,exchange_rate,0.0246,card_payment_wrong_exchange_rate,0.0066
My cash withdrawal charged me the wrong exchange rate,wrong_exchange_rate_for_cash_withdrawal,wrong_exchange_rate_for_cash_withdrawal,True,0.9961,wrong_exchange_rate_for_cash_withdrawal,0.9961,card_payment_wrong_exchange_rate,0.0015,cash_withdrawal_charge,0.0009
I withdrew some cash out of the ATM over the holiday. It seems that I was charged some outrageous fees. I would not have done that had I been aware of these outrageous charges!,wrong_exchange_rate_for_cash_withdrawal,wrong_exchange_rate_for_cash_withdrawal,True,0.842,wrong_exchange_rate_for_cash_withdrawal,0.842,cash_withdrawal_charge,0.1266,declined_cash_withdrawal,0.0079
The exchange rate for my withdrawal isn't correct and doesn't match the actual exchange rate.,wrong_exchange_rate_for_cash_withdrawal,wrong_exchange_rate_for_cash_withdrawal,True,0.8445,wrong_exchange_rate_for_cash_withdrawal,0.8445,card_payment_wrong_exchange_rate,0.1421,wrong_amount_of_cash_received,0.0031
Can you explain your exchange rate policy? I don't think I received the correct amount of cash in my ATM transaction.,wrong_exchange_rate_for_cash_withdrawal,wrong_exchange_rate_for_cash_withdrawal,True,0.9829,wrong_exchange_rate_for_cash_withdrawal,0.9829,wrong_amount_of_cash_received,0.0078,card_payment_wrong_exchange_rate,0.0037
My ecchange rate was wrong for a cash transaction.,wrong_exchange_rate_for_cash_withdrawal,wrong_exchange_rate_for_cash_withdrawal,True,0.9453,wrong_exchange_rate_for_cash_withdrawal,0.9453,card_payment_wrong_exchange_rate,0.031,wrong_amount_of_cash_received,0.0126
I expected a higher exchange rate when I withdrew money. Can you tell me current exchange rates?,wrong_exchange_rate_for_cash_withdrawal,wrong_exchange_rate_for_cash_withdrawal,True,0.8751,wrong_exchange_rate_for_cash_withdrawal,0.8751,exchange_rate,0.1051,card_payment_wrong_exchange_rate,0.0074
The see the rate applied to my transaction was wrong at the atm.,wrong_exchange_rate_for_cash_withdrawal,wrong_exchange_rate_for_cash_withdrawal,True,0.5479,wrong_exchange_rate_for_cash_withdrawal,0.5479,wrong_amount_of_cash_received,0.3233,pending_cash_withdrawal,0.0405
The rate of exchange isn't right for my cash withdrawal.,wrong_exchange_rate_for_cash_withdrawal,wrong_exchange_rate_for_cash_withdrawal,True,0.9856,wrong_exchange_rate_for_cash_withdrawal,0.9856,card_payment_wrong_exchange_rate,0.0054,wrong_amount_of_cash_received,0.0027
I took out cash abroad and the exchange rate isn't correct.,wrong_exchange_rate_for_cash_withdrawal,wrong_exchange_rate_for_cash_withdrawal,True,0.963,wrong_exchange_rate_for_cash_withdrawal,0.963,card_payment_wrong_exchange_rate,0.0331,exchange_rate,0.0021
I used an ATM in a foreign currency but the rate applied is wrong!,wrong_exchange_rate_for_cash_withdrawal,wrong_exchange_rate_for_cash_withdrawal,True,0.9836,wrong_exchange_rate_for_cash_withdrawal,0.9836,card_payment_wrong_exchange_rate,0.0099,wrong_amount_of_cash_received,0.0016
how do you determine your exchange rates because one of yours was off when i got cash,wrong_exchange_rate_for_cash_withdrawal,wrong_exchange_rate_for_cash_withdrawal,True,0.9439,wrong_exchange_rate_for_cash_withdrawal,0.9439,exchange_rate,0.0325,card_payment_wrong_exchange_rate,0.0053
I used the ATM machine to get money out for Holiday shopping and saw the outrageous charges. Why is that? I would not have used the ATM if I had known!,wrong_exchange_rate_for_cash_withdrawal,wrong_exchange_rate_for_cash_withdrawal,True,0.4883,wrong_exchange_rate_for_cash_withdrawal,0.4883,cash_withdrawal_charge,0.4435,declined_cash_withdrawal,0.0211
The cash withdrawal exchange rate is not correct.,wrong_exchange_rate_for_cash_withdrawal,wrong_exchange_rate_for_cash_withdrawal,True,0.985,wrong_exchange_rate_for_cash_withdrawal,0.985,card_payment_wrong_exchange_rate,0.0072,wrong_amount_of_cash_received,0.0027
"Is there a local ATM that will provide British pounds, I have no money for my homeward journey and do not feel comfortable waiting until  I arrive in Britain. Will a withdrawal involve extra charges?",wrong_exchange_rate_for_cash_withdrawal,wrong_exchange_rate_for_cash_withdrawal,True,0.4233,wrong_exchange_rate_for_cash_withdrawal,0.4233,cash_withdrawal_charge,0.2287,atm_support,0.1197
can i get a description of how to use a disposable virtual card,get_disposable_virtual_card,get_disposable_virtual_card,True,0.9406,get_disposable_virtual_card,0.9406,disposable_card_limits,0.0339,virtual_card_not_working,0.0155
Can I create a disposable virtual card?,get_disposable_virtual_card,get_disposable_virtual_card,True,0.8348,get_disposable_virtual_card,0.8348,disposable_card_limits,0.1384,virtual_card_not_working,0.021
What can you tell me about getting a virtual disposable card?,get_disposable_virtual_card,get_disposable_virtual_card,True,0.9122,get_disposable_virtual_card,0.9122,disposable_card_limits,0.0693,virtual_card_not_working,0.0114
I would like to order a disposable virtual card. How can I do this?,get_disposable_virtual_card,get_disposable_virtual_card,True,0.9274,get_disposable_virtual_card,0.9274,disposable_card_limits,0.0306,getting_virtual_card,0.0206
how do VR cards work,get_disposable_virtual_card,getting_virtual_card,False,0.796,getting_virtual_card,0.796,get_disposable_virtual_card,0.1581,disposable_card_limits,0.0108
What is a disposable virtual card?,get_disposable_virtual_card,get_disposable_virtual_card,True,0.9815,get_disposable_virtual_card,0.9815,disposable_card_limits,0.0153,virtual_card_not_working,0.0021
I would like a temporary virtual card,get_disposable_virtual_card,get_disposable_virtual_card,True,0.5248,get_disposable_virtual_card,0.5248,getting_virtual_card,0.4306,disposable_card_limits,0.0204
How do the disposable cards work?,get_disposable_virtual_card,get_disposable_virtual_card,True,0.9496,get_disposable_virtual_card,0.9496,disposable_card_limits,0.0463,virtual_card_not_working,0.0008
How do I use a disposable virtual card?,get_disposable_virtual_card,get_disposable_virtual_card,True,0.9244,get_disposable_virtual_card,0.9244,virtual_card_not_working,0.0413,disposable_card_limits,0.0295
Where's the best place to get a disposable virtual card?,get_disposable_virtual_card,get_disposable_virtual_card,True,0.862,get_disposable_virtual_card,0.862,disposable_card_limits,0.0643,getting_virtual_card,0.0507
Can you explain the disposable cards to me?,get_disposable_virtual_card,get_disposable_virtual_card,True,0.7726,get_disposable_virtual_card,0.7726,disposable_card_limits,0.2163,order_physical_card,0.0015
"Is there anyway, I can get a disposable virtual card?",get_disposable_virtual_card,get_disposable_virtual_card,True,0.9319,get_disposable_virtual_card,0.9319,disposable_card_limits,0.0327,getting_virtual_card,0.022
I just purchased a disposable virtual card. Am I able to use it for online purchases immediately?,get_disposable_virtual_card,get_disposable_virtual_card,True,0.8929,get_disposable_virtual_card,0.8929,virtual_card_not_working,0.039,disposable_card_limits,0.0272
how secure is a disposable virtual card,get_disposable_virtual_card,get_disposable_virtual_card,True,0.826,get_disposable_virtual_card,0.826,disposable_card_limits,0.14,virtual_card_not_working,0.0261
What do I do to get a disposable virtual card?,get_disposable_virtual_card,get_disposable_virtual_card,True,0.9512,get_disposable_virtual_card,0.9512,virtual_card_not_working,0.0164,disposable_card_limits,0.0154
I want to get a disposable virtual card.,get_disposable_virtual_card,get_disposable_virtual_card,True,0.9569,get_disposable_virtual_card,0.9569,disposable_card_limits,0.023,getting_virtual_card,0.0141
Can you explain disposable cards?,get_disposable_virtual_card,get_disposable_virtual_card,True,0.7627,get_disposable_virtual_card,0.7627,disposable_card_limits,0.2305,virtual_card_not_working,0.0009
how do i get a virtual card for one time use,get_disposable_virtual_card,getting_virtual_card,False,0.6004,getting_virtual_card,0.6004,get_disposable_virtual_card,0.3327,virtual_card_not_working,0.021
May I get a disposable virtual card as well?,get_disposable_virtual_card,get_disposable_virtual_card,True,0.9592,get_disposable_virtual_card,0.9592,disposable_card_limits,0.0227,getting_virtual_card,0.0071
Can i get a single use virtual card,get_disposable_virtual_card,get_disposable_virtual_card,True,0.431,get_disposable_virtual_card,0.431,getting_virtual_card,0.3229,disposable_card_limits,0.1358
I would like to create a disposable virtual card. How do I go about doing that?,get_disposable_virtual_card,get_disposable_virtual_card,True,0.9004,get_disposable_virtual_card,0.9004,disposable_card_limits,0.08,virtual_card_not_working,0.0121
"I have a disposable virtual card here, so would you tell me what to do with it?",get_disposable_virtual_card,get_disposable_virtual_card,True,0.9417,get_disposable_virtual_card,0.9417,virtual_card_not_working,0.0281,getting_virtual_card,0.0126
how does a virtual card work,get_disposable_virtual_card,getting_virtual_card,False,0.7104,getting_virtual_card,0.7104,get_disposable_virtual_card,0.2507,virtual_card_not_working,0.0272
What is the process of obtaining a disposable virtual card,get_disposable_virtual_card,get_disposable_virtual_card,True,0.9798,get_disposable_virtual_card,0.9798,disposable_card_limits,0.0095,virtual_card_not_working,0.006
What does a disposable virtual card do?,get_disposable_virtual_card,get_disposable_virtual_card,True,0.9853,get_disposable_virtual_card,0.9853,disposable_card_limits,0.0101,virtual_card_not_working,0.0037
When can I order a disposable virtual card?,get_disposable_virtual_card,get_disposable_virtual_card,True,0.8064,get_disposable_virtual_card,0.8064,disposable_card_limits,0.1009,getting_virtual_card,0.0489
Is it possible to also get a disposable virtual card?,get_disposable_virtual_card,get_disposable_virtual_card,True,0.9403,get_disposable_virtual_card,0.9403,disposable_card_limits,0.0417,virtual_card_not_working,0.0084
How do I obtain a disposable virtual card?,get_disposable_virtual_card,get_disposable_virtual_card,True,0.9545,get_disposable_virtual_card,0.9545,disposable_card_limits,0.019,virtual_card_not_working,0.0113
How would you use a disposable card?,get_disposable_virtual_card,get_disposable_virtual_card,True,0.9297,get_disposable_virtual_card,0.9297,disposable_card_limits,0.0646,virtual_card_not_working,0.0007
"I need a disposable virtual card, how do I get one?",get_disposable_virtual_card,get_disposable_virtual_card,True,0.9647,get_disposable_virtual_card,0.9647,getting_virtual_card,0.0161,disposable_card_limits,0.0116
How do disposable cards work?,get_disposable_virtual_card,get_disposable_virtual_card,True,0.9299,get_disposable_virtual_card,0.9299,disposable_card_limits,0.0655,virtual_card_not_working,0.0008
Is there a disposable virtual card I can order?,get_disposable_virtual_card,get_disposable_virtual_card,True,0.9514,get_disposable_virtual_card,0.9514,getting_virtual_card,0.0227,disposable_card_limits,0.0184
Where can I get a disposable virtual card?,get_disposable_virtual_card,get_disposable_virtual_card,True,0.9431,get_disposable_virtual_card,0.9431,disposable_card_limits,0.0306,getting_virtual_card,0.0178
Will I be able to get a disposable virtual card as well?,get_disposable_virtual_card,get_disposable_virtual_card,True,0.8785,get_disposable_virtual_card,0.8785,disposable_card_limits,0.0619,virtual_card_not_working,0.0419
Hello! I need to order a disposable virtual card. Where can I do that at?,get_disposable_virtual_card,get_disposable_virtual_card,True,0.8878,get_disposable_virtual_card,0.8878,getting_virtual_card,0.0401,disposable_card_limits,0.0314
where do I request a disposable virtual card?,get_disposable_virtual_card,get_disposable_virtual_card,True,0.8698,get_disposable_virtual_card,0.8698,disposable_card_limits,0.0545,getting_virtual_card,0.0437
Can i get a throw away card,get_disposable_virtual_card,getting_spare_card,False,0.236,getting_spare_card,0.236,order_physical_card,0.092,get_disposable_virtual_card,0.0904
how many transactions can i make with a disposable card,get_disposable_virtual_card,disposable_card_limits,False,0.9904,disposable_card_limits,0.9904,top_up_limits,0.0037,getting_spare_card,0.0015
What are disposable cards?,get_disposable_virtual_card,get_disposable_virtual_card,True,0.8554,get_disposable_virtual_card,0.8554,disposable_card_limits,0.1404,compromised_card,0.0004
what's the process for getting a disposable virtual card?,get_disposable_virtual_card,get_disposable_virtual_card,True,0.9607,get_disposable_virtual_card,0.9607,disposable_card_limits,0.0171,getting_virtual_card,0.0105
The app denied my topped up.,top_up_failed,top_up_failed,True,0.8757,top_up_failed,0.8757,top_up_reverted,0.0509,lost_or_stolen_phone,0.01
"Heyy I tried to top up with my card today but it failed! I just got the couple days before but it has worked last time. What's going on, can you double check please?",top_up_failed,top_up_failed,True,0.8497,top_up_failed,0.8497,card_not_working,0.0696,pending_top_up,0.0348
I have a top up that didn't go through.  Why?,top_up_failed,top_up_reverted,False,0.3964,top_up_reverted,0.3964,pending_top_up,0.3569,top_up_failed,0.2338
"So, I tried topping up my card for the today. Unfortunately, it failed. A couple of days back I used it and it works fine. Can you double check and tell me what's going on?",top_up_failed,card_not_working,False,0.4676,card_not_working,0.4676,top_up_failed,0.438,pending_top_up,0.0258
Why did the app deny my top up?,top_up_failed,top_up_failed,True,0.6953,top_up_failed,0.6953,top_up_reverted,0.2769,topping_up_by_card,0.007
please tell me why my top-up failed.,top_up_failed,top_up_failed,True,0.9263,top_up_failed,0.9263,top_up_reverted,0.0453,pending_top_up,0.0107
My top-up isn't working.,top_up_failed,top_up_failed,True,0.7878,top_up_failed,0.7878,pending_top_up,0.1384,top_up_reverted,0.0469
I attempted to top up but the app denied it.,top_up_failed,top_up_failed,True,0.9516,top_up_failed,0.9516,top_up_reverted,0.0238,topping_up_by_card,0.0071
What reason did my top-up fail for?,top_up_failed,top_up_failed,True,0.7995,top_up_failed,0.7995,top_up_reverted,0.1722,pending_top_up,0.0187
Why didn`t my topup go through?,top_up_failed,top_up_failed,True,0.4885,top_up_failed,0.4885,pending_top_up,0.3304,top_up_reverted,0.161
How can I check to see if my top-up worked?,top_up_failed,top_up_failed,True,0.483,top_up_failed,0.483,verify_top_up,0.197,pending_top_up,0.193
My top up didn't work.,top_up_failed,top_up_failed,True,0.9613,top_up_failed,0.9613,top_up_reverted,0.016,pending_top_up,0.0115
My top up failed.,top_up_failed,top_up_failed,True,0.9489,top_up_failed,0.9489,top_up_reverted,0.0194,pending_top_up,0.0146
Why would my topup not go through?,top_up_failed,top_up_failed,True,0.6544,top_up_failed,0.6544,pending_top_up,0.2617,top_up_reverted,0.0638
Why caused my top up to not work?,top_up_failed,top_up_failed,True,0.7163,top_up_failed,0.7163,top_up_reverted,0.2472,pending_top_up,0.0261
Why did my top up not work?,top_up_failed,top_up_failed,True,0.7758,top_up_failed,0.7758,top_up_reverted,0.1845,pending_top_up,0.028
Why was my top-up unsuccessful?,top_up_failed,top_up_failed,True,0.8192,top_up_failed,0.8192,top_up_reverted,0.1432,pending_top_up,0.0232
My funding to my card didn't go through.,top_up_failed,top_up_failed,True,0.4952,top_up_failed,0.4952,declined_card_payment,0.2896,card_payment_not_recognised,0.0332
I need to know why my credit card was declined for top up? What is the deal here and why did it not go through?,top_up_failed,top_up_failed,True,0.8812,top_up_failed,0.8812,top_up_reverted,0.0479,declined_card_payment,0.0237
I topped up but the app did not accept it.,top_up_failed,top_up_reverted,False,0.3806,top_up_reverted,0.3806,top_up_failed,0.3336,pending_top_up,0.1275
The app denied my top-up,top_up_failed,top_up_failed,True,0.8916,top_up_failed,0.8916,top_up_reverted,0.0865,unable_to_verify_identity,0.0056
I think my top up did not work,top_up_failed,top_up_failed,True,0.9096,top_up_failed,0.9096,top_up_reverted,0.0512,pending_top_up,0.0245
My top up was denied in the app.,top_up_failed,top_up_failed,True,0.865,top_up_failed,0.865,top_up_reverted,0.1055,topping_up_by_card,0.0094
Can you tell me if my pop-up went through?,top_up_failed,pending_top_up,False,0.4964,pending_top_up,0.4964,passcode_forgotten,0.1069,top_up_failed,0.0486
can you check why I wasn't able to top up?,top_up_failed,top_up_failed,True,0.6668,top_up_failed,0.6668,top_up_reverted,0.1415,topping_up_by_card,0.0786
How did my top-up fail?,top_up_failed,top_up_failed,True,0.7457,top_up_failed,0.7457,top_up_reverted,0.1933,pending_top_up,0.0369
"My top-up failed, WHY?",top_up_failed,top_up_failed,True,0.8502,top_up_failed,0.8502,top_up_reverted,0.1005,pending_top_up,0.0378
I tried to top up. Why was it denied?,top_up_failed,top_up_failed,True,0.9684,top_up_failed,0.9684,top_up_reverted,0.0194,declined_cash_withdrawal,0.0039
What's the deal? My card was just denied for top up. Why is it not going through?,top_up_failed,top_up_failed,True,0.9515,top_up_failed,0.9515,top_up_reverted,0.0226,pending_top_up,0.0058
I don't think my top up is working correctly,top_up_failed,top_up_failed,True,0.7066,top_up_failed,0.7066,pending_top_up,0.1195,top_up_reverted,0.08
The app won't let me top up my account,top_up_failed,top_up_failed,True,0.7697,top_up_failed,0.7697,topping_up_by_card,0.0644,top_up_reverted,0.0448
I'm not sure why my top up request was denied,top_up_failed,top_up_failed,True,0.8818,top_up_failed,0.8818,top_up_reverted,0.0759,pending_top_up,0.0221
Why can't I top up?,top_up_failed,top_up_failed,True,0.5492,top_up_failed,0.5492,pending_top_up,0.1329,topping_up_by_card,0.1113
My top-up has failed.,top_up_failed,top_up_failed,True,0.9533,top_up_failed,0.9533,pending_top_up,0.0226,top_up_reverted,0.0128
Problems with top up,top_up_failed,top_up_failed,True,0.753,top_up_failed,0.753,pending_top_up,0.102,top_up_reverted,0.0785
"I really need money from my card today, but my card is getting declined. Please help!!",top_up_failed,declined_card_payment,False,0.4979,declined_card_payment,0.4979,declined_cash_withdrawal,0.1686,top_up_failed,0.1015
How do I know if my top up was unsuccessful?,top_up_failed,top_up_failed,True,0.6009,top_up_failed,0.6009,pending_top_up,0.1722,top_up_reverted,0.0988
I'm pretty sure my top up failed. How do I fix this?,top_up_failed,top_up_failed,True,0.9256,top_up_failed,0.9256,top_up_reverted,0.0349,pending_top_up,0.0263
why isnt top up working,top_up_failed,top_up_failed,True,0.6648,top_up_failed,0.6648,top_up_reverted,0.2187,pending_top_up,0.0839
Can you tell me why my top up didn't work?,top_up_failed,top_up_failed,True,0.857,top_up_failed,0.857,top_up_reverted,0.112,pending_top_up,0.0164
I made a transfer a few hours ago from a UK banking account.  I do not yet see the transfer.  Please check on this for me.,balance_not_updated_after_bank_transfer,balance_not_updated_after_bank_transfer,True,0.9225,balance_not_updated_after_bank_transfer,0.9225,pending_transfer,0.029,transfer_not_received_by_recipient,0.0239
the balance on my account didnt change when i transferred money,balance_not_updated_after_bank_transfer,balance_not_updated_after_bank_transfer,True,0.9438,balance_not_updated_after_bank_transfer,0.9438,transfer_fee_charged,0.0102,pending_transfer,0.0079
How long will it take for my transferred money to show up?,balance_not_updated_after_bank_transfer,balance_not_updated_after_bank_transfer,True,0.6785,balance_not_updated_after_bank_transfer,0.6785,pending_transfer,0.1589,transfer_timing,0.1013
Why didn't my balance change after I transferred some money?,balance_not_updated_after_bank_transfer,balance_not_updated_after_bank_transfer,True,0.943,balance_not_updated_after_bank_transfer,0.943,top_up_reverted,0.0131,transfer_fee_charged,0.011
When will my balance update after a transfer?,balance_not_updated_after_bank_transfer,balance_not_updated_after_bank_transfer,True,0.8951,balance_not_updated_after_bank_transfer,0.8951,transfer_timing,0.0641,pending_transfer,0.0325
How long does it take for an international transfer into my account?,balance_not_updated_after_bank_transfer,transfer_timing,False,0.7768,transfer_timing,0.7768,balance_not_updated_after_bank_transfer,0.1748,pending_transfer,0.0228
The amount of time that transfers usually take from a UK account is what?I just completed a transfer and it is not showing up at all. I'm wondering at this point if everything is actually okay.,balance_not_updated_after_bank_transfer,balance_not_updated_after_bank_transfer,True,0.9317,balance_not_updated_after_bank_transfer,0.9317,transfer_timing,0.0262,transfer_not_received_by_recipient,0.0198
When will my transfer be available in my account.,balance_not_updated_after_bank_transfer,transfer_timing,False,0.812,transfer_timing,0.812,balance_not_updated_after_bank_transfer,0.1122,pending_transfer,0.0306
I didn't get the money I transferred,balance_not_updated_after_bank_transfer,transfer_not_received_by_recipient,False,0.3047,transfer_not_received_by_recipient,0.3047,balance_not_updated_after_bank_transfer,0.2172,transfer_fee_charged,0.1602
I just completed a bank transfer and the balance didn't update,balance_not_updated_after_bank_transfer,balance_not_updated_after_bank_transfer,True,0.9812,balance_not_updated_after_bank_transfer,0.9812,balance_not_updated_after_cheque_or_cash_deposit,0.0069,pending_transfer,0.0049
I transferred some money but I think it has gotten lost somewhere.,balance_not_updated_after_bank_transfer,balance_not_updated_after_bank_transfer,True,0.5702,balance_not_updated_after_bank_transfer,0.5702,transfer_fee_charged,0.0939,transfer_not_received_by_recipient,0.0696
How long does a UK transfer take?,balance_not_updated_after_bank_transfer,balance_not_updated_after_bank_transfer,True,0.7777,balance_not_updated_after_bank_transfer,0.7777,transfer_timing,0.0726,transfer_not_received_by_recipient,0.0725
Hello I made a bank transfer couple hours ago from my UK account but it doesn't show up yet. Can you please check if everything is alright with it?,balance_not_updated_after_bank_transfer,balance_not_updated_after_bank_transfer,True,0.9775,balance_not_updated_after_bank_transfer,0.9775,transfer_not_received_by_recipient,0.0111,pending_transfer,0.0046
I made a transfer and am still waiting.,balance_not_updated_after_bank_transfer,pending_transfer,False,0.534,pending_transfer,0.534,transfer_not_received_by_recipient,0.2468,balance_not_updated_after_bank_transfer,0.1278
I made an out of country transfer and it hasn't went through yet.,balance_not_updated_after_bank_transfer,transfer_not_received_by_recipient,False,0.4883,transfer_not_received_by_recipient,0.4883,balance_not_updated_after_bank_transfer,0.1561,declined_transfer,0.0821
"After the transfer, the balance did not update.",balance_not_updated_after_bank_transfer,balance_not_updated_after_bank_transfer,True,0.877,balance_not_updated_after_bank_transfer,0.877,pending_transfer,0.0326,transfer_not_received_by_recipient,0.0283
"Could you please check one of my transfer which i made few hours ago from my UK bank account, as its not showing yet.",balance_not_updated_after_bank_transfer,balance_not_updated_after_bank_transfer,True,0.9544,balance_not_updated_after_bank_transfer,0.9544,transfer_not_received_by_recipient,0.0161,pending_transfer,0.0077
I had cash transferred but the balance did not change.,balance_not_updated_after_bank_transfer,balance_not_updated_after_bank_transfer,True,0.6005,balance_not_updated_after_bank_transfer,0.6005,cash_withdrawal_not_recognised,0.1092,balance_not_updated_after_cheque_or_cash_deposit,0.07
I can't see my latest bank transfer,balance_not_updated_after_bank_transfer,balance_not_updated_after_bank_transfer,True,0.9792,balance_not_updated_after_bank_transfer,0.9792,transfer_not_received_by_recipient,0.0068,pending_transfer,0.0046
My bank transfer is still not showing up in my account.,balance_not_updated_after_bank_transfer,balance_not_updated_after_bank_transfer,True,0.9707,balance_not_updated_after_bank_transfer,0.9707,pending_transfer,0.0089,transfer_not_received_by_recipient,0.0073
I made a transfer and it doesnt' show up in my account.,balance_not_updated_after_bank_transfer,balance_not_updated_after_bank_transfer,True,0.7471,balance_not_updated_after_bank_transfer,0.7471,transfer_not_received_by_recipient,0.1154,transfer_timing,0.049
I transferred some money but it is yet to arrive.,balance_not_updated_after_bank_transfer,transfer_not_received_by_recipient,False,0.5902,transfer_not_received_by_recipient,0.5902,balance_not_updated_after_bank_transfer,0.3268,pending_transfer,0.0321
Why is my balance the same?  I processed a transfer.,balance_not_updated_after_bank_transfer,balance_not_updated_after_bank_transfer,True,0.8896,balance_not_updated_after_bank_transfer,0.8896,pending_transfer,0.039,transfer_fee_charged,0.0162
Why don't I have my transfer?,balance_not_updated_after_bank_transfer,failed_transfer,False,0.4046,failed_transfer,0.4046,balance_not_updated_after_bank_transfer,0.1561,beneficiary_not_allowed,0.1244
Why isn't the transfer on my account showing up?,balance_not_updated_after_bank_transfer,balance_not_updated_after_bank_transfer,True,0.8542,balance_not_updated_after_bank_transfer,0.8542,transfer_not_received_by_recipient,0.0569,transfer_timing,0.0361
The  money I transferred does not show in the balance.,balance_not_updated_after_bank_transfer,balance_not_updated_after_bank_transfer,True,0.9663,balance_not_updated_after_bank_transfer,0.9663,transfer_not_received_by_recipient,0.0114,pending_transfer,0.0083
I have completed a transfer but it is not showing up.,balance_not_updated_after_bank_transfer,transfer_not_received_by_recipient,False,0.4917,transfer_not_received_by_recipient,0.4917,balance_not_updated_after_bank_transfer,0.3431,pending_transfer,0.1358
I did a transfer to my account but it doesn't show up,balance_not_updated_after_bank_transfer,balance_not_updated_after_bank_transfer,True,0.8954,balance_not_updated_after_bank_transfer,0.8954,transfer_not_received_by_recipient,0.0647,transfer_timing,0.0144
How long until my transfer will be available to me,balance_not_updated_after_bank_transfer,transfer_timing,False,0.696,transfer_timing,0.696,pending_transfer,0.1334,balance_not_updated_after_bank_transfer,0.1236
Why doesn't it show that I did a balance transfer?,balance_not_updated_after_bank_transfer,balance_not_updated_after_bank_transfer,True,0.9794,balance_not_updated_after_bank_transfer,0.9794,pending_transfer,0.005,transfer_not_received_by_recipient,0.003
"I made a bank transfer a couple of hours ago from my UK account.  It hasn't appeared, can you check to make sure it went through?",balance_not_updated_after_bank_transfer,balance_not_updated_after_bank_transfer,True,0.9228,balance_not_updated_after_bank_transfer,0.9228,transfer_not_received_by_recipient,0.041,balance_not_updated_after_cheque_or_cash_deposit,0.0112
My transfer is pending.,balance_not_updated_after_bank_transfer,pending_transfer,False,0.9702,pending_transfer,0.9702,transfer_not_received_by_recipient,0.0061,balance_not_updated_after_bank_transfer,0.0049
"Hey, I try to make a bank transfer from my UK account a few hours ago, but it haven't show up yet. Please check my account to make sure everything alright with it?",balance_not_updated_after_bank_transfer,balance_not_updated_after_bank_transfer,True,0.9739,balance_not_updated_after_bank_transfer,0.9739,failed_transfer,0.0077,balance_not_updated_after_cheque_or_cash_deposit,0.0035
Where is my transfer from [country]?,balance_not_updated_after_bank_transfer,transfer_not_received_by_recipient,False,0.3185,transfer_not_received_by_recipient,0.3185,balance_not_updated_after_bank_transfer,0.2188,transfer_timing,0.1221
I made a bank transfer and my account balance did not show it.,balance_not_updated_after_bank_transfer,balance_not_updated_after_bank_transfer,True,0.9664,balance_not_updated_after_bank_transfer,0.9664,balance_not_updated_after_cheque_or_cash_deposit,0.0062,pending_transfer,0.0045
Where is my money? I transfered it and it isn't in my account.,balance_not_updated_after_bank_transfer,balance_not_updated_after_bank_transfer,True,0.5439,balance_not_updated_after_bank_transfer,0.5439,transfer_not_received_by_recipient,0.1691,transfer_timing,0.0631
I need to know the time frame that is typical for a transfer from a UK account. I just made a transfer and it doesn't appear. I want to make sure everything is okay.,balance_not_updated_after_bank_transfer,balance_not_updated_after_bank_transfer,True,0.8197,balance_not_updated_after_bank_transfer,0.8197,transfer_timing,0.133,transfer_not_received_by_recipient,0.0294
Why doesn't my balance reflect my transfer,balance_not_updated_after_bank_transfer,balance_not_updated_after_bank_transfer,True,0.9804,balance_not_updated_after_bank_transfer,0.9804,failed_transfer,0.006,pending_transfer,0.0027
My account balance has not gone up even though I just transferred money into it,balance_not_updated_after_bank_transfer,balance_not_updated_after_bank_transfer,True,0.9011,balance_not_updated_after_bank_transfer,0.9011,top_up_reverted,0.0199,topping_up_by_card,0.0153
When will I see my new balance after making my bank transfer?,balance_not_updated_after_bank_transfer,balance_not_updated_after_bank_transfer,True,0.9883,balance_not_updated_after_bank_transfer,0.9883,transfer_timing,0.0039,pending_transfer,0.0035
Think someone has took money out with my card. What shall I do?,cash_withdrawal_not_recognised,cash_withdrawal_not_recognised,True,0.6188,cash_withdrawal_not_recognised,0.6188,compromised_card,0.1188,card_payment_not_recognised,0.11
There is a withdrawal that isn't mind in the app.,cash_withdrawal_not_recognised,cash_withdrawal_not_recognised,True,0.947,cash_withdrawal_not_recognised,0.947,pending_cash_withdrawal,0.02,beneficiary_not_allowed,0.0042
I just lost my wallet and I see that they are already withdrawing money from my account. How can I stop this?,cash_withdrawal_not_recognised,cash_withdrawal_not_recognised,True,0.956,cash_withdrawal_not_recognised,0.956,pending_cash_withdrawal,0.0099,declined_cash_withdrawal,0.0076
"I didn't get cash from an ATM, but the app says I did",cash_withdrawal_not_recognised,wrong_amount_of_cash_received,False,0.4877,wrong_amount_of_cash_received,0.4877,cash_withdrawal_not_recognised,0.31,declined_cash_withdrawal,0.104
My app shows some cash I didn't get.,cash_withdrawal_not_recognised,cash_withdrawal_not_recognised,True,0.6631,cash_withdrawal_not_recognised,0.6631,wrong_amount_of_cash_received,0.2722,card_payment_not_recognised,0.0078
Why is there a random withdrawal in my app?,cash_withdrawal_not_recognised,cash_withdrawal_not_recognised,True,0.8917,cash_withdrawal_not_recognised,0.8917,cash_withdrawal_charge,0.0351,beneficiary_not_allowed,0.0129
There is a suspicious cash withdraw on the account.,cash_withdrawal_not_recognised,cash_withdrawal_not_recognised,True,0.9541,cash_withdrawal_not_recognised,0.9541,pending_cash_withdrawal,0.0158,cash_withdrawal_charge,0.0148
"I didn't get cash from an ATM, but according to the app a transaction was made when i didn't make it.",cash_withdrawal_not_recognised,cash_withdrawal_not_recognised,True,0.5853,cash_withdrawal_not_recognised,0.5853,wrong_amount_of_cash_received,0.2431,declined_cash_withdrawal,0.0633
The app said I withdrew cash at an ATM and I didn't,cash_withdrawal_not_recognised,cash_withdrawal_not_recognised,True,0.7024,cash_withdrawal_not_recognised,0.7024,wrong_amount_of_cash_received,0.1038,declined_cash_withdrawal,0.08
My app says that I received cash from an ATM and I didn't.,cash_withdrawal_not_recognised,cash_withdrawal_not_recognised,True,0.4829,cash_withdrawal_not_recognised,0.4829,wrong_amount_of_cash_received,0.3607,cash_withdrawal_charge,0.0346
"How do I freeze my bank card, as there has been a strange withdrawal?",cash_withdrawal_not_recognised,cash_withdrawal_not_recognised,True,0.713,cash_withdrawal_not_recognised,0.713,declined_cash_withdrawal,0.1266,lost_or_stolen_card,0.0256
I see a cash withdrawal that I did not perform.,cash_withdrawal_not_recognised,cash_withdrawal_not_recognised,True,0.829,cash_withdrawal_not_recognised,0.829,pending_cash_withdrawal,0.0864,wrong_amount_of_cash_received,0.0409
I checked the app and saw an extra cash withdrawal that I didn't authorize,cash_withdrawal_not_recognised,cash_withdrawal_not_recognised,True,0.9293,cash_withdrawal_not_recognised,0.9293,top_up_reverted,0.0092,declined_cash_withdrawal,0.0085
I have a strange cash withdrawal in my statement,cash_withdrawal_not_recognised,cash_withdrawal_not_recognised,True,0.9581,cash_withdrawal_not_recognised,0.9581,pending_cash_withdrawal,0.0097,wrong_amount_of_cash_received,0.0096
There's a cash withdraw on my statement that I didn't make.,cash_withdrawal_not_recognised,cash_withdrawal_not_recognised,True,0.9606,cash_withdrawal_not_recognised,0.9606,wrong_amount_of_cash_received,0.0195,pending_cash_withdrawal,0.0039
i think someone is using my card to withdraw money. Someone stole my wallet. What can I do? it is urgent.,cash_withdrawal_not_recognised,cash_withdrawal_not_recognised,True,0.8984,cash_withdrawal_not_recognised,0.8984,compromised_card,0.0745,lost_or_stolen_card,0.0144
I am seeing in the App a some cash withdrawal that its not mine,cash_withdrawal_not_recognised,cash_withdrawal_not_recognised,True,0.9882,cash_withdrawal_not_recognised,0.9882,pending_cash_withdrawal,0.0036,cash_withdrawal_charge,0.0028
My account has a weird withdrawal.,cash_withdrawal_not_recognised,cash_withdrawal_not_recognised,True,0.7977,cash_withdrawal_not_recognised,0.7977,pending_cash_withdrawal,0.0438,declined_cash_withdrawal,0.0414
I'm unsure of a withdrawl in my statement.,cash_withdrawal_not_recognised,cash_withdrawal_not_recognised,True,0.654,cash_withdrawal_not_recognised,0.654,declined_cash_withdrawal,0.0848,pending_cash_withdrawal,0.0811
"It looks like someone else withdrew cash from my account, can you help?",cash_withdrawal_not_recognised,cash_withdrawal_not_recognised,True,0.7969,cash_withdrawal_not_recognised,0.7969,pending_cash_withdrawal,0.0835,cash_withdrawal_charge,0.0524
I think I see a withdraw I did not make.,cash_withdrawal_not_recognised,cash_withdrawal_not_recognised,True,0.7643,cash_withdrawal_not_recognised,0.7643,wrong_amount_of_cash_received,0.0615,pending_cash_withdrawal,0.0599
Some cash is showing up in my app that I did not get.,cash_withdrawal_not_recognised,cash_withdrawal_not_recognised,True,0.9695,cash_withdrawal_not_recognised,0.9695,wrong_amount_of_cash_received,0.0132,balance_not_updated_after_cheque_or_cash_deposit,0.003
There is an unauthorized cash withdrawal from my account for 500£.  I definitely didn't make this withdrawal.  I need your help.,cash_withdrawal_not_recognised,cash_withdrawal_not_recognised,True,0.8994,cash_withdrawal_not_recognised,0.8994,cash_withdrawal_charge,0.0346,declined_cash_withdrawal,0.0168
The app is showing an ATM withdrawl that I didn't make.,cash_withdrawal_not_recognised,cash_withdrawal_not_recognised,True,0.8988,cash_withdrawal_not_recognised,0.8988,wrong_amount_of_cash_received,0.0514,pending_cash_withdrawal,0.0241
There is a odd withdrawal on my account.,cash_withdrawal_not_recognised,cash_withdrawal_not_recognised,True,0.8461,cash_withdrawal_not_recognised,0.8461,pending_cash_withdrawal,0.033,declined_cash_withdrawal,0.0298
I need to cancel my card that got stolen a little while ago. Someone has already taken some money out and I don't want them to take anymore. Can you please do that?,cash_withdrawal_not_recognised,cash_withdrawal_not_recognised,True,0.2504,cash_withdrawal_not_recognised,0.2504,cancel_transfer,0.2241,request_refund,0.1425
How do I cancel my card? There are charges on my account that I didn't make.,cash_withdrawal_not_recognised,direct_debit_payment_not_recognised,False,0.1771,direct_debit_payment_not_recognised,0.1771,card_payment_not_recognised,0.1746,cancel_transfer,0.1086
"There is an error, the app says I made an ATM withdrawal and I didn't.",cash_withdrawal_not_recognised,cash_withdrawal_not_recognised,True,0.4599,cash_withdrawal_not_recognised,0.4599,declined_cash_withdrawal,0.3663,wrong_amount_of_cash_received,0.0577
"Can anyone help me, I lost my wallet and they've started withdrawing from my account.",cash_withdrawal_not_recognised,cash_withdrawal_not_recognised,True,0.7443,cash_withdrawal_not_recognised,0.7443,declined_cash_withdrawal,0.1761,pending_cash_withdrawal,0.0085
What do I do if I notice a strange withdrawl in my statement?,cash_withdrawal_not_recognised,cash_withdrawal_not_recognised,True,0.9022,cash_withdrawal_not_recognised,0.9022,card_payment_not_recognised,0.023,wrong_amount_of_cash_received,0.0153
I don't recognise a cash withdrawal,cash_withdrawal_not_recognised,cash_withdrawal_not_recognised,True,0.7998,cash_withdrawal_not_recognised,0.7998,pending_cash_withdrawal,0.108,cash_withdrawal_charge,0.034
Help!  My wallet was stolen and someone is taking money out.  I need this money!  What can I do?,cash_withdrawal_not_recognised,cash_withdrawal_not_recognised,True,0.9232,cash_withdrawal_not_recognised,0.9232,lost_or_stolen_phone,0.0201,topping_up_by_card,0.0188
There is a cash withdrawal transaction that I am unsure of.,cash_withdrawal_not_recognised,cash_withdrawal_not_recognised,True,0.5812,cash_withdrawal_not_recognised,0.5812,pending_cash_withdrawal,0.2521,cash_withdrawal_charge,0.1042
I didn't take out money from an ATM but my app statement shows that I did. How can I fix this?,cash_withdrawal_not_recognised,cash_withdrawal_not_recognised,True,0.5204,cash_withdrawal_not_recognised,0.5204,wrong_amount_of_cash_received,0.3952,declined_cash_withdrawal,0.0172
"Someone has stolen my card. Even though I have my card with me, someone just made a 500£ cash withdrawal. Please help as soon as possible.",cash_withdrawal_not_recognised,cash_withdrawal_not_recognised,True,0.9586,cash_withdrawal_not_recognised,0.9586,lost_or_stolen_card,0.0159,compromised_card,0.008
Cash I didn't get shows in my app.,cash_withdrawal_not_recognised,cash_withdrawal_not_recognised,True,0.4454,cash_withdrawal_not_recognised,0.4454,wrong_amount_of_cash_received,0.3745,top_up_reverted,0.0506
There is a problem with my card. Somebody has removed money from my account in a town I haven't been to. Can you please freeze my account immediately?,cash_withdrawal_not_recognised,cash_withdrawal_not_recognised,True,0.5105,cash_withdrawal_not_recognised,0.5105,lost_or_stolen_card,0.1487,compromised_card,0.0939
There is an ATM withdrawl in the app I don't recognize.,cash_withdrawal_not_recognised,cash_withdrawal_not_recognised,True,0.7638,cash_withdrawal_not_recognised,0.7638,pending_cash_withdrawal,0.1256,declined_cash_withdrawal,0.0276
A cash withdrawal is showing up that I didn't do.,cash_withdrawal_not_recognised,cash_withdrawal_not_recognised,True,0.9245,cash_withdrawal_not_recognised,0.9245,pending_cash_withdrawal,0.0408,wrong_amount_of_cash_received,0.0204
The app made a mistake and said I made a cash withdrawal.,cash_withdrawal_not_recognised,cash_withdrawal_not_recognised,True,0.9578,cash_withdrawal_not_recognised,0.9578,wrong_amount_of_cash_received,0.0202,declined_cash_withdrawal,0.0057
Is there an exchange fee?,exchange_charge,exchange_charge,True,0.9595,exchange_charge,0.9595,top_up_by_bank_transfer_charge,0.0133,top_up_by_card_charge,0.0054
whats your exchange rate,exchange_charge,exchange_rate,False,0.8956,exchange_rate,0.8956,card_payment_wrong_exchange_rate,0.0413,wrong_exchange_rate_for_cash_withdrawal,0.0345
What are your currency exchange fees?,exchange_charge,exchange_charge,True,0.9601,exchange_charge,0.9601,exchange_rate,0.0129,card_payment_wrong_exchange_rate,0.0104
Where do I find the exchange rate?,exchange_charge,exchange_rate,False,0.9726,exchange_rate,0.9726,exchange_charge,0.0085,card_payment_wrong_exchange_rate,0.0075
What is the base amount for cross-currency exchanges?,exchange_charge,exchange_charge,True,0.7354,exchange_charge,0.7354,exchange_rate,0.1572,fiat_currency_support,0.0463
"My work sends me all over the world, can I get a discount for all the money I have to exchange?",exchange_charge,exchange_charge,True,0.7277,exchange_charge,0.7277,receiving_money,0.0881,wrong_exchange_rate_for_cash_withdrawal,0.0428
How much more do I have to pay to exchange currencies?,exchange_charge,exchange_charge,True,0.9715,exchange_charge,0.9715,exchange_rate,0.0087,card_payment_wrong_exchange_rate,0.0051
Is there a fee for exchanging currencies?,exchange_charge,exchange_charge,True,0.9871,exchange_charge,0.9871,top_up_by_bank_transfer_charge,0.0029,exchange_via_app,0.0025
How much does it cost to exchange currencies?,exchange_charge,exchange_charge,True,0.9823,exchange_charge,0.9823,exchange_via_app,0.0057,exchange_rate,0.0049
whats the exchange charge,exchange_charge,exchange_charge,True,0.8623,exchange_charge,0.8623,card_payment_wrong_exchange_rate,0.0553,exchange_rate,0.0233
Is there any discount for someone that exchanges currencies frequently?,exchange_charge,exchange_charge,True,0.9875,exchange_charge,0.9875,fiat_currency_support,0.0037,exchange_rate,0.0033
Is there a fee to exchange foreign money?,exchange_charge,exchange_charge,True,0.977,exchange_charge,0.977,transfer_fee_charged,0.0079,top_up_by_card_charge,0.0039
Do I have to pay for exchanging currencies?,exchange_charge,exchange_charge,True,0.8731,exchange_charge,0.8731,receiving_money,0.0651,exchange_via_app,0.0305
Does it cost extra to exchange currencies?,exchange_charge,exchange_charge,True,0.9694,exchange_charge,0.9694,exchange_via_app,0.0074,card_payment_wrong_exchange_rate,0.0066
Is there a fee for exchanging foreign currencies?,exchange_charge,exchange_charge,True,0.9916,exchange_charge,0.9916,transfer_fee_charged,0.0024,card_payment_wrong_exchange_rate,0.0013
Will I be charged a fee for exchanging foreign currencies?,exchange_charge,exchange_charge,True,0.9589,exchange_charge,0.9589,transfer_fee_charged,0.0142,card_payment_wrong_exchange_rate,0.0123
"How much is a cross currency exchange, and can I check to see if I have any discounts available?",exchange_charge,exchange_charge,True,0.9674,exchange_charge,0.9674,exchange_rate,0.0137,card_payment_wrong_exchange_rate,0.0049
Do you offer a discount on multiple currency exchanges?,exchange_charge,exchange_charge,True,0.9464,exchange_charge,0.9464,fiat_currency_support,0.0345,exchange_rate,0.0051
How much do I have to pay for the exchange fee?,exchange_charge,exchange_charge,True,0.9684,exchange_charge,0.9684,card_payment_wrong_exchange_rate,0.0089,top_up_by_bank_transfer_charge,0.0044
"If I want to exchange currency, will there be extras?",exchange_charge,exchange_via_app,False,0.6003,exchange_via_app,0.6003,exchange_charge,0.2553,fiat_currency_support,0.0594
If I need to exchange currency is there an extra fee?,exchange_charge,exchange_charge,True,0.9753,exchange_charge,0.9753,transfer_fee_charged,0.0062,top_up_by_card_charge,0.004
I was wondering if there were any discounts offered for frequent currency exchanges?,exchange_charge,exchange_charge,True,0.9877,exchange_charge,0.9877,fiat_currency_support,0.0052,exchange_via_app,0.0017
Would I be charged for exchanging currencies?,exchange_charge,exchange_charge,True,0.857,exchange_charge,0.857,top_up_by_bank_transfer_charge,0.0542,card_payment_wrong_exchange_rate,0.0257
What is the exchange fee?,exchange_charge,exchange_charge,True,0.9274,exchange_charge,0.9274,exchange_rate,0.0248,card_payment_wrong_exchange_rate,0.0151
Does it cost to exchange currencies with this card?,exchange_charge,exchange_charge,True,0.741,exchange_charge,0.741,top_up_by_card_charge,0.136,card_payment_wrong_exchange_rate,0.0254
how much you charge for exhcange,exchange_charge,exchange_charge,True,0.5378,exchange_charge,0.5378,top_up_by_bank_transfer_charge,0.1397,top_up_by_card_charge,0.1041
Are there any extra hidden fees for exchanging currencies?,exchange_charge,exchange_charge,True,0.961,exchange_charge,0.961,transfer_fee_charged,0.0176,wrong_exchange_rate_for_cash_withdrawal,0.0053
"When I travel, what will it cost to switch for my currency?",exchange_charge,exchange_charge,True,0.6431,exchange_charge,0.6431,wrong_exchange_rate_for_cash_withdrawal,0.1246,exchange_rate,0.0917
How much will I pay to exchange foreign currency?,exchange_charge,exchange_charge,True,0.9674,exchange_charge,0.9674,exchange_rate,0.0214,card_payment_wrong_exchange_rate,0.0032
Does it cost money for currency exchange services?,exchange_charge,exchange_charge,True,0.9556,exchange_charge,0.9556,top_up_by_bank_transfer_charge,0.0092,exchange_via_app,0.007
Are there extra charges for exchanging currency?,exchange_charge,exchange_charge,True,0.9401,exchange_charge,0.9401,transfer_fee_charged,0.0137,card_payment_wrong_exchange_rate,0.0117
"I will need to exchange currencies frequently, will I be able to get a discount?",exchange_charge,exchange_charge,True,0.8943,exchange_charge,0.8943,exchange_via_app,0.0483,fiat_currency_support,0.0266
Is there a charge for a foreign currency exchange?,exchange_charge,exchange_charge,True,0.9878,exchange_charge,0.9878,exchange_rate,0.0039,card_payment_wrong_exchange_rate,0.0023
Is there a discount for frequently exchanging currencies?,exchange_charge,exchange_charge,True,0.969,exchange_charge,0.969,exchange_via_app,0.0097,fiat_currency_support,0.0093
What is the cost for an exchange fee?,exchange_charge,exchange_charge,True,0.9716,exchange_charge,0.9716,card_payment_wrong_exchange_rate,0.0065,top_up_by_card_charge,0.0053
Will it cost more money if my currency needs to be exchanged?,exchange_charge,exchange_charge,True,0.8472,exchange_charge,0.8472,exchange_rate,0.0328,exchange_via_app,0.0272
"I would like to exchange currencies, but is there an extra charge to do so?",exchange_charge,exchange_charge,True,0.9547,exchange_charge,0.9547,exchange_via_app,0.025,card_payment_wrong_exchange_rate,0.0045
Does it cost anything for exchanges?,exchange_charge,exchange_charge,True,0.948,exchange_charge,0.948,exchange_rate,0.0146,top_up_by_card_charge,0.0101
Can I exchange money from abroad without additional costs?,exchange_charge,exchange_charge,True,0.6524,exchange_charge,0.6524,exchange_via_app,0.1822,wrong_exchange_rate_for_cash_withdrawal,0.0838
does it cost to exchange currencies?,exchange_charge,exchange_charge,True,0.9731,exchange_charge,0.9731,exchange_via_app,0.0105,exchange_rate,0.0045
Is there a fee for using a European bank card to top up?,top_up_by_card_charge,top_up_by_card_charge,True,0.9854,top_up_by_card_charge,0.9854,supported_cards_and_currencies,0.0024,card_payment_fee_charged,0.0014
Are there any fees for adding money with an international card?,top_up_by_card_charge,top_up_by_card_charge,True,0.9727,top_up_by_card_charge,0.9727,exchange_charge,0.008,supported_cards_and_currencies,0.0061
i was charged when i used a us issued card. why and what cards are free to use to add money,top_up_by_card_charge,card_payment_fee_charged,False,0.4315,card_payment_fee_charged,0.4315,top_up_by_card_charge,0.4092,supported_cards_and_currencies,0.0436
Any hidden fees associated with the international card if money is added?,top_up_by_card_charge,top_up_by_card_charge,True,0.8647,top_up_by_card_charge,0.8647,transfer_fee_charged,0.0423,card_payment_fee_charged,0.0228
Will I get charged for topping off my card?,top_up_by_card_charge,top_up_by_card_charge,True,0.8867,top_up_by_card_charge,0.8867,top_up_by_bank_transfer_charge,0.0392,topping_up_by_card,0.0201
Are there charges for topping up US cards?,top_up_by_card_charge,top_up_by_card_charge,True,0.9741,top_up_by_card_charge,0.9741,order_physical_card,0.0053,supported_cards_and_currencies,0.004
Are there fees for top ups?,top_up_by_card_charge,top_up_by_card_charge,True,0.89,top_up_by_card_charge,0.89,top_up_by_bank_transfer_charge,0.0805,supported_cards_and_currencies,0.0054
What are the charges for US cards with top up.,top_up_by_card_charge,top_up_by_card_charge,True,0.9074,top_up_by_card_charge,0.9074,supported_cards_and_currencies,0.0456,order_physical_card,0.0128
Is there an additional charge for topping up using a European card?,top_up_by_card_charge,top_up_by_card_charge,True,0.99,top_up_by_card_charge,0.99,card_payment_fee_charged,0.0023,supported_cards_and_currencies,0.0011
In exchange for top ups will you take fees?,top_up_by_card_charge,top_up_by_card_charge,True,0.6585,top_up_by_card_charge,0.6585,top_up_by_bank_transfer_charge,0.2827,supported_cards_and_currencies,0.0144
I just topped off my card will I be charged for it?,top_up_by_card_charge,top_up_by_card_charge,True,0.6198,top_up_by_card_charge,0.6198,card_payment_fee_charged,0.0977,top_up_by_bank_transfer_charge,0.064
How much does it cost to top up by card?,top_up_by_card_charge,top_up_by_card_charge,True,0.9459,top_up_by_card_charge,0.9459,topping_up_by_card,0.021,top_up_limits,0.0065
Are there any fees if I use a European bank card for a top up?,top_up_by_card_charge,top_up_by_card_charge,True,0.9901,top_up_by_card_charge,0.9901,supported_cards_and_currencies,0.0042,top_up_by_bank_transfer_charge,0.0017
What are the top-up fees?,top_up_by_card_charge,top_up_by_card_charge,True,0.5323,top_up_by_card_charge,0.5323,top_up_by_bank_transfer_charge,0.3175,card_payment_fee_charged,0.0428
How much is the charge to top up my card?,top_up_by_card_charge,top_up_by_card_charge,True,0.9151,top_up_by_card_charge,0.9151,order_physical_card,0.0172,top_up_by_bank_transfer_charge,0.0133
How much can I expect to pay to top up a US card?,top_up_by_card_charge,top_up_by_card_charge,True,0.7315,top_up_by_card_charge,0.7315,supported_cards_and_currencies,0.2094,top_up_limits,0.0123
What fee is included if I top up by card?,top_up_by_card_charge,top_up_by_card_charge,True,0.8338,top_up_by_card_charge,0.8338,card_payment_fee_charged,0.0685,top_up_by_bank_transfer_charge,0.0413
"If I use a European bank card for top up, Do I get charged?",top_up_by_card_charge,top_up_by_card_charge,True,0.9845,top_up_by_card_charge,0.9845,top_up_by_bank_transfer_charge,0.004,supported_cards_and_currencies,0.003
Will there be any extra fees for European bank card for top up?,top_up_by_card_charge,top_up_by_card_charge,True,0.9863,top_up_by_card_charge,0.9863,supported_cards_and_currencies,0.0063,automatic_top_up,0.0009
Will I be charged if I use European bank card for top up?,top_up_by_card_charge,top_up_by_card_charge,True,0.9861,top_up_by_card_charge,0.9861,supported_cards_and_currencies,0.0039,top_up_by_bank_transfer_charge,0.0023
I want to use a European bank card for a top up. Must I pay?,top_up_by_card_charge,top_up_by_card_charge,True,0.8578,top_up_by_card_charge,0.8578,supported_cards_and_currencies,0.102,country_support,0.0056
Will I be charged for topping up by card?,top_up_by_card_charge,top_up_by_card_charge,True,0.9296,top_up_by_card_charge,0.9296,top_up_by_bank_transfer_charge,0.0285,topping_up_by_card,0.0114
Is there a fee for topping up,top_up_by_card_charge,top_up_by_card_charge,True,0.7936,top_up_by_card_charge,0.7936,top_up_by_bank_transfer_charge,0.1336,top_up_limits,0.0203
What do you charge for top ups?,top_up_by_card_charge,top_up_by_card_charge,True,0.881,top_up_by_card_charge,0.881,top_up_by_bank_transfer_charge,0.0676,supported_cards_and_currencies,0.0109
Will it cost anything to top up a US card?,top_up_by_card_charge,top_up_by_card_charge,True,0.9806,top_up_by_card_charge,0.9806,supported_cards_and_currencies,0.0112,top_up_by_bank_transfer_charge,0.0021
Does topping up my card have a fee?,top_up_by_card_charge,top_up_by_card_charge,True,0.8603,top_up_by_card_charge,0.8603,card_payment_fee_charged,0.0671,top_up_by_bank_transfer_charge,0.021
Are there fees for adding money using an international card,top_up_by_card_charge,top_up_by_card_charge,True,0.9764,top_up_by_card_charge,0.9764,supported_cards_and_currencies,0.0064,exchange_charge,0.005
"When using a US card, what is the cost for a top up/off?",top_up_by_card_charge,top_up_by_card_charge,True,0.955,top_up_by_card_charge,0.955,supported_cards_and_currencies,0.0224,top_up_by_bank_transfer_charge,0.0049
"I need to use a European card for a top up, what will the charge be?",top_up_by_card_charge,top_up_by_card_charge,True,0.9518,top_up_by_card_charge,0.9518,supported_cards_and_currencies,0.0231,order_physical_card,0.0027
Is it okay to use a bank card to top up,top_up_by_card_charge,top_up_by_card_charge,True,0.315,top_up_by_card_charge,0.315,supported_cards_and_currencies,0.2764,topping_up_by_card,0.1702
Any fee for topping up?,top_up_by_card_charge,top_up_by_card_charge,True,0.7787,top_up_by_card_charge,0.7787,top_up_by_bank_transfer_charge,0.1536,top_up_limits,0.0195
Are there any fees for top ups?,top_up_by_card_charge,top_up_by_card_charge,True,0.899,top_up_by_card_charge,0.899,top_up_by_bank_transfer_charge,0.0715,supported_cards_and_currencies,0.0061
What are the fees of using an international card to add money?,top_up_by_card_charge,top_up_by_card_charge,True,0.9538,top_up_by_card_charge,0.9538,supported_cards_and_currencies,0.0109,card_about_to_expire,0.0089
Is there a charge or discount if I use a European bank in a top up?,top_up_by_card_charge,top_up_by_card_charge,True,0.9279,top_up_by_card_charge,0.9279,top_up_by_bank_transfer_charge,0.031,exchange_charge,0.0133
Is their a fee for top ups?,top_up_by_card_charge,top_up_by_card_charge,True,0.8149,top_up_by_card_charge,0.8149,top_up_by_bank_transfer_charge,0.1393,top_up_limits,0.0095
Can I top up using an international card,top_up_by_card_charge,supported_cards_and_currencies,False,0.7152,supported_cards_and_currencies,0.7152,top_up_by_card_charge,0.2172,country_support,0.0212
What will happen if I want to add money using an international card? Will I run into any fees?,top_up_by_card_charge,top_up_by_card_charge,True,0.9021,top_up_by_card_charge,0.9021,supported_cards_and_currencies,0.0634,card_about_to_expire,0.0114
Are there any extra fees for adding money into the international card?,top_up_by_card_charge,top_up_by_card_charge,True,0.9688,top_up_by_card_charge,0.9688,exchange_charge,0.0082,supported_cards_and_currencies,0.0049
What are the fees for top ups?,top_up_by_card_charge,top_up_by_card_charge,True,0.8892,top_up_by_card_charge,0.8892,top_up_by_bank_transfer_charge,0.0773,top_up_limits,0.0083
What are the top up charges for US cards?,top_up_by_card_charge,top_up_by_card_charge,True,0.9142,top_up_by_card_charge,0.9142,order_physical_card,0.0238,supported_cards_and_currencies,0.0223
Could you please activate my card,activate_my_card,activate_my_card,True,0.9565,activate_my_card,0.9565,card_linking,0.012,card_delivery_estimate,0.0058
I need to activate my card can you do that now?,activate_my_card,activate_my_card,True,0.9926,activate_my_card,0.9926,card_linking,0.004,card_delivery_estimate,0.0006
What do I need to do to activate my new card?,activate_my_card,activate_my_card,True,0.9966,activate_my_card,0.9966,card_linking,0.0017,contactless_not_working,0.0005
Tell me how to go about activating my new card?,activate_my_card,activate_my_card,True,0.99,activate_my_card,0.99,card_linking,0.006,contactless_not_working,0.0009
How can I activate my card so I can start using it?,activate_my_card,activate_my_card,True,0.9889,activate_my_card,0.9889,card_linking,0.0087,card_not_working,0.0003
How long will it take to activate my new card?,activate_my_card,activate_my_card,True,0.9406,activate_my_card,0.9406,card_arrival,0.015,card_about_to_expire,0.0093
What's the right way to activate my card?,activate_my_card,activate_my_card,True,0.9923,activate_my_card,0.9923,card_linking,0.0047,card_acceptance,0.0003
"I received my new card, how is it activated?",activate_my_card,activate_my_card,True,0.9307,activate_my_card,0.9307,card_linking,0.0506,card_arrival,0.004
Is there a way my new card can be renewed?,activate_my_card,card_about_to_expire,False,0.3427,card_about_to_expire,0.3427,activate_my_card,0.3222,getting_spare_card,0.0938
How do I activate a card I received?,activate_my_card,activate_my_card,True,0.8987,activate_my_card,0.8987,card_linking,0.0815,card_arrival,0.0036
Why can't I activate my card?,activate_my_card,activate_my_card,True,0.9576,activate_my_card,0.9576,card_not_working,0.0255,declined_cash_withdrawal,0.0039
What is the process of card activation?,activate_my_card,activate_my_card,True,0.9455,activate_my_card,0.9455,get_disposable_virtual_card,0.0071,card_linking,0.0068
WHAT CAN I DO AFTER THE CARD MISSING,activate_my_card,lost_or_stolen_card,False,0.4491,lost_or_stolen_card,0.4491,card_not_working,0.1658,card_linking,0.119
I got my new card where do I go to activate it?,activate_my_card,activate_my_card,True,0.9331,activate_my_card,0.9331,card_linking,0.0559,card_arrival,0.0028
Would like to use my card and need to activate it first.  Can you help me do this?,activate_my_card,activate_my_card,True,0.99,activate_my_card,0.99,card_linking,0.0075,get_disposable_virtual_card,0.0002
I need help activating my new card.,activate_my_card,activate_my_card,True,0.9902,activate_my_card,0.9902,card_linking,0.0045,contactless_not_working,0.0008
how to activate card?,activate_my_card,activate_my_card,True,0.9786,activate_my_card,0.9786,card_linking,0.0165,card_not_working,0.0006
"Please, activate my card",activate_my_card,activate_my_card,True,0.9761,activate_my_card,0.9761,card_linking,0.0047,lost_or_stolen_card,0.0037
I tried activating my bill of fare and it didn't workplace,activate_my_card,apple_pay_or_google_pay,False,0.0979,apple_pay_or_google_pay,0.0979,activate_my_card,0.0955,card_not_working,0.0617
"I just got my card and want to use it, how do I activate my card?",activate_my_card,activate_my_card,True,0.9822,activate_my_card,0.9822,card_linking,0.0153,topping_up_by_card,0.0003
I have a new card and I want to activate it,activate_my_card,activate_my_card,True,0.9916,activate_my_card,0.9916,card_linking,0.0072,card_about_to_expire,0.0002
Assist me please with card activation.,activate_my_card,activate_my_card,True,0.9635,activate_my_card,0.9635,card_linking,0.0105,card_about_to_expire,0.0021
I need help with activating my card,activate_my_card,activate_my_card,True,0.9943,activate_my_card,0.9943,card_linking,0.0027,card_not_working,0.0003
How can I start using my card?,activate_my_card,activate_my_card,True,0.6193,activate_my_card,0.6193,card_linking,0.0828,card_not_working,0.0713
Activating my card,activate_my_card,activate_my_card,True,0.9869,activate_my_card,0.9869,card_linking,0.007,card_delivery_estimate,0.0008
When will my card be activated?,activate_my_card,activate_my_card,True,0.8389,activate_my_card,0.8389,card_delivery_estimate,0.096,card_arrival,0.0202
How can I activate my card>,activate_my_card,activate_my_card,True,0.9874,activate_my_card,0.9874,card_linking,0.0097,lost_or_stolen_card,0.0003
What are the steps in order to activate my new card?,activate_my_card,activate_my_card,True,0.9936,activate_my_card,0.9936,card_linking,0.0043,contactless_not_working,0.0005
How do I go about activating my new card?,activate_my_card,activate_my_card,True,0.9854,activate_my_card,0.9854,card_linking,0.0095,card_about_to_expire,0.0011
What is the activation process on my new card?,activate_my_card,activate_my_card,True,0.992,activate_my_card,0.992,card_linking,0.0016,contactless_not_working,0.0014
I would like to get help from someone with activating my card.,activate_my_card,activate_my_card,True,0.784,activate_my_card,0.784,lost_or_stolen_card,0.0483,card_linking,0.0451
What is the process for activating my card?,activate_my_card,activate_my_card,True,0.9893,activate_my_card,0.9893,card_linking,0.0037,order_physical_card,0.0007
How do I use my new card?,activate_my_card,activate_my_card,True,0.4881,activate_my_card,0.4881,card_linking,0.3997,contactless_not_working,0.0118
I got my new card but I am not sure if it need s activated and how?,activate_my_card,activate_my_card,True,0.9904,activate_my_card,0.9904,card_linking,0.0079,contactless_not_working,0.0003
What are the steps to activating a new card?,activate_my_card,activate_my_card,True,0.9762,activate_my_card,0.9762,card_linking,0.0136,contactless_not_working,0.0027
"I would like to activate my card to use now, can you help me?",activate_my_card,activate_my_card,True,0.9911,activate_my_card,0.9911,card_linking,0.0052,card_about_to_expire,0.0004
How do I activate a new card?,activate_my_card,activate_my_card,True,0.9801,activate_my_card,0.9801,card_linking,0.0153,contactless_not_working,0.0011
I just got this card & I don't know how to activate it.,activate_my_card,activate_my_card,True,0.9748,activate_my_card,0.9748,card_linking,0.0222,verify_top_up,0.0003
I got my new card. How do I activate it?,activate_my_card,activate_my_card,True,0.9715,activate_my_card,0.9715,card_linking,0.0257,contactless_not_working,0.0004
What do I need to do to activate my card?,activate_my_card,activate_my_card,True,0.9969,activate_my_card,0.9969,card_linking,0.0012,card_not_working,0.0002
I see some fees for cash withdraw.,cash_withdrawal_charge,cash_withdrawal_charge,True,0.8702,cash_withdrawal_charge,0.8702,wrong_exchange_rate_for_cash_withdrawal,0.0593,pending_cash_withdrawal,0.0344
How come I was charged extra when I withdrew cash?,cash_withdrawal_charge,cash_withdrawal_charge,True,0.9843,cash_withdrawal_charge,0.9843,wrong_exchange_rate_for_cash_withdrawal,0.0059,cash_withdrawal_not_recognised,0.0029
Why am I being charged when I withdraw cash?,cash_withdrawal_charge,cash_withdrawal_charge,True,0.9862,cash_withdrawal_charge,0.9862,wrong_exchange_rate_for_cash_withdrawal,0.0053,cash_withdrawal_not_recognised,0.0033
What is this charge on my account for a cash withdrawl?,cash_withdrawal_charge,cash_withdrawal_charge,True,0.9207,cash_withdrawal_charge,0.9207,cash_withdrawal_not_recognised,0.0303,extra_charge_on_statement,0.0161
Why are fees charged on cash withdrawals? I went to withdraw some money earlier today after shopping. There's a fee that wasn't there before.,cash_withdrawal_charge,cash_withdrawal_charge,True,0.9946,cash_withdrawal_charge,0.9946,card_payment_fee_charged,0.0016,wrong_exchange_rate_for_cash_withdrawal,0.0015
"How come you charge for cash withdrawals? I withdrew cash after buying groceries today, and there seems to be a new fee",cash_withdrawal_charge,cash_withdrawal_charge,True,0.9944,cash_withdrawal_charge,0.9944,wrong_exchange_rate_for_cash_withdrawal,0.0015,card_payment_fee_charged,0.0009
It looks like I was charged a withdrawal fee for going to my ATM. Why is that because I haven't been charged previously for doing so?,cash_withdrawal_charge,cash_withdrawal_charge,True,0.9724,cash_withdrawal_charge,0.9724,pending_cash_withdrawal,0.0085,wrong_exchange_rate_for_cash_withdrawal,0.0079
"Do ATM cash withdrawals carry a charge now? They've been free in the past, but all of a sudden I have to pay to make ATM withdrawals?",cash_withdrawal_charge,cash_withdrawal_charge,True,0.9714,cash_withdrawal_charge,0.9714,pending_cash_withdrawal,0.0162,wrong_exchange_rate_for_cash_withdrawal,0.0073
Why is there an extra charge for money that was withdrawn?,cash_withdrawal_charge,cash_withdrawal_charge,True,0.9546,cash_withdrawal_charge,0.9546,cash_withdrawal_not_recognised,0.0121,extra_charge_on_statement,0.0079
Why was I charged a fee for withdrawing cash?,cash_withdrawal_charge,cash_withdrawal_charge,True,0.9958,cash_withdrawal_charge,0.9958,wrong_exchange_rate_for_cash_withdrawal,0.002,transfer_fee_charged,0.0005
Why did I get a fee?,cash_withdrawal_charge,card_payment_fee_charged,False,0.542,card_payment_fee_charged,0.542,cash_withdrawal_charge,0.2794,transfer_fee_charged,0.1259
Why did my cash get charged a fee that should not be there.,cash_withdrawal_charge,cash_withdrawal_charge,True,0.9126,cash_withdrawal_charge,0.9126,transfer_fee_charged,0.0328,card_payment_fee_charged,0.0278
Why did I have to pay a fee when I got cash?,cash_withdrawal_charge,cash_withdrawal_charge,True,0.9239,cash_withdrawal_charge,0.9239,card_payment_fee_charged,0.0595,transfer_fee_charged,0.0074
"Hi, I am calling about a recent transaction that has happened on my account.  I recently went to the ATM, and tried to make a withdrawal on my account.  I just happened to check my transaction slip and noticed a fee for my withdrawal.  How can I resolve this, I didn't know fees were charged for this type of action.",cash_withdrawal_charge,cash_withdrawal_charge,True,0.9186,cash_withdrawal_charge,0.9186,transfer_fee_charged,0.0148,direct_debit_payment_not_recognised,0.0142
A fee was charged for my recent withdrawal.,cash_withdrawal_charge,cash_withdrawal_charge,True,0.9319,cash_withdrawal_charge,0.9319,extra_charge_on_statement,0.0197,transfer_fee_charged,0.0177
I got a fee for an ATM withdrawal.,cash_withdrawal_charge,cash_withdrawal_charge,True,0.9117,cash_withdrawal_charge,0.9117,wrong_exchange_rate_for_cash_withdrawal,0.0478,wrong_amount_of_cash_received,0.0106
What is the reason for this fee I got after a simple cash withdrawal?,cash_withdrawal_charge,cash_withdrawal_charge,True,0.991,cash_withdrawal_charge,0.991,transfer_fee_charged,0.0017,cash_withdrawal_not_recognised,0.0015
Did you start charging for cash withdrawals? I thought it was free so far but noticed suddendly there is a fee. How much do I need to pay?,cash_withdrawal_charge,cash_withdrawal_charge,True,0.9772,cash_withdrawal_charge,0.9772,card_payment_fee_charged,0.0064,wrong_amount_of_cash_received,0.0028
Is there a fee for withdrawing cash?,cash_withdrawal_charge,cash_withdrawal_charge,True,0.9765,cash_withdrawal_charge,0.9765,wrong_exchange_rate_for_cash_withdrawal,0.0098,atm_support,0.0032
"I've notice I was charged for withdrawing cash, can you explain why?",cash_withdrawal_charge,cash_withdrawal_charge,True,0.9699,cash_withdrawal_charge,0.9699,cash_withdrawal_not_recognised,0.0129,wrong_exchange_rate_for_cash_withdrawal,0.0077
Why was my account charged for using an ATM?,cash_withdrawal_charge,cash_withdrawal_charge,True,0.8715,cash_withdrawal_charge,0.8715,wrong_exchange_rate_for_cash_withdrawal,0.055,declined_cash_withdrawal,0.0123
Why is there a charge on my account for taking out cash?,cash_withdrawal_charge,cash_withdrawal_charge,True,0.9625,cash_withdrawal_charge,0.9625,cash_withdrawal_not_recognised,0.0202,extra_charge_on_statement,0.0047
An ATM fee was attached to my recent withdrawal.,cash_withdrawal_charge,cash_withdrawal_charge,True,0.8934,cash_withdrawal_charge,0.8934,pending_cash_withdrawal,0.0458,wrong_exchange_rate_for_cash_withdrawal,0.0187
I thought cash withdrawals didn't have a fee,cash_withdrawal_charge,cash_withdrawal_charge,True,0.9533,cash_withdrawal_charge,0.9533,wrong_exchange_rate_for_cash_withdrawal,0.0204,cash_withdrawal_not_recognised,0.0124
Why did I get charged a fee when I tried to obtain cash?,cash_withdrawal_charge,cash_withdrawal_charge,True,0.9375,cash_withdrawal_charge,0.9375,card_payment_fee_charged,0.0241,transfer_fee_charged,0.0203
"While I was checking out in the grocery store, I realized I needed cash so I requested some.  However, I noticed there was a fee for this transaction.  Why did I get charged a fee?",cash_withdrawal_charge,cash_withdrawal_charge,True,0.6352,cash_withdrawal_charge,0.6352,card_payment_fee_charged,0.3232,transfer_fee_charged,0.0203
Using an ATM caused me to incur an additional fee. Why?,cash_withdrawal_charge,cash_withdrawal_charge,True,0.8739,cash_withdrawal_charge,0.8739,wrong_exchange_rate_for_cash_withdrawal,0.0461,wrong_amount_of_cash_received,0.0299
I was charged extra for a withdrawal,cash_withdrawal_charge,cash_withdrawal_charge,True,0.8602,cash_withdrawal_charge,0.8602,cash_withdrawal_not_recognised,0.0514,extra_charge_on_statement,0.036
Is there a limit on how much I can withdraw from my account without being charged?,cash_withdrawal_charge,cash_withdrawal_charge,True,0.5337,cash_withdrawal_charge,0.5337,top_up_by_bank_transfer_charge,0.1324,top_up_limits,0.0473
"I thought cash withdrawals were free? Why have I been charged a fee? Also, how much is this fee?",cash_withdrawal_charge,cash_withdrawal_charge,True,0.9967,cash_withdrawal_charge,0.9967,wrong_exchange_rate_for_cash_withdrawal,0.0012,cash_withdrawal_not_recognised,0.0007
"More fees, this time for withdrawing my own cash. Why are you robbing me?",cash_withdrawal_charge,cash_withdrawal_charge,True,0.8839,cash_withdrawal_charge,0.8839,wrong_exchange_rate_for_cash_withdrawal,0.0293,cash_withdrawal_not_recognised,0.0286
I have never been charged a fee for cash withdrawal before. When did that change?,cash_withdrawal_charge,cash_withdrawal_charge,True,0.9858,cash_withdrawal_charge,0.9858,wrong_exchange_rate_for_cash_withdrawal,0.0057,cash_withdrawal_not_recognised,0.0023
I was charged for a cash withdrawal.,cash_withdrawal_charge,cash_withdrawal_charge,True,0.8195,cash_withdrawal_charge,0.8195,cash_withdrawal_not_recognised,0.1084,wrong_exchange_rate_for_cash_withdrawal,0.0319
Why did you charge me for a cash withdrawal?,cash_withdrawal_charge,cash_withdrawal_charge,True,0.9632,cash_withdrawal_charge,0.9632,cash_withdrawal_not_recognised,0.0111,wrong_exchange_rate_for_cash_withdrawal,0.0099
I took cash and got charged a fee,cash_withdrawal_charge,cash_withdrawal_charge,True,0.9245,cash_withdrawal_charge,0.9245,card_payment_fee_charged,0.0133,transfer_fee_charged,0.0112
Was charged an ATM fee despite it being a small withdrawal on the 1st day of the month. I thought I was allowed 200 per month?,cash_withdrawal_charge,cash_withdrawal_charge,True,0.8218,cash_withdrawal_charge,0.8218,wrong_exchange_rate_for_cash_withdrawal,0.1141,declined_cash_withdrawal,0.0238
I had a wrong fee charged at this ATM.,cash_withdrawal_charge,cash_withdrawal_charge,True,0.2897,cash_withdrawal_charge,0.2897,wrong_amount_of_cash_received,0.2115,wrong_exchange_rate_for_cash_withdrawal,0.1899
"When I got cash, I'm pretty sure there was a glitch that overcharged me.",cash_withdrawal_charge,wrong_amount_of_cash_received,False,0.4252,wrong_amount_of_cash_received,0.4252,wrong_exchange_rate_for_cash_withdrawal,0.1846,cash_withdrawal_not_recognised,0.0809
"My account got charged for taking out cash, why did this happen?",cash_withdrawal_charge,cash_withdrawal_charge,True,0.9251,cash_withdrawal_charge,0.9251,cash_withdrawal_not_recognised,0.0303,wrong_exchange_rate_for_cash_withdrawal,0.0096
Why is there a fee for withdrawing?,cash_withdrawal_charge,cash_withdrawal_charge,True,0.9887,cash_withdrawal_charge,0.9887,extra_charge_on_statement,0.0029,wrong_exchange_rate_for_cash_withdrawal,0.0023
Am I able to order a new card and have it sent to me in China?,card_about_to_expire,card_about_to_expire,True,0.9128,card_about_to_expire,0.9128,card_arrival,0.0207,compromised_card,0.0122
Will you be able to send the new card to China?,card_about_to_expire,card_about_to_expire,True,0.9061,card_about_to_expire,0.9061,card_arrival,0.0175,card_linking,0.009
When my card expires what happens to my account?,card_about_to_expire,card_about_to_expire,True,0.9259,card_about_to_expire,0.9259,reverted_card_payment?,0.0251,terminate_account,0.0062
What do I do when my card expires?,card_about_to_expire,card_about_to_expire,True,0.9597,card_about_to_expire,0.9597,card_not_working,0.0131,activate_my_card,0.0044
The expiration date on my card is coming up,card_about_to_expire,card_about_to_expire,True,0.867,card_about_to_expire,0.867,card_arrival,0.038,card_payment_fee_charged,0.0122
"My card's expiring, what happens now?",card_about_to_expire,card_about_to_expire,True,0.8877,card_about_to_expire,0.8877,card_not_working,0.0537,reverted_card_payment?,0.0104
My card is about to expire. What do I need to do?,card_about_to_expire,card_about_to_expire,True,0.9686,card_about_to_expire,0.9686,activate_my_card,0.0098,card_not_working,0.0057
how long and how much does it cost for new card,card_about_to_expire,card_about_to_expire,True,0.7839,card_about_to_expire,0.7839,order_physical_card,0.0611,contactless_not_working,0.0521
What do I do if my card is expiring soon?,card_about_to_expire,card_about_to_expire,True,0.9202,card_about_to_expire,0.9202,card_not_working,0.0553,activate_my_card,0.0037
How much does it cost to get a new card?  Mine is almost expired.  How fast does it come?,card_about_to_expire,card_about_to_expire,True,0.9015,card_about_to_expire,0.9015,card_arrival,0.0321,order_physical_card,0.0229
"Since my card is about to expire, what do I do to get a new one?",card_about_to_expire,card_about_to_expire,True,0.9763,card_about_to_expire,0.9763,card_arrival,0.0064,activate_my_card,0.0032
My card is about to expire and I need to know how much it costs and how long it takes to get a new one.,card_about_to_expire,card_about_to_expire,True,0.9627,card_about_to_expire,0.9627,order_physical_card,0.0164,getting_spare_card,0.0041
When my card expires do you send a new card?,card_about_to_expire,card_about_to_expire,True,0.965,card_about_to_expire,0.965,card_arrival,0.013,getting_spare_card,0.0047
What is the next step if my card is about to expire.,card_about_to_expire,card_about_to_expire,True,0.9779,card_about_to_expire,0.9779,activate_my_card,0.0049,card_not_working,0.0023
"Once my card expires, what should I do?",card_about_to_expire,card_about_to_expire,True,0.9714,card_about_to_expire,0.9714,card_not_working,0.0075,compromised_card,0.0042
"I need a new card, my current card is nearly expired.",card_about_to_expire,card_about_to_expire,True,0.9336,card_about_to_expire,0.9336,card_arrival,0.0134,activate_my_card,0.0109
"It appears my card expires next month, can I order a new one?",card_about_to_expire,card_about_to_expire,True,0.9916,card_about_to_expire,0.9916,card_arrival,0.0019,getting_spare_card,0.0012
My card is about to expire. How much does it cost to order a new one and how fast will I get it?,card_about_to_expire,card_about_to_expire,True,0.9864,card_about_to_expire,0.9864,order_physical_card,0.0043,card_delivery_estimate,0.0024
What do I do when my card is about to expire?,card_about_to_expire,card_about_to_expire,True,0.9759,card_about_to_expire,0.9759,card_not_working,0.0068,activate_my_card,0.0024
"I will need to get a new card soon, how do I order?",card_about_to_expire,card_about_to_expire,True,0.3347,card_about_to_expire,0.3347,order_physical_card,0.3055,card_arrival,0.1113
going to need a new card what are the fees and time it takes,card_about_to_expire,card_about_to_expire,True,0.5542,card_about_to_expire,0.5542,contactless_not_working,0.1135,order_physical_card,0.0741
Will I need to order a new card since mine expires next month?,card_about_to_expire,card_about_to_expire,True,0.9773,card_about_to_expire,0.9773,card_arrival,0.0068,order_physical_card,0.0025
"When my card expires, will I get a new one mailed to me?",card_about_to_expire,card_about_to_expire,True,0.9023,card_about_to_expire,0.9023,card_arrival,0.0634,getting_spare_card,0.0098
Do you have to order a new card before your current card expires?,card_about_to_expire,card_about_to_expire,True,0.9787,card_about_to_expire,0.9787,order_physical_card,0.0051,card_arrival,0.0033
"Since my card is about to expire, I need a new one.",card_about_to_expire,card_about_to_expire,True,0.9413,card_about_to_expire,0.9413,getting_spare_card,0.0106,card_arrival,0.0104
My card is very close to expiring. When can I order a new one and how do I do so?,card_about_to_expire,card_about_to_expire,True,0.9909,card_about_to_expire,0.9909,card_not_working,0.0025,activate_my_card,0.0014
"I need to order a  new card, mine is about to expire and I need to know how much it will cost and how long until I receive it.",card_about_to_expire,card_about_to_expire,True,0.9217,card_about_to_expire,0.9217,order_physical_card,0.0355,card_arrival,0.0133
How do I order a new card before It expires?,card_about_to_expire,card_about_to_expire,True,0.9909,card_about_to_expire,0.9909,order_physical_card,0.0022,card_arrival,0.0013
Can I receive a new card while I am in China?,card_about_to_expire,card_about_to_expire,True,0.9468,card_about_to_expire,0.9468,country_support,0.0162,visa_or_mastercard,0.0047
"Next month my card will expire, do I need to order a new one?",card_about_to_expire,card_about_to_expire,True,0.9834,card_about_to_expire,0.9834,activate_my_card,0.0031,card_arrival,0.0028
The expiration date of my card is approaching .,card_about_to_expire,card_about_to_expire,True,0.8982,card_about_to_expire,0.8982,card_arrival,0.0455,card_delivery_estimate,0.0134
"How can I get a new card ASAP to replace an old, soon to expire one?",card_about_to_expire,card_about_to_expire,True,0.9755,card_about_to_expire,0.9755,card_arrival,0.0058,card_not_working,0.005
I need a new card since my old one is about to expire.,card_about_to_expire,card_about_to_expire,True,0.9766,card_about_to_expire,0.9766,getting_spare_card,0.0063,card_arrival,0.0036
My card is about to expire.,card_about_to_expire,card_about_to_expire,True,0.9394,card_about_to_expire,0.9394,card_delivery_estimate,0.0141,card_arrival,0.0088
"My card is expiring shortly.  How much will it cost for a replacement, and how soon can I get it?",card_about_to_expire,card_about_to_expire,True,0.9861,card_about_to_expire,0.9861,order_physical_card,0.0023,card_arrival,0.0022
What would the price be for an expired card replacement and how long will it take me to get it?,card_about_to_expire,card_about_to_expire,True,0.9733,card_about_to_expire,0.9733,order_physical_card,0.011,card_arrival,0.0027
"in china, need new card",card_about_to_expire,card_about_to_expire,True,0.9297,card_about_to_expire,0.9297,country_support,0.01,getting_spare_card,0.009
"If my card is about to expire, do I need to order a new one?",card_about_to_expire,card_about_to_expire,True,0.9878,card_about_to_expire,0.9878,order_physical_card,0.0022,card_arrival,0.0018
My card is about to expire. How do I get a new one?,card_about_to_expire,card_about_to_expire,True,0.9793,card_about_to_expire,0.9793,card_arrival,0.0062,activate_my_card,0.0021
I need to know the cost and when I will receive a new card to replace an old one.,card_about_to_expire,card_about_to_expire,True,0.7645,card_about_to_expire,0.7645,order_physical_card,0.0964,getting_spare_card,0.0695
Is the top up feature available on the Apple Watch?,apple_pay_or_google_pay,apple_pay_or_google_pay,True,0.9307,apple_pay_or_google_pay,0.9307,automatic_top_up,0.0417,top_up_reverted,0.0061
Can I use the system Google Pay for top-ups?,apple_pay_or_google_pay,apple_pay_or_google_pay,True,0.9835,apple_pay_or_google_pay,0.9835,supported_cards_and_currencies,0.0047,receiving_money,0.0022
My top-up for Google Pay isn't working,apple_pay_or_google_pay,apple_pay_or_google_pay,True,0.9708,apple_pay_or_google_pay,0.9708,top_up_reverted,0.0115,top_up_failed,0.0081
Can I add money with Apple Pay?,apple_pay_or_google_pay,apple_pay_or_google_pay,True,0.9363,apple_pay_or_google_pay,0.9363,receiving_money,0.0161,supported_cards_and_currencies,0.0134
Can I use my Apple Watch to to top up?,apple_pay_or_google_pay,apple_pay_or_google_pay,True,0.9884,apple_pay_or_google_pay,0.9884,automatic_top_up,0.0037,topping_up_by_card,0.0015
Does Apple Pay give the option to top up?,apple_pay_or_google_pay,apple_pay_or_google_pay,True,0.9821,apple_pay_or_google_pay,0.9821,automatic_top_up,0.0076,top_up_by_cash_or_cheque,0.0029
Top up on my Google Pay isn't working.,apple_pay_or_google_pay,apple_pay_or_google_pay,True,0.9555,apple_pay_or_google_pay,0.9555,top_up_failed,0.0154,top_up_reverted,0.0145
Is it possible to top up with Apple Pay?,apple_pay_or_google_pay,apple_pay_or_google_pay,True,0.9957,apple_pay_or_google_pay,0.9957,top_up_by_cash_or_cheque,0.0012,supported_cards_and_currencies,0.0008
do i have to setup apple pay to use it,apple_pay_or_google_pay,apple_pay_or_google_pay,True,0.9692,apple_pay_or_google_pay,0.9692,receiving_money,0.0106,card_payment_fee_charged,0.007
Can I use Apple Pay to top up?,apple_pay_or_google_pay,apple_pay_or_google_pay,True,0.9954,apple_pay_or_google_pay,0.9954,top_up_by_cash_or_cheque,0.0014,supported_cards_and_currencies,0.0011
How can I top up my Google Pay?,apple_pay_or_google_pay,apple_pay_or_google_pay,True,0.9832,apple_pay_or_google_pay,0.9832,top_up_by_cash_or_cheque,0.0103,topping_up_by_card,0.0019
Does Google Play have an app to Top up?,apple_pay_or_google_pay,apple_pay_or_google_pay,True,0.8639,apple_pay_or_google_pay,0.8639,automatic_top_up,0.0546,top_up_by_cash_or_cheque,0.0186
"I received my American Express card, but I am having problems making it work with Apple pay.  Can you help me with this problem?",apple_pay_or_google_pay,apple_pay_or_google_pay,True,0.883,apple_pay_or_google_pay,0.883,declined_card_payment,0.0574,supported_cards_and_currencies,0.0319
is apple pay eligible for top up,apple_pay_or_google_pay,apple_pay_or_google_pay,True,0.9876,apple_pay_or_google_pay,0.9876,supported_cards_and_currencies,0.0028,top_up_by_cash_or_cheque,0.0022
Why can't I use my American Express with Apple Pay to top up my account?,apple_pay_or_google_pay,apple_pay_or_google_pay,True,0.9484,apple_pay_or_google_pay,0.9484,supported_cards_and_currencies,0.0442,declined_card_payment,0.0016
how do i add money with my apple watch,apple_pay_or_google_pay,apple_pay_or_google_pay,True,0.8858,apple_pay_or_google_pay,0.8858,supported_cards_and_currencies,0.0185,verify_source_of_funds,0.0105
"If I want to top up, can I use Apple Pay?",apple_pay_or_google_pay,apple_pay_or_google_pay,True,0.9916,apple_pay_or_google_pay,0.9916,supported_cards_and_currencies,0.0031,top_up_by_cash_or_cheque,0.0029
can i top up with apple pay,apple_pay_or_google_pay,apple_pay_or_google_pay,True,0.9944,apple_pay_or_google_pay,0.9944,supported_cards_and_currencies,0.0015,top_up_by_cash_or_cheque,0.0014
"My American express is experiencing a problem with apple play with top up, can you fix it?",apple_pay_or_google_pay,apple_pay_or_google_pay,True,0.9511,apple_pay_or_google_pay,0.9511,top_up_failed,0.0189,supported_cards_and_currencies,0.0116
My top up is not working in Apple Pay.,apple_pay_or_google_pay,apple_pay_or_google_pay,True,0.9716,apple_pay_or_google_pay,0.9716,top_up_reverted,0.0127,top_up_failed,0.009
Is Apple Pay a possible top up option?,apple_pay_or_google_pay,apple_pay_or_google_pay,True,0.9883,apple_pay_or_google_pay,0.9883,top_up_by_cash_or_cheque,0.0034,supported_cards_and_currencies,0.0027
I don't know how to top up my Google pay.,apple_pay_or_google_pay,apple_pay_or_google_pay,True,0.9716,apple_pay_or_google_pay,0.9716,top_up_by_cash_or_cheque,0.0107,topping_up_by_card,0.0079
Can I top up from my Apple Watch?,apple_pay_or_google_pay,apple_pay_or_google_pay,True,0.9823,apple_pay_or_google_pay,0.9823,topping_up_by_card,0.004,top_up_limits,0.0035
Can I use my American Express stored in Apple Pay to top up?,apple_pay_or_google_pay,apple_pay_or_google_pay,True,0.9367,apple_pay_or_google_pay,0.9367,supported_cards_and_currencies,0.0567,top_up_by_card_charge,0.0013
is apple pay costly?,apple_pay_or_google_pay,apple_pay_or_google_pay,True,0.5348,apple_pay_or_google_pay,0.5348,top_up_by_bank_transfer_charge,0.2487,extra_charge_on_statement,0.0997
How can I top up with Google Pay?,apple_pay_or_google_pay,apple_pay_or_google_pay,True,0.9904,apple_pay_or_google_pay,0.9904,top_up_by_cash_or_cheque,0.0061,supported_cards_and_currencies,0.0008
I can't top up my account using my American Express with Apple Pay.,apple_pay_or_google_pay,apple_pay_or_google_pay,True,0.9504,apple_pay_or_google_pay,0.9504,supported_cards_and_currencies,0.0387,top_up_by_cash_or_cheque,0.0018
"I got my American Express in Apple Pay, why is top up not working?",apple_pay_or_google_pay,apple_pay_or_google_pay,True,0.9853,apple_pay_or_google_pay,0.9853,supported_cards_and_currencies,0.0068,top_up_reverted,0.0026
I got my American Express in Apple Bay but top up is not working,apple_pay_or_google_pay,apple_pay_or_google_pay,True,0.953,apple_pay_or_google_pay,0.953,top_up_failed,0.0164,supported_cards_and_currencies,0.0133
How do I top up? Can I use my apple watch?,apple_pay_or_google_pay,apple_pay_or_google_pay,True,0.9867,apple_pay_or_google_pay,0.9867,supported_cards_and_currencies,0.0026,topping_up_by_card,0.0022
Is it possible to use Apple Pay to put money in my account?,apple_pay_or_google_pay,apple_pay_or_google_pay,True,0.8992,apple_pay_or_google_pay,0.8992,receiving_money,0.0399,card_payment_not_recognised,0.0116
"My American Express is in my Apple Pay and the top up is failing, why?",apple_pay_or_google_pay,apple_pay_or_google_pay,True,0.9864,apple_pay_or_google_pay,0.9864,supported_cards_and_currencies,0.0043,declined_card_payment,0.0015
How can I top-ff my account using my Apple Watch?,apple_pay_or_google_pay,apple_pay_or_google_pay,True,0.9485,apple_pay_or_google_pay,0.9485,top_up_by_cash_or_cheque,0.0067,automatic_top_up,0.0066
can google pay be used to make a top-up,apple_pay_or_google_pay,apple_pay_or_google_pay,True,0.9807,apple_pay_or_google_pay,0.9807,top_up_by_cash_or_cheque,0.0089,supported_cards_and_currencies,0.0017
How do I get the Top Up feature on my apple watch working?,apple_pay_or_google_pay,apple_pay_or_google_pay,True,0.9582,apple_pay_or_google_pay,0.9582,top_up_reverted,0.0151,top_up_failed,0.0096
How do I troubleshoot Google pay top up?,apple_pay_or_google_pay,apple_pay_or_google_pay,True,0.987,apple_pay_or_google_pay,0.987,top_up_reverted,0.0028,top_up_failed,0.0019
How do I top up with Apple Pay?,apple_pay_or_google_pay,apple_pay_or_google_pay,True,0.9964,apple_pay_or_google_pay,0.9964,top_up_by_cash_or_cheque,0.0014,supported_cards_and_currencies,0.0007
Why isn't my top up working using my saved American Express in ApplePay?,apple_pay_or_google_pay,apple_pay_or_google_pay,True,0.8421,apple_pay_or_google_pay,0.8421,top_up_reverted,0.0471,supported_cards_and_currencies,0.039
How do I use the top up app with my apple watch?,apple_pay_or_google_pay,apple_pay_or_google_pay,True,0.9576,apple_pay_or_google_pay,0.9576,top_up_reverted,0.0088,top_up_failed,0.0081
"Google pay and top up, I want it, can I get it?",apple_pay_or_google_pay,apple_pay_or_google_pay,True,0.9859,apple_pay_or_google_pay,0.9859,top_up_by_cash_or_cheque,0.0022,receiving_money,0.002
What can I use to verify my identify?,verify_my_identity,verify_my_identity,True,0.7622,verify_my_identity,0.7622,unable_to_verify_identity,0.1649,why_verify_identity,0.0552
What do you need to verify my identity?,verify_my_identity,verify_my_identity,True,0.8308,verify_my_identity,0.8308,why_verify_identity,0.0899,unable_to_verify_identity,0.0761
"I need to verify my identity, but how do I do that?",verify_my_identity,verify_my_identity,True,0.9639,verify_my_identity,0.9639,why_verify_identity,0.0168,unable_to_verify_identity,0.0167
How can I verify my indentity?,verify_my_identity,verify_my_identity,True,0.6625,verify_my_identity,0.6625,verify_top_up,0.1022,why_verify_identity,0.0773
What is needed to prove my identity?,verify_my_identity,verify_my_identity,True,0.5161,verify_my_identity,0.5161,unable_to_verify_identity,0.4264,why_verify_identity,0.0477
What do you need for my identity check?,verify_my_identity,verify_my_identity,True,0.9209,verify_my_identity,0.9209,why_verify_identity,0.0683,unable_to_verify_identity,0.0058
How do you verify an identity?,verify_my_identity,verify_my_identity,True,0.9131,verify_my_identity,0.9131,why_verify_identity,0.0545,unable_to_verify_identity,0.0234
Is there a specific type you need for identity verification?,verify_my_identity,verify_my_identity,True,0.9706,verify_my_identity,0.9706,why_verify_identity,0.0221,unable_to_verify_identity,0.0038
I got a message that I need to verify my identity; what do I do?,verify_my_identity,verify_my_identity,True,0.3526,verify_my_identity,0.3526,unable_to_verify_identity,0.295,why_verify_identity,0.2845
Are there any documents needed for the identity check?,verify_my_identity,verify_my_identity,True,0.9723,verify_my_identity,0.9723,why_verify_identity,0.0237,unable_to_verify_identity,0.0013
What are the steps I need to take to verify my identity?,verify_my_identity,verify_my_identity,True,0.9685,verify_my_identity,0.9685,unable_to_verify_identity,0.0202,why_verify_identity,0.0093
What do I need to verify my identity,verify_my_identity,verify_my_identity,True,0.9097,verify_my_identity,0.9097,why_verify_identity,0.0519,unable_to_verify_identity,0.0364
I need to verify my identity,verify_my_identity,verify_my_identity,True,0.7584,verify_my_identity,0.7584,unable_to_verify_identity,0.1569,why_verify_identity,0.0787
I need some help with identity verification.,verify_my_identity,verify_my_identity,True,0.9017,verify_my_identity,0.9017,why_verify_identity,0.0559,unable_to_verify_identity,0.035
What's the process for ID verification?,verify_my_identity,verify_my_identity,True,0.9658,verify_my_identity,0.9658,unable_to_verify_identity,0.0158,verify_top_up,0.0096
I would like to know how I can verify my Identity.,verify_my_identity,verify_my_identity,True,0.924,verify_my_identity,0.924,unable_to_verify_identity,0.0508,why_verify_identity,0.0207
What kind of documents do I need for the identity check?,verify_my_identity,verify_my_identity,True,0.9934,verify_my_identity,0.9934,why_verify_identity,0.0043,unable_to_verify_identity,0.0008
Let me know the steps for the identity checks,verify_my_identity,verify_my_identity,True,0.962,verify_my_identity,0.962,why_verify_identity,0.0276,unable_to_verify_identity,0.0045
What should I do to verify my identity?,verify_my_identity,verify_my_identity,True,0.8371,verify_my_identity,0.8371,unable_to_verify_identity,0.1143,why_verify_identity,0.0429
What are the steps to verify my identity?,verify_my_identity,verify_my_identity,True,0.9258,verify_my_identity,0.9258,unable_to_verify_identity,0.0523,why_verify_identity,0.0187
How does my identity get verified?,verify_my_identity,verify_my_identity,True,0.7045,verify_my_identity,0.7045,why_verify_identity,0.1814,unable_to_verify_identity,0.0978
What things do I need to verify my identity?,verify_my_identity,verify_my_identity,True,0.9489,verify_my_identity,0.9489,why_verify_identity,0.0314,unable_to_verify_identity,0.0179
What steps do I take to verify my identity?,verify_my_identity,verify_my_identity,True,0.9463,verify_my_identity,0.9463,unable_to_verify_identity,0.0352,why_verify_identity,0.0154
Can I verify my identity online?,verify_my_identity,verify_my_identity,True,0.7485,verify_my_identity,0.7485,why_verify_identity,0.2196,unable_to_verify_identity,0.0237
do the details of my profile have to match my documents,verify_my_identity,why_verify_identity,False,0.4194,why_verify_identity,0.4194,verify_my_identity,0.2674,edit_personal_details,0.2255
Where do I verify my identity?,verify_my_identity,verify_my_identity,True,0.9066,verify_my_identity,0.9066,unable_to_verify_identity,0.0472,why_verify_identity,0.0407
"When getting my ID checked, what are the steps involved?",verify_my_identity,verify_my_identity,True,0.9752,verify_my_identity,0.9752,why_verify_identity,0.01,unable_to_verify_identity,0.0039
do I need anything for the identity check?,verify_my_identity,verify_my_identity,True,0.5714,verify_my_identity,0.5714,why_verify_identity,0.4197,unable_to_verify_identity,0.0034
which kind of documentation do I need for identity check?,verify_my_identity,verify_my_identity,True,0.9558,verify_my_identity,0.9558,why_verify_identity,0.0414,verify_top_up,0.0004
How do I go forth on verifying my identity?,verify_my_identity,verify_my_identity,True,0.9428,verify_my_identity,0.9428,why_verify_identity,0.0324,unable_to_verify_identity,0.0215
What can I do to verify my identity?,verify_my_identity,verify_my_identity,True,0.8411,verify_my_identity,0.8411,unable_to_verify_identity,0.1157,why_verify_identity,0.0376
What do you need so I can verify my identity?,verify_my_identity,verify_my_identity,True,0.8926,verify_my_identity,0.8926,why_verify_identity,0.0778,unable_to_verify_identity,0.027
What do I need to show who I am?,verify_my_identity,verify_my_identity,True,0.8576,verify_my_identity,0.8576,why_verify_identity,0.0576,unable_to_verify_identity,0.0551
Do I need any kind of documentation for the identity check?,verify_my_identity,verify_my_identity,True,0.8665,verify_my_identity,0.8665,why_verify_identity,0.1304,unable_to_verify_identity,0.0008
What will I need for identity verification?,verify_my_identity,verify_my_identity,True,0.9592,verify_my_identity,0.9592,why_verify_identity,0.0322,unable_to_verify_identity,0.0055
Is there any way to verify who I am?,verify_my_identity,verify_my_identity,True,0.7746,verify_my_identity,0.7746,why_verify_identity,0.1783,unable_to_verify_identity,0.0282
Is there any documentation needed for the identity check?,verify_my_identity,verify_my_identity,True,0.9387,verify_my_identity,0.9387,why_verify_identity,0.0568,verify_top_up,0.0014
What all am I required to show for the identity check?,verify_my_identity,verify_my_identity,True,0.8775,verify_my_identity,0.8775,why_verify_identity,0.1086,unable_to_verify_identity,0.0091
What do I do for the identity check?,verify_my_identity,verify_my_identity,True,0.919,verify_my_identity,0.919,why_verify_identity,0.0618,unable_to_verify_identity,0.0066
What do I need to do to verify my identity?,verify_my_identity,verify_my_identity,True,0.8892,verify_my_identity,0.8892,unable_to_verify_identity,0.0718,why_verify_identity,0.0355
I live in the US but want to get a card,country_support,country_support,True,0.8585,country_support,0.8585,order_physical_card,0.058,supported_cards_and_currencies,0.0209
Are your cards available in Europe?,country_support,country_support,True,0.9653,country_support,0.9653,card_acceptance,0.0077,top_up_by_card_charge,0.005
Can I use your app if I am from the EU?,country_support,country_support,True,0.9469,country_support,0.9469,lost_or_stolen_phone,0.0078,exchange_via_app,0.0071
What countries are supported?,country_support,country_support,True,0.9911,country_support,0.9911,fiat_currency_support,0.0046,supported_cards_and_currencies,0.0016
i live in the US can i still get a card?,country_support,country_support,True,0.9371,country_support,0.9371,order_physical_card,0.0197,visa_or_mastercard,0.008
Can I get a card outside the UK?,country_support,country_support,True,0.9726,country_support,0.9726,card_acceptance,0.007,order_physical_card,0.0054
"I'm not in the UK, can I still get a card?",country_support,country_support,True,0.9425,country_support,0.9425,order_physical_card,0.0246,visa_or_mastercard,0.0108
"I'm not in the UK, is it possible for me to still get a card?",country_support,country_support,True,0.9232,country_support,0.9232,order_physical_card,0.0222,visa_or_mastercard,0.0165
Now that I live in the US how can I get a card?,country_support,country_support,True,0.928,country_support,0.928,order_physical_card,0.0205,visa_or_mastercard,0.0102
Can I get one of your cards in the EU,country_support,country_support,True,0.9131,country_support,0.9131,getting_spare_card,0.0184,visa_or_mastercard,0.0141
Can I get a card despite the fact I'm not in the UK?,country_support,country_support,True,0.9723,country_support,0.9723,visa_or_mastercard,0.0078,order_physical_card,0.0055
Where do I need to live to get support?,country_support,country_support,True,0.9317,country_support,0.9317,age_limit,0.0152,edit_personal_details,0.0101
Do you support the EU?,country_support,country_support,True,0.6814,country_support,0.6814,fiat_currency_support,0.3098,why_verify_identity,0.0015
how do i get a card if i am in the usa,country_support,country_support,True,0.9378,country_support,0.9378,order_physical_card,0.0141,visa_or_mastercard,0.0108
"Please help me get a new card, I reside in the United States.",country_support,country_support,True,0.3894,country_support,0.3894,card_about_to_expire,0.1533,visa_or_mastercard,0.0752
Is it possible to get a card if I'm not in the UK?,country_support,country_support,True,0.9758,country_support,0.9758,order_physical_card,0.0073,visa_or_mastercard,0.0061
Is my country supported,country_support,country_support,True,0.9889,country_support,0.9889,fiat_currency_support,0.0042,unable_to_verify_identity,0.001
From what countries can I use this product?,country_support,country_support,True,0.9639,country_support,0.9639,fiat_currency_support,0.0061,atm_support,0.0059
Where can I find your locations?,country_support,country_support,True,0.8464,country_support,0.8464,card_acceptance,0.0312,edit_personal_details,0.0266
Can I get a card even if I live outside the UK?,country_support,country_support,True,0.9836,country_support,0.9836,visa_or_mastercard,0.0042,card_acceptance,0.0034
"I am from the EU, can I sign up?",country_support,country_support,True,0.9752,country_support,0.9752,fiat_currency_support,0.0071,why_verify_identity,0.0036
"I would like to receive and use the card in Europe, is that possible?",country_support,country_support,True,0.9017,country_support,0.9017,card_acceptance,0.0201,supported_cards_and_currencies,0.0102
What countries do you support?,country_support,country_support,True,0.989,country_support,0.989,fiat_currency_support,0.0063,supported_cards_and_currencies,0.0019
What countries are you currently in?,country_support,country_support,True,0.9936,country_support,0.9936,exchange_rate,0.0019,fiat_currency_support,0.0013
What locations are you in?,country_support,country_support,True,0.8741,country_support,0.8741,card_acceptance,0.0374,atm_support,0.0217
Can you tell me what countries you operate in?,country_support,country_support,True,0.9928,country_support,0.9928,exchange_rate,0.0034,fiat_currency_support,0.0008
"I need a card, but I'm in the US at the moment.",country_support,country_support,True,0.9345,country_support,0.9345,supported_cards_and_currencies,0.0178,card_delivery_estimate,0.0165
What countries will my card be supported in?,country_support,country_support,True,0.9278,country_support,0.9278,card_acceptance,0.0347,supported_cards_and_currencies,0.0167
Do you have a list of countries you operate in?,country_support,country_support,True,0.9899,country_support,0.9899,fiat_currency_support,0.0029,exchange_rate,0.002
In what countries do you do business?,country_support,country_support,True,0.9134,country_support,0.9134,exchange_rate,0.0392,card_acceptance,0.0077
I don't live in the UK.  Can I still get a card?,country_support,country_support,True,0.9481,country_support,0.9481,order_physical_card,0.0267,visa_or_mastercard,0.0079
Where do you support?,country_support,country_support,True,0.9426,country_support,0.9426,fiat_currency_support,0.018,card_acceptance,0.0076
Am I able to get a card in EU?,country_support,country_support,True,0.9563,country_support,0.9563,visa_or_mastercard,0.0092,order_physical_card,0.0071
What countries do you currently do business in?,country_support,country_support,True,0.962,country_support,0.962,exchange_rate,0.0159,fiat_currency_support,0.0062
"I'm not in the UK, can I get a card?",country_support,country_support,True,0.9473,country_support,0.9473,order_physical_card,0.0275,visa_or_mastercard,0.0097
"If i'm not in the UK, can I still get a card?",country_support,country_support,True,0.9541,country_support,0.9541,order_physical_card,0.0166,visa_or_mastercard,0.0098
How many countries do you support?,country_support,country_support,True,0.9563,country_support,0.9563,fiat_currency_support,0.0342,supported_cards_and_currencies,0.0021
What countries do you do business in?,country_support,country_support,True,0.9492,country_support,0.9492,exchange_rate,0.023,fiat_currency_support,0.0066
What are the countries you operate in.,country_support,country_support,True,0.9867,country_support,0.9867,exchange_rate,0.0044,receiving_money,0.0023
Can the card be mailed and used in Europe?,country_support,country_support,True,0.9027,country_support,0.9027,card_about_to_expire,0.0168,top_up_by_card_charge,0.0159
