text,true,pred,correct,confidence,top1,top1_prob,top2,top2_prob,top3,top3_prob
How do I locate my card?,card_arrival,lost_or_stolen_card,False,0.9329,lost_or_stolen_card,0.9329,order_physical_card,0.025,card_arrival,0.0242
"I still have not received my new card, I ordered over a week ago.",card_arrival,card_arrival,True,0.999,card_arrival,0.999,card_delivery_estimate,0.0003,card_about_to_expire,1e-04
I ordered a card but it has not arrived. Help please!,card_arrival,card_arrival,True,0.9941,card_arrival,0.9941,card_delivery_estimate,0.0046,card_about_to_expire,0.0003
Is there a way to know when my card will arrive?,card_arrival,card_arrival,True,0.7078,card_arrival,0.7078,card_delivery_estimate,0.2892,card_about_to_expire,0.0004
My card has not arrived yet.,card_arrival,card_arrival,True,0.9991,card_arrival,0.9991,card_delivery_estimate,0.0002,verify_top_up,1e-04
When will I get my card?,card_arrival,card_delivery_estimate,False,0.9908,card_delivery_estimate,0.9908,card_arrival,0.0081,pending_top_up,1e-04
Do you know if there is a tracking number for the new card you sent me?,card_arrival,card_arrival,True,0.9991,card_arrival,0.9991,lost_or_stolen_card,1e-04,card_delivery_estimate,1e-04
i have not received my card,card_arrival,card_arrival,True,0.9939,card_arrival,0.9939,card_delivery_estimate,0.0046,order_physical_card,0.0003
still waiting on that card,card_arrival,card_arrival,True,0.9989,card_arrival,0.9989,card_delivery_estimate,0.0003,lost_or_stolen_card,1e-04
Is it normal to have to wait over a week for my new card?,card_arrival,card_arrival,True,0.9988,card_arrival,0.9988,card_delivery_estimate,0.0005,card_about_to_expire,1e-04
How do I track my card?,card_arrival,card_arrival,True,0.999,card_arrival,0.999,lost_or_stolen_card,0.0002,card_delivery_estimate,1e-04
How long does a card delivery take?,card_arrival,card_delivery_estimate,False,0.9935,card_delivery_estimate,0.9935,order_physical_card,0.0034,card_arrival,0.002
I still don't have my card after 2 weeks.  What should I do?,card_arrival,card_arrival,True,0.9982,card_arrival,0.9982,card_about_to_expire,0.0002,card_delivery_estimate,0.0002
still waiting on my new card,card_arrival,card_arrival,True,0.9991,card_arrival,0.9991,card_delivery_estimate,0.0002,card_about_to_expire,1e-04
I am still waiting for my card after 1 week.  Is this ok?,card_arrival,card_arrival,True,0.9978,card_arrival,0.9978,card_delivery_estimate,0.0003,balance_not_updated_after_cheque_or_cash_deposit,0.0003
"I have been waiting longer than expected for my bank card, could you provide information on when it will arrive?",card_arrival,card_arrival,True,0.9975,card_arrival,0.9975,verify_top_up,0.0004,pending_top_up,0.0003
I've been waiting longer than expected for my card.,card_arrival,card_arrival,True,0.9976,card_arrival,0.9976,card_delivery_estimate,0.001,pending_top_up,1e-04
Why hasn't my card been delivered?,card_arrival,card_arrival,True,0.9984,card_arrival,0.9984,card_delivery_estimate,0.0009,declined_card_payment,1e-04
Where is my new card? I have been waiting a week!,card_arrival,card_arrival,True,0.999,card_arrival,0.999,card_delivery_estimate,1e-04,balance_not_updated_after_cheque_or_cash_deposit,1e-04
My card still hasn't arrived after 2 weeks. Is it lost?,card_arrival,card_arrival,True,0.9988,card_arrival,0.9988,lost_or_stolen_card,0.0002,card_delivery_estimate,1e-04
"I did not get my card yet, is it lost?",card_arrival,card_arrival,True,0.9949,card_arrival,0.9949,lost_or_stolen_card,0.0027,card_delivery_estimate,0.0006
Status of the card I ordered.,card_arrival,card_arrival,True,0.6818,card_arrival,0.6818,lost_or_stolen_card,0.2453,order_physical_card,0.0258
How long should my new card take to arrive?,card_arrival,card_arrival,True,0.9992,card_arrival,0.9992,card_delivery_estimate,0.0002,lost_or_stolen_card,1e-04
I ordered my card 2 weeks ago and it still isn't here? What do I do?,card_arrival,card_arrival,True,0.9976,card_arrival,0.9976,card_delivery_estimate,0.0017,lost_or_stolen_card,1e-04
"My card has not arrived yet, where is it?",card_arrival,card_arrival,True,0.9991,card_arrival,0.9991,card_delivery_estimate,0.0004,lost_or_stolen_card,1e-04
What is the tracking number for my card that was mailed?,card_arrival,card_arrival,True,0.999,card_arrival,0.999,card_delivery_estimate,0.0002,verify_top_up,1e-04
I think something went wrong with my card delivery as I haven't received it yet.,card_arrival,card_arrival,True,0.9952,card_arrival,0.9952,card_delivery_estimate,0.0033,card_about_to_expire,0.0002
"I'm still waiting for delivery of my new card, why is it taking so long?",card_arrival,card_arrival,True,0.9992,card_arrival,0.9992,card_delivery_estimate,1e-04,lost_or_stolen_card,1e-04
"I ordered a card a week ago, and it's still not here. What do I do?",card_arrival,card_arrival,True,0.9972,card_arrival,0.9972,card_delivery_estimate,0.001,order_physical_card,0.0003
i want to track the card you sent,card_arrival,card_arrival,True,0.9992,card_arrival,0.9992,lost_or_stolen_card,1e-04,card_delivery_estimate,1e-04
My card hasn't arrived yet.,card_arrival,card_arrival,True,0.9991,card_arrival,0.9991,card_delivery_estimate,0.0002,lost_or_stolen_card,1e-04
I was expecting my new card and am wondering why I haven't received it yet?,card_arrival,card_arrival,True,0.9989,card_arrival,0.9989,card_delivery_estimate,0.0003,card_about_to_expire,0.0002
How do I know when my card will arrive?,card_arrival,card_delivery_estimate,False,0.991,card_delivery_estimate,0.991,card_arrival,0.0079,card_about_to_expire,0.0002
I'm still waiting on my card to be delivered.,card_arrival,card_arrival,True,0.9919,card_arrival,0.9919,card_delivery_estimate,0.0071,pending_top_up,1e-04
Does the card you sent have a way to track to it?,card_arrival,card_arrival,True,0.9992,card_arrival,0.9992,lost_or_stolen_card,1e-04,card_delivery_estimate,1e-04
I ordered a card and I still haven't received it. It's been two weeks. What can I do?,card_arrival,card_arrival,True,0.9975,card_arrival,0.9975,card_delivery_estimate,0.0008,card_about_to_expire,0.0007
"I'm starting to think my card is lost because it still hasn't arrived, can you help?",card_arrival,card_arrival,True,0.9828,card_arrival,0.9828,lost_or_stolen_card,0.0112,card_linking,0.0039
Is there tracking info available?,card_arrival,card_arrival,True,0.7021,card_arrival,0.7021,unable_to_verify_identity,0.1189,transfer_not_received_by_recipient,0.0538
What is the tracking number for the card you sent?,card_arrival,card_arrival,True,0.9992,card_arrival,0.9992,card_delivery_estimate,1e-04,lost_or_stolen_card,1e-04
Where is the tracking number for the card you sent me?,card_arrival,card_arrival,True,0.9992,card_arrival,0.9992,card_delivery_estimate,1e-04,lost_or_stolen_card,1e-04
Why won't my card show up on the app?,card_linking,card_linking,True,0.9973,card_linking,0.9973,lost_or_stolen_phone,0.0011,card_swallowed,0.0002
I would like to reactivate my card.,card_linking,card_linking,True,0.9988,card_linking,0.9988,activate_my_card,0.0004,card_swallowed,1e-04
Where do I link the new card?,card_linking,card_linking,True,0.9993,card_linking,0.9993,getting_virtual_card,1e-04,activate_my_card,1e-04
"I have received my card, can you help me put it in the app?",card_linking,card_linking,True,0.9989,card_linking,0.9989,lost_or_stolen_phone,0.0002,getting_virtual_card,0.0002
How do I link a card that I already have?,card_linking,card_linking,True,0.9993,card_linking,0.9993,getting_virtual_card,1e-04,order_physical_card,1e-04
"I received my new card, but I don't see it in the app anywhere.  What do I do?",card_linking,card_linking,True,0.9991,card_linking,0.9991,getting_virtual_card,1e-04,activate_my_card,1e-04
How do I re-add a card to the app?,card_linking,card_linking,True,0.9992,card_linking,0.9992,lost_or_stolen_phone,1e-04,getting_virtual_card,1e-04
How do I add the card to my account?,card_linking,card_linking,True,0.9702,card_linking,0.9702,order_physical_card,0.0113,topping_up_by_card,0.0035
Can I put my old card back into the system? I just found it/,card_linking,card_linking,True,0.9971,card_linking,0.9971,activate_my_card,0.0008,card_swallowed,0.0005
"I have one of your cards already, how do I link it?",card_linking,card_linking,True,0.9993,card_linking,0.9993,getting_virtual_card,1e-04,activate_my_card,1e-04
How do I link a new card?,card_linking,card_linking,True,0.9993,card_linking,0.9993,getting_virtual_card,1e-04,activate_my_card,1e-04
Can I link an existing card?,card_linking,card_linking,True,0.9992,card_linking,0.9992,getting_virtual_card,1e-04,contactless_not_working,1e-04
How do I link one your card if I have one already?,card_linking,card_linking,True,0.9992,card_linking,0.9992,getting_virtual_card,1e-04,order_physical_card,1e-04
How do I add a card to the app?,card_linking,card_linking,True,0.9991,card_linking,0.9991,getting_virtual_card,1e-04,lost_or_stolen_phone,1e-04
Can I link my new card?,card_linking,card_linking,True,0.9992,card_linking,0.9992,activate_my_card,0.0002,lost_or_stolen_phone,1e-04
"Hello, I found the card I misplaced and I need to reactive it, how do I do that?",card_linking,card_linking,True,0.9968,card_linking,0.9968,lost_or_stolen_card,0.0016,card_arrival,0.0005
Can you tell me how to link one of your cards that I already have?,card_linking,card_linking,True,0.9993,card_linking,0.9993,getting_virtual_card,1e-04,activate_my_card,1e-04
How do I view the card I received in the app?,card_linking,card_linking,True,0.999,card_linking,0.999,getting_virtual_card,0.0003,lost_or_stolen_phone,1e-04
Where on the website do I go to link my card?,card_linking,card_linking,True,0.9989,card_linking,0.9989,getting_virtual_card,1e-04,terminate_account,1e-04
"I found my card, can I add it to the app?",card_linking,card_linking,True,0.9988,card_linking,0.9988,getting_virtual_card,1e-04,card_arrival,1e-04
How do I link to my credit card with you?,card_linking,card_linking,True,0.9973,card_linking,0.9973,lost_or_stolen_phone,0.0004,terminate_account,0.0003
I've received my card so now I need to know how to sync it to the app.,card_linking,card_linking,True,0.9566,card_linking,0.9566,lost_or_stolen_phone,0.0305,activate_my_card,0.0028
"I found my card, I would like to reactivate it.",card_linking,card_linking,True,0.9993,card_linking,0.9993,activate_my_card,1e-04,card_swallowed,0.0
How do I link this new card?,card_linking,card_linking,True,0.9993,card_linking,0.9993,activate_my_card,1e-04,card_swallowed,1e-04
Can I reactivate my lost card that I found this morning in my jacket pocket?,card_linking,card_linking,True,0.9993,card_linking,0.9993,lost_or_stolen_card,1e-04,activate_my_card,1e-04
how do I link an already existing card?,card_linking,card_linking,True,0.9994,card_linking,0.9994,getting_virtual_card,1e-04,activate_my_card,1e-04
The app doesn't show the card I received.,card_linking,card_arrival,False,0.9225,card_arrival,0.9225,card_linking,0.0551,lost_or_stolen_card,0.0053
how do I link a card I already have?,card_linking,card_linking,True,0.9993,card_linking,0.9993,getting_virtual_card,1e-04,card_swallowed,0.0
I would like to link my card. How do I do it?,card_linking,card_linking,True,0.9993,card_linking,0.9993,lost_or_stolen_phone,1e-04,getting_virtual_card,1e-04
Can you please show me where I can find the location to link my card?,card_linking,card_linking,True,0.9993,card_linking,0.9993,getting_virtual_card,1e-04,lost_or_stolen_card,1e-04
Where do I go if I want to link my new card?,card_linking,card_linking,True,0.9993,card_linking,0.9993,activate_my_card,1e-04,getting_virtual_card,1e-04
Is there a way to make my old card usable with the app?,card_linking,card_linking,True,0.8422,card_linking,0.8422,card_not_working,0.0723,activate_my_card,0.0378
Can I reactivate a card I thought I lost?,card_linking,card_linking,True,0.9992,card_linking,0.9992,getting_virtual_card,1e-04,lost_or_stolen_card,1e-04
How do I link my card,card_linking,card_linking,True,0.9992,card_linking,0.9992,getting_virtual_card,1e-04,lost_or_stolen_phone,1e-04
Where do I need to go in the app to enter my card info?,card_linking,card_linking,True,0.9983,card_linking,0.9983,compromised_card,0.0004,lost_or_stolen_phone,0.0002
I have found my lost or stolen card. Is there a way I can link the card with my account through my app again?,card_linking,card_linking,True,0.9993,card_linking,0.9993,lost_or_stolen_card,1e-04,getting_virtual_card,1e-04
"Could you help me reactivate my card? It was previously lost, but I found it this morning in my jacket.",card_linking,card_linking,True,0.9993,card_linking,0.9993,activate_my_card,1e-04,getting_virtual_card,1e-04
"I already have one of your cards, how do I link them?",card_linking,card_linking,True,0.9991,card_linking,0.9991,getting_virtual_card,0.0002,order_physical_card,1e-04
How do I link my replacement card?,card_linking,card_linking,True,0.9993,card_linking,0.9993,activate_my_card,1e-04,card_swallowed,1e-04
Can I link another card to my account?,card_linking,getting_spare_card,False,0.9547,getting_spare_card,0.9547,card_linking,0.0338,getting_virtual_card,0.0058
I need to know your exchange rates.,exchange_rate,exchange_rate,True,0.9993,exchange_rate,0.9993,exchange_charge,1e-04,transfer_timing,0.0
What exchange rates do you offer?,exchange_rate,exchange_rate,True,0.9986,exchange_rate,0.9986,exchange_charge,0.0006,top_up_by_card_charge,1e-04
How did you come up with your exchange rates?,exchange_rate,exchange_rate,True,0.9975,exchange_rate,0.9975,wrong_exchange_rate_for_cash_withdrawal,0.0009,card_payment_wrong_exchange_rate,0.0002
Where do you guys acquire your exchange rate?,exchange_rate,exchange_rate,True,0.9989,exchange_rate,0.9989,exchange_charge,0.0003,card_payment_wrong_exchange_rate,1e-04
How do I find the exchange rate?,exchange_rate,exchange_rate,True,0.9992,exchange_rate,0.9992,exchange_charge,0.0,verify_my_identity,0.0
What are your international exchange rates?,exchange_rate,exchange_rate,True,0.9993,exchange_rate,0.9993,exchange_charge,1e-04,transfer_timing,0.0
How often do your exchange rates change,exchange_rate,exchange_rate,True,0.9982,exchange_rate,0.9982,exchange_charge,0.0005,wrong_exchange_rate_for_cash_withdrawal,0.0004
Please advise what is the exchange rate,exchange_rate,exchange_rate,True,0.999,exchange_rate,0.999,exchange_charge,0.0003,top_up_by_card_charge,1e-04
How are exchange rates calculated?,exchange_rate,exchange_rate,True,0.9993,exchange_rate,0.9993,exchange_charge,1e-04,top_up_by_card_charge,0.0
what are exchange rates based on,exchange_rate,exchange_rate,True,0.9992,exchange_rate,0.9992,exchange_charge,0.0003,top_up_by_card_charge,0.0
what are exchange rates,exchange_rate,exchange_rate,True,0.9992,exchange_rate,0.9992,exchange_charge,0.0003,top_up_by_card_charge,0.0
What are the most current exchange rates?,exchange_rate,exchange_rate,True,0.9992,exchange_rate,0.9992,exchange_charge,1e-04,top_up_by_card_charge,0.0
Can you explain your exchange rate policy to me?,exchange_rate,exchange_rate,True,0.9993,exchange_rate,0.9993,exchange_charge,1e-04,card_payment_wrong_exchange_rate,0.0
Is it a good time to exchange?,exchange_rate,exchange_rate,True,0.6333,exchange_rate,0.6333,card_payment_wrong_exchange_rate,0.0687,exchange_charge,0.0678
What is the exchange rate like on this app?,exchange_rate,exchange_rate,True,0.9984,exchange_rate,0.9984,card_payment_wrong_exchange_rate,0.0006,exchange_charge,0.0002
Do you have a list of exchange rates?,exchange_rate,exchange_rate,True,0.9993,exchange_rate,0.9993,exchange_charge,1e-04,transfer_timing,0.0
Can you tell me where you get your exchange rates?,exchange_rate,exchange_rate,True,0.9993,exchange_rate,0.9993,exchange_charge,1e-04,transfer_timing,0.0
Will I get a curreng foreign exchange rate?,exchange_rate,exchange_rate,True,0.941,exchange_rate,0.941,exchange_charge,0.0555,exchange_via_app,0.0005
What currencies is an exchange rate calculated in?,exchange_rate,exchange_rate,True,0.9928,exchange_rate,0.9928,exchange_charge,0.0041,fiat_currency_support,0.0014
Where do you get your exchange rates from?,exchange_rate,exchange_rate,True,0.9993,exchange_rate,0.9993,exchange_charge,1e-04,verify_my_identity,0.0
What is the base of the exchange rates?,exchange_rate,exchange_rate,True,0.9992,exchange_rate,0.9992,exchange_charge,1e-04,transfer_timing,0.0
What exchange rate do you use?,exchange_rate,exchange_rate,True,0.9988,exchange_rate,0.9988,exchange_charge,0.0003,top_up_by_card_charge,1e-04
The exchange rates are?,exchange_rate,exchange_rate,True,0.9992,exchange_rate,0.9992,exchange_charge,0.0002,transfer_timing,1e-04
What do you base your exchange rates on?,exchange_rate,exchange_rate,True,0.9994,exchange_rate,0.9994,exchange_charge,1e-04,top_up_by_card_charge,0.0
What foreign exchange rate will you use?,exchange_rate,exchange_rate,True,0.9983,exchange_rate,0.9983,exchange_charge,0.0006,top_up_by_card_charge,1e-04
How much will I get with the exchange rate?,exchange_rate,exchange_rate,True,0.9958,exchange_rate,0.9958,exchange_charge,0.003,top_up_by_card_charge,1e-04
The exchange rate would be?,exchange_rate,exchange_rate,True,0.9989,exchange_rate,0.9989,exchange_charge,0.0002,top_up_by_card_charge,1e-04
What is the exchange rate like?,exchange_rate,exchange_rate,True,0.999,exchange_rate,0.999,exchange_charge,0.0002,top_up_by_card_charge,1e-04
How do your exchange rates work?,exchange_rate,exchange_rate,True,0.9992,exchange_rate,0.9992,exchange_charge,1e-04,top_up_by_card_charge,0.0
what is the exchange rate?,exchange_rate,exchange_rate,True,0.9992,exchange_rate,0.9992,exchange_charge,1e-04,transfer_timing,1e-04
Where did your guys exchange rates come from?,exchange_rate,exchange_rate,True,0.9936,exchange_rate,0.9936,wrong_exchange_rate_for_cash_withdrawal,0.0041,card_payment_wrong_exchange_rate,0.0003
How are you determining your exchange rates?,exchange_rate,exchange_rate,True,0.9992,exchange_rate,0.9992,exchange_charge,1e-04,verify_my_identity,0.0
I'm trying to figure out the current exchange rate.,exchange_rate,exchange_rate,True,0.9992,exchange_rate,0.9992,wrong_exchange_rate_for_cash_withdrawal,1e-04,exchange_charge,1e-04
From where are you getting your exchange rates?,exchange_rate,exchange_rate,True,0.9992,exchange_rate,0.9992,exchange_charge,1e-04,transfer_timing,0.0
Can you tell me the foreign exchange rate?,exchange_rate,exchange_rate,True,0.9994,exchange_rate,0.9994,exchange_charge,1e-04,card_payment_wrong_exchange_rate,0.0
why do your exchange rates change,exchange_rate,exchange_rate,True,0.9806,exchange_rate,0.9806,wrong_exchange_rate_for_cash_withdrawal,0.0148,card_payment_wrong_exchange_rate,0.0017
What kind of foreign exchange rate will I get when I exchange my money?,exchange_rate,exchange_rate,True,0.987,exchange_rate,0.987,wrong_exchange_rate_for_cash_withdrawal,0.0085,exchange_charge,0.0017
What is my foreign exchange rate?,exchange_rate,exchange_rate,True,0.9993,exchange_rate,0.9993,exchange_charge,1e-04,transfer_timing,1e-04
when does the rate get determined,exchange_rate,exchange_rate,True,0.9908,exchange_rate,0.9908,card_payment_wrong_exchange_rate,0.0036,wrong_exchange_rate_for_cash_withdrawal,0.0014
What is the current exchange rate for me?,exchange_rate,exchange_rate,True,0.9993,exchange_rate,0.9993,card_payment_wrong_exchange_rate,1e-04,wrong_exchange_rate_for_cash_withdrawal,1e-04
I purchased something in a foreign currency but the rate applied is wrong,card_payment_wrong_exchange_rate,card_payment_wrong_exchange_rate,True,0.998,card_payment_wrong_exchange_rate,0.998,extra_charge_on_statement,0.0012,exchange_charge,1e-04
I made a currency exchange and think I was charged more than I should of been.,card_payment_wrong_exchange_rate,card_payment_wrong_exchange_rate,True,0.8552,card_payment_wrong_exchange_rate,0.8552,exchange_charge,0.1388,wrong_exchange_rate_for_cash_withdrawal,0.0034
the card payment exchange rate is wrong,card_payment_wrong_exchange_rate,card_payment_wrong_exchange_rate,True,0.9985,card_payment_wrong_exchange_rate,0.9985,exchange_charge,0.0004,wrong_exchange_rate_for_cash_withdrawal,0.0002
The exchange rate was wrong when I bought something outside the country.,card_payment_wrong_exchange_rate,card_payment_wrong_exchange_rate,True,0.9975,card_payment_wrong_exchange_rate,0.9975,wrong_exchange_rate_for_cash_withdrawal,0.0019,exchange_charge,1e-04
The exchange rate on my purchase is wrong.,card_payment_wrong_exchange_rate,card_payment_wrong_exchange_rate,True,0.9993,card_payment_wrong_exchange_rate,0.9993,wrong_exchange_rate_for_cash_withdrawal,1e-04,extra_charge_on_statement,1e-04
This rate is too low. Are you sure your using the right exchange rate.,card_payment_wrong_exchange_rate,wrong_exchange_rate_for_cash_withdrawal,False,0.5072,wrong_exchange_rate_for_cash_withdrawal,0.5072,card_payment_wrong_exchange_rate,0.4606,exchange_rate,0.0283
"I bought something, but the exchange rate looks wrong.",card_payment_wrong_exchange_rate,card_payment_wrong_exchange_rate,True,0.9993,card_payment_wrong_exchange_rate,0.9993,extra_charge_on_statement,1e-04,wrong_exchange_rate_for_cash_withdrawal,1e-04
The rate applied to my foreign purchase was incorrect,card_payment_wrong_exchange_rate,card_payment_wrong_exchange_rate,True,0.9992,card_payment_wrong_exchange_rate,0.9992,wrong_exchange_rate_for_cash_withdrawal,0.0002,exchange_charge,1e-04
I bought something in a foreign currency but the rate applied is wrong!,card_payment_wrong_exchange_rate,card_payment_wrong_exchange_rate,True,0.9986,card_payment_wrong_exchange_rate,0.9986,extra_charge_on_statement,0.0006,direct_debit_payment_not_recognised,1e-04
My exchange went wrong. I swapped Russian Ruble for UK pounds and was charged too much.,card_payment_wrong_exchange_rate,card_payment_wrong_exchange_rate,True,0.999,card_payment_wrong_exchange_rate,0.999,wrong_exchange_rate_for_cash_withdrawal,0.0003,extra_charge_on_statement,0.0002
You did not apply the correct exchange rate for an item that I bought.,card_payment_wrong_exchange_rate,card_payment_wrong_exchange_rate,True,0.9991,card_payment_wrong_exchange_rate,0.9991,extra_charge_on_statement,0.0003,wrong_exchange_rate_for_cash_withdrawal,1e-04
The rate of exchange for my card payment is incorrect,card_payment_wrong_exchange_rate,card_payment_wrong_exchange_rate,True,0.999,card_payment_wrong_exchange_rate,0.999,extra_charge_on_statement,0.0002,exchange_charge,0.0002
The rate for a currency exchange was wrong when I bought something.,card_payment_wrong_exchange_rate,card_payment_wrong_exchange_rate,True,0.9991,card_payment_wrong_exchange_rate,0.9991,extra_charge_on_statement,0.0002,exchange_charge,1e-04
Why is the exchange rate wrong when I purchase something abroad?,card_payment_wrong_exchange_rate,card_payment_wrong_exchange_rate,True,0.9991,card_payment_wrong_exchange_rate,0.9991,wrong_exchange_rate_for_cash_withdrawal,0.0002,exchange_charge,0.0002
I bought an item and noticed the exchange rate was not correct.,card_payment_wrong_exchange_rate,card_payment_wrong_exchange_rate,True,0.9993,card_payment_wrong_exchange_rate,0.9993,extra_charge_on_statement,0.0002,wrong_exchange_rate_for_cash_withdrawal,1e-04
I bought something overseas and the wrong exchange rate is on my statement.,card_payment_wrong_exchange_rate,card_payment_wrong_exchange_rate,True,0.9992,card_payment_wrong_exchange_rate,0.9992,extra_charge_on_statement,0.0003,wrong_exchange_rate_for_cash_withdrawal,1e-04
The exchange rate for my transaction last Saturday seems to have been wrong I got charged extra.  Please fix.,card_payment_wrong_exchange_rate,card_payment_wrong_exchange_rate,True,0.9876,card_payment_wrong_exchange_rate,0.9876,wrong_exchange_rate_for_cash_withdrawal,0.0107,exchange_charge,0.0003
Why is your exchange rate for my card payment wrong,card_payment_wrong_exchange_rate,card_payment_wrong_exchange_rate,True,0.9992,card_payment_wrong_exchange_rate,0.9992,wrong_exchange_rate_for_cash_withdrawal,1e-04,extra_charge_on_statement,1e-04
Why am I being charged more ?,card_payment_wrong_exchange_rate,card_payment_fee_charged,False,0.8738,card_payment_fee_charged,0.8738,transfer_fee_charged,0.0749,transaction_charged_twice,0.0342
I purchased an item and the exchange rate I was given was incorrect.,card_payment_wrong_exchange_rate,card_payment_wrong_exchange_rate,True,0.9992,card_payment_wrong_exchange_rate,0.9992,extra_charge_on_statement,0.0002,wrong_exchange_rate_for_cash_withdrawal,1e-04
I don't think my card payment exchange rate is correct.,card_payment_wrong_exchange_rate,card_payment_wrong_exchange_rate,True,0.9988,card_payment_wrong_exchange_rate,0.9988,wrong_exchange_rate_for_cash_withdrawal,0.0003,exchange_rate,0.0002
"When I made a purchase last Saturday, I was charged extra. Did I receive the right exchange rate?",card_payment_wrong_exchange_rate,card_payment_wrong_exchange_rate,True,0.9923,card_payment_wrong_exchange_rate,0.9923,exchange_charge,0.0064,wrong_exchange_rate_for_cash_withdrawal,0.0004
They charged me wrong for a currency exchange on a purchase.,card_payment_wrong_exchange_rate,card_payment_wrong_exchange_rate,True,0.998,card_payment_wrong_exchange_rate,0.998,exchange_charge,0.0008,extra_charge_on_statement,0.0004
I believe my card payment exchange rate is incorrect.,card_payment_wrong_exchange_rate,card_payment_wrong_exchange_rate,True,0.9972,card_payment_wrong_exchange_rate,0.9972,wrong_exchange_rate_for_cash_withdrawal,0.0016,exchange_charge,0.0002
"Hi, I have been overcharged for my payment last Saturday. I guess exchange rate was wrong.",card_payment_wrong_exchange_rate,card_payment_wrong_exchange_rate,True,0.9985,card_payment_wrong_exchange_rate,0.9985,wrong_exchange_rate_for_cash_withdrawal,0.0006,transaction_charged_twice,0.0002
The exchange rate seems off on this transaction,card_payment_wrong_exchange_rate,wrong_exchange_rate_for_cash_withdrawal,False,0.9416,wrong_exchange_rate_for_cash_withdrawal,0.9416,card_payment_wrong_exchange_rate,0.0554,exchange_rate,0.0008
"The exchange rate given to me wasn't correct, after i purchased an item",card_payment_wrong_exchange_rate,card_payment_wrong_exchange_rate,True,0.9992,card_payment_wrong_exchange_rate,0.9992,extra_charge_on_statement,0.0002,wrong_exchange_rate_for_cash_withdrawal,1e-04
"Hi, I don't think your exchange rate is right. I need you to check the official interbank exchange please.",card_payment_wrong_exchange_rate,exchange_rate,False,0.4939,exchange_rate,0.4939,card_payment_wrong_exchange_rate,0.3907,wrong_exchange_rate_for_cash_withdrawal,0.1018
I'm pretty sure something went wrong with my exchange. I changed Russian Ruble to UK pounds and was charged way too much!,card_payment_wrong_exchange_rate,card_payment_wrong_exchange_rate,True,0.9989,card_payment_wrong_exchange_rate,0.9989,wrong_exchange_rate_for_cash_withdrawal,0.0003,extra_charge_on_statement,0.0002
I wasn't applied the correct exchange rate for an item I bought,card_payment_wrong_exchange_rate,card_payment_wrong_exchange_rate,True,0.9993,card_payment_wrong_exchange_rate,0.9993,extra_charge_on_statement,0.0002,wrong_exchange_rate_for_cash_withdrawal,1e-04
the conversion value for my card payments is incorrect.,card_payment_wrong_exchange_rate,card_payment_wrong_exchange_rate,True,0.5787,card_payment_wrong_exchange_rate,0.5787,reverted_card_payment?,0.3313,pending_top_up,0.0081
The wrong exchange rate was used when I bought something with a foriegn currency.,card_payment_wrong_exchange_rate,card_payment_wrong_exchange_rate,True,0.999,card_payment_wrong_exchange_rate,0.999,extra_charge_on_statement,0.0002,exchange_charge,1e-04
I paid for something in foreign currency but noticed the exchange rate is incorrect.,card_payment_wrong_exchange_rate,card_payment_wrong_exchange_rate,True,0.9989,card_payment_wrong_exchange_rate,0.9989,extra_charge_on_statement,0.0004,exchange_charge,0.0003
The incorrect rate was used in my foreign purchase,card_payment_wrong_exchange_rate,card_payment_wrong_exchange_rate,True,0.9992,card_payment_wrong_exchange_rate,0.9992,wrong_exchange_rate_for_cash_withdrawal,0.0002,exchange_charge,1e-04
Why was the exchange rate incorrect for an item I recently bought?,card_payment_wrong_exchange_rate,card_payment_wrong_exchange_rate,True,0.9992,card_payment_wrong_exchange_rate,0.9992,extra_charge_on_statement,0.0002,wrong_exchange_rate_for_cash_withdrawal,1e-04
Why is my exchange rate wrong for an item I bought?,card_payment_wrong_exchange_rate,card_payment_wrong_exchange_rate,True,0.9992,card_payment_wrong_exchange_rate,0.9992,extra_charge_on_statement,0.0003,wrong_exchange_rate_for_cash_withdrawal,1e-04
How can I check the exchange rate applied to my transaction?,card_payment_wrong_exchange_rate,exchange_rate,False,0.9918,exchange_rate,0.9918,wrong_exchange_rate_for_cash_withdrawal,0.0036,exchange_via_app,0.0008
Your exchange rate is totally wrong for my card payment,card_payment_wrong_exchange_rate,card_payment_wrong_exchange_rate,True,0.9989,card_payment_wrong_exchange_rate,0.9989,wrong_exchange_rate_for_cash_withdrawal,0.0003,extra_charge_on_statement,1e-04
The wrong rate was applied to an item I bought in a currency different from mine. Can this be changed?,card_payment_wrong_exchange_rate,card_payment_wrong_exchange_rate,True,0.9972,card_payment_wrong_exchange_rate,0.9972,extra_charge_on_statement,0.0013,exchange_charge,0.0004
I go the wrong exchange rate applied to my purchase in a foreign country.,card_payment_wrong_exchange_rate,card_payment_wrong_exchange_rate,True,0.9993,card_payment_wrong_exchange_rate,0.9993,wrong_exchange_rate_for_cash_withdrawal,1e-04,extra_charge_on_statement,1e-04
My statement has a dollar I have been charged showing up on it.,extra_charge_on_statement,extra_charge_on_statement,True,0.9993,extra_charge_on_statement,0.9993,cash_withdrawal_charge,1e-04,wrong_amount_of_cash_received,1e-04
Why is there a fee for an extra pound in my statement?,extra_charge_on_statement,extra_charge_on_statement,True,0.9994,extra_charge_on_statement,0.9994,card_payment_wrong_exchange_rate,1e-04,cash_withdrawal_charge,1e-04
I'm not okay with this fee on my statement.,extra_charge_on_statement,extra_charge_on_statement,True,0.9971,extra_charge_on_statement,0.9971,card_payment_wrong_exchange_rate,0.0005,card_payment_fee_charged,0.0005
Why is there an extra dollar charged to my account?,extra_charge_on_statement,extra_charge_on_statement,True,0.9991,extra_charge_on_statement,0.9991,cash_withdrawal_charge,0.0002,wrong_amount_of_cash_received,1e-04
There is a fee I don't recognize on my statement.,extra_charge_on_statement,extra_charge_on_statement,True,0.999,extra_charge_on_statement,0.999,card_payment_fee_charged,0.0002,direct_debit_payment_not_recognised,1e-04
I would like a refund on the extra pound I was charged.,extra_charge_on_statement,extra_charge_on_statement,True,0.9958,extra_charge_on_statement,0.9958,request_refund,0.0028,cash_withdrawal_charge,0.0002
Can you explain what this random $1 charge is?,extra_charge_on_statement,extra_charge_on_statement,True,0.9994,extra_charge_on_statement,0.9994,cash_withdrawal_charge,1e-04,card_payment_wrong_exchange_rate,1e-04
What is this $1 charge on my statement?,extra_charge_on_statement,extra_charge_on_statement,True,0.9994,extra_charge_on_statement,0.9994,card_payment_wrong_exchange_rate,1e-04,cash_withdrawal_charge,0.0
Why does my statement have these extra charges?,extra_charge_on_statement,extra_charge_on_statement,True,0.9805,extra_charge_on_statement,0.9805,card_payment_fee_charged,0.0039,card_payment_wrong_exchange_rate,0.003
"I do not remember purchasing anything for 1£, and it is on my statement. Can you please tell me what that is about?",extra_charge_on_statement,extra_charge_on_statement,True,0.9993,extra_charge_on_statement,0.9993,direct_debit_payment_not_recognised,1e-04,card_payment_wrong_exchange_rate,1e-04
I can see an extra 1£ charge on my app. Why did you charge me extra?,extra_charge_on_statement,extra_charge_on_statement,True,0.9992,extra_charge_on_statement,0.9992,wrong_amount_of_cash_received,1e-04,cash_withdrawal_charge,1e-04
Can you tell me why I noticed a $1 charge on my statement?,extra_charge_on_statement,extra_charge_on_statement,True,0.9994,extra_charge_on_statement,0.9994,card_payment_wrong_exchange_rate,1e-04,cash_withdrawal_charge,1e-04
When will the $1 transaction be credited to me?,extra_charge_on_statement,extra_charge_on_statement,True,0.9933,extra_charge_on_statement,0.9933,wrong_amount_of_cash_received,0.0047,card_payment_wrong_exchange_rate,0.0003
Where did this fee come from?,extra_charge_on_statement,card_payment_fee_charged,False,0.9992,card_payment_fee_charged,0.9992,extra_charge_on_statement,0.0002,cash_withdrawal_charge,1e-04
"I noticed an extra $1 charge on my statement, can you tell me why that is?",extra_charge_on_statement,extra_charge_on_statement,True,0.9994,extra_charge_on_statement,0.9994,card_payment_wrong_exchange_rate,1e-04,cash_withdrawal_charge,1e-04
There is an extra $1 charge,extra_charge_on_statement,extra_charge_on_statement,True,0.9992,extra_charge_on_statement,0.9992,cash_withdrawal_charge,1e-04,card_payment_fee_charged,1e-04
I need information about an extra €1 fee in my statement.,extra_charge_on_statement,extra_charge_on_statement,True,0.9994,extra_charge_on_statement,0.9994,card_payment_wrong_exchange_rate,1e-04,wrong_amount_of_cash_received,1e-04
Why is there an extra 1 pound charge on my card?,extra_charge_on_statement,extra_charge_on_statement,True,0.9992,extra_charge_on_statement,0.9992,cash_withdrawal_charge,1e-04,wrong_amount_of_cash_received,1e-04
Why are there so many fees on my statement?,extra_charge_on_statement,extra_charge_on_statement,True,0.6946,extra_charge_on_statement,0.6946,card_payment_fee_charged,0.298,card_payment_wrong_exchange_rate,0.0019
What would be the reason there's an extra fee on my statement?,extra_charge_on_statement,extra_charge_on_statement,True,0.9994,extra_charge_on_statement,0.9994,card_payment_fee_charged,1e-04,card_payment_wrong_exchange_rate,1e-04
Where did this 1 euro fee come from?,extra_charge_on_statement,extra_charge_on_statement,True,0.9943,extra_charge_on_statement,0.9943,exchange_charge,0.0014,fiat_currency_support,0.001
I got a extra €1 fee in my statement,extra_charge_on_statement,extra_charge_on_statement,True,0.9994,extra_charge_on_statement,0.9994,wrong_amount_of_cash_received,1e-04,cash_withdrawal_charge,1e-04
I have a 1 euro fee on my statement.,extra_charge_on_statement,extra_charge_on_statement,True,0.9992,extra_charge_on_statement,0.9992,card_payment_wrong_exchange_rate,1e-04,wrong_amount_of_cash_received,1e-04
Why was I overcharged a pound!?,extra_charge_on_statement,extra_charge_on_statement,True,0.9991,extra_charge_on_statement,0.9991,card_payment_wrong_exchange_rate,0.0002,wrong_amount_of_cash_received,1e-04
"Something went wrong, I was charged an extra pound?",extra_charge_on_statement,extra_charge_on_statement,True,0.9993,extra_charge_on_statement,0.9993,card_payment_wrong_exchange_rate,1e-04,cash_withdrawal_charge,1e-04
Where did the extra fee on my statement come from?,extra_charge_on_statement,extra_charge_on_statement,True,0.9992,extra_charge_on_statement,0.9992,card_payment_fee_charged,0.0002,card_payment_wrong_exchange_rate,1e-04
There is an extra charge on my app that I was not told about or I was aware of!,extra_charge_on_statement,extra_charge_on_statement,True,0.8236,extra_charge_on_statement,0.8236,card_payment_fee_charged,0.0901,direct_debit_payment_not_recognised,0.0705
I am seeing an extra fee on my statement what is that for?,extra_charge_on_statement,extra_charge_on_statement,True,0.9993,extra_charge_on_statement,0.9993,card_payment_fee_charged,1e-04,card_payment_wrong_exchange_rate,1e-04
What is this €1 fee in my statement?,extra_charge_on_statement,extra_charge_on_statement,True,0.9994,extra_charge_on_statement,0.9994,card_payment_wrong_exchange_rate,1e-04,card_payment_fee_charged,0.0
"I am a new customer, and I happened to look at my app and there is a charge I am not familiar with.  Could you tell me why the extra charge is there?",extra_charge_on_statement,direct_debit_payment_not_recognised,False,0.9937,direct_debit_payment_not_recognised,0.9937,card_payment_not_recognised,0.002,extra_charge_on_statement,0.0018
For some reason my account's been charged an extra dollar.,extra_charge_on_statement,extra_charge_on_statement,True,0.9992,extra_charge_on_statement,0.9992,cash_withdrawal_charge,1e-04,card_payment_wrong_exchange_rate,1e-04
There is a transaction for $1 and I don't know why it was charged.,extra_charge_on_statement,extra_charge_on_statement,True,0.9993,extra_charge_on_statement,0.9993,cash_withdrawal_charge,0.0002,card_payment_wrong_exchange_rate,1e-04
"Can you help me with a weird charge?  It's a pound charge that never goes away from the statement view on the app I'm using.  It's not described as anything but ""Pending"", and that status has never changed during the last two days.",extra_charge_on_statement,extra_charge_on_statement,True,0.9993,extra_charge_on_statement,0.9993,card_payment_wrong_exchange_rate,1e-04,request_refund,1e-04
What is the purpose of the extra fee that is showing up on my statement?,extra_charge_on_statement,extra_charge_on_statement,True,0.9984,extra_charge_on_statement,0.9984,card_payment_fee_charged,0.0009,card_payment_wrong_exchange_rate,1e-04
"$1 extra has been charged on my statement, why is that?",extra_charge_on_statement,extra_charge_on_statement,True,0.9994,extra_charge_on_statement,0.9994,card_payment_wrong_exchange_rate,1e-04,cash_withdrawal_charge,0.0
What is the extra  €1 fee in my statement,extra_charge_on_statement,extra_charge_on_statement,True,0.9993,extra_charge_on_statement,0.9993,wrong_amount_of_cash_received,1e-04,card_payment_wrong_exchange_rate,1e-04
"It's been two weeks, why has the transaction for $1.00 not been reversed?",extra_charge_on_statement,extra_charge_on_statement,True,0.9938,extra_charge_on_statement,0.9938,wrong_amount_of_cash_received,0.0042,cash_withdrawal_charge,0.0003
What is the €1 fee for?,extra_charge_on_statement,extra_charge_on_statement,True,0.9988,extra_charge_on_statement,0.9988,top_up_by_card_charge,0.0002,cash_withdrawal_charge,0.0002
I'm quite confused as to what is going on. There is some odd extra pound charge on my statement in the app that's just listed as pending and doesn't go away since a couple days.,extra_charge_on_statement,extra_charge_on_statement,True,0.9993,extra_charge_on_statement,0.9993,card_payment_wrong_exchange_rate,1e-04,direct_debit_payment_not_recognised,1e-04
Can you please check why I am having this extra fee on my statement.,extra_charge_on_statement,extra_charge_on_statement,True,0.9991,extra_charge_on_statement,0.9991,card_payment_fee_charged,0.0003,card_payment_wrong_exchange_rate,1e-04
My withdrawl is still pending.  Why?,pending_cash_withdrawal,pending_cash_withdrawal,True,0.9989,pending_cash_withdrawal,0.9989,cash_withdrawal_charge,0.0002,pending_card_payment,1e-04
My card was denied at an ATM earlier today but the transaction is pending. Please cancel it as I did not receive my money.,pending_cash_withdrawal,pending_cash_withdrawal,True,0.9992,pending_cash_withdrawal,0.9992,cash_withdrawal_not_recognised,1e-04,cash_withdrawal_charge,1e-04
My transaction is still showing that is pending from my cash withdrawal.,pending_cash_withdrawal,pending_cash_withdrawal,True,0.9991,pending_cash_withdrawal,0.9991,pending_card_payment,0.0002,pending_transfer,1e-04
"Hey I tried to get some money out earlier but the machine didn't work. Now just saw the transaction still seems in progress! Can you please check what's going there, seems something is broken, I don't want to be charged for money that I haven't actually received!",pending_cash_withdrawal,pending_cash_withdrawal,True,0.9991,pending_cash_withdrawal,0.9991,cash_withdrawal_charge,0.0002,declined_cash_withdrawal,1e-04
How long does the cash withdrawal take to pend?,pending_cash_withdrawal,pending_cash_withdrawal,True,0.9952,pending_cash_withdrawal,0.9952,wrong_exchange_rate_for_cash_withdrawal,0.0018,contactless_not_working,0.0003
Why is it taking so long for my cash withdrawal to no longer show as pending?,pending_cash_withdrawal,pending_cash_withdrawal,True,0.9994,pending_cash_withdrawal,0.9994,pending_card_payment,1e-04,cash_withdrawal_charge,1e-04
"I tried taking money from the ATM but no money came out, but the transaction is still pending? How is this possible?",pending_cash_withdrawal,pending_cash_withdrawal,True,0.9993,pending_cash_withdrawal,0.9993,cash_withdrawal_charge,1e-04,wrong_amount_of_cash_received,1e-04
"I got some cash of an ATM earlier but this shows up as pending in the app. How can this be still pending, I've got the cash already?",pending_cash_withdrawal,pending_cash_withdrawal,True,0.9993,pending_cash_withdrawal,0.9993,cash_withdrawal_not_recognised,1e-04,pending_card_payment,1e-04
Why is my withdrawal still pending?,pending_cash_withdrawal,pending_cash_withdrawal,True,0.9993,pending_cash_withdrawal,0.9993,cash_withdrawal_charge,1e-04,pending_card_payment,1e-04
Are you sure when the withdrawal will show?,pending_cash_withdrawal,pending_cash_withdrawal,True,0.9991,pending_cash_withdrawal,0.9991,cash_withdrawal_charge,1e-04,cash_withdrawal_not_recognised,1e-04
"Hi! I was wondering if you can help me. I used the city centre ATM to get some cash, but the machine declined my card. My account shows that transaction is still pending. I didn't receive the money, so please cancel that transaction.",pending_cash_withdrawal,pending_cash_withdrawal,True,0.9993,pending_cash_withdrawal,0.9993,cash_withdrawal_not_recognised,1e-04,declined_cash_withdrawal,1e-04
Why is a transaction showing as pending when I recieved cash from an ATM?,pending_cash_withdrawal,pending_cash_withdrawal,True,0.9992,pending_cash_withdrawal,0.9992,pending_card_payment,0.0002,cash_withdrawal_charge,1e-04
My cash in the ATM is still pending,pending_cash_withdrawal,pending_cash_withdrawal,True,0.9991,pending_cash_withdrawal,0.9991,pending_card_payment,1e-04,wrong_amount_of_cash_received,1e-04
my atm cash out is still pending,pending_cash_withdrawal,pending_cash_withdrawal,True,0.9993,pending_cash_withdrawal,0.9993,pending_card_payment,1e-04,cash_withdrawal_charge,1e-04
I am still waiting for a cash withdrawal to show,pending_cash_withdrawal,pending_cash_withdrawal,True,0.9994,pending_cash_withdrawal,0.9994,cash_withdrawal_not_recognised,1e-04,cash_withdrawal_charge,1e-04
Is my pending cash withdrawal processed?,pending_cash_withdrawal,pending_cash_withdrawal,True,0.9993,pending_cash_withdrawal,0.9993,cash_withdrawal_charge,1e-04,pending_card_payment,1e-04
how long til my cash out goes through?,pending_cash_withdrawal,pending_top_up,False,0.4947,pending_top_up,0.4947,balance_not_updated_after_cheque_or_cash_deposit,0.3305,pending_cash_withdrawal,0.1208
Why is my ATM cash withdrawal showing up as a pending transaction?,pending_cash_withdrawal,pending_cash_withdrawal,True,0.9994,pending_cash_withdrawal,0.9994,pending_card_payment,1e-04,cash_withdrawal_charge,1e-04
"Hi,I tried to get some money out but the machine was not working .The transaction still seems in progress! Can you please check what's going on.I don't want to be charged for money that I did not received.",pending_cash_withdrawal,pending_cash_withdrawal,True,0.999,pending_cash_withdrawal,0.999,declined_cash_withdrawal,0.0002,cash_withdrawal_charge,1e-04
"Hey, my card was declined at an ATM in the city centre theatre. My account says the transaction is pending, though. I didn't get the money, though, so what does that mean?",pending_cash_withdrawal,pending_cash_withdrawal,True,0.9992,pending_cash_withdrawal,0.9992,pending_card_payment,1e-04,cash_withdrawal_charge,1e-04
Why do I have a pending cash withdrawal?,pending_cash_withdrawal,pending_cash_withdrawal,True,0.9993,pending_cash_withdrawal,0.9993,cash_withdrawal_charge,1e-04,pending_card_payment,1e-04
I have a pending cash withdrawal,pending_cash_withdrawal,pending_cash_withdrawal,True,0.9994,pending_cash_withdrawal,0.9994,pending_card_payment,1e-04,cash_withdrawal_charge,1e-04
I made a withdrawal from my account but it has not posted?,pending_cash_withdrawal,pending_cash_withdrawal,True,0.999,pending_cash_withdrawal,0.999,pending_card_payment,0.0002,cash_withdrawal_not_recognised,0.0002
Is my cash withdrawal pending?,pending_cash_withdrawal,pending_cash_withdrawal,True,0.9994,pending_cash_withdrawal,0.9994,cash_withdrawal_charge,1e-04,pending_card_payment,1e-04
I'm not quite understanding why my cash withdrawal is showing as pending.,pending_cash_withdrawal,pending_cash_withdrawal,True,0.9993,pending_cash_withdrawal,0.9993,pending_card_payment,1e-04,cash_withdrawal_not_recognised,1e-04
I made a cash withdrawal but the pending status is taking forever.,pending_cash_withdrawal,pending_cash_withdrawal,True,0.9993,pending_cash_withdrawal,0.9993,cash_withdrawal_charge,1e-04,cash_withdrawal_not_recognised,1e-04
My cash withdrawal is still showing as pending.,pending_cash_withdrawal,pending_cash_withdrawal,True,0.9993,pending_cash_withdrawal,0.9993,wrong_amount_of_cash_received,1e-04,pending_card_payment,1e-04
Why am I unable to take money from my card but the statement says the transaction is still pending?,pending_cash_withdrawal,pending_cash_withdrawal,True,0.9987,pending_cash_withdrawal,0.9987,pending_card_payment,0.0002,pending_transfer,0.0002
Why does my account have a pending cash withdrawal?,pending_cash_withdrawal,pending_cash_withdrawal,True,0.9993,pending_cash_withdrawal,0.9993,pending_card_payment,1e-04,cash_withdrawal_not_recognised,1e-04
I have a pending transaction in my app. How is it still pending if I pulled the cash out from the ATM earlier?,pending_cash_withdrawal,pending_cash_withdrawal,True,0.9993,pending_cash_withdrawal,0.9993,cash_withdrawal_not_recognised,1e-04,pending_card_payment,1e-04
Cash withdrawal still pending?,pending_cash_withdrawal,pending_cash_withdrawal,True,0.9993,pending_cash_withdrawal,0.9993,cash_withdrawal_charge,1e-04,wrong_amount_of_cash_received,1e-04
"I received cash from the ATM earlier, but this shows up as pending in the app.  I've got the cash already.  How can this be still pending?",pending_cash_withdrawal,pending_cash_withdrawal,True,0.9993,pending_cash_withdrawal,0.9993,cash_withdrawal_not_recognised,1e-04,wrong_amount_of_cash_received,1e-04
"I tried to take money from my card, but it didn't work. Later I saw that the transaction is still in progress. What's goign on?",pending_cash_withdrawal,pending_cash_withdrawal,True,0.9957,pending_cash_withdrawal,0.9957,pending_card_payment,0.0022,declined_cash_withdrawal,0.0003
Why does it say pending cash withdrawal on my statement?,pending_cash_withdrawal,pending_cash_withdrawal,True,0.9988,pending_cash_withdrawal,0.9988,pending_card_payment,0.0003,cash_withdrawal_charge,1e-04
How long with my cash withdrawal stay pending for?,pending_cash_withdrawal,pending_cash_withdrawal,True,0.9993,pending_cash_withdrawal,0.9993,cash_withdrawal_charge,1e-04,wrong_amount_of_cash_received,1e-04
Where's accounting for my cash withdrawal?,pending_cash_withdrawal,pending_cash_withdrawal,True,0.9125,pending_cash_withdrawal,0.9125,declined_cash_withdrawal,0.0243,cash_withdrawal_charge,0.0202
My account was charged for a withdraw I tried to make that was decline.,pending_cash_withdrawal,declined_cash_withdrawal,False,0.9161,declined_cash_withdrawal,0.9161,cash_withdrawal_charge,0.0778,atm_support,0.0013
how long does it take to post atm with drawl,pending_cash_withdrawal,pending_cash_withdrawal,True,0.9853,pending_cash_withdrawal,0.9853,card_swallowed,0.0029,declined_cash_withdrawal,0.0017
Why is my cash withdrawal from the ATM still not yet showing as confirmed in my account?,pending_cash_withdrawal,pending_cash_withdrawal,True,0.9992,pending_cash_withdrawal,0.9992,cash_withdrawal_not_recognised,1e-04,wrong_amount_of_cash_received,1e-04
"What's a pending transaction? My card was declined at an ATM, but my account says it's still pending. Can I cancel the payment?",pending_cash_withdrawal,pending_cash_withdrawal,True,0.9952,pending_cash_withdrawal,0.9952,pending_card_payment,0.0035,pending_transfer,0.0003
"If I request that my funds be held, what currencies do you use?",fiat_currency_support,fiat_currency_support,True,0.9462,fiat_currency_support,0.9462,supported_cards_and_currencies,0.0483,exchange_via_app,0.0016
I want to know how many different currencies my money can be in,fiat_currency_support,fiat_currency_support,True,0.9984,fiat_currency_support,0.9984,exchange_via_app,0.0005,supported_cards_and_currencies,0.0002
Do you support all fiat currencies?,fiat_currency_support,fiat_currency_support,True,0.9989,fiat_currency_support,0.9989,exchange_via_app,0.0003,wrong_amount_of_cash_received,1e-04
Does your system support multiple currency.,fiat_currency_support,fiat_currency_support,True,0.5655,fiat_currency_support,0.5655,exchange_via_app,0.406,wrong_exchange_rate_for_cash_withdrawal,0.0057
What currencies can I hold money in?,fiat_currency_support,fiat_currency_support,True,0.9988,fiat_currency_support,0.9988,exchange_via_app,0.0003,exchange_charge,1e-04
Do you support any currency?,fiat_currency_support,fiat_currency_support,True,0.9972,fiat_currency_support,0.9972,supported_cards_and_currencies,0.0015,exchange_via_app,0.0005
"There is an incoming payment into my account, but it is deactivated. Will they still be processed?",fiat_currency_support,pending_card_payment,False,0.9968,pending_card_payment,0.9968,pending_transfer,0.0014,reverted_card_payment?,0.0007
What currencies do you do exchanges for?,fiat_currency_support,fiat_currency_support,True,0.8866,fiat_currency_support,0.8866,exchange_rate,0.0526,exchange_via_app,0.0323
"In terms of holding and exchange, what fiat currencies do you use.",fiat_currency_support,fiat_currency_support,True,0.999,fiat_currency_support,0.999,exchange_via_app,0.0002,exchange_charge,1e-04
What fiat currencies are used for holding transactions?,fiat_currency_support,fiat_currency_support,True,0.9989,fiat_currency_support,0.9989,exchange_via_app,0.0002,supported_cards_and_currencies,1e-04
Where can I exchange my money for EUR?,fiat_currency_support,fiat_currency_support,True,0.9988,fiat_currency_support,0.9988,exchange_via_app,0.0004,wrong_exchange_rate_for_cash_withdrawal,1e-04
Is it permissible to hold money in multiple currencies?,fiat_currency_support,fiat_currency_support,True,0.9986,fiat_currency_support,0.9986,exchange_charge,0.0003,exchange_via_app,0.0002
Can I exchange to EUR?,fiat_currency_support,fiat_currency_support,True,0.9988,fiat_currency_support,0.9988,exchange_via_app,0.0004,exchange_charge,1e-04
Can someone assist me with the details explaining which fiat currencies that you support?,fiat_currency_support,fiat_currency_support,True,0.9989,fiat_currency_support,0.9989,supported_cards_and_currencies,0.0002,exchange_via_app,0.0002
Do you offer additional currency options?,fiat_currency_support,exchange_via_app,False,0.6069,exchange_via_app,0.6069,fiat_currency_support,0.2337,supported_cards_and_currencies,0.0825
How do I change currencies to euros?,fiat_currency_support,exchange_via_app,False,0.9867,exchange_via_app,0.9867,fiat_currency_support,0.012,supported_cards_and_currencies,0.0003
What fiat currencies are supported for holding and exchange?,fiat_currency_support,fiat_currency_support,True,0.999,fiat_currency_support,0.999,exchange_via_app,0.0003,exchange_charge,1e-04
"When considering currency holdings and exchanges, what fiat currencies are supported?",fiat_currency_support,fiat_currency_support,True,0.9982,fiat_currency_support,0.9982,exchange_via_app,0.0008,exchange_charge,0.0005
Will you handle EUR?,fiat_currency_support,fiat_currency_support,True,0.9973,fiat_currency_support,0.9973,country_support,0.001,supported_cards_and_currencies,0.0003
Can I hold money in other currencies?,fiat_currency_support,fiat_currency_support,True,0.9988,fiat_currency_support,0.9988,exchange_via_app,0.0003,wrong_exchange_rate_for_cash_withdrawal,1e-04
What options do I have for holding currencies?,fiat_currency_support,fiat_currency_support,True,0.9987,fiat_currency_support,0.9987,exchange_via_app,0.0005,supported_cards_and_currencies,0.0003
Do you happen to do exchanges of EUR?,fiat_currency_support,fiat_currency_support,True,0.999,fiat_currency_support,0.999,exchange_via_app,0.0002,exchange_charge,1e-04
Do you accept exchanges to EUR?,fiat_currency_support,fiat_currency_support,True,0.9989,fiat_currency_support,0.9989,exchange_via_app,0.0003,exchange_charge,0.0002
Can you tell me what currency I can have?,fiat_currency_support,fiat_currency_support,True,0.9681,fiat_currency_support,0.9681,supported_cards_and_currencies,0.0262,exchange_via_app,0.0034
Am I able to exchange currencies?,fiat_currency_support,exchange_via_app,False,0.9991,exchange_via_app,0.9991,receiving_money,1e-04,disposable_card_limits,1e-04
What currencies are used in your exchange?,fiat_currency_support,exchange_via_app,False,0.9851,exchange_via_app,0.9851,fiat_currency_support,0.0095,supported_cards_and_currencies,0.0025
Which fiat currencies do you support?,fiat_currency_support,fiat_currency_support,True,0.999,fiat_currency_support,0.999,exchange_via_app,0.0002,supported_cards_and_currencies,1e-04
Which country's currency do you support?,fiat_currency_support,fiat_currency_support,True,0.9966,fiat_currency_support,0.9966,supported_cards_and_currencies,0.002,country_support,0.0005
I want to make a currency exchange to EU.,fiat_currency_support,fiat_currency_support,True,0.6606,fiat_currency_support,0.6606,exchange_via_app,0.3177,exchange_charge,0.0092
Can I exchange and hold all fiat currencies?,fiat_currency_support,fiat_currency_support,True,0.9986,fiat_currency_support,0.9986,exchange_via_app,0.0005,exchange_charge,0.0002
What kind of currency can I hold money in?,fiat_currency_support,fiat_currency_support,True,0.9986,fiat_currency_support,0.9986,exchange_via_app,0.0006,exchange_charge,1e-04
Can I exchange currencies?,fiat_currency_support,exchange_via_app,False,0.9991,exchange_via_app,0.9991,fiat_currency_support,0.0002,receiving_money,0.0002
Do you work with all fiat currencies?,fiat_currency_support,fiat_currency_support,True,0.9989,fiat_currency_support,0.9989,exchange_via_app,0.0002,wrong_exchange_rate_for_cash_withdrawal,1e-04
Can I hold money in multiple currencies?,fiat_currency_support,fiat_currency_support,True,0.9988,fiat_currency_support,0.9988,exchange_via_app,0.0002,wrong_exchange_rate_for_cash_withdrawal,1e-04
How man currencies can I hold?,fiat_currency_support,fiat_currency_support,True,0.9986,fiat_currency_support,0.9986,exchange_via_app,0.0003,wrong_amount_of_cash_received,1e-04
Besides USD what other currencies can I have?,fiat_currency_support,fiat_currency_support,True,0.9939,fiat_currency_support,0.9939,exchange_via_app,0.0047,supported_cards_and_currencies,0.0007
How do I accept exchanges to EU?,fiat_currency_support,fiat_currency_support,True,0.9868,fiat_currency_support,0.9868,country_support,0.0072,exchange_via_app,0.0025
What kind of fiat currency can I used for holding and exchange?,fiat_currency_support,fiat_currency_support,True,0.9986,fiat_currency_support,0.9986,exchange_via_app,0.0007,supported_cards_and_currencies,1e-04
Do you support the exchange of EUR from my currency.,fiat_currency_support,fiat_currency_support,True,0.9986,fiat_currency_support,0.9986,exchange_via_app,0.0006,exchange_charge,0.0002
What countries can I travel to and have access to their currencies?,fiat_currency_support,country_support,False,0.5743,country_support,0.5743,fiat_currency_support,0.4134,supported_cards_and_currencies,0.005
I need my card now!,card_delivery_estimate,card_delivery_estimate,True,0.997,card_delivery_estimate,0.997,order_physical_card,0.0008,card_arrival,0.0005
my card was not in the mail again can you advise?,card_delivery_estimate,card_delivery_estimate,True,0.4491,card_delivery_estimate,0.4491,card_arrival,0.2175,lost_or_stolen_card,0.0601
i need my card quick,card_delivery_estimate,card_delivery_estimate,True,0.9989,card_delivery_estimate,0.9989,card_arrival,0.0002,order_physical_card,1e-04
How long will it take to get to me?,card_delivery_estimate,card_delivery_estimate,True,0.9908,card_delivery_estimate,0.9908,transfer_not_received_by_recipient,0.0045,card_arrival,0.0018
I'm just wondering when my card will get here.,card_delivery_estimate,card_delivery_estimate,True,0.9666,card_delivery_estimate,0.9666,card_arrival,0.0311,order_physical_card,0.0005
Can you get me my card fast?,card_delivery_estimate,card_delivery_estimate,True,0.9976,card_delivery_estimate,0.9976,card_arrival,0.0004,card_swallowed,0.0003
How long will it take to deliver something to US?,card_delivery_estimate,card_delivery_estimate,True,0.9976,card_delivery_estimate,0.9976,card_arrival,0.0009,transfer_not_received_by_recipient,0.0003
"I live in the US, how long will it take for delivery?",card_delivery_estimate,card_delivery_estimate,True,0.9957,card_delivery_estimate,0.9957,country_support,0.0016,order_physical_card,0.0004
When can I expect my card to be delivered to the US?,card_delivery_estimate,card_delivery_estimate,True,0.9979,card_delivery_estimate,0.9979,transfer_timing,0.0004,order_physical_card,0.0003
I need my card quickly,card_delivery_estimate,card_delivery_estimate,True,0.9991,card_delivery_estimate,0.9991,card_arrival,1e-04,transfer_timing,1e-04
Does delivery to the US take long?,card_delivery_estimate,card_delivery_estimate,True,0.999,card_delivery_estimate,0.999,card_arrival,0.0002,order_physical_card,1e-04
How long will it take to arrive?,card_delivery_estimate,card_delivery_estimate,True,0.7802,card_delivery_estimate,0.7802,transfer_not_received_by_recipient,0.2045,card_arrival,0.0084
Can I have my card delivered on a specific day?,card_delivery_estimate,card_delivery_estimate,True,0.9982,card_delivery_estimate,0.9982,order_physical_card,0.0006,card_arrival,0.0002
What is the difference between standard and express delivery?,card_delivery_estimate,card_delivery_estimate,True,0.9923,card_delivery_estimate,0.9923,card_arrival,0.001,top_up_by_bank_transfer_charge,0.0007
Can it be delivered by a specific date?,card_delivery_estimate,card_delivery_estimate,True,0.999,card_delivery_estimate,0.999,order_physical_card,1e-04,card_arrival,1e-04
May I choose when it's delivered?,card_delivery_estimate,card_delivery_estimate,True,0.9985,card_delivery_estimate,0.9985,card_arrival,0.0004,order_physical_card,1e-04
I need it delivered on a certain date.,card_delivery_estimate,card_delivery_estimate,True,0.999,card_delivery_estimate,0.999,card_arrival,1e-04,order_physical_card,1e-04
When should I expect my card?,card_delivery_estimate,card_delivery_estimate,True,0.999,card_delivery_estimate,0.999,order_physical_card,1e-04,transfer_timing,1e-04
How long does it take to get my card? Can I choose when to receive it?,card_delivery_estimate,card_delivery_estimate,True,0.995,card_delivery_estimate,0.995,card_arrival,0.0028,order_physical_card,0.0012
How long will it take for the card to arrive?,card_delivery_estimate,card_delivery_estimate,True,0.9808,card_delivery_estimate,0.9808,card_arrival,0.017,transfer_not_received_by_recipient,0.0007
How fast can you deliver?,card_delivery_estimate,card_delivery_estimate,True,0.9987,card_delivery_estimate,0.9987,card_arrival,0.0002,transfer_not_received_by_recipient,1e-04
"Ordered awhile back, what is the ETA in the US?",card_delivery_estimate,country_support,False,0.6779,country_support,0.6779,card_delivery_estimate,0.1738,verify_my_identity,0.0624
How long should I expect for the card to arrive?,card_delivery_estimate,card_delivery_estimate,True,0.9991,card_delivery_estimate,0.9991,card_arrival,0.0002,order_physical_card,1e-04
Whats the delivery time to the United States?,card_delivery_estimate,card_delivery_estimate,True,0.9987,card_delivery_estimate,0.9987,card_arrival,0.0005,transfer_not_received_by_recipient,1e-04
When will the card arrive?,card_delivery_estimate,card_delivery_estimate,True,0.9974,card_delivery_estimate,0.9974,card_arrival,0.0014,transfer_not_received_by_recipient,0.0003
Send my card as soon as you are able to.,card_delivery_estimate,card_delivery_estimate,True,0.9985,card_delivery_estimate,0.9985,order_physical_card,0.0004,card_arrival,0.0003
When are cards delivered?,card_delivery_estimate,card_delivery_estimate,True,0.9931,card_delivery_estimate,0.9931,order_physical_card,0.0049,card_arrival,0.0002
How long does shipping take to get to a US destination?,card_delivery_estimate,card_delivery_estimate,True,0.8883,card_delivery_estimate,0.8883,transfer_timing,0.1058,pending_top_up,0.0009
Can I get my card expedited?,card_delivery_estimate,card_arrival,False,0.9989,card_arrival,0.9989,card_delivery_estimate,0.0002,declined_card_payment,1e-04
How long until my card is delivered?,card_delivery_estimate,card_delivery_estimate,True,0.9987,card_delivery_estimate,0.9987,card_arrival,0.0004,order_physical_card,1e-04
I need my card to come as soon as possible.,card_delivery_estimate,card_delivery_estimate,True,0.9988,card_delivery_estimate,0.9988,order_physical_card,0.0002,card_arrival,1e-04
When can I expect to receive my new card?,card_delivery_estimate,card_delivery_estimate,True,0.9862,card_delivery_estimate,0.9862,card_arrival,0.0104,card_about_to_expire,0.0017
I am waiting for my card to arrive.,card_delivery_estimate,card_arrival,False,0.5384,card_arrival,0.5384,card_delivery_estimate,0.4579,transfer_not_received_by_recipient,0.0004
I need my card as soon as possible.,card_delivery_estimate,card_delivery_estimate,True,0.9987,card_delivery_estimate,0.9987,transfer_timing,0.0002,order_physical_card,0.0002
I need it delivered by Saturday.,card_delivery_estimate,card_delivery_estimate,True,0.9989,card_delivery_estimate,0.9989,card_arrival,1e-04,transfer_timing,1e-04
What's the U.S. Delivery time?,card_delivery_estimate,card_delivery_estimate,True,0.9983,card_delivery_estimate,0.9983,card_arrival,0.0007,transfer_not_received_by_recipient,1e-04
When will my card arrive?,card_delivery_estimate,card_delivery_estimate,True,0.9933,card_delivery_estimate,0.9933,card_arrival,0.0054,transfer_not_received_by_recipient,0.0002
can I choose a date for delivery?,card_delivery_estimate,card_delivery_estimate,True,0.9983,card_delivery_estimate,0.9983,card_arrival,0.0008,order_physical_card,1e-04
Can I make sure my card is delivered on a specific day?,card_delivery_estimate,card_delivery_estimate,True,0.9984,card_delivery_estimate,0.9984,order_physical_card,0.0003,card_arrival,0.0003
Can I have it be delivered at a certain time?,card_delivery_estimate,card_delivery_estimate,True,0.9988,card_delivery_estimate,0.9988,order_physical_card,1e-04,transfer_timing,1e-04
"When traveling, can I auto top-up my card at certain times?",automatic_top_up,automatic_top_up,True,0.9992,automatic_top_up,0.9992,apple_pay_or_google_pay,1e-04,pending_top_up,1e-04
Is there a limit when using auto top-up?,automatic_top_up,automatic_top_up,True,0.9991,automatic_top_up,0.9991,top_up_by_card_charge,1e-04,pending_top_up,1e-04
Will it automatically top-up or do I need to do that manually if there isn't much cash left?,automatic_top_up,automatic_top_up,True,0.9989,automatic_top_up,0.9989,pin_blocked,1e-04,pending_top_up,1e-04
"I'm running out of money, can I  auto top up?",automatic_top_up,automatic_top_up,True,0.9993,automatic_top_up,0.9993,apple_pay_or_google_pay,1e-04,pending_top_up,1e-04
How do I use auto top up?,automatic_top_up,automatic_top_up,True,0.9993,automatic_top_up,0.9993,apple_pay_or_google_pay,1e-04,top_up_by_card_charge,1e-04
Can it automatically top-up money if there isn't much left?,automatic_top_up,automatic_top_up,True,0.9992,automatic_top_up,0.9992,pending_top_up,1e-04,top_up_by_card_charge,1e-04
If there isn't much money left can it automatically top-up?,automatic_top_up,automatic_top_up,True,0.9992,automatic_top_up,0.9992,top_up_by_card_charge,1e-04,pending_top_up,1e-04
"I read about the auto-top up function, but can't find it in the app.",automatic_top_up,automatic_top_up,True,0.999,automatic_top_up,0.999,pending_top_up,1e-04,apple_pay_or_google_pay,1e-04
Can I have it add money at certain time intervals when I travel?,automatic_top_up,automatic_top_up,True,0.9956,automatic_top_up,0.9956,transfer_timing,0.0006,contactless_not_working,0.0005
"I'm going to be away for awhile, can I have it add money automatically in certain intervals?",automatic_top_up,automatic_top_up,True,0.999,automatic_top_up,0.999,pending_top_up,1e-04,top_up_by_card_charge,1e-04
"Where can I find the ""auto-top"" feature?",automatic_top_up,automatic_top_up,True,0.9992,automatic_top_up,0.9992,top_up_by_card_charge,1e-04,pin_blocked,1e-04
"I just activated auto top-up, but it is not letting me enable it. Why not?",automatic_top_up,automatic_top_up,True,0.9986,automatic_top_up,0.9986,activate_my_card,0.0002,pin_blocked,0.0002
Is there an auto top-up option?,automatic_top_up,automatic_top_up,True,0.9993,automatic_top_up,0.9993,top_up_by_card_charge,1e-04,pending_top_up,1e-04
where is theft-top option?,automatic_top_up,automatic_top_up,True,0.9662,automatic_top_up,0.9662,top_up_by_card_charge,0.005,pending_top_up,0.0041
Are there limits on auto top-up?,automatic_top_up,automatic_top_up,True,0.9991,automatic_top_up,0.9991,top_up_by_card_charge,1e-04,pending_top_up,1e-04
can you assist me with the auto top up ?,automatic_top_up,automatic_top_up,True,0.9992,automatic_top_up,0.9992,apple_pay_or_google_pay,1e-04,pending_top_up,1e-04
Do you have any limit on the auto top-up?,automatic_top_up,automatic_top_up,True,0.9992,automatic_top_up,0.9992,top_up_by_card_charge,1e-04,pending_top_up,1e-04
Why are there limits on auto top-up?,automatic_top_up,automatic_top_up,True,0.999,automatic_top_up,0.999,pending_top_up,1e-04,top_up_by_card_charge,1e-04
How can I top up automatically?,automatic_top_up,automatic_top_up,True,0.9992,automatic_top_up,0.9992,apple_pay_or_google_pay,1e-04,top_up_by_card_charge,1e-04
How do I make sure I don't run out of money on my card while traveling?,automatic_top_up,top_up_limits,False,0.2177,top_up_limits,0.2177,wrong_exchange_rate_for_cash_withdrawal,0.1896,disposable_card_limits,0.1066
What's the limit on automatic top-up?,automatic_top_up,automatic_top_up,True,0.9885,automatic_top_up,0.9885,top_up_limits,0.0065,pending_top_up,0.0009
"If I will be traveling, is there a way to auto top-up my card on certain days?",automatic_top_up,automatic_top_up,True,0.9991,automatic_top_up,0.9991,pending_top_up,1e-04,apple_pay_or_google_pay,1e-04
Where is the auto top-up option?,automatic_top_up,automatic_top_up,True,0.9993,automatic_top_up,0.9993,top_up_by_card_charge,1e-04,pending_top_up,1e-04
Can I have a auto top-up when my account is short?,automatic_top_up,automatic_top_up,True,0.9988,automatic_top_up,0.9988,transfer_timing,0.0002,pending_top_up,0.0002
Do you have an auto top-up option?,automatic_top_up,automatic_top_up,True,0.9993,automatic_top_up,0.9993,top_up_by_card_charge,1e-04,apple_pay_or_google_pay,1e-04
Can I space out how often money is transferred along my travels?,automatic_top_up,transfer_timing,False,0.2994,transfer_timing,0.2994,top_up_by_bank_transfer_charge,0.2744,automatic_top_up,0.238
Will it automatically top-up money if there isn't a lot left?,automatic_top_up,automatic_top_up,True,0.9992,automatic_top_up,0.9992,pending_top_up,1e-04,top_up_by_card_charge,1e-04
Can I have it add money automatically in certain intervals?,automatic_top_up,automatic_top_up,True,0.9991,automatic_top_up,0.9991,pending_top_up,1e-04,top_up_by_card_charge,1e-04
Can I set up an automatic top-up for travel.,automatic_top_up,automatic_top_up,True,0.9991,automatic_top_up,0.9991,top_up_by_card_charge,1e-04,apple_pay_or_google_pay,1e-04
I've tried looking for the auto-top up option on your website and I can't seem to find it. Can you help me?,automatic_top_up,automatic_top_up,True,0.9992,automatic_top_up,0.9992,pending_top_up,1e-04,top_up_by_card_charge,1e-04
how do I top up my money automatically,automatic_top_up,automatic_top_up,True,0.9991,automatic_top_up,0.9991,apple_pay_or_google_pay,1e-04,top_up_by_card_charge,1e-04
Can I be topped up once I hit a certain balance?,automatic_top_up,automatic_top_up,True,0.961,automatic_top_up,0.961,pending_top_up,0.0224,top_up_limits,0.0064
Will it automatically top-up if there isn't much money left?,automatic_top_up,automatic_top_up,True,0.9992,automatic_top_up,0.9992,pending_top_up,1e-04,apple_pay_or_google_pay,1e-04
Is there any way to Auto top-up?,automatic_top_up,automatic_top_up,True,0.9992,automatic_top_up,0.9992,top_up_by_card_charge,1e-04,apple_pay_or_google_pay,1e-04
Can you explain where I can find the auto-top option?,automatic_top_up,automatic_top_up,True,0.9992,automatic_top_up,0.9992,top_up_by_card_charge,1e-04,pending_top_up,1e-04
What is the auto top up function and where can I find that at?,automatic_top_up,automatic_top_up,True,0.9993,automatic_top_up,0.9993,apple_pay_or_google_pay,1e-04,pending_top_up,1e-04
Is there a way to top-up automatically?,automatic_top_up,automatic_top_up,True,0.9991,automatic_top_up,0.9991,apple_pay_or_google_pay,1e-04,top_up_by_card_charge,1e-04
"Is there a top-up feature, if there isn't a lot of money left?",automatic_top_up,pending_top_up,False,0.5632,pending_top_up,0.5632,top_up_failed,0.1394,top_up_reverted,0.129
What is the highest limit for Auto Top?,automatic_top_up,automatic_top_up,True,0.9991,automatic_top_up,0.9991,top_up_by_card_charge,1e-04,pending_top_up,1e-04
How do I enable auto-top up?,automatic_top_up,automatic_top_up,True,0.9992,automatic_top_up,0.9992,apple_pay_or_google_pay,1e-04,pin_blocked,1e-04
I've tried my card a bunch of times and it never worked.,card_not_working,card_not_working,True,0.9308,card_not_working,0.9308,declined_cash_withdrawal,0.023,declined_card_payment,0.0226
I can't get my card to work.,card_not_working,card_not_working,True,0.9991,card_not_working,0.9991,activate_my_card,1e-04,contactless_not_working,1e-04
My card appears to be broken how can I fix it?,card_not_working,card_not_working,True,0.9987,card_not_working,0.9987,activate_my_card,0.0002,pin_blocked,1e-04
How do I know why my card isn't working?,card_not_working,card_not_working,True,0.9991,card_not_working,0.9991,declined_card_payment,0.0002,activate_my_card,1e-04
My card broke.,card_not_working,card_not_working,True,0.9989,card_not_working,0.9989,lost_or_stolen_card,0.0002,activate_my_card,1e-04
My card won't work.,card_not_working,card_not_working,True,0.9991,card_not_working,0.9991,declined_card_payment,0.0002,activate_my_card,1e-04
Why is my card not working?,card_not_working,card_not_working,True,0.9992,card_not_working,0.9992,failed_transfer,1e-04,declined_card_payment,1e-04
Can you please identify the problem with my bank card?,card_not_working,declined_card_payment,False,0.3601,declined_card_payment,0.3601,card_not_working,0.3188,top_up_failed,0.1515
How do I unblock my card using the app?,card_not_working,pin_blocked,False,0.9985,pin_blocked,0.9985,card_not_working,0.0002,declined_cash_withdrawal,1e-04
My card does not work,card_not_working,card_not_working,True,0.999,card_not_working,0.999,declined_card_payment,0.0003,activate_my_card,1e-04
How can I get my physical card to work?,card_not_working,card_not_working,True,0.999,card_not_working,0.999,activate_my_card,0.0002,contactless_not_working,1e-04
Can someone assist me by explaining why my card is not working?,card_not_working,card_not_working,True,0.9992,card_not_working,0.9992,failed_transfer,1e-04,declined_card_payment,1e-04
Help me.  My card doesn't work.,card_not_working,card_not_working,True,0.9992,card_not_working,0.9992,activate_my_card,1e-04,declined_card_payment,1e-04
Can a card stop working?,card_not_working,card_not_working,True,0.9975,card_not_working,0.9975,activate_my_card,0.0009,pin_blocked,0.0002
I think my card is broken,card_not_working,card_not_working,True,0.999,card_not_working,0.999,activate_my_card,1e-04,lost_or_stolen_card,1e-04
Why isn't my card working?,card_not_working,card_not_working,True,0.9992,card_not_working,0.9992,declined_card_payment,1e-04,failed_transfer,1e-04
My card isn't working anymore.,card_not_working,card_not_working,True,0.999,card_not_working,0.999,lost_or_stolen_card,1e-04,age_limit,1e-04
My card was declined today when eating and I need to know what's wrong.,card_not_working,card_not_working,True,0.9981,card_not_working,0.9981,failed_transfer,0.0005,declined_transfer,1e-04
My card doesn't work.,card_not_working,card_not_working,True,0.9992,card_not_working,0.9992,declined_card_payment,1e-04,activate_my_card,1e-04
How can I resolve a problem where my card won't go through at all?,card_not_working,card_not_working,True,0.9942,card_not_working,0.9942,declined_card_payment,0.0038,activate_my_card,0.0003
My actual card isn't working.,card_not_working,card_not_working,True,0.9992,card_not_working,0.9992,activate_my_card,1e-04,declined_card_payment,1e-04
Is my card broken?,card_not_working,card_not_working,True,0.9989,card_not_working,0.9989,lost_or_stolen_card,0.0002,activate_my_card,1e-04
I broke my card,card_not_working,card_not_working,True,0.9988,card_not_working,0.9988,lost_or_stolen_card,0.0002,pin_blocked,0.0002
My card stopped working,card_not_working,card_not_working,True,0.9989,card_not_working,0.9989,activate_my_card,0.0002,virtual_card_not_working,1e-04
"My card is broke, what do I do?",card_not_working,card_not_working,True,0.9989,card_not_working,0.9989,lost_or_stolen_card,0.0002,activate_my_card,1e-04
"I tried using my card today and it's not working, can you help me?",card_not_working,card_not_working,True,0.9987,card_not_working,0.9987,activate_my_card,0.0002,pin_blocked,1e-04
My card stopped working when I use it,card_not_working,card_not_working,True,0.9974,card_not_working,0.9974,activate_my_card,0.0008,virtual_card_not_working,0.0002
I can't use my card.,card_not_working,card_not_working,True,0.9991,card_not_working,0.9991,activate_my_card,1e-04,lost_or_stolen_card,1e-04
Need help with my card. It's not working.,card_not_working,card_not_working,True,0.999,card_not_working,0.999,activate_my_card,1e-04,declined_card_payment,1e-04
I cannot use my card.,card_not_working,card_not_working,True,0.9989,card_not_working,0.9989,activate_my_card,0.0002,card_acceptance,1e-04
The card I've got seems to be broken.,card_not_working,card_not_working,True,0.9987,card_not_working,0.9987,lost_or_stolen_card,0.0002,activate_my_card,0.0002
My card isn't working,card_not_working,card_not_working,True,0.9991,card_not_working,0.9991,declined_card_payment,1e-04,failed_transfer,1e-04
My card suddenly quit working.,card_not_working,card_not_working,True,0.999,card_not_working,0.999,activate_my_card,1e-04,contactless_not_working,1e-04
I have tried to use my card several times and it does not work.,card_not_working,card_not_working,True,0.9913,card_not_working,0.9913,declined_cash_withdrawal,0.0023,pin_blocked,0.0017
The card I have doesn't work.,card_not_working,card_not_working,True,0.9986,card_not_working,0.9986,activate_my_card,0.0003,virtual_card_not_working,0.0002
My card doesn't accept any transaction at all. What's wrong??,card_not_working,card_not_working,True,0.9917,card_not_working,0.9917,declined_card_payment,0.0031,failed_transfer,0.0014
How can i check if my card is working?,card_not_working,card_not_working,True,0.9991,card_not_working,0.9991,activate_my_card,1e-04,card_arrival,1e-04
Nothing goes through on my card.,card_not_working,card_not_working,True,0.9696,card_not_working,0.9696,card_arrival,0.0131,declined_card_payment,0.0053
How do I find out why my card won't work?,card_not_working,card_not_working,True,0.9977,card_not_working,0.9977,declined_card_payment,0.0011,virtual_card_not_working,0.0002
"Could it be that I deactivated my card, its not working?",card_not_working,card_not_working,True,0.9964,card_not_working,0.9964,activate_my_card,0.0009,lost_or_stolen_card,0.0009
May I exchange currencies with this?,exchange_via_app,exchange_via_app,True,0.9991,exchange_via_app,0.9991,receiving_money,0.0002,exchange_charge,1e-04
Tell me how I can exchange between different currency.,exchange_via_app,exchange_via_app,True,0.999,exchange_via_app,0.999,disposable_card_limits,1e-04,receiving_money,1e-04
Can I change from one currency to another?,exchange_via_app,exchange_via_app,True,0.9991,exchange_via_app,0.9991,fiat_currency_support,1e-04,receiving_money,1e-04
How do I change GBP to AUD?,exchange_via_app,exchange_via_app,True,0.9993,exchange_via_app,0.9993,disposable_card_limits,1e-04,fiat_currency_support,1e-04
Will this app exchange currencies?,exchange_via_app,exchange_via_app,True,0.9993,exchange_via_app,0.9993,receiving_money,1e-04,fiat_currency_support,1e-04
How do I convert currencies with the app?,exchange_via_app,exchange_via_app,True,0.9992,exchange_via_app,0.9992,get_disposable_virtual_card,1e-04,fiat_currency_support,1e-04
How are currencies exchanged?,exchange_via_app,exchange_via_app,True,0.9958,exchange_via_app,0.9958,exchange_rate,0.0021,exchange_charge,0.0004
Can I exchange currencies with this app?,exchange_via_app,exchange_via_app,True,0.9993,exchange_via_app,0.9993,receiving_money,1e-04,get_disposable_virtual_card,1e-04
How do I make an exchange from one currency to another?,exchange_via_app,exchange_via_app,True,0.9991,exchange_via_app,0.9991,receiving_money,1e-04,get_disposable_virtual_card,1e-04
How do I interconvert between AUD and GBP?,exchange_via_app,exchange_via_app,True,0.9975,exchange_via_app,0.9975,disposable_card_limits,0.0005,get_disposable_virtual_card,0.0003
What all currencies can be exchanged?,exchange_via_app,exchange_via_app,True,0.9984,exchange_via_app,0.9984,exchange_charge,0.0005,fiat_currency_support,0.0003
What is the best way to exchange currency between USD and GBP using your app?,exchange_via_app,exchange_via_app,True,0.9992,exchange_via_app,0.9992,get_disposable_virtual_card,1e-04,receiving_money,1e-04
If I wanted to make a change from GBP to AUD what is the process?,exchange_via_app,exchange_via_app,True,0.9994,exchange_via_app,0.9994,fiat_currency_support,1e-04,receiving_money,1e-04
Can I get some money exchanged?,exchange_via_app,exchange_via_app,True,0.996,exchange_via_app,0.996,exchange_charge,0.0015,receiving_money,0.0003
Is it possible to change to another currency?,exchange_via_app,exchange_via_app,True,0.9985,exchange_via_app,0.9985,disposable_card_limits,0.0003,receiving_money,1e-04
How do I exchange my GBP to AUD?,exchange_via_app,exchange_via_app,True,0.9993,exchange_via_app,0.9993,fiat_currency_support,1e-04,disposable_card_limits,1e-04
How would I use my money in a different country?,exchange_via_app,receiving_money,False,0.9879,receiving_money,0.9879,supported_cards_and_currencies,0.0038,exchange_via_app,0.0036
"If I receive foreign currencies, am I able to exchange them on the app?",exchange_via_app,exchange_via_app,True,0.9989,exchange_via_app,0.9989,receiving_money,0.0004,fiat_currency_support,1e-04
Can I change to another currency?,exchange_via_app,exchange_via_app,True,0.9987,exchange_via_app,0.9987,receiving_money,0.0004,disposable_card_limits,1e-04
"I need AUD not GBP, how do I change it?",exchange_via_app,exchange_via_app,True,0.9992,exchange_via_app,0.9992,fiat_currency_support,1e-04,receiving_money,1e-04
What is the best way to exchange currency?,exchange_via_app,exchange_via_app,True,0.9989,exchange_via_app,0.9989,disposable_card_limits,1e-04,exchange_charge,1e-04
If I need GBP instead of AUD what do I do?,exchange_via_app,exchange_via_app,True,0.999,exchange_via_app,0.999,fiat_currency_support,1e-04,supported_cards_and_currencies,1e-04
I was wondering whether exchanging currencies can be done on this app.,exchange_via_app,exchange_via_app,True,0.9985,exchange_via_app,0.9985,exchange_charge,0.0003,receiving_money,1e-04
"I might need AUD instead of GBP, how to change?",exchange_via_app,exchange_via_app,True,0.9992,exchange_via_app,0.9992,disposable_card_limits,1e-04,fiat_currency_support,1e-04
How do I go through the process of currency exchange?,exchange_via_app,exchange_via_app,True,0.9971,exchange_via_app,0.9971,exchange_rate,0.0011,receiving_money,0.0002
Change currency,exchange_via_app,exchange_via_app,True,0.9983,exchange_via_app,0.9983,receiving_money,0.0003,fiat_currency_support,0.0002
Can am I able to exchange currencies?,exchange_via_app,exchange_via_app,True,0.9992,exchange_via_app,0.9992,receiving_money,1e-04,fiat_currency_support,1e-04
Where do I go to change GBP?,exchange_via_app,exchange_via_app,True,0.984,exchange_via_app,0.984,receiving_money,0.0106,change_pin,0.0005
What currency's can i exchange for?,exchange_via_app,exchange_via_app,True,0.9979,exchange_via_app,0.9979,fiat_currency_support,0.0008,supported_cards_and_currencies,0.0004
What currencies will this app exchange?,exchange_via_app,exchange_via_app,True,0.9989,exchange_via_app,0.9989,fiat_currency_support,0.0003,supported_cards_and_currencies,0.0002
Can this app help me exchange currencies?,exchange_via_app,exchange_via_app,True,0.9992,exchange_via_app,0.9992,receiving_money,1e-04,fiat_currency_support,1e-04
I would like to exchange some currency.,exchange_via_app,exchange_via_app,True,0.9983,exchange_via_app,0.9983,disposable_card_limits,0.0002,exchange_charge,0.0002
Can I exchange between GBP and USD on the app?,exchange_via_app,exchange_via_app,True,0.9993,exchange_via_app,0.9993,get_disposable_virtual_card,1e-04,receiving_money,1e-04
Is there currency exchange on this app?,exchange_via_app,exchange_via_app,True,0.9921,exchange_via_app,0.9921,card_payment_wrong_exchange_rate,0.0026,exchange_rate,0.0012
Can I change my currency from USD to EUR?,exchange_via_app,fiat_currency_support,False,0.8687,fiat_currency_support,0.8687,exchange_via_app,0.1288,supported_cards_and_currencies,0.0006
"I think I want AUD and not GBP, can you help?",exchange_via_app,exchange_via_app,True,0.9987,exchange_via_app,0.9987,fiat_currency_support,0.0005,supported_cards_and_currencies,1e-04
How do I exchange currency?,exchange_via_app,exchange_via_app,True,0.999,exchange_via_app,0.999,disposable_card_limits,1e-04,receiving_money,1e-04
Can I use this app to change dollars into euros?,exchange_via_app,exchange_via_app,True,0.9827,exchange_via_app,0.9827,fiat_currency_support,0.015,supported_cards_and_currencies,0.0006
Can I exchange currencies with my account?,exchange_via_app,exchange_via_app,True,0.9993,exchange_via_app,0.9993,receiving_money,1e-04,supported_cards_and_currencies,1e-04
I would like to exchange currencies,exchange_via_app,exchange_via_app,True,0.9986,exchange_via_app,0.9986,exchange_charge,0.0004,disposable_card_limits,1e-04
"My entire gym bag, including my wallet, was stolen out of my locker today. Everything in my wallet is gone - how do I block the card to make it can't be used?",lost_or_stolen_card,lost_or_stolen_card,True,0.9665,lost_or_stolen_card,0.9665,lost_or_stolen_phone,0.0087,cash_withdrawal_not_recognised,0.0042
I can't find my card and think it may have been stolen.,lost_or_stolen_card,lost_or_stolen_card,True,0.9978,lost_or_stolen_card,0.9978,card_arrival,0.0006,compromised_card,0.0003
"Someone stole my card. I need to report it stolen. I made a police report already, but how do I report it with you?",lost_or_stolen_card,lost_or_stolen_card,True,0.9976,lost_or_stolen_card,0.9976,compromised_card,0.0007,card_arrival,0.0003
"I cant find my card, it's gone.",lost_or_stolen_card,lost_or_stolen_card,True,0.996,lost_or_stolen_card,0.996,card_arrival,0.0018,card_linking,0.0005
My card is lost! What can I do?,lost_or_stolen_card,lost_or_stolen_card,True,0.9984,lost_or_stolen_card,0.9984,card_arrival,0.0003,compromised_card,0.0002
I lost my card,lost_or_stolen_card,lost_or_stolen_card,True,0.998,lost_or_stolen_card,0.998,getting_spare_card,0.0004,order_physical_card,0.0002
Oh no!  I lost my card!  Help!,lost_or_stolen_card,lost_or_stolen_card,True,0.9985,lost_or_stolen_card,0.9985,compromised_card,0.0002,getting_spare_card,0.0002
"I believe my card has been stolen, what can I do about this situation? It's urgent.",lost_or_stolen_card,lost_or_stolen_card,True,0.9977,lost_or_stolen_card,0.9977,compromised_card,0.0008,card_arrival,0.0004
Help! Someone stole my card!,lost_or_stolen_card,lost_or_stolen_card,True,0.9984,lost_or_stolen_card,0.9984,compromised_card,0.0003,card_arrival,0.0002
Help.  I have a stolen card!,lost_or_stolen_card,lost_or_stolen_card,True,0.9975,lost_or_stolen_card,0.9975,order_physical_card,0.0004,getting_spare_card,0.0004
"card is lost, please help",lost_or_stolen_card,lost_or_stolen_card,True,0.9963,lost_or_stolen_card,0.9963,card_arrival,0.0012,order_physical_card,0.0004
How do I report my card stolen?,lost_or_stolen_card,lost_or_stolen_card,True,0.9979,lost_or_stolen_card,0.9979,order_physical_card,0.0004,compromised_card,0.0002
My card is gone I think it was stolen,lost_or_stolen_card,lost_or_stolen_card,True,0.9986,lost_or_stolen_card,0.9986,lost_or_stolen_phone,0.0002,compromised_card,0.0002
Is a copy of the police report necessary for completing the report process?,lost_or_stolen_card,verify_my_identity,False,0.4304,verify_my_identity,0.4304,edit_personal_details,0.3307,card_delivery_estimate,0.0464
I lost my wallet today with all my credit cards. Will you please block the card and send a replacement?,lost_or_stolen_card,lost_or_stolen_card,True,0.5248,lost_or_stolen_card,0.5248,compromised_card,0.4493,card_not_working,0.0057
How do I deal with a stolen card?,lost_or_stolen_card,lost_or_stolen_card,True,0.9873,lost_or_stolen_card,0.9873,compromised_card,0.0069,order_physical_card,0.0016
Can you freeze my card it was stolen,lost_or_stolen_card,lost_or_stolen_card,True,0.998,lost_or_stolen_card,0.998,compromised_card,0.0004,lost_or_stolen_phone,0.0003
Help!  I can't find my card.,lost_or_stolen_card,lost_or_stolen_card,True,0.9969,lost_or_stolen_card,0.9969,card_arrival,0.0007,order_physical_card,0.0003
What should I do if I lost my card?,lost_or_stolen_card,lost_or_stolen_card,True,0.9986,lost_or_stolen_card,0.9986,card_arrival,0.0002,getting_spare_card,0.0002
I need help with a lost card,lost_or_stolen_card,lost_or_stolen_card,True,0.9925,lost_or_stolen_card,0.9925,getting_spare_card,0.0032,order_physical_card,0.0015
I think my card was stolen.,lost_or_stolen_card,lost_or_stolen_card,True,0.9986,lost_or_stolen_card,0.9986,compromised_card,0.0003,lost_or_stolen_phone,1e-04
"Someone stole my wallet earlier today, not sure exactly when, probably on Piccadilly circus. Can you check if there were any attempts to use the card and obviously block it?",lost_or_stolen_card,compromised_card,False,0.4637,compromised_card,0.4637,cash_withdrawal_not_recognised,0.3246,lost_or_stolen_card,0.0538
I think I lost my card . I dont know how long it has been missing. Can you see if maybe someone else has been using it?,lost_or_stolen_card,lost_or_stolen_card,True,0.9379,lost_or_stolen_card,0.9379,compromised_card,0.0435,card_linking,0.0125
How can I freeze a stolen card?,lost_or_stolen_card,lost_or_stolen_card,True,0.9974,lost_or_stolen_card,0.9974,compromised_card,0.001,lost_or_stolen_phone,0.0003
What should I do if my card is missing?,lost_or_stolen_card,lost_or_stolen_card,True,0.992,lost_or_stolen_card,0.992,card_arrival,0.0057,card_linking,0.0004
My bags were stolen. I need a new card but need to cancel the stolen one.,lost_or_stolen_card,lost_or_stolen_card,True,0.9502,lost_or_stolen_card,0.9502,compromised_card,0.0347,lost_or_stolen_phone,0.0087
Somehow I am missing my card.  What should I do?,lost_or_stolen_card,lost_or_stolen_card,True,0.998,lost_or_stolen_card,0.998,compromised_card,0.0005,card_linking,0.0003
My card was taken from me,lost_or_stolen_card,lost_or_stolen_card,True,0.8943,lost_or_stolen_card,0.8943,cash_withdrawal_not_recognised,0.0341,card_payment_not_recognised,0.0224
My card got lost.,lost_or_stolen_card,lost_or_stolen_card,True,0.9981,lost_or_stolen_card,0.9981,card_linking,0.0004,compromised_card,0.0002
Some idiot stole my card.,lost_or_stolen_card,lost_or_stolen_card,True,0.9975,lost_or_stolen_card,0.9975,compromised_card,0.0011,lost_or_stolen_phone,0.0003
How do I report my card lost or stolen?,lost_or_stolen_card,lost_or_stolen_card,True,0.9943,lost_or_stolen_card,0.9943,order_physical_card,0.0029,getting_spare_card,0.0004
My card is lost! What do I do now?,lost_or_stolen_card,lost_or_stolen_card,True,0.9982,lost_or_stolen_card,0.9982,card_arrival,0.0004,compromised_card,0.0002
I'm in Spain and my stuff has been stolen. My card was with it and I need a new one shipped and the old one frozen.,lost_or_stolen_card,lost_or_stolen_card,True,0.9892,lost_or_stolen_card,0.9892,compromised_card,0.0024,card_not_working,0.0015
I believe my credit card was stolen.,lost_or_stolen_card,lost_or_stolen_card,True,0.9016,lost_or_stolen_card,0.9016,compromised_card,0.0822,lost_or_stolen_phone,0.0109
How do I report a stolen card?,lost_or_stolen_card,lost_or_stolen_card,True,0.9964,lost_or_stolen_card,0.9964,order_physical_card,0.0011,getting_spare_card,0.0006
"Somebody has stolen my card, I need help please.",lost_or_stolen_card,lost_or_stolen_card,True,0.9976,lost_or_stolen_card,0.9976,compromised_card,0.0012,card_arrival,0.0002
I cannot find my credit card.,lost_or_stolen_card,lost_or_stolen_card,True,0.7764,lost_or_stolen_card,0.7764,card_arrival,0.147,topping_up_by_card,0.0261
Are you able to locate my card?,lost_or_stolen_card,card_arrival,False,0.4999,card_arrival,0.4999,lost_or_stolen_card,0.4869,card_linking,0.0036
My card got stolen!,lost_or_stolen_card,lost_or_stolen_card,True,0.9984,lost_or_stolen_card,0.9984,compromised_card,0.0003,lost_or_stolen_phone,0.0002
Help me please!  My card was stolen!,lost_or_stolen_card,lost_or_stolen_card,True,0.9986,lost_or_stolen_card,0.9986,compromised_card,0.0002,lost_or_stolen_phone,0.0002
how old do i need to be to get an account for myself,age_limit,age_limit,True,0.9992,age_limit,0.9992,card_about_to_expire,1e-04,verify_source_of_funds,1e-04
How young can I be to open my own account?,age_limit,age_limit,True,0.9985,age_limit,0.9985,card_about_to_expire,0.0003,receiving_money,1e-04
How old do I have to be?,age_limit,age_limit,True,0.999,age_limit,0.999,card_about_to_expire,1e-04,receiving_money,1e-04
Can I open an account for a child?,age_limit,age_limit,True,0.9991,age_limit,0.9991,receiving_money,1e-04,card_not_working,1e-04
How old do we have to be?,age_limit,age_limit,True,0.999,age_limit,0.999,card_about_to_expire,1e-04,receiving_money,1e-04
How do I go about setting up an account for my daughter?,age_limit,age_limit,True,0.9991,age_limit,0.9991,card_not_working,1e-04,verify_source_of_funds,1e-04
Is there an age minimum?,age_limit,age_limit,True,0.999,age_limit,0.999,receiving_money,1e-04,card_about_to_expire,1e-04
What is the youngest age in order to have an account?,age_limit,age_limit,True,0.9989,age_limit,0.9989,card_about_to_expire,0.0002,verify_source_of_funds,1e-04
What age do I have to be?,age_limit,age_limit,True,0.9989,age_limit,0.9989,card_about_to_expire,0.0002,receiving_money,1e-04
Can my daughter open an account?,age_limit,age_limit,True,0.9992,age_limit,0.9992,receiving_money,1e-04,verify_source_of_funds,1e-04
What is the minimum age to open an account?,age_limit,age_limit,True,0.9992,age_limit,0.9992,card_about_to_expire,1e-04,receiving_money,1e-04
What is the minimum age?,age_limit,age_limit,True,0.9989,age_limit,0.9989,card_about_to_expire,1e-04,receiving_money,1e-04
I am only 17. Can I make an account?,age_limit,age_limit,True,0.9987,age_limit,0.9987,card_about_to_expire,1e-04,why_verify_identity,1e-04
Could I open an account for my children?,age_limit,age_limit,True,0.9992,age_limit,0.9992,verify_source_of_funds,1e-04,receiving_money,1e-04
What is the age to open an account?,age_limit,age_limit,True,0.999,age_limit,0.999,card_about_to_expire,1e-04,verify_source_of_funds,1e-04
How do I open up an account for my child?,age_limit,age_limit,True,0.9992,age_limit,0.9992,verify_source_of_funds,1e-04,card_not_working,1e-04
Can I open a bank account for my newborn baby?,age_limit,age_limit,True,0.998,age_limit,0.998,verify_source_of_funds,0.0002,transfer_into_account,1e-04
How old do I have to be to open an account?,age_limit,age_limit,True,0.9992,age_limit,0.9992,card_about_to_expire,1e-04,card_not_working,1e-04
Do you offer services for children to have money saving experience?,age_limit,age_limit,True,0.3054,age_limit,0.3054,receiving_money,0.3032,supported_cards_and_currencies,0.1757
If my kids wanted to use your service how old would they have to be?,age_limit,age_limit,True,0.999,age_limit,0.999,receiving_money,0.0002,card_about_to_expire,1e-04
Can my 19 year old daughter open a savings account at the bank?,age_limit,age_limit,True,0.9987,age_limit,0.9987,receiving_money,1e-04,verify_source_of_funds,1e-04
How old do you have to be to get an account?,age_limit,age_limit,True,0.9991,age_limit,0.9991,card_about_to_expire,1e-04,verify_source_of_funds,1e-04
What's the minimum age for opening an account?,age_limit,age_limit,True,0.9991,age_limit,0.9991,card_about_to_expire,1e-04,card_not_working,1e-04
"I would like an account for my children, how do I go about doing this?",age_limit,age_limit,True,0.9992,age_limit,0.9992,verify_source_of_funds,1e-04,card_not_working,1e-04
Can my children have their own account?,age_limit,age_limit,True,0.9991,age_limit,0.9991,verify_source_of_funds,1e-04,card_about_to_expire,1e-04
Is it possible to open an account for my children?,age_limit,age_limit,True,0.9992,age_limit,0.9992,card_not_working,1e-04,verify_source_of_funds,1e-04
Do my kids have to be a certain age to use this service?,age_limit,age_limit,True,0.999,age_limit,0.999,receiving_money,0.0002,card_about_to_expire,1e-04
How old do you have to be to be able to open an account?,age_limit,age_limit,True,0.9992,age_limit,0.9992,card_about_to_expire,1e-04,verify_source_of_funds,1e-04
Is there an age limit?,age_limit,age_limit,True,0.999,age_limit,0.999,card_not_working,1e-04,card_about_to_expire,1e-04
What are the age requirements for opening an account?,age_limit,age_limit,True,0.9992,age_limit,0.9992,receiving_money,1e-04,card_not_working,1e-04
will i be able to open an account for my daughter,age_limit,age_limit,True,0.9991,age_limit,0.9991,card_not_working,1e-04,verify_source_of_funds,1e-04
How old do I need to be to open an account?,age_limit,age_limit,True,0.9992,age_limit,0.9992,card_about_to_expire,1e-04,card_not_working,1e-04
What age can sign up for services?,age_limit,age_limit,True,0.9989,age_limit,0.9989,receiving_money,1e-04,card_about_to_expire,1e-04
How old do my kids have to be to use your service?,age_limit,age_limit,True,0.999,age_limit,0.999,receiving_money,0.0002,card_about_to_expire,1e-04
What age do my kids need to be to use your service?,age_limit,age_limit,True,0.999,age_limit,0.999,receiving_money,0.0002,card_about_to_expire,1e-04
How old do my children need to be to open an account?,age_limit,age_limit,True,0.9992,age_limit,0.9992,card_about_to_expire,1e-04,receiving_money,1e-04
How old does my kids need to be to open an account?,age_limit,age_limit,True,0.9992,age_limit,0.9992,card_about_to_expire,1e-04,receiving_money,1e-04
How young can someone be in order to open an account?,age_limit,age_limit,True,0.9991,age_limit,0.9991,receiving_money,1e-04,card_about_to_expire,1e-04
What is the youngest someone can be to open an account?,age_limit,age_limit,True,0.9991,age_limit,0.9991,receiving_money,1e-04,verify_source_of_funds,1e-04
How old does one have to be to have an account with the bank?,age_limit,age_limit,True,0.9987,age_limit,0.9987,verify_source_of_funds,1e-04,card_about_to_expire,1e-04
How do I get my PIN unlocked?,pin_blocked,pin_blocked,True,0.999,pin_blocked,0.999,get_physical_card,0.0003,change_pin,0.0002
Where can I view my PIN?,pin_blocked,get_physical_card,False,0.9977,get_physical_card,0.9977,change_pin,0.0011,pin_blocked,0.0004
Will you reinstate my PIN?,pin_blocked,change_pin,False,0.99,change_pin,0.99,pin_blocked,0.0064,contactless_not_working,0.0011
I accidentally blocked my PIN. How do I reset it?,pin_blocked,pin_blocked,True,0.9985,pin_blocked,0.9985,change_pin,0.0005,cancel_transfer,0.0002
How do I unblock my pin after entering it wrong too many times?,pin_blocked,pin_blocked,True,0.9991,pin_blocked,0.9991,change_pin,1e-04,declined_cash_withdrawal,1e-04
I used the wrong ping too many times and now the account is blocked.  How do I unblock?,pin_blocked,pin_blocked,True,0.9985,pin_blocked,0.9985,cancel_transfer,0.0003,declined_cash_withdrawal,0.0002
I need help because I drunken blocked my card?,pin_blocked,pin_blocked,True,0.9957,pin_blocked,0.9957,card_not_working,0.0017,declined_cash_withdrawal,0.0009
"How do I reset my PIN, I can't seem to use my card?",pin_blocked,change_pin,False,0.9592,change_pin,0.9592,pin_blocked,0.0342,contactless_not_working,0.0012
"When I put the wrong pin too much, I got blocked, so can you help me unblock my pin",pin_blocked,pin_blocked,True,0.9991,pin_blocked,0.9991,declined_cash_withdrawal,1e-04,change_pin,1e-04
"My pin was blocked, how do I make it so I can use it?",pin_blocked,pin_blocked,True,0.9991,pin_blocked,0.9991,change_pin,1e-04,get_physical_card,1e-04
How many tries do I have to enter my pin before I'm blocked?,pin_blocked,pin_blocked,True,0.9986,pin_blocked,0.9986,declined_cash_withdrawal,0.0005,get_physical_card,1e-04
What should I do if I've tried to enter my PIN too often?,pin_blocked,pin_blocked,True,0.9943,pin_blocked,0.9943,get_physical_card,0.0042,declined_cash_withdrawal,0.0003
I have exceeded the number of times I can try my PIN,pin_blocked,pin_blocked,True,0.9982,pin_blocked,0.9982,declined_cash_withdrawal,0.0003,change_pin,0.0003
How can I unblock a blocked pin number for my account?,pin_blocked,pin_blocked,True,0.9991,pin_blocked,0.9991,change_pin,1e-04,get_physical_card,1e-04
What do I do if the bank machine won't accept my PIN attempts anymore?,pin_blocked,pin_blocked,True,0.996,pin_blocked,0.996,card_not_working,0.0015,declined_cash_withdrawal,0.0009
Can you unlock my pin? I think I entered the wrong pin too many times.,pin_blocked,pin_blocked,True,0.999,pin_blocked,0.999,change_pin,0.0002,get_physical_card,1e-04
How do I deal with a blocked PIN?,pin_blocked,pin_blocked,True,0.999,pin_blocked,0.999,get_physical_card,0.0003,change_pin,0.0002
"I attempted to use my card while I was intoxicated, and I failed to input my PIN, and the machine kept my card. How soon can I have it back?",pin_blocked,pin_blocked,True,0.9936,pin_blocked,0.9936,declined_cash_withdrawal,0.0025,get_physical_card,0.0009
Can I unblock my card using the app?,pin_blocked,pin_blocked,True,0.998,pin_blocked,0.998,card_not_working,0.0003,activate_my_card,0.0002
I'v exhausted all the of times I can try my PIN,pin_blocked,pin_blocked,True,0.997,pin_blocked,0.997,get_physical_card,0.0007,card_not_working,0.0006
How can I unlock my pin from too many tries?,pin_blocked,pin_blocked,True,0.9986,pin_blocked,0.9986,change_pin,0.0004,declined_cash_withdrawal,1e-04
Help! I forgot my PIN and have been locked out of using my card.,pin_blocked,pin_blocked,True,0.999,pin_blocked,0.999,get_physical_card,0.0002,change_pin,1e-04
"My account is blocked, how do I log in now",pin_blocked,pin_blocked,True,0.7903,pin_blocked,0.7903,passcode_forgotten,0.0811,cancel_transfer,0.0727
Why did I get blocked?,pin_blocked,pin_blocked,True,0.9944,pin_blocked,0.9944,declined_cash_withdrawal,0.0012,cancel_transfer,0.0008
Are you able to unblock my pin?,pin_blocked,pin_blocked,True,0.9992,pin_blocked,0.9992,change_pin,1e-04,get_physical_card,1e-04
Can you assist me with unblocking my PIN? I put it in wrong too many times.,pin_blocked,pin_blocked,True,0.9991,pin_blocked,0.9991,declined_cash_withdrawal,1e-04,change_pin,1e-04
I entered the wrong pin too many times and now I am blocked.  Help me unblock!,pin_blocked,pin_blocked,True,0.9991,pin_blocked,0.9991,change_pin,1e-04,get_physical_card,1e-04
"My pins seems to be blocked, can you unblock it please",pin_blocked,pin_blocked,True,0.9991,pin_blocked,0.9991,change_pin,1e-04,get_physical_card,1e-04
Can you unblock my pin after too many wrong pin attempts?,pin_blocked,pin_blocked,True,0.9991,pin_blocked,0.9991,declined_cash_withdrawal,0.0002,change_pin,1e-04
What can you do to unblock my pin?,pin_blocked,pin_blocked,True,0.9991,pin_blocked,0.9991,change_pin,0.0002,get_physical_card,1e-04
"My PIN is blocked, what do I do?",pin_blocked,pin_blocked,True,0.9992,pin_blocked,0.9992,get_physical_card,0.0002,change_pin,1e-04
Can I reactivate my PIN?,pin_blocked,change_pin,False,0.7499,change_pin,0.7499,get_physical_card,0.1985,pin_blocked,0.0257
How do I reset my PIN?,pin_blocked,change_pin,False,0.9983,change_pin,0.9983,pin_blocked,0.0006,contactless_not_working,0.0003
Can I unblock my pin?,pin_blocked,pin_blocked,True,0.999,pin_blocked,0.999,change_pin,0.0003,get_physical_card,1e-04
How do I unblock my PIN?,pin_blocked,pin_blocked,True,0.9991,pin_blocked,0.9991,change_pin,0.0002,get_physical_card,1e-04
"My card's frozen, what can I do?",pin_blocked,card_not_working,False,0.9984,card_not_working,0.9984,lost_or_stolen_card,0.0002,virtual_card_not_working,0.0002
How can I unlock the pin?,pin_blocked,pin_blocked,True,0.9941,pin_blocked,0.9941,change_pin,0.0024,activate_my_card,0.0012
"Since my pin is blocked, would you help me unblock it?",pin_blocked,pin_blocked,True,0.9992,pin_blocked,0.9992,get_physical_card,1e-04,change_pin,1e-04
My PIN is not working and I need assistance.,pin_blocked,pin_blocked,True,0.9972,pin_blocked,0.9972,card_not_working,0.001,get_physical_card,0.0005
"
Where can I get my PIN unblocked?",pin_blocked,pin_blocked,True,0.9991,pin_blocked,0.9991,get_physical_card,0.0002,change_pin,0.0002
Are contactless payments enabled on my new card?,contactless_not_working,contactless_not_working,True,0.9964,contactless_not_working,0.9964,compromised_card,0.0003,change_pin,0.0003
My contanctless has stopped working,contactless_not_working,contactless_not_working,True,0.9325,contactless_not_working,0.9325,card_not_working,0.026,activate_my_card,0.011
what is required documents for new card process ?,contactless_not_working,contactless_not_working,True,0.8975,contactless_not_working,0.8975,card_about_to_expire,0.0316,change_pin,0.0282
"I don't know what's wrong, my contactless stopped working. Tried it in a few different places today and it didn't work in any of them.",contactless_not_working,contactless_not_working,True,0.997,contactless_not_working,0.997,compromised_card,0.0002,disposable_card_limits,0.0002
How do I get the contactless feature to work for my card?,contactless_not_working,contactless_not_working,True,0.9956,contactless_not_working,0.9956,disposable_card_limits,0.0004,change_pin,0.0004
I tried to pay contactless at the bus today and it didn't work. Any ideas why?,contactless_not_working,contactless_not_working,True,0.997,contactless_not_working,0.997,disposable_card_limits,0.0003,change_pin,0.0002
I've been unable to pay contactless with my card for over a week now. Is there a way to fix this issue?,contactless_not_working,contactless_not_working,True,0.9971,contactless_not_working,0.9971,change_pin,0.0002,disposable_card_limits,0.0002
Do you know why my contactless won't work?,contactless_not_working,contactless_not_working,True,0.9969,contactless_not_working,0.9969,disposable_card_limits,0.0002,change_pin,0.0002
My contactless payments have not been completed successfully.,contactless_not_working,contactless_not_working,True,0.9971,contactless_not_working,0.9971,compromised_card,0.0002,change_pin,0.0002
Do I need to replace my card if it didn't work when I tried to pay contactless at the shop today?,contactless_not_working,contactless_not_working,True,0.9968,contactless_not_working,0.9968,change_pin,0.0003,disposable_card_limits,0.0003
For some reason my contactless has stopped working. I don't know what the problem is. What can I do?,contactless_not_working,contactless_not_working,True,0.997,contactless_not_working,0.997,compromised_card,0.0002,change_pin,0.0002
"I couldn't use my contactless this morning, it wasn't accepted.",contactless_not_working,contactless_not_working,True,0.997,contactless_not_working,0.997,disposable_card_limits,0.0002,compromised_card,0.0002
Contactless isn't working for me,contactless_not_working,contactless_not_working,True,0.9968,contactless_not_working,0.9968,disposable_card_limits,0.0003,change_pin,0.0002
Why wouldn't the contactless payment work when I tried to pay at the bus today?,contactless_not_working,contactless_not_working,True,0.9969,contactless_not_working,0.9969,disposable_card_limits,0.0003,change_pin,0.0002
How do I check my security settings to allow contactless pay?,contactless_not_working,contactless_not_working,True,0.9964,contactless_not_working,0.9964,change_pin,0.0004,disposable_card_limits,0.0002
What can I do if contactless doesn't work?,contactless_not_working,contactless_not_working,True,0.9971,contactless_not_working,0.9971,change_pin,0.0002,disposable_card_limits,0.0002
Fix my contactless,contactless_not_working,contactless_not_working,True,0.997,contactless_not_working,0.997,change_pin,0.0002,disposable_card_limits,0.0002
How can I make my contactless work for the metro?,contactless_not_working,contactless_not_working,True,0.996,contactless_not_working,0.996,change_pin,0.0004,get_disposable_virtual_card,0.0003
My contactless is not working,contactless_not_working,contactless_not_working,True,0.9972,contactless_not_working,0.9972,change_pin,0.0002,disposable_card_limits,0.0002
Can you help my fix my contactless?,contactless_not_working,contactless_not_working,True,0.997,contactless_not_working,0.997,card_not_working,0.0002,change_pin,0.0002
For some reason my contactless won't work for me.,contactless_not_working,contactless_not_working,True,0.9969,contactless_not_working,0.9969,disposable_card_limits,0.0002,change_pin,0.0002
I'm unable to use contactless payments for purchases.,contactless_not_working,contactless_not_working,True,0.9967,contactless_not_working,0.9967,compromised_card,0.0003,disposable_card_limits,0.0003
"When I tried to pay for my bus ride, the contactless payment wouldn't work. How can I prevent this in the future?",contactless_not_working,contactless_not_working,True,0.9968,contactless_not_working,0.9968,disposable_card_limits,0.0003,compromised_card,0.0002
The NFC payment wouldn't work on the bus today. Help?,contactless_not_working,reverted_card_payment?,False,0.6956,reverted_card_payment?,0.6956,declined_card_payment,0.1901,contactless_not_working,0.021
"I wanted to use my card contactless but it doesn't seem to be working, what could be the problem?",contactless_not_working,contactless_not_working,True,0.997,contactless_not_working,0.997,disposable_card_limits,0.0003,change_pin,0.0002
How do I make contactless work,contactless_not_working,contactless_not_working,True,0.9959,contactless_not_working,0.9959,get_disposable_virtual_card,0.0005,change_pin,0.0004
what is the charges for new card?,contactless_not_working,contactless_not_working,True,0.9426,contactless_not_working,0.9426,card_payment_fee_charged,0.0105,change_pin,0.005
The contactless I have won't work.,contactless_not_working,contactless_not_working,True,0.9968,contactless_not_working,0.9968,disposable_card_limits,0.0002,passcode_forgotten,0.0002
Why isn't my contactless not working?,contactless_not_working,contactless_not_working,True,0.997,contactless_not_working,0.997,disposable_card_limits,0.0002,change_pin,0.0002
I wanted to use my contactless at the metro today but it didn't accept it!,contactless_not_working,contactless_not_working,True,0.9968,contactless_not_working,0.9968,change_pin,0.0003,disposable_card_limits,0.0002
It didnt work when I tried to pay contactless at the bus today. Why?,contactless_not_working,contactless_not_working,True,0.997,contactless_not_working,0.997,disposable_card_limits,0.0002,change_pin,0.0002
I am not able to do contactless.,contactless_not_working,contactless_not_working,True,0.9969,contactless_not_working,0.9969,disposable_card_limits,0.0003,compromised_card,0.0002
How do I use contactless payments?,contactless_not_working,contactless_not_working,True,0.9959,contactless_not_working,0.9959,get_disposable_virtual_card,0.0005,change_pin,0.0004
Help me with my contactless which isn't working.,contactless_not_working,contactless_not_working,True,0.997,contactless_not_working,0.997,disposable_card_limits,0.0002,change_pin,0.0002
How can I fix a problem where contactless isn't working?,contactless_not_working,contactless_not_working,True,0.9971,contactless_not_working,0.9971,change_pin,0.0002,disposable_card_limits,0.0002
How do I use contactless pay?,contactless_not_working,contactless_not_working,True,0.9958,contactless_not_working,0.9958,change_pin,0.0006,get_disposable_virtual_card,0.0004
How do I enable contactless pay?,contactless_not_working,contactless_not_working,True,0.9958,contactless_not_working,0.9958,change_pin,0.0005,get_disposable_virtual_card,0.0004
Do I need to make a regular payment before a contactless one?,contactless_not_working,contactless_not_working,True,0.9966,contactless_not_working,0.9966,compromised_card,0.0003,disposable_card_limits,0.0003
How can I find out where my contactless works?,contactless_not_working,contactless_not_working,True,0.9965,contactless_not_working,0.9965,get_disposable_virtual_card,0.0003,disposable_card_limits,0.0002
Should i reinstall the payment app?,contactless_not_working,contactless_not_working,True,0.9624,contactless_not_working,0.9624,pending_card_payment,0.0049,reverted_card_payment?,0.0032
how much do you charge to accept transfers,top_up_by_bank_transfer_charge,top_up_by_bank_transfer_charge,True,0.9818,top_up_by_bank_transfer_charge,0.9818,top_up_by_card_charge,0.0091,exchange_charge,0.0034
I would like to make a transfer. How much does it cost?,top_up_by_bank_transfer_charge,top_up_by_bank_transfer_charge,True,0.9989,top_up_by_bank_transfer_charge,0.9989,top_up_by_card_charge,0.0002,transfer_fee_charged,1e-04
"I need to make a transfer, what will the fee be?",top_up_by_bank_transfer_charge,top_up_by_bank_transfer_charge,True,0.9833,top_up_by_bank_transfer_charge,0.9833,transfer_fee_charged,0.0154,top_up_by_card_charge,0.0002
If I make a top-up are there charges applied?,top_up_by_bank_transfer_charge,top_up_by_card_charge,False,0.6167,top_up_by_card_charge,0.6167,top_up_by_bank_transfer_charge,0.3724,top_up_limits,0.0022
Can I also transfer with SWIFT?,top_up_by_bank_transfer_charge,top_up_by_bank_transfer_charge,True,0.9968,top_up_by_bank_transfer_charge,0.9968,top_up_by_card_charge,0.0007,atm_support,0.0004
Are SWIFT transfers accepted?,top_up_by_bank_transfer_charge,top_up_by_bank_transfer_charge,True,0.9989,top_up_by_bank_transfer_charge,0.9989,top_up_by_card_charge,0.0002,transfer_fee_charged,1e-04
I would like to refill my account using SWIFT.,top_up_by_bank_transfer_charge,top_up_by_cash_or_cheque,False,0.4481,top_up_by_cash_or_cheque,0.4481,top_up_by_card_charge,0.4238,top_up_by_bank_transfer_charge,0.0371
Do I have to pay for topping up by transfer?,top_up_by_bank_transfer_charge,top_up_by_bank_transfer_charge,True,0.9948,top_up_by_bank_transfer_charge,0.9948,receiving_money,0.0017,transfer_into_account,0.0011
Are there any sort of fees involved for top of transfers?,top_up_by_bank_transfer_charge,top_up_by_bank_transfer_charge,True,0.9984,top_up_by_bank_transfer_charge,0.9984,top_up_by_card_charge,0.0008,transfer_fee_charged,0.0003
Is it possible to get a transfer from SWIFT?,top_up_by_bank_transfer_charge,top_up_by_bank_transfer_charge,True,0.9939,top_up_by_bank_transfer_charge,0.9939,receiving_money,0.0027,transfer_into_account,0.0007
Do I have to pay any fees in order to receive money?,top_up_by_bank_transfer_charge,top_up_by_bank_transfer_charge,True,0.7383,top_up_by_bank_transfer_charge,0.7383,receiving_money,0.2497,transfer_fee_charged,0.0021
How much am I charged to receive money?,top_up_by_bank_transfer_charge,top_up_by_bank_transfer_charge,True,0.9986,top_up_by_bank_transfer_charge,0.9986,top_up_by_card_charge,0.0002,transfer_fee_charged,0.0002
Will you deal with SWIFT transfers?,top_up_by_bank_transfer_charge,top_up_by_bank_transfer_charge,True,0.9987,top_up_by_bank_transfer_charge,0.9987,top_up_by_card_charge,0.0003,transfer_fee_charged,1e-04
Will there be any charges for money received?,top_up_by_bank_transfer_charge,top_up_by_bank_transfer_charge,True,0.9948,top_up_by_bank_transfer_charge,0.9948,top_up_by_card_charge,0.0027,cash_withdrawal_charge,0.0004
Will a transfer incur a fee?,top_up_by_bank_transfer_charge,transfer_fee_charged,False,0.9187,transfer_fee_charged,0.9187,top_up_by_bank_transfer_charge,0.0793,pending_transfer,0.0003
Are there charges for receiving a SEPA transfer?,top_up_by_bank_transfer_charge,top_up_by_bank_transfer_charge,True,0.9978,top_up_by_bank_transfer_charge,0.9978,top_up_by_card_charge,0.0007,transfer_into_account,0.0002
If I transfer money from my bank to top-up my account will I be charged?,top_up_by_bank_transfer_charge,top_up_by_bank_transfer_charge,True,0.9953,top_up_by_bank_transfer_charge,0.9953,top_up_by_card_charge,0.0019,transfer_into_account,0.0015
Will I be charged if someone needs to send me money?,top_up_by_bank_transfer_charge,top_up_by_bank_transfer_charge,True,0.9862,top_up_by_bank_transfer_charge,0.9862,receiving_money,0.0101,transfer_fee_charged,0.0007
What are the fees for top-ups?,top_up_by_bank_transfer_charge,top_up_by_card_charge,False,0.9984,top_up_by_card_charge,0.9984,top_up_by_bank_transfer_charge,0.0006,top_up_by_cash_or_cheque,0.0002
Will topping up by transfer lead to a charge on my account?,top_up_by_bank_transfer_charge,top_up_by_bank_transfer_charge,True,0.9887,top_up_by_bank_transfer_charge,0.9887,transfer_fee_charged,0.0093,receiving_money,0.0003
What are the charges for receiving money?,top_up_by_bank_transfer_charge,top_up_by_bank_transfer_charge,True,0.9977,top_up_by_bank_transfer_charge,0.9977,top_up_by_card_charge,0.0006,receiving_money,0.0002
What is the fee to receive money?,top_up_by_bank_transfer_charge,top_up_by_bank_transfer_charge,True,0.9953,top_up_by_bank_transfer_charge,0.9953,receiving_money,0.0022,top_up_by_card_charge,0.0005
How much am I charged for a SEPA transfer?,top_up_by_bank_transfer_charge,top_up_by_bank_transfer_charge,True,0.9981,top_up_by_bank_transfer_charge,0.9981,top_up_by_card_charge,0.0007,transfer_into_account,1e-04
How much is the fee for a SEPA transfer?,top_up_by_bank_transfer_charge,top_up_by_bank_transfer_charge,True,0.9982,top_up_by_bank_transfer_charge,0.9982,top_up_by_card_charge,0.0005,transfer_into_account,0.0002
What'll it charge me for a SEPA transfer?,top_up_by_bank_transfer_charge,top_up_by_bank_transfer_charge,True,0.9982,top_up_by_bank_transfer_charge,0.9982,top_up_by_card_charge,0.0004,transfer_timing,0.0002
Is there a charge for topping up by transfer?,top_up_by_bank_transfer_charge,top_up_by_bank_transfer_charge,True,0.9988,top_up_by_bank_transfer_charge,0.9988,top_up_by_card_charge,0.0003,transfer_into_account,0.0002
Do you do SWIFT transfers?,top_up_by_bank_transfer_charge,top_up_by_bank_transfer_charge,True,0.9988,top_up_by_bank_transfer_charge,0.9988,top_up_by_card_charge,0.0003,transfer_into_account,1e-04
Should I expect to be charged for topping up by transfer?,top_up_by_bank_transfer_charge,top_up_by_bank_transfer_charge,True,0.998,top_up_by_bank_transfer_charge,0.998,top_up_by_card_charge,0.001,transfer_into_account,0.0002
Will I be charged for a SEPA transfer?,top_up_by_bank_transfer_charge,top_up_by_bank_transfer_charge,True,0.9975,top_up_by_bank_transfer_charge,0.9975,top_up_by_card_charge,0.0009,transfer_into_account,0.0003
is there a fee for a transfer? if so how much will it be?,top_up_by_bank_transfer_charge,top_up_by_bank_transfer_charge,True,0.9578,top_up_by_bank_transfer_charge,0.9578,transfer_fee_charged,0.0402,top_up_by_card_charge,0.0003
Please tell me about SWIFT transfers at this bank.,top_up_by_bank_transfer_charge,top_up_by_bank_transfer_charge,True,0.998,top_up_by_bank_transfer_charge,0.998,top_up_by_card_charge,0.0005,transfer_into_account,0.0004
Is there a fee for transfer top-up?,top_up_by_bank_transfer_charge,top_up_by_bank_transfer_charge,True,0.9981,top_up_by_bank_transfer_charge,0.9981,top_up_by_card_charge,0.0011,transfer_fee_charged,1e-04
Can you tell me what the transfer policy is?,top_up_by_bank_transfer_charge,declined_transfer,False,0.3414,declined_transfer,0.3414,transfer_into_account,0.1943,top_up_by_bank_transfer_charge,0.097
Is a SWIFT transfer okay?,top_up_by_bank_transfer_charge,top_up_by_bank_transfer_charge,True,0.9986,top_up_by_bank_transfer_charge,0.9986,top_up_by_card_charge,0.0003,transfer_timing,1e-04
Will I be charged a fee if I receive a SEPA transfer,top_up_by_bank_transfer_charge,top_up_by_bank_transfer_charge,True,0.9975,top_up_by_bank_transfer_charge,0.9975,top_up_by_card_charge,0.001,atm_support,0.0002
"When topping up by transfer, will I be charged?",top_up_by_bank_transfer_charge,top_up_by_bank_transfer_charge,True,0.9984,top_up_by_bank_transfer_charge,0.9984,top_up_by_card_charge,0.0008,transfer_fee_charged,1e-04
What us the fee to transfer money from my bank?,top_up_by_bank_transfer_charge,top_up_by_bank_transfer_charge,True,0.9957,top_up_by_bank_transfer_charge,0.9957,top_up_by_card_charge,0.0018,transfer_fee_charged,0.0012
Do I get charged if i am getting money?,top_up_by_bank_transfer_charge,top_up_by_bank_transfer_charge,True,0.9984,top_up_by_bank_transfer_charge,0.9984,top_up_by_card_charge,0.0003,cash_withdrawal_charge,0.0002
Can you tell me the total cost of a transfer?,top_up_by_bank_transfer_charge,top_up_by_bank_transfer_charge,True,0.9985,top_up_by_bank_transfer_charge,0.9985,receiving_money,0.0002,transfer_into_account,0.0002
can i do a transfer with swift,top_up_by_bank_transfer_charge,top_up_by_bank_transfer_charge,True,0.9971,top_up_by_bank_transfer_charge,0.9971,receiving_money,0.0005,top_up_by_card_charge,0.0004
"new customer and filling gas today, it's not working, the thing shows pending half an hour!",pending_top_up,pending_top_up,True,0.9984,pending_top_up,0.9984,card_delivery_estimate,0.0004,top_up_reverted,1e-04
My card was topped this morning but I can't see the funds. Why didn't it complete?,pending_top_up,pending_top_up,True,0.9746,pending_top_up,0.9746,top_up_failed,0.0227,top_up_reverted,0.0011
What would lead to my top up still pending?,pending_top_up,pending_top_up,True,0.999,pending_top_up,0.999,top_up_reverted,1e-04,automatic_top_up,1e-04
there's a delay in my top-up,pending_top_up,pending_top_up,True,0.9989,pending_top_up,0.9989,card_delivery_estimate,0.0002,transfer_timing,1e-04
Is there a reason my top up hasn't gone through,pending_top_up,pending_top_up,True,0.999,pending_top_up,0.999,top_up_failed,0.0003,top_up_reverted,0.0002
The top-up is pending.,pending_top_up,pending_top_up,True,0.9991,pending_top_up,0.9991,top_up_limits,1e-04,top_up_failed,1e-04
Could you explain why my top-up has gone through yet?,pending_top_up,pending_top_up,True,0.9992,pending_top_up,0.9992,top_up_reverted,0.0002,transfer_timing,1e-04
"I've already topped up, but I cannot see the funds being available. What happened?",pending_top_up,pending_top_up,True,0.9982,pending_top_up,0.9982,top_up_reverted,0.001,top_up_failed,0.0003
What is going on? My top-up is still pending. I use your system all the time but now it is just showing as pending.,pending_top_up,pending_top_up,True,0.9984,pending_top_up,0.9984,automatic_top_up,0.0004,top_up_reverted,0.0002
I  do not see a top-up processed.,pending_top_up,pending_top_up,True,0.9889,pending_top_up,0.9889,top_up_failed,0.0073,top_up_reverted,0.0011
I topped up but it didn't complete,pending_top_up,pending_top_up,True,0.9988,pending_top_up,0.9988,top_up_failed,0.0004,top_up_reverted,0.0002
"So, I am a new customer and attempted to top up for the very first time today. It's already been pending for half an hour and doesn't seem to be working. I need to please get this fixed.",pending_top_up,pending_top_up,True,0.9991,pending_top_up,0.9991,top_up_failed,0.0002,top_up_reverted,1e-04
My top up is pending.,pending_top_up,pending_top_up,True,0.9991,pending_top_up,0.9991,top_up_limits,1e-04,card_delivery_estimate,1e-04
Can you look into my top up please.  I made it over three hours ago and yet it's still pending.,pending_top_up,pending_top_up,True,0.9991,pending_top_up,0.9991,top_up_reverted,1e-04,automatic_top_up,1e-04
Can you please make my top up go through as soon as possible. I really need the money and it has been pending for an hour already.,pending_top_up,pending_top_up,True,0.9991,pending_top_up,0.9991,top_up_reverted,1e-04,transfer_timing,1e-04
"What's going on with the top-up? All it says is pending, pending, pending! I use your service several times a week and have never had a problem before! What's going on here?",pending_top_up,pending_top_up,True,0.998,pending_top_up,0.998,card_delivery_estimate,0.0002,top_up_limits,0.0002
why hasn't my top up gone through yet,pending_top_up,pending_top_up,True,0.9992,pending_top_up,0.9992,top_up_reverted,1e-04,top_up_failed,1e-04
top-up is slow to process,pending_top_up,pending_top_up,True,0.9926,pending_top_up,0.9926,top_up_failed,0.0057,top_up_limits,0.0003
"Is there something wrong with your website? I tried topping up my account and it's been close to two hours now and it's still at ""pending"" for some reason. I just joined with you guys and this is the first attempt at this, so maybe I'm wrong, but shouldn't this be instant?",pending_top_up,pending_top_up,True,0.9992,pending_top_up,0.9992,top_up_reverted,1e-04,top_up_failed,1e-04
"I topped up by card a while ago and it's still pending, surely it should be done by now?",pending_top_up,pending_top_up,True,0.9988,pending_top_up,0.9988,card_delivery_estimate,0.0002,automatic_top_up,1e-04
Why hasn't my top-up been completed?,pending_top_up,pending_top_up,True,0.9991,pending_top_up,0.9991,top_up_reverted,0.0003,top_up_failed,1e-04
top up did not complete,pending_top_up,pending_top_up,True,0.9964,pending_top_up,0.9964,top_up_failed,0.0023,top_up_reverted,0.0004
So I just put my top-up into the card and it hasn't changed.,pending_top_up,pending_top_up,True,0.9537,pending_top_up,0.9537,top_up_reverted,0.0435,top_up_failed,0.001
Why is my top up still pending?,pending_top_up,pending_top_up,True,0.9992,pending_top_up,0.9992,top_up_reverted,1e-04,automatic_top_up,1e-04
"Your top-up function isn't working, it still says pending even though I know my card works.",pending_top_up,pending_top_up,True,0.9991,pending_top_up,0.9991,top_up_failed,1e-04,top_up_reverted,1e-04
"Hi I'm a new customer and tried topping up for the first time today, seems it's not working, the thing shows up as pending since half an hour already! Please fix it!",pending_top_up,pending_top_up,True,0.9992,pending_top_up,0.9992,top_up_reverted,1e-04,top_up_failed,1e-04
"OMG!  I'm trying to load my card and it wont top up!  I desperately need the money either on my card or in my bank, where is it?",pending_top_up,topping_up_by_card,False,0.6032,topping_up_by_card,0.6032,top_up_failed,0.3758,pending_top_up,0.0104
I'm attempting to top-up my account but it has been pending for an hour.,pending_top_up,pending_top_up,True,0.9991,pending_top_up,0.9991,top_up_limits,1e-04,top_up_failed,1e-04
Why is my top-up still outstanding?,pending_top_up,pending_top_up,True,0.9249,pending_top_up,0.9249,top_up_reverted,0.0557,top_up_failed,0.0173
What does it mean when my top up is saying  still pending?,pending_top_up,pending_top_up,True,0.999,pending_top_up,0.999,automatic_top_up,1e-04,transfer_timing,1e-04
"My top up hasn't worked, it's been stuck in pending for the last couple hours",pending_top_up,pending_top_up,True,0.9989,pending_top_up,0.9989,top_up_failed,0.0003,top_up_reverted,1e-04
It doesn't look like the top-up completed.,pending_top_up,pending_top_up,True,0.9992,pending_top_up,0.9992,top_up_reverted,0.0002,top_up_failed,0.0002
Why does my top up say still pending when I used my card to do it.,pending_top_up,pending_top_up,True,0.9985,pending_top_up,0.9985,card_delivery_estimate,0.0002,transfer_timing,0.0002
Where is the money I topped off with?,pending_top_up,top_up_by_cash_or_cheque,False,0.6416,top_up_by_cash_or_cheque,0.6416,topping_up_by_card,0.2007,pending_top_up,0.1285
"Hi. I'm a new customer to your system and I think something isn't working right - or maybe it is. Maybe you can confirm. I tried to top up today (my first time ever) and it's been stuck at ""pending"" for over an hour now. Is it supposed to do this or is there something wrong in the system?",pending_top_up,pending_top_up,True,0.9988,pending_top_up,0.9988,top_up_failed,0.0005,top_up_reverted,0.0002
Why is my top-up still pending?,pending_top_up,pending_top_up,True,0.9992,pending_top_up,0.9992,top_up_reverted,1e-04,transfer_timing,1e-04
Topping up my card is not working because I believe the top up is pending,pending_top_up,pending_top_up,True,0.9979,pending_top_up,0.9979,top_up_failed,0.0008,topping_up_by_card,1e-04
When will my top-up process?,pending_top_up,pending_top_up,True,0.9985,pending_top_up,0.9985,verify_top_up,0.0002,top_up_reverted,0.0002
"The top-up has a definite problem! I regularly use your service and haven't had a problem before, but now the top-up just shows pending. Please tell my why it continues to show pending.",pending_top_up,pending_top_up,True,0.9992,pending_top_up,0.9992,top_up_reverted,0.0002,top_up_failed,1e-04
"I tried topping up but my funds seem to be pending. I want to buy something right now, what do I do?",pending_top_up,pending_top_up,True,0.9984,pending_top_up,0.9984,transfer_timing,0.0003,top_up_reverted,0.0002
I made a transaction this morning and would like to revert it.,cancel_transfer,cancel_transfer,True,0.9992,cancel_transfer,0.9992,compromised_card,1e-04,transaction_charged_twice,1e-04
Can i cancel a charge?,cancel_transfer,cancel_transfer,True,0.9983,cancel_transfer,0.9983,pin_blocked,0.0002,transaction_charged_twice,0.0002
Can I cancel my transaction?,cancel_transfer,cancel_transfer,True,0.9993,cancel_transfer,0.9993,pin_blocked,1e-04,failed_transfer,1e-04
I made a transaction but did it to the wrong account.,cancel_transfer,cancel_transfer,True,0.9994,cancel_transfer,0.9994,pin_blocked,1e-04,failed_transfer,1e-04
Tell me how to cancel a transfer.,cancel_transfer,cancel_transfer,True,0.9993,cancel_transfer,0.9993,pin_blocked,1e-04,card_not_working,1e-04
I need you to cancel a transfer that I made.  It is the wrong account number and the app won't let me stop the transaction.  Please stop it!,cancel_transfer,cancel_transfer,True,0.9993,cancel_transfer,0.9993,pin_blocked,1e-04,failed_transfer,1e-04
"I need to cancel my recent transfer immediately, I made a mistake there, please help quickly before it goes through",cancel_transfer,cancel_transfer,True,0.9991,cancel_transfer,0.9991,pending_transfer,1e-04,failed_transfer,1e-04
I would like to revert a transaction I did this morning,cancel_transfer,cancel_transfer,True,0.9993,cancel_transfer,0.9993,pin_blocked,1e-04,failed_transfer,1e-04
If I make a transaction can I cancel it?,cancel_transfer,cancel_transfer,True,0.9992,cancel_transfer,0.9992,pin_blocked,1e-04,transaction_charged_twice,1e-04
How can I cancel a transfer?,cancel_transfer,cancel_transfer,True,0.9992,cancel_transfer,0.9992,pin_blocked,1e-04,transaction_charged_twice,1e-04
Is there any way to cancel a transfer?,cancel_transfer,cancel_transfer,True,0.9993,cancel_transfer,0.9993,pin_blocked,1e-04,card_not_working,1e-04
I accidentally made a transaction to the wrong account.,cancel_transfer,cancel_transfer,True,0.9993,cancel_transfer,0.9993,compromised_card,1e-04,transaction_charged_twice,1e-04
I want to cancel a transfer right away! Can you help?,cancel_transfer,cancel_transfer,True,0.9994,cancel_transfer,0.9994,pin_blocked,1e-04,transaction_charged_twice,0.0
Help me cancel my transaction,cancel_transfer,cancel_transfer,True,0.9991,cancel_transfer,0.9991,failed_transfer,0.0003,card_not_working,1e-04
"This is URGENT, I typed the wrong payment information for a payment I needed to make and have clicked send, I need to reverse the transaction immediately.",cancel_transfer,cancel_transfer,True,0.9923,cancel_transfer,0.9923,pending_card_payment,0.0013,declined_card_payment,0.0009
Can I cancel a transfer,cancel_transfer,cancel_transfer,True,0.9989,cancel_transfer,0.9989,transaction_charged_twice,1e-04,pin_blocked,1e-04
I want to reverse my transaction from earlier,cancel_transfer,cancel_transfer,True,0.9991,cancel_transfer,0.9991,transaction_charged_twice,0.0002,pin_blocked,1e-04
Is there a way to revert my transaction from this morning?,cancel_transfer,cancel_transfer,True,0.999,cancel_transfer,0.999,failed_transfer,1e-04,compromised_card,1e-04
I'd like to cancel a transfer,cancel_transfer,cancel_transfer,True,0.9993,cancel_transfer,0.9993,pin_blocked,1e-04,card_not_working,1e-04
Can I cancel a transfer if is already processed?,cancel_transfer,cancel_transfer,True,0.9983,cancel_transfer,0.9983,pending_transfer,0.0002,pending_card_payment,0.0002
I transferred the wrong amount and would like to cancel the transaction.,cancel_transfer,cancel_transfer,True,0.9972,cancel_transfer,0.9972,transaction_charged_twice,0.0008,transfer_fee_charged,0.0005
I made a mistake when I did a transfer so now what can I do to fix that?,cancel_transfer,cancel_transfer,True,0.9623,cancel_transfer,0.9623,failed_transfer,0.0297,declined_transfer,0.0031
I need to cancel an incorrect transaction.,cancel_transfer,cancel_transfer,True,0.9993,cancel_transfer,0.9993,pin_blocked,0.0002,failed_transfer,1e-04
How do I cancel my transfer?,cancel_transfer,cancel_transfer,True,0.9989,cancel_transfer,0.9989,declined_transfer,1e-04,pending_transfer,1e-04
I made a mistake with a transaction!,cancel_transfer,cancel_transfer,True,0.9652,cancel_transfer,0.9652,failed_transfer,0.0191,pin_blocked,0.0034
I submitted a transaction to the incorrect account.,cancel_transfer,cancel_transfer,True,0.9992,cancel_transfer,0.9992,failed_transfer,1e-04,pin_blocked,1e-04
The transfer I just made needs to be cancelled right now. It was my mistake. Please help me cancel it before it goes through!,cancel_transfer,cancel_transfer,True,0.9994,cancel_transfer,0.9994,pin_blocked,1e-04,transaction_charged_twice,1e-04
I want to go back on what I did this morning,cancel_transfer,cancel_transfer,True,0.6149,cancel_transfer,0.6149,card_not_working,0.069,pending_top_up,0.0379
Can a transaction be cancelled?,cancel_transfer,cancel_transfer,True,0.9993,cancel_transfer,0.9993,transaction_charged_twice,1e-04,compromised_card,1e-04
How do i cancel my transaction?,cancel_transfer,cancel_transfer,True,0.9994,cancel_transfer,0.9994,failed_transfer,1e-04,pin_blocked,1e-04
My transaction needs to be canceled.,cancel_transfer,cancel_transfer,True,0.9992,cancel_transfer,0.9992,failed_transfer,1e-04,pin_blocked,1e-04
I need to make an immediate cancellation related to a transfer. This was a mistake. Please assist quickly so this does not actually go through.,cancel_transfer,cancel_transfer,True,0.9974,cancel_transfer,0.9974,pending_transfer,0.0004,transfer_fee_charged,0.0003
I made a mistake and need to cancel a transaction,cancel_transfer,cancel_transfer,True,0.9994,cancel_transfer,0.9994,pin_blocked,1e-04,compromised_card,1e-04
I made an error in payment yesterday and I need it fixed asap because it's for my rent tomorrow.,cancel_transfer,cancel_transfer,True,0.6527,cancel_transfer,0.6527,failed_transfer,0.2449,transfer_not_received_by_recipient,0.0598
Cancel my last transfer,cancel_transfer,cancel_transfer,True,0.9976,cancel_transfer,0.9976,declined_transfer,0.0003,card_not_working,0.0003
"My recent transfer needs to be cancelled immediately; it was a mistake, please can you cancel it before it goes through?",cancel_transfer,cancel_transfer,True,0.9991,cancel_transfer,0.9991,pending_transfer,0.0002,transaction_charged_twice,1e-04
I need help cancelling a transaction.,cancel_transfer,cancel_transfer,True,0.9986,cancel_transfer,0.9986,pin_blocked,0.0006,card_not_working,1e-04
I don't want the transaction to go through now,cancel_transfer,cancel_transfer,True,0.8371,cancel_transfer,0.8371,pending_card_payment,0.0688,pending_transfer,0.0359
Can I change the amount I made on a payment that I made to the payment is correct.,cancel_transfer,card_payment_wrong_exchange_rate,False,0.3165,card_payment_wrong_exchange_rate,0.3165,pending_card_payment,0.1758,request_refund,0.1197
Please help me!  I need to cancel a transaction.,cancel_transfer,cancel_transfer,True,0.9993,cancel_transfer,0.9993,pin_blocked,1e-04,failed_transfer,0.0
can you limit my top up?,top_up_limits,top_up_limits,True,0.9988,top_up_limits,0.9988,pending_top_up,0.0002,top_up_failed,1e-04
Am I free to top-up as much as I want?,top_up_limits,top_up_by_card_charge,False,0.9436,top_up_by_card_charge,0.9436,top_up_limits,0.0328,top_up_by_bank_transfer_charge,0.0161
Is there a top up limit for my account?,top_up_limits,top_up_limits,True,0.9988,top_up_limits,0.9988,pending_top_up,0.0002,disposable_card_limits,1e-04
What is the limit to top up?,top_up_limits,top_up_limits,True,0.9989,top_up_limits,0.9989,pending_top_up,1e-04,top_up_by_cash_or_cheque,1e-04
How much money can i top up?,top_up_limits,top_up_limits,True,0.9962,top_up_limits,0.9962,top_up_by_card_charge,0.0007,automatic_top_up,0.0005
What are the restrictions to top-offs?,top_up_limits,top_up_limits,True,0.9978,top_up_limits,0.9978,pending_top_up,0.0004,top_up_by_card_charge,0.0004
Are the top-ups limited?,top_up_limits,top_up_limits,True,0.9971,top_up_limits,0.9971,disposable_card_limits,0.0007,top_up_by_card_charge,0.0004
what is the top up limit,top_up_limits,top_up_limits,True,0.9989,top_up_limits,0.9989,pending_top_up,0.0002,top_up_failed,0.0002
I need to find out what is the limit for top-ups.,top_up_limits,top_up_limits,True,0.999,top_up_limits,0.999,pending_top_up,1e-04,top_up_failed,1e-04
Do you have a limit to top ups?,top_up_limits,top_up_limits,True,0.9989,top_up_limits,0.9989,pending_top_up,1e-04,top_up_failed,1e-04
What is maximum top up?,top_up_limits,top_up_limits,True,0.9987,top_up_limits,0.9987,pending_top_up,0.0002,disposable_card_limits,1e-04
How can I tell what the limit is to top-ups?,top_up_limits,top_up_limits,True,0.9991,top_up_limits,0.9991,pending_top_up,1e-04,top_up_by_card_charge,1e-04
Is there a limit to top-up amounts?,top_up_limits,top_up_limits,True,0.999,top_up_limits,0.999,pending_top_up,1e-04,top_up_by_card_charge,1e-04
Is there any limit to the amount I can add to a card at a time?,top_up_limits,top_up_limits,True,0.9881,top_up_limits,0.9881,disposable_card_limits,0.006,automatic_top_up,0.0018
I want to know if there is a maximum I can top up.,top_up_limits,top_up_limits,True,0.9988,top_up_limits,0.9988,pending_top_up,0.0002,disposable_card_limits,1e-04
What is the limit to a top-up?,top_up_limits,top_up_limits,True,0.9989,top_up_limits,0.9989,pending_top_up,1e-04,disposable_card_limits,1e-04
Tell me if there are any top-up limits?,top_up_limits,top_up_limits,True,0.9989,top_up_limits,0.9989,pending_top_up,0.0002,disposable_card_limits,1e-04
How can I top-up my limit?,top_up_limits,top_up_limits,True,0.9988,top_up_limits,0.9988,pending_top_up,1e-04,top_up_by_cash_or_cheque,1e-04
Is there a limit to top-ups?,top_up_limits,top_up_limits,True,0.999,top_up_limits,0.999,pending_top_up,1e-04,top_up_by_card_charge,1e-04
Can I top-up as much as I want?,top_up_limits,top_up_limits,True,0.9987,top_up_limits,0.9987,pending_top_up,0.0003,disposable_card_limits,1e-04
Can you tell me the limits for top ups?,top_up_limits,top_up_limits,True,0.999,top_up_limits,0.999,pending_top_up,1e-04,disposable_card_limits,1e-04
When I top up what are the amoutn limits.,top_up_limits,top_up_limits,True,0.9592,top_up_limits,0.9592,automatic_top_up,0.0136,disposable_card_limits,0.0063
Is there a limit on top-ups?,top_up_limits,top_up_limits,True,0.999,top_up_limits,0.999,pending_top_up,1e-04,top_up_by_card_charge,1e-04
What is the top-ups limit?,top_up_limits,top_up_limits,True,0.999,top_up_limits,0.999,pending_top_up,1e-04,disposable_card_limits,1e-04
Are there limits to top-ups?,top_up_limits,top_up_limits,True,0.999,top_up_limits,0.999,disposable_card_limits,1e-04,top_up_by_card_charge,1e-04
Is there a maximum amount of top-ups?,top_up_limits,top_up_limits,True,0.999,top_up_limits,0.999,disposable_card_limits,1e-04,top_up_by_card_charge,1e-04
Do you have a top-up limit?,top_up_limits,top_up_limits,True,0.999,top_up_limits,0.999,pending_top_up,0.0002,top_up_failed,1e-04
What's the top up limit?,top_up_limits,top_up_limits,True,0.999,top_up_limits,0.999,pending_top_up,0.0002,top_up_failed,1e-04
What is the limit to top-up?,top_up_limits,top_up_limits,True,0.9989,top_up_limits,0.9989,pending_top_up,1e-04,disposable_card_limits,1e-04
How much can I top-up to my card at a time?,top_up_limits,top_up_limits,True,0.9974,top_up_limits,0.9974,top_up_by_card_charge,0.0005,pending_top_up,0.0005
how much can i top up?,top_up_limits,top_up_limits,True,0.9986,top_up_limits,0.9986,pending_top_up,0.0002,top_up_by_card_charge,1e-04
what is the most i can top up?,top_up_limits,top_up_limits,True,0.9986,top_up_limits,0.9986,pending_top_up,0.0003,top_up_failed,1e-04
Is there a limit to how high I can top-up?,top_up_limits,top_up_limits,True,0.9986,top_up_limits,0.9986,pending_top_up,0.0002,disposable_card_limits,0.0002
Is there an amount limit to my top-up?,top_up_limits,top_up_limits,True,0.9988,top_up_limits,0.9988,pending_top_up,1e-04,disposable_card_limits,1e-04
Is there a limit for top-ups?,top_up_limits,top_up_limits,True,0.999,top_up_limits,0.999,pending_top_up,1e-04,disposable_card_limits,1e-04
Is there a maximum i can top up?,top_up_limits,top_up_limits,True,0.9986,top_up_limits,0.9986,pending_top_up,0.0002,disposable_card_limits,0.0002
How can I tell if there is a top-up limit?,top_up_limits,top_up_limits,True,0.9989,top_up_limits,0.9989,pending_top_up,0.0002,disposable_card_limits,1e-04
Do you have any restrictions to my top-up?,top_up_limits,top_up_limits,True,0.9974,top_up_limits,0.9974,pending_top_up,0.001,top_up_failed,0.0004
As for limits are top ups included?,top_up_limits,top_up_limits,True,0.999,top_up_limits,0.999,disposable_card_limits,0.0002,top_up_by_card_charge,1e-04
What are the top-up limits?,top_up_limits,top_up_limits,True,0.9988,top_up_limits,0.9988,pending_top_up,0.0003,disposable_card_limits,1e-04
"I don't know if this is an issue with the ATM or my account, but I just tried withdrawing 30 pounds from the ATM I'm at now and it only gave me 10. Is this a glitch or what exactly is going on?",wrong_amount_of_cash_received,wrong_amount_of_cash_received,True,0.9993,wrong_amount_of_cash_received,0.9993,declined_cash_withdrawal,1e-04,cash_withdrawal_charge,1e-04
I didn't get all the cash I requested for at the ATM,wrong_amount_of_cash_received,wrong_amount_of_cash_received,True,0.9994,wrong_amount_of_cash_received,0.9994,wrong_exchange_rate_for_cash_withdrawal,1e-04,declined_cash_withdrawal,1e-04
How come the ATM gave me less cash than what I asked for?,wrong_amount_of_cash_received,wrong_amount_of_cash_received,True,0.9993,wrong_amount_of_cash_received,0.9993,wrong_exchange_rate_for_cash_withdrawal,1e-04,extra_charge_on_statement,1e-04
Why did I not get my cash back after I withdrew?,wrong_amount_of_cash_received,declined_cash_withdrawal,False,0.9925,declined_cash_withdrawal,0.9925,wrong_amount_of_cash_received,0.0033,pending_cash_withdrawal,0.0016
I got less cash than the one I specified in the ATM,wrong_amount_of_cash_received,wrong_amount_of_cash_received,True,0.9994,wrong_amount_of_cash_received,0.9994,wrong_exchange_rate_for_cash_withdrawal,1e-04,extra_charge_on_statement,1e-04
The amount of cash I received was incorrect,wrong_amount_of_cash_received,wrong_amount_of_cash_received,True,0.9993,wrong_amount_of_cash_received,0.9993,wrong_exchange_rate_for_cash_withdrawal,1e-04,cash_withdrawal_charge,0.0
I'm at an ATM and withdrew 30 pounds and was only given 10. What should I do?,wrong_amount_of_cash_received,wrong_amount_of_cash_received,True,0.9994,wrong_amount_of_cash_received,0.9994,wrong_exchange_rate_for_cash_withdrawal,1e-04,declined_cash_withdrawal,1e-04
The ATM gave me the wrong amount of cash today when I went to withdraw. The app says it was more.,wrong_amount_of_cash_received,wrong_amount_of_cash_received,True,0.9995,wrong_amount_of_cash_received,0.9995,wrong_exchange_rate_for_cash_withdrawal,1e-04,cash_withdrawal_charge,0.0
The amount of cash I received was different than what I requested.,wrong_amount_of_cash_received,wrong_amount_of_cash_received,True,0.9993,wrong_amount_of_cash_received,0.9993,wrong_exchange_rate_for_cash_withdrawal,0.0002,cash_withdrawal_charge,0.0
"Hi. I just withdrew cash from an ATM and received the wrong amount. However, my app shows the correct amount I withdrew. How do I get the rest of the cash?",wrong_amount_of_cash_received,wrong_amount_of_cash_received,True,0.9994,wrong_amount_of_cash_received,0.9994,wrong_exchange_rate_for_cash_withdrawal,1e-04,cash_withdrawal_charge,1e-04
"The wrong amount of cash came out of the ATM today when I went to withdraw. When I looked at the app, it was showing it was much more.",wrong_amount_of_cash_received,wrong_amount_of_cash_received,True,0.9993,wrong_amount_of_cash_received,0.9993,wrong_exchange_rate_for_cash_withdrawal,0.0002,cash_withdrawal_charge,1e-04
I did not get as much cash as I requested at the ATM.,wrong_amount_of_cash_received,wrong_amount_of_cash_received,True,0.9992,wrong_amount_of_cash_received,0.9992,wrong_exchange_rate_for_cash_withdrawal,0.0003,declined_cash_withdrawal,1e-04
"How can I request cash back? The ATM just gave me the wrong amount, the app shows the amount that I've been actually charged though...",wrong_amount_of_cash_received,wrong_amount_of_cash_received,True,0.9994,wrong_amount_of_cash_received,0.9994,cash_withdrawal_charge,1e-04,wrong_exchange_rate_for_cash_withdrawal,1e-04
Where is the money I pushed it's on my mobile app as being withdrawn.,wrong_amount_of_cash_received,cash_withdrawal_not_recognised,False,0.9504,cash_withdrawal_not_recognised,0.9504,pending_cash_withdrawal,0.0452,declined_cash_withdrawal,0.0004
Why did I not get all the cash I asked for?,wrong_amount_of_cash_received,wrong_amount_of_cash_received,True,0.9993,wrong_amount_of_cash_received,0.9993,wrong_exchange_rate_for_cash_withdrawal,1e-04,cash_withdrawal_charge,1e-04
My cash withdrawal was partly declined,wrong_amount_of_cash_received,declined_cash_withdrawal,False,0.98,declined_cash_withdrawal,0.98,wrong_amount_of_cash_received,0.018,cash_withdrawal_charge,0.0006
Why did I only get $20 when I tried to get $100,wrong_amount_of_cash_received,wrong_amount_of_cash_received,True,0.9994,wrong_amount_of_cash_received,0.9994,wrong_exchange_rate_for_cash_withdrawal,1e-04,cash_withdrawal_charge,1e-04
I have withdrawn cash from ATM but i received the wrong amount. I want cash back as in app its showing actual amount which i got. Please help me in this.,wrong_amount_of_cash_received,wrong_amount_of_cash_received,True,0.9991,wrong_amount_of_cash_received,0.9991,wrong_exchange_rate_for_cash_withdrawal,1e-04,pending_cash_withdrawal,1e-04
"I went to withdraw some cash earlier today, but seems the ATM gave me the wrong amount of cash! The amount showing up in the app is a lot more",wrong_amount_of_cash_received,wrong_amount_of_cash_received,True,0.9994,wrong_amount_of_cash_received,0.9994,wrong_exchange_rate_for_cash_withdrawal,1e-04,cash_withdrawal_charge,1e-04
I tried to get $100 but I just got $20,wrong_amount_of_cash_received,wrong_amount_of_cash_received,True,0.9994,wrong_amount_of_cash_received,0.9994,cash_withdrawal_charge,1e-04,wrong_exchange_rate_for_cash_withdrawal,0.0
I have not received the amount of cash i was supposed to.,wrong_amount_of_cash_received,wrong_amount_of_cash_received,True,0.9993,wrong_amount_of_cash_received,0.9993,wrong_exchange_rate_for_cash_withdrawal,1e-04,cash_withdrawal_charge,1e-04
I asked for $100 cash but only got $20?,wrong_amount_of_cash_received,wrong_amount_of_cash_received,True,0.9994,wrong_amount_of_cash_received,0.9994,cash_withdrawal_charge,1e-04,cash_withdrawal_not_recognised,0.0
Where is the money that I asked for? I asked for more than I got!,wrong_amount_of_cash_received,wrong_amount_of_cash_received,True,0.9991,wrong_amount_of_cash_received,0.9991,extra_charge_on_statement,0.0002,cash_withdrawal_charge,1e-04
I withdrew money but the full amount wasn't dispensed.,wrong_amount_of_cash_received,wrong_amount_of_cash_received,True,0.9972,wrong_amount_of_cash_received,0.9972,declined_cash_withdrawal,0.0007,wrong_exchange_rate_for_cash_withdrawal,0.0005
Something went wrong with my withdrawal. The amount of money isn't right.,wrong_amount_of_cash_received,wrong_amount_of_cash_received,True,0.9988,wrong_amount_of_cash_received,0.9988,declined_cash_withdrawal,0.0003,wrong_exchange_rate_for_cash_withdrawal,0.0002
I have got out the wrong amount from an ATM. Please tell me the process to get the cash back as in app its showing the amount i have been actually received.,wrong_amount_of_cash_received,wrong_amount_of_cash_received,True,0.9995,wrong_amount_of_cash_received,0.9995,wrong_exchange_rate_for_cash_withdrawal,1e-04,declined_cash_withdrawal,0.0
I asked for 100 but only got 20.,wrong_amount_of_cash_received,wrong_amount_of_cash_received,True,0.9992,wrong_amount_of_cash_received,0.9992,declined_transfer,1e-04,wrong_exchange_rate_for_cash_withdrawal,1e-04
I didn't receive the right amount of cash back,wrong_amount_of_cash_received,wrong_amount_of_cash_received,True,0.9994,wrong_amount_of_cash_received,0.9994,cash_withdrawal_charge,1e-04,extra_charge_on_statement,0.0
The ATM gave me less cash than I requested,wrong_amount_of_cash_received,wrong_amount_of_cash_received,True,0.9994,wrong_amount_of_cash_received,0.9994,wrong_exchange_rate_for_cash_withdrawal,1e-04,cash_withdrawal_charge,1e-04
"I didn't get as much cash as I asked for from the ATM, why?",wrong_amount_of_cash_received,wrong_amount_of_cash_received,True,0.9992,wrong_amount_of_cash_received,0.9992,wrong_exchange_rate_for_cash_withdrawal,0.0002,declined_cash_withdrawal,1e-04
What do I do if the ATM didn't give me the correct amount I withdrew? I pulled out 30 pounds and the ATM gave me 10 pounds.,wrong_amount_of_cash_received,wrong_amount_of_cash_received,True,0.9994,wrong_amount_of_cash_received,0.9994,declined_cash_withdrawal,1e-04,wrong_exchange_rate_for_cash_withdrawal,1e-04
"I tried to take out cash but the amount isn't right, so what do I do?",wrong_amount_of_cash_received,wrong_amount_of_cash_received,True,0.9989,wrong_amount_of_cash_received,0.9989,declined_cash_withdrawal,0.0003,wrong_exchange_rate_for_cash_withdrawal,0.0002
I didn't receive all the cash I asked for,wrong_amount_of_cash_received,wrong_amount_of_cash_received,True,0.9993,wrong_amount_of_cash_received,0.9993,wrong_exchange_rate_for_cash_withdrawal,1e-04,cash_withdrawal_charge,1e-04
I just got $20 when I tried to get $100,wrong_amount_of_cash_received,wrong_amount_of_cash_received,True,0.9994,wrong_amount_of_cash_received,0.9994,cash_withdrawal_charge,1e-04,wrong_exchange_rate_for_cash_withdrawal,1e-04
The right amount of cash was not sent to me.,wrong_amount_of_cash_received,wrong_amount_of_cash_received,True,0.999,wrong_amount_of_cash_received,0.999,wrong_exchange_rate_for_cash_withdrawal,0.0003,cash_withdrawal_charge,1e-04
The ATM didn't give me the the withdraw amount requested.,wrong_amount_of_cash_received,wrong_amount_of_cash_received,True,0.9992,wrong_amount_of_cash_received,0.9992,declined_cash_withdrawal,0.0002,wrong_exchange_rate_for_cash_withdrawal,1e-04
Why did I get less money than I asked for?,wrong_amount_of_cash_received,wrong_amount_of_cash_received,True,0.9985,wrong_amount_of_cash_received,0.9985,extra_charge_on_statement,0.0004,cash_withdrawal_charge,1e-04
I didn't get the right amount at the ATM.,wrong_amount_of_cash_received,wrong_amount_of_cash_received,True,0.9994,wrong_amount_of_cash_received,0.9994,wrong_exchange_rate_for_cash_withdrawal,1e-04,declined_cash_withdrawal,1e-04
did not receive correct cash upon withdrawal,wrong_amount_of_cash_received,wrong_amount_of_cash_received,True,0.9929,wrong_amount_of_cash_received,0.9929,declined_cash_withdrawal,0.0048,wrong_exchange_rate_for_cash_withdrawal,0.0006
Will declined funds I tried to withdraw be returned to me?,wrong_amount_of_cash_received,declined_cash_withdrawal,False,0.9976,declined_cash_withdrawal,0.9976,cash_withdrawal_charge,0.0005,wrong_amount_of_cash_received,0.0003
I payed with a card and was charged an extra fee,card_payment_fee_charged,card_payment_fee_charged,True,0.9995,card_payment_fee_charged,0.9995,order_physical_card,1e-04,extra_charge_on_statement,1e-04
I was charged a fee after using my card and I shouldn't have been.,card_payment_fee_charged,card_payment_fee_charged,True,0.9995,card_payment_fee_charged,0.9995,order_physical_card,1e-04,cash_withdrawal_charge,1e-04
Is there a reason I was charged a fee for using my card as payment? I've never had an extra fee before.,card_payment_fee_charged,card_payment_fee_charged,True,0.9995,card_payment_fee_charged,0.9995,cash_withdrawal_charge,1e-04,order_physical_card,1e-04
"I show another charge on my card from when I used it, why?",card_payment_fee_charged,card_payment_fee_charged,True,0.4554,card_payment_fee_charged,0.4554,transaction_charged_twice,0.3683,direct_debit_payment_not_recognised,0.0964
"Why do I get charged additional fees on some payments, but not others?",card_payment_fee_charged,card_payment_fee_charged,True,0.9993,card_payment_fee_charged,0.9993,transfer_fee_charged,0.0003,order_physical_card,1e-04
I used my card for a purchase and was charged a fee,card_payment_fee_charged,card_payment_fee_charged,True,0.9995,card_payment_fee_charged,0.9995,order_physical_card,1e-04,transfer_fee_charged,1e-04
Why was I charged for card payment?,card_payment_fee_charged,card_payment_fee_charged,True,0.9992,card_payment_fee_charged,0.9992,direct_debit_payment_not_recognised,1e-04,order_physical_card,1e-04
There is an unauthorized fee.,card_payment_fee_charged,card_payment_fee_charged,True,0.9905,card_payment_fee_charged,0.9905,extra_charge_on_statement,0.0048,direct_debit_payment_not_recognised,0.0022
I would appreciate that someone let me know when there is an extra charge for payments. I was checking the app earlier and saying a charge on one of my payments that was additional that no one made me aware of before.,card_payment_fee_charged,card_payment_fee_charged,True,0.9983,card_payment_fee_charged,0.9983,direct_debit_payment_not_recognised,0.0005,transfer_fee_charged,0.0004
Why was I charged an extra fee when paying with my card?,card_payment_fee_charged,card_payment_fee_charged,True,0.9995,card_payment_fee_charged,0.9995,cash_withdrawal_charge,1e-04,extra_charge_on_statement,1e-04
Why did I have to pay extra because I paid with card?,card_payment_fee_charged,card_payment_fee_charged,True,0.9991,card_payment_fee_charged,0.9991,declined_card_payment,1e-04,order_physical_card,1e-04
Why are there fees for card usage?,card_payment_fee_charged,card_payment_fee_charged,True,0.9958,card_payment_fee_charged,0.9958,order_physical_card,0.0016,card_acceptance,0.0004
im not sure what this charge is for,card_payment_fee_charged,direct_debit_payment_not_recognised,False,0.9968,direct_debit_payment_not_recognised,0.9968,extra_charge_on_statement,0.0011,card_payment_not_recognised,0.0009
What is the fee charged with this card payment?,card_payment_fee_charged,card_payment_fee_charged,True,0.9977,card_payment_fee_charged,0.9977,order_physical_card,0.0011,top_up_by_card_charge,0.0002
When would my card be charged an extra fee for a transaction?,card_payment_fee_charged,card_payment_fee_charged,True,0.9988,card_payment_fee_charged,0.9988,transfer_fee_charged,0.0005,order_physical_card,0.0002
Why did I have to pay more when I do it with my card?,card_payment_fee_charged,card_payment_fee_charged,True,0.9709,card_payment_fee_charged,0.9709,declined_card_payment,0.0232,cash_withdrawal_charge,0.0008
I made a card payment and a fee is showing up?,card_payment_fee_charged,card_payment_fee_charged,True,0.999,card_payment_fee_charged,0.999,transfer_fee_charged,1e-04,order_physical_card,1e-04
I have been charged a fee for paying with card,card_payment_fee_charged,card_payment_fee_charged,True,0.9993,card_payment_fee_charged,0.9993,order_physical_card,1e-04,cash_withdrawal_charge,1e-04
What is the fee on my card payment?,card_payment_fee_charged,card_payment_fee_charged,True,0.9979,card_payment_fee_charged,0.9979,order_physical_card,0.001,top_up_by_card_charge,0.0002
Why would I be charged a fee for card payment?,card_payment_fee_charged,card_payment_fee_charged,True,0.9993,card_payment_fee_charged,0.9993,order_physical_card,0.0002,cash_withdrawal_charge,1e-04
Will I always be charged a fee for using my card?,card_payment_fee_charged,card_payment_fee_charged,True,0.9991,card_payment_fee_charged,0.9991,cash_withdrawal_charge,1e-04,order_physical_card,1e-04
"Can I check somewhere if there will be a fee on my payment or not? Seems you are charging in some cases, what's the pattern there?",card_payment_fee_charged,card_payment_fee_charged,True,0.9994,card_payment_fee_charged,0.9994,extra_charge_on_statement,1e-04,cash_withdrawal_charge,1e-04
Paying in card resulted in a fee,card_payment_fee_charged,card_payment_fee_charged,True,0.9992,card_payment_fee_charged,0.9992,order_physical_card,0.0002,transfer_fee_charged,1e-04
I paid with card and I think there was a fee applied.,card_payment_fee_charged,card_payment_fee_charged,True,0.9995,card_payment_fee_charged,0.9995,order_physical_card,1e-04,extra_charge_on_statement,1e-04
So what items  actually come  with  extra  fees,card_payment_fee_charged,card_payment_fee_charged,True,0.9985,card_payment_fee_charged,0.9985,transfer_fee_charged,0.0007,order_physical_card,0.0002
How do I avoid getting charged a fee on my card?,card_payment_fee_charged,card_payment_fee_charged,True,0.9995,card_payment_fee_charged,0.9995,order_physical_card,1e-04,cash_withdrawal_charge,1e-04
Is there a fee when you pay with your card?,card_payment_fee_charged,card_payment_fee_charged,True,0.9981,card_payment_fee_charged,0.9981,order_physical_card,0.0004,card_acceptance,0.0002
I have been charged with a fee for paying with my card.,card_payment_fee_charged,card_payment_fee_charged,True,0.9992,card_payment_fee_charged,0.9992,cash_withdrawal_charge,1e-04,order_physical_card,1e-04
For the first time I got a fee on my account. How do I know when you charge these fees?,card_payment_fee_charged,card_payment_fee_charged,True,0.9978,card_payment_fee_charged,0.9978,transfer_fee_charged,0.0016,cash_withdrawal_charge,1e-04
Someone needs to make me aware when there are extra charges for payments. I happened to be looking at the app earlier and noticed a charge associated to a payment that was extra that no one made me aware of before at all.,card_payment_fee_charged,card_payment_fee_charged,True,0.9842,card_payment_fee_charged,0.9842,direct_debit_payment_not_recognised,0.0109,card_payment_not_recognised,0.002
Is using my card free?,card_payment_fee_charged,card_payment_fee_charged,True,0.9979,card_payment_fee_charged,0.9979,order_physical_card,0.0005,cash_withdrawal_charge,0.0003
Why was I charged an extra fee when using a card?,card_payment_fee_charged,card_payment_fee_charged,True,0.9995,card_payment_fee_charged,0.9995,order_physical_card,1e-04,cash_withdrawal_charge,1e-04
What fees apply when using a card?,card_payment_fee_charged,card_payment_fee_charged,True,0.489,card_payment_fee_charged,0.489,order_physical_card,0.4388,card_acceptance,0.0416
Why do you charge for payments? Why aren't your charges clearly laid out in the agreement?,card_payment_fee_charged,card_payment_fee_charged,True,0.996,card_payment_fee_charged,0.996,card_payment_not_recognised,0.0011,direct_debit_payment_not_recognised,0.0009
Why was I charged a fee when I paid with card?,card_payment_fee_charged,card_payment_fee_charged,True,0.9994,card_payment_fee_charged,0.9994,cash_withdrawal_charge,1e-04,order_physical_card,1e-04
There is a fee on my account. Why?,card_payment_fee_charged,card_payment_fee_charged,True,0.9966,card_payment_fee_charged,0.9966,extra_charge_on_statement,0.0023,transfer_fee_charged,0.0005
Why do you charge fees on card payments?,card_payment_fee_charged,card_payment_fee_charged,True,0.9939,card_payment_fee_charged,0.9939,order_physical_card,0.0044,top_up_by_card_charge,0.0002
I was charged a fee for a card payment. Why?,card_payment_fee_charged,card_payment_fee_charged,True,0.9994,card_payment_fee_charged,0.9994,order_physical_card,1e-04,transfer_fee_charged,0.0
Why was a charged a fee for using the card?,card_payment_fee_charged,card_payment_fee_charged,True,0.9994,card_payment_fee_charged,0.9994,cash_withdrawal_charge,1e-04,extra_charge_on_statement,1e-04
They charged me for paying with my card.,card_payment_fee_charged,card_payment_fee_charged,True,0.9994,card_payment_fee_charged,0.9994,transfer_fee_charged,1e-04,direct_debit_payment_not_recognised,1e-04
"I completed an in country transfer a few days ago and was sure to check the account information several times since the transaction was completed, but the funds are still not available. What is the problem?",transfer_not_received_by_recipient,transfer_not_received_by_recipient,True,0.9988,transfer_not_received_by_recipient,0.9988,pending_transfer,0.0002,reverted_card_payment?,1e-04
My money transfer has not arrived.,transfer_not_received_by_recipient,transfer_not_received_by_recipient,True,0.9901,transfer_not_received_by_recipient,0.9901,pending_transfer,0.0083,transfer_timing,0.0002
I am still waiting for a transaction to be completed,transfer_not_received_by_recipient,transfer_not_received_by_recipient,True,0.9978,transfer_not_received_by_recipient,0.9978,pending_transfer,0.0007,pending_cash_withdrawal,0.0002
I made a money transaction but the recipient can't see it,transfer_not_received_by_recipient,transfer_not_received_by_recipient,True,0.9991,transfer_not_received_by_recipient,0.9991,reverted_card_payment?,0.0002,pending_transfer,1e-04
I tried to send someone money but they haven't received it.,transfer_not_received_by_recipient,transfer_not_received_by_recipient,True,0.9734,transfer_not_received_by_recipient,0.9734,failed_transfer,0.0176,pending_transfer,0.0014
How long does it take for a transfer to get to a recipient?,transfer_not_received_by_recipient,transfer_not_received_by_recipient,True,0.9989,transfer_not_received_by_recipient,0.9989,card_arrival,0.0002,card_delivery_estimate,1e-04
How can the recipient see my money transaction?,transfer_not_received_by_recipient,transfer_not_received_by_recipient,True,0.9989,transfer_not_received_by_recipient,0.9989,reverted_card_payment?,0.0002,card_delivery_estimate,1e-04
I transferred money but the recipient says it has not arrived. Why would this be?,transfer_not_received_by_recipient,transfer_not_received_by_recipient,True,0.9992,transfer_not_received_by_recipient,0.9992,reverted_card_payment?,1e-04,pending_transfer,1e-04
The transfer I did hasn't arrived,transfer_not_received_by_recipient,transfer_not_received_by_recipient,True,0.999,transfer_not_received_by_recipient,0.999,card_arrival,0.0002,balance_not_updated_after_bank_transfer,1e-04
how long do money transfers take?,transfer_not_received_by_recipient,transfer_timing,False,0.7136,transfer_timing,0.7136,balance_not_updated_after_bank_transfer,0.2684,pending_transfer,0.0126
I transferred some money and it didint arrive,transfer_not_received_by_recipient,transfer_not_received_by_recipient,True,0.9982,transfer_not_received_by_recipient,0.9982,card_delivery_estimate,0.0004,reverted_card_payment?,0.0003
Where is the transfer I started?,transfer_not_received_by_recipient,balance_not_updated_after_bank_transfer,False,0.6172,balance_not_updated_after_bank_transfer,0.6172,transfer_not_received_by_recipient,0.3362,pending_transfer,0.013
transaction failed?,transfer_not_received_by_recipient,failed_transfer,False,0.9894,failed_transfer,0.9894,cancel_transfer,0.0078,card_not_working,0.0007
"I just finished sending money, but it's not logging on the recipient side.",transfer_not_received_by_recipient,transfer_not_received_by_recipient,True,0.9977,transfer_not_received_by_recipient,0.9977,card_delivery_estimate,0.0007,card_arrival,0.0004
I completed a money transaction but the recipient hasn't received it,transfer_not_received_by_recipient,transfer_not_received_by_recipient,True,0.999,transfer_not_received_by_recipient,0.999,reverted_card_payment?,0.0002,pending_transfer,1e-04
The receipient doesn't see my money transfer.,transfer_not_received_by_recipient,pending_transfer,False,0.9226,pending_transfer,0.9226,transfer_not_received_by_recipient,0.0704,transfer_timing,0.0019
"I transferred the rent payment for my new place a couple days ago but the landlord says it's not there yet, despite showing up as done on my side. I checked the account number I sent it to and it's definitely correct. Can you please verify if the transaction really went through or not?",transfer_not_received_by_recipient,transfer_not_received_by_recipient,True,0.9991,transfer_not_received_by_recipient,0.9991,reverted_card_payment?,0.0002,pending_transfer,1e-04
I need to find out why my transfer didn't get there.,transfer_not_received_by_recipient,failed_transfer,False,0.877,failed_transfer,0.877,beneficiary_not_allowed,0.0638,transfer_not_received_by_recipient,0.0369
"I've just moved address from a place in Durham to a place in Walton-On-The-Naze.  I have a new landlord at my new house and they haven't got my payment but I know I sent it on time, can you check they got it please?",transfer_not_received_by_recipient,transfer_not_received_by_recipient,True,0.9907,transfer_not_received_by_recipient,0.9907,reverted_card_payment?,0.0039,pending_transfer,0.0015
I sent money.  They haven't received it.,transfer_not_received_by_recipient,transfer_not_received_by_recipient,True,0.9989,transfer_not_received_by_recipient,0.9989,reverted_card_payment?,0.0002,card_delivery_estimate,1e-04
"Hey, I need some help figuring out way my transfer is not complete yet. My Landlord hasn't got the money yet.She should have received it by now.",transfer_not_received_by_recipient,transfer_not_received_by_recipient,True,0.9941,transfer_not_received_by_recipient,0.9941,failed_transfer,0.0029,pending_transfer,0.0005
"The day before yesterday, I performed a transfer which was within this country. It still hasn't gone through. Can you check on that? The account number is definitely correct, as I've checked and double checked.",transfer_not_received_by_recipient,transfer_not_received_by_recipient,True,0.9983,transfer_not_received_by_recipient,0.9983,pending_transfer,0.0002,reverted_card_payment?,0.0002
"I'm having a problem with a money transfer.  I sent some money to a friend a couple of hours ago, and they haven't received it yet.  Why hasn't it gotten to them? How long do transfers need to go through?",transfer_not_received_by_recipient,transfer_not_received_by_recipient,True,0.9991,transfer_not_received_by_recipient,0.9991,reverted_card_payment?,1e-04,beneficiary_not_allowed,1e-04
I transferred some money but the receiver can't pick it up for some reason.,transfer_not_received_by_recipient,pending_transfer,False,0.3153,pending_transfer,0.3153,transfer_not_received_by_recipient,0.2658,balance_not_updated_after_bank_transfer,0.226
Where is the transaction I made to a friend?,transfer_not_received_by_recipient,transfer_not_received_by_recipient,True,0.9979,transfer_not_received_by_recipient,0.9979,reverted_card_payment?,0.0003,card_delivery_estimate,0.0003
My friend still hasn't gotten a transaction I made.,transfer_not_received_by_recipient,transfer_not_received_by_recipient,True,0.9986,transfer_not_received_by_recipient,0.9986,Refund_not_showing_up,0.0002,reverted_card_payment?,1e-04
Im waiting for my transaction to go through.,transfer_not_received_by_recipient,transfer_not_received_by_recipient,True,0.9901,transfer_not_received_by_recipient,0.9901,pending_transfer,0.0028,balance_not_updated_after_bank_transfer,0.0011
I made a transaction and it is taking a very long time to go through.,transfer_not_received_by_recipient,transfer_not_received_by_recipient,True,0.9937,transfer_not_received_by_recipient,0.9937,pending_transfer,0.0014,cancel_transfer,0.0013
Is there a reason why my transaction is taking so long?,transfer_not_received_by_recipient,transfer_not_received_by_recipient,True,0.9721,transfer_not_received_by_recipient,0.9721,balance_not_updated_after_bank_transfer,0.0106,pending_transfer,0.0097
How long will it take for my transaction to be completed?,transfer_not_received_by_recipient,transfer_not_received_by_recipient,True,0.999,transfer_not_received_by_recipient,0.999,pending_transfer,1e-04,Refund_not_showing_up,1e-04
I sent some money and the receiver can't access it.,transfer_not_received_by_recipient,transfer_not_received_by_recipient,True,0.977,transfer_not_received_by_recipient,0.977,failed_transfer,0.0062,beneficiary_not_allowed,0.0031
I sent my friend some money a few hours ago but she has not received it yet. She really needs it. How long does this take?,transfer_not_received_by_recipient,transfer_not_received_by_recipient,True,0.999,transfer_not_received_by_recipient,0.999,reverted_card_payment?,0.0002,card_delivery_estimate,1e-04
The person I sent money to hasn't gotten it yet!,transfer_not_received_by_recipient,transfer_not_received_by_recipient,True,0.9991,transfer_not_received_by_recipient,0.9991,card_arrival,1e-04,balance_not_updated_after_bank_transfer,1e-04
When will my funds transfer?,transfer_not_received_by_recipient,transfer_timing,False,0.9874,transfer_timing,0.9874,balance_not_updated_after_bank_transfer,0.0083,pending_transfer,0.0031
"How long does it take for transfers to finish?  I sent funds to my pal, and she says that she has not gotten anything.",transfer_not_received_by_recipient,transfer_not_received_by_recipient,True,0.9986,transfer_not_received_by_recipient,0.9986,beneficiary_not_allowed,0.0002,balance_not_updated_after_bank_transfer,0.0002
"How long do transfers need to come through? I sent some money to a friend, she needs it urgently, but seems it's still not there yet after a couple hours.",transfer_not_received_by_recipient,transfer_not_received_by_recipient,True,0.9992,transfer_not_received_by_recipient,0.9992,Refund_not_showing_up,1e-04,reverted_card_payment?,1e-04
How long until my friend receives my transaction?,transfer_not_received_by_recipient,transfer_not_received_by_recipient,True,0.9981,transfer_not_received_by_recipient,0.9981,card_delivery_estimate,0.0006,reverted_card_payment?,0.0002
Why hasn't my recipient received their money?,transfer_not_received_by_recipient,transfer_not_received_by_recipient,True,0.9988,transfer_not_received_by_recipient,0.9988,reverted_card_payment?,0.0002,card_arrival,1e-04
I am still awaiting the completion of the transaction.,transfer_not_received_by_recipient,transfer_not_received_by_recipient,True,0.9976,transfer_not_received_by_recipient,0.9976,pending_transfer,0.0005,pending_cash_withdrawal,0.0004
I transferred some money but the recipient is having trouble withdrawing.,transfer_not_received_by_recipient,transfer_not_received_by_recipient,True,0.3994,transfer_not_received_by_recipient,0.3994,declined_cash_withdrawal,0.3379,failed_transfer,0.0848
"To add money to my account, what currencies can I use?",supported_cards_and_currencies,supported_cards_and_currencies,True,0.998,supported_cards_and_currencies,0.998,fiat_currency_support,0.0005,transfer_into_account,0.0004
"I need support options, I want to top my card",supported_cards_and_currencies,supported_cards_and_currencies,True,0.859,supported_cards_and_currencies,0.859,automatic_top_up,0.0921,top_up_by_card_charge,0.0133
I have 1 other US card.  Can you take that?,supported_cards_and_currencies,supported_cards_and_currencies,True,0.9893,supported_cards_and_currencies,0.9893,top_up_by_card_charge,0.0063,visa_or_mastercard,0.001
What are the cards and currencies that are supported?,supported_cards_and_currencies,supported_cards_and_currencies,True,0.9991,supported_cards_and_currencies,0.9991,topping_up_by_card,1e-04,fiat_currency_support,1e-04
What currencies are accepted for adding money?,supported_cards_and_currencies,supported_cards_and_currencies,True,0.999,supported_cards_and_currencies,0.999,top_up_by_card_charge,1e-04,top_up_by_cash_or_cheque,1e-04
What kind of currencies can I use to add money?,supported_cards_and_currencies,supported_cards_and_currencies,True,0.9986,supported_cards_and_currencies,0.9986,fiat_currency_support,0.0003,transfer_into_account,0.0002
I only own one other credit card from the USA. Will it be accepted?,supported_cards_and_currencies,supported_cards_and_currencies,True,0.9986,supported_cards_and_currencies,0.9986,country_support,0.0003,fiat_currency_support,0.0003
"If I only have 1 other US card, can you take it?",supported_cards_and_currencies,supported_cards_and_currencies,True,0.9818,supported_cards_and_currencies,0.9818,top_up_by_card_charge,0.0146,visa_or_mastercard,0.0012
Can I use my American Express to add money to my account?,supported_cards_and_currencies,supported_cards_and_currencies,True,0.9991,supported_cards_and_currencies,0.9991,fiat_currency_support,1e-04,transfer_into_account,1e-04
can you tell me what cards and currencies you take?,supported_cards_and_currencies,supported_cards_and_currencies,True,0.9989,supported_cards_and_currencies,0.9989,visa_or_mastercard,0.0002,direct_debit_payment_not_recognised,1e-04
Can I use American Express to add money into my account?,supported_cards_and_currencies,supported_cards_and_currencies,True,0.9992,supported_cards_and_currencies,0.9992,transfer_into_account,1e-04,top_up_by_card_charge,1e-04
Will you accept my other card from the U.S.?,supported_cards_and_currencies,supported_cards_and_currencies,True,0.9991,supported_cards_and_currencies,0.9991,top_up_by_card_charge,0.0002,topping_up_by_card,1e-04
What is accepted in regards to cards and currencies?,supported_cards_and_currencies,supported_cards_and_currencies,True,0.9975,supported_cards_and_currencies,0.9975,get_disposable_virtual_card,0.0004,topping_up_by_card,0.0004
Will you accept my other card?,supported_cards_and_currencies,supported_cards_and_currencies,True,0.9977,supported_cards_and_currencies,0.9977,visa_or_mastercard,0.0006,top_up_by_card_charge,0.0003
I would like to add money to my account through my American Express.,supported_cards_and_currencies,supported_cards_and_currencies,True,0.9989,supported_cards_and_currencies,0.9989,top_up_by_card_charge,0.0002,topping_up_by_card,1e-04
Which cards do you guys support? I want to top up using my credit card.,supported_cards_and_currencies,supported_cards_and_currencies,True,0.9989,supported_cards_and_currencies,0.9989,topping_up_by_card,1e-04,country_support,1e-04
What credit cards are supported?,supported_cards_and_currencies,supported_cards_and_currencies,True,0.9985,supported_cards_and_currencies,0.9985,visa_or_mastercard,0.0006,country_support,1e-04
What cards and currencies do you support?,supported_cards_and_currencies,supported_cards_and_currencies,True,0.999,supported_cards_and_currencies,0.999,fiat_currency_support,1e-04,receiving_money,1e-04
How do I transfer funds from my American Express into my account?,supported_cards_and_currencies,supported_cards_and_currencies,True,0.9991,supported_cards_and_currencies,0.9991,transfer_into_account,1e-04,get_disposable_virtual_card,1e-04
How can I use American Express to add money to my account?,supported_cards_and_currencies,supported_cards_and_currencies,True,0.9992,supported_cards_and_currencies,0.9992,fiat_currency_support,1e-04,top_up_by_card_charge,1e-04
"When adding money, what are the currencies you take?",supported_cards_and_currencies,supported_cards_and_currencies,True,0.9983,supported_cards_and_currencies,0.9983,fiat_currency_support,0.0006,transfer_into_account,0.0002
Which forms of currency are accepted?,supported_cards_and_currencies,fiat_currency_support,False,0.7323,fiat_currency_support,0.7323,supported_cards_and_currencies,0.2328,exchange_via_app,0.0281
Are US credit cards accepted?,supported_cards_and_currencies,supported_cards_and_currencies,True,0.9984,supported_cards_and_currencies,0.9984,top_up_by_card_charge,0.0005,country_support,0.0002
"I want to add money but don't know what currencies you accept, can you tell me?",supported_cards_and_currencies,supported_cards_and_currencies,True,0.9983,supported_cards_and_currencies,0.9983,fiat_currency_support,0.0009,transfer_into_account,1e-04
why wouldn't you support american express? its a card i like and use often and i don't want to get a different one,supported_cards_and_currencies,supported_cards_and_currencies,True,0.9987,supported_cards_and_currencies,0.9987,fiat_currency_support,0.0004,top_up_by_card_charge,1e-04
Tell me which cards and what currency is supported.,supported_cards_and_currencies,supported_cards_and_currencies,True,0.999,supported_cards_and_currencies,0.999,fiat_currency_support,0.0002,visa_or_mastercard,1e-04
Do you support all cards and currencies?,supported_cards_and_currencies,supported_cards_and_currencies,True,0.9989,supported_cards_and_currencies,0.9989,fiat_currency_support,1e-04,get_disposable_virtual_card,1e-04
Which credit or debit cards can I use to top up?,supported_cards_and_currencies,supported_cards_and_currencies,True,0.9983,supported_cards_and_currencies,0.9983,top_up_by_card_charge,0.0005,topping_up_by_card,0.0004
What options do I have in regards to payment?,supported_cards_and_currencies,supported_cards_and_currencies,True,0.971,supported_cards_and_currencies,0.971,receiving_money,0.0065,card_payment_not_recognised,0.0026
I just have one other card from the US. Is that okay?,supported_cards_and_currencies,supported_cards_and_currencies,True,0.9974,supported_cards_and_currencies,0.9974,country_support,0.0005,top_up_by_card_charge,0.0004
What are all the currencies and cards supported to use this?,supported_cards_and_currencies,supported_cards_and_currencies,True,0.9989,supported_cards_and_currencies,0.9989,get_disposable_virtual_card,1e-04,receiving_money,1e-04
What cards to do you support to top up.,supported_cards_and_currencies,supported_cards_and_currencies,True,0.9988,supported_cards_and_currencies,0.9988,topping_up_by_card,1e-04,get_disposable_virtual_card,1e-04
Do you accept other currencies besides US Dollars?,supported_cards_and_currencies,supported_cards_and_currencies,True,0.9682,supported_cards_and_currencies,0.9682,fiat_currency_support,0.0249,exchange_via_app,0.0025
Can I use any currency to add money?,supported_cards_and_currencies,supported_cards_and_currencies,True,0.9972,supported_cards_and_currencies,0.9972,fiat_currency_support,0.0009,exchange_via_app,0.0005
Is my currency okay to add money with?,supported_cards_and_currencies,supported_cards_and_currencies,True,0.8719,supported_cards_and_currencies,0.8719,fiat_currency_support,0.1073,exchange_via_app,0.0153
What cards and currencies will suffice?,supported_cards_and_currencies,supported_cards_and_currencies,True,0.999,supported_cards_and_currencies,0.999,top_up_by_card_charge,1e-04,get_disposable_virtual_card,1e-04
How can I use American Express to add funds to my account?,supported_cards_and_currencies,supported_cards_and_currencies,True,0.9992,supported_cards_and_currencies,0.9992,top_up_by_card_charge,1e-04,fiat_currency_support,1e-04
What cards and currencies are supported?,supported_cards_and_currencies,supported_cards_and_currencies,True,0.9991,supported_cards_and_currencies,0.9991,fiat_currency_support,1e-04,get_disposable_virtual_card,1e-04
What currencies or cards do you support for topping up?,supported_cards_and_currencies,supported_cards_and_currencies,True,0.9991,supported_cards_and_currencies,0.9991,topping_up_by_card,1e-04,get_disposable_virtual_card,1e-04
Which cards and currencies do you support?,supported_cards_and_currencies,supported_cards_and_currencies,True,0.999,supported_cards_and_currencies,0.999,fiat_currency_support,0.0002,country_support,1e-04
Where can I obtain my virtual card?,getting_virtual_card,getting_virtual_card,True,0.9989,getting_virtual_card,0.9989,get_disposable_virtual_card,1e-04,virtual_card_not_working,1e-04
How do you get a virtual card?,getting_virtual_card,getting_virtual_card,True,0.9989,getting_virtual_card,0.9989,get_disposable_virtual_card,0.0002,virtual_card_not_working,1e-04
Where can I find a virtual card?,getting_virtual_card,getting_virtual_card,True,0.9987,getting_virtual_card,0.9987,card_linking,0.0002,get_disposable_virtual_card,1e-04
Is there an option to have a virtual card?,getting_virtual_card,getting_virtual_card,True,0.9988,getting_virtual_card,0.9988,virtual_card_not_working,0.0002,get_disposable_virtual_card,0.0002
If I don't want a physical card can i get a virtual version?,getting_virtual_card,getting_virtual_card,True,0.9984,getting_virtual_card,0.9984,get_disposable_virtual_card,0.0006,order_physical_card,0.0002
I requested a virtual card but it is not showing up. Why?,getting_virtual_card,getting_virtual_card,True,0.9787,getting_virtual_card,0.9787,virtual_card_not_working,0.0169,disposable_card_limits,0.0007
Can you tell me how to order a virtual card?,getting_virtual_card,getting_virtual_card,True,0.9989,getting_virtual_card,0.9989,get_disposable_virtual_card,1e-04,order_physical_card,1e-04
Where is the virtual card?,getting_virtual_card,getting_virtual_card,True,0.9987,getting_virtual_card,0.9987,card_linking,0.0002,get_disposable_virtual_card,1e-04
what is the virtual card,getting_virtual_card,getting_virtual_card,True,0.9987,getting_virtual_card,0.9987,get_disposable_virtual_card,0.0003,virtual_card_not_working,0.0003
how do i get a virtual card?,getting_virtual_card,getting_virtual_card,True,0.999,getting_virtual_card,0.999,get_disposable_virtual_card,0.0002,virtual_card_not_working,1e-04
Where do I order a virtual card from?,getting_virtual_card,getting_virtual_card,True,0.9989,getting_virtual_card,0.9989,get_disposable_virtual_card,1e-04,order_physical_card,1e-04
Why did I not get a virtual card yet?,getting_virtual_card,getting_virtual_card,True,0.9989,getting_virtual_card,0.9989,virtual_card_not_working,0.0002,get_disposable_virtual_card,1e-04
How can I order virtual cards?,getting_virtual_card,getting_virtual_card,True,0.999,getting_virtual_card,0.999,get_disposable_virtual_card,0.0002,virtual_card_not_working,1e-04
Can you tell me where I can order a virtual card?,getting_virtual_card,getting_virtual_card,True,0.9987,getting_virtual_card,0.9987,card_linking,0.0002,order_physical_card,0.0002
Is it possible for me to get a virtual card?,getting_virtual_card,getting_virtual_card,True,0.9989,getting_virtual_card,0.9989,virtual_card_not_working,0.0002,get_disposable_virtual_card,1e-04
Is this where I order a virtual card?,getting_virtual_card,getting_virtual_card,True,0.9988,getting_virtual_card,0.9988,card_linking,0.0002,order_physical_card,1e-04
What are the steps to getting a virtual card?,getting_virtual_card,getting_virtual_card,True,0.9989,getting_virtual_card,0.9989,virtual_card_not_working,1e-04,get_disposable_virtual_card,1e-04
help me obtain a virtual card,getting_virtual_card,getting_virtual_card,True,0.9984,getting_virtual_card,0.9984,virtual_card_not_working,0.0005,get_disposable_virtual_card,0.0005
Where is the virtual card located?,getting_virtual_card,getting_virtual_card,True,0.9989,getting_virtual_card,0.9989,card_linking,0.0002,virtual_card_not_working,1e-04
Where can I order a virtual card?,getting_virtual_card,getting_virtual_card,True,0.9989,getting_virtual_card,0.9989,get_disposable_virtual_card,0.0002,order_physical_card,1e-04
Where do I obtain my virtual card?,getting_virtual_card,getting_virtual_card,True,0.9988,getting_virtual_card,0.9988,virtual_card_not_working,1e-04,card_linking,1e-04
I want a virtual card!,getting_virtual_card,getting_virtual_card,True,0.9989,getting_virtual_card,0.9989,virtual_card_not_working,0.0002,get_disposable_virtual_card,0.0002
I want one of those virtual cards!,getting_virtual_card,getting_virtual_card,True,0.9989,getting_virtual_card,0.9989,virtual_card_not_working,1e-04,get_disposable_virtual_card,1e-04
Are virtual cards available to get?,getting_virtual_card,getting_virtual_card,True,0.9989,getting_virtual_card,0.9989,get_disposable_virtual_card,0.0002,virtual_card_not_working,0.0002
Can you help me sign up for a virtual card?,getting_virtual_card,getting_virtual_card,True,0.9984,getting_virtual_card,0.9984,virtual_card_not_working,0.0002,get_disposable_virtual_card,0.0002
Can I get a copy of the card by email?,getting_virtual_card,card_arrival,False,0.9242,card_arrival,0.9242,order_physical_card,0.0428,lost_or_stolen_card,0.0083
Where do I find the virtual card?,getting_virtual_card,getting_virtual_card,True,0.9988,getting_virtual_card,0.9988,card_linking,0.0002,get_disposable_virtual_card,1e-04
why do i not have a virtual card,getting_virtual_card,getting_virtual_card,True,0.9982,getting_virtual_card,0.9982,virtual_card_not_working,0.0008,get_disposable_virtual_card,0.0002
How do I order a virtual card?,getting_virtual_card,getting_virtual_card,True,0.9989,getting_virtual_card,0.9989,get_disposable_virtual_card,1e-04,virtual_card_not_working,1e-04
"I thought I was going to get a virtual card but I haven't received it yet, how can we resolve this?",getting_virtual_card,getting_virtual_card,True,0.9984,getting_virtual_card,0.9984,virtual_card_not_working,0.0004,card_linking,1e-04
Please help me get a virtual card.,getting_virtual_card,getting_virtual_card,True,0.999,getting_virtual_card,0.999,virtual_card_not_working,0.0002,get_disposable_virtual_card,0.0002
Can I order a virtual card?,getting_virtual_card,getting_virtual_card,True,0.9989,getting_virtual_card,0.9989,get_disposable_virtual_card,0.0004,order_physical_card,1e-04
Where can I go to get a virtual card?,getting_virtual_card,getting_virtual_card,True,0.9989,getting_virtual_card,0.9989,get_disposable_virtual_card,1e-04,card_linking,1e-04
Where are the virtual cards located?,getting_virtual_card,getting_virtual_card,True,0.9989,getting_virtual_card,0.9989,card_linking,0.0002,get_disposable_virtual_card,1e-04
I would like a virtual card- where can I purchase one?,getting_virtual_card,getting_virtual_card,True,0.999,getting_virtual_card,0.999,get_disposable_virtual_card,0.0002,virtual_card_not_working,1e-04
When should I receive my virtual card?,getting_virtual_card,getting_virtual_card,True,0.9975,getting_virtual_card,0.9975,virtual_card_not_working,0.0005,get_disposable_virtual_card,0.0002
I need to reorder my virtual card!,getting_virtual_card,getting_virtual_card,True,0.9791,getting_virtual_card,0.9791,virtual_card_not_working,0.0168,disposable_card_limits,0.0007
Where can I get a virtual card?,getting_virtual_card,getting_virtual_card,True,0.999,getting_virtual_card,0.999,get_disposable_virtual_card,0.0002,card_linking,1e-04
Is there a way to obtain a virtual card?,getting_virtual_card,getting_virtual_card,True,0.9988,getting_virtual_card,0.9988,virtual_card_not_working,1e-04,get_disposable_virtual_card,1e-04
Can I have one of the virtual cards?,getting_virtual_card,getting_virtual_card,True,0.9989,getting_virtual_card,0.9989,get_disposable_virtual_card,0.0002,virtual_card_not_working,1e-04
Will my card be accepted all over the world?,card_acceptance,card_acceptance,True,0.9882,card_acceptance,0.9882,supported_cards_and_currencies,0.0039,country_support,0.0017
Who accepts this card?,card_acceptance,card_acceptance,True,0.9984,card_acceptance,0.9984,order_physical_card,0.0003,compromised_card,1e-04
Can I use my card for payment all over the world?,card_acceptance,card_acceptance,True,0.6728,card_acceptance,0.6728,supported_cards_and_currencies,0.2802,country_support,0.0143
It will be fine to use at any establishment that accepts Mastercard.,card_acceptance,card_acceptance,True,0.9868,card_acceptance,0.9868,visa_or_mastercard,0.0053,supported_cards_and_currencies,0.0015
Where can the card be used?,card_acceptance,card_acceptance,True,0.9964,card_acceptance,0.9964,order_physical_card,0.0019,atm_support,0.0002
Can my card be used everywhere?,card_acceptance,card_acceptance,True,0.9981,card_acceptance,0.9981,topping_up_by_card,0.0003,order_physical_card,0.0003
Are there any limits on where I can use my card?,card_acceptance,card_acceptance,True,0.9974,card_acceptance,0.9974,order_physical_card,0.0004,compromised_card,0.0002
What stores can I sue my card?,card_acceptance,card_acceptance,True,0.5563,card_acceptance,0.5563,declined_card_payment,0.1623,compromised_card,0.1
Can I use my card anywhere I want?,card_acceptance,card_acceptance,True,0.9984,card_acceptance,0.9984,order_physical_card,0.0002,topping_up_by_card,0.0002
Is there anywhere my card will not be accepted?,card_acceptance,card_acceptance,True,0.998,card_acceptance,0.998,card_swallowed,0.0003,atm_support,0.0002
What are the rules to where I can use my card?,card_acceptance,card_acceptance,True,0.9975,card_acceptance,0.9975,order_physical_card,0.0005,compromised_card,0.0002
Do you know where my card will be accepted?,card_acceptance,card_acceptance,True,0.9982,card_acceptance,0.9982,order_physical_card,0.0004,card_swallowed,0.0002
What places can I use my card?,card_acceptance,card_acceptance,True,0.9977,card_acceptance,0.9977,order_physical_card,0.0008,atm_support,0.0002
Is my card accepted everywhere?,card_acceptance,card_acceptance,True,0.9978,card_acceptance,0.9978,card_swallowed,0.0003,atm_support,0.0002
What places will accept my card for payment?,card_acceptance,card_acceptance,True,0.9872,card_acceptance,0.9872,supported_cards_and_currencies,0.0055,atm_support,0.0024
Does this card work everywhere?,card_acceptance,card_acceptance,True,0.9982,card_acceptance,0.9982,order_physical_card,0.0002,compromised_card,0.0002
"

What businesses accept this card?",card_acceptance,card_acceptance,True,0.9982,card_acceptance,0.9982,order_physical_card,0.0002,topping_up_by_card,0.0002
Where can I use my card?,card_acceptance,card_acceptance,True,0.998,card_acceptance,0.998,order_physical_card,0.0004,compromised_card,1e-04
Which outlets accept my card?,card_acceptance,card_acceptance,True,0.997,card_acceptance,0.997,supported_cards_and_currencies,0.0005,atm_support,0.0004
"I am traveling to Germany, Will I be able to use my card there?",card_acceptance,country_support,False,0.9857,country_support,0.9857,transfer_timing,0.0022,card_delivery_estimate,0.0022
What stores will take my credit card as payment?,card_acceptance,card_acceptance,True,0.9175,card_acceptance,0.9175,supported_cards_and_currencies,0.0497,atm_support,0.006
Is there any place I cannot use my card?,card_acceptance,card_acceptance,True,0.9926,card_acceptance,0.9926,card_not_working,0.0024,compromised_card,0.0017
Will I be able to use my card anywhere?,card_acceptance,card_acceptance,True,0.9972,card_acceptance,0.9972,topping_up_by_card,0.0005,order_physical_card,0.0003
Is my card usable anywhere?,card_acceptance,card_acceptance,True,0.9978,card_acceptance,0.9978,order_physical_card,0.0005,topping_up_by_card,0.0002
Is it acceptable to use my card anywhere?,card_acceptance,card_acceptance,True,0.9979,card_acceptance,0.9979,topping_up_by_card,0.0004,order_physical_card,0.0003
Can I use my card everywhere?,card_acceptance,card_acceptance,True,0.9981,card_acceptance,0.9981,topping_up_by_card,0.0002,order_physical_card,0.0002
Where is my card accepted?,card_acceptance,card_acceptance,True,0.9978,card_acceptance,0.9978,order_physical_card,0.0006,atm_support,0.0002
Where can I pay with my debit or credit card?,card_acceptance,card_acceptance,True,0.9973,card_acceptance,0.9973,atm_support,0.0004,topping_up_by_card,0.0004
Where should my card work?,card_acceptance,card_not_working,False,0.9614,card_not_working,0.9614,card_acceptance,0.0309,compromised_card,0.0018
areas card is accpeted,card_acceptance,order_physical_card,False,0.8144,order_physical_card,0.8144,disposable_card_limits,0.0509,get_physical_card,0.0219
places i can use the card,card_acceptance,card_acceptance,True,0.9968,card_acceptance,0.9968,order_physical_card,0.0015,topping_up_by_card,0.0002
Can I make online purchases with my card?,card_acceptance,card_acceptance,True,0.969,card_acceptance,0.969,order_physical_card,0.0156,get_disposable_virtual_card,0.0021
Does every place of business accept this card?,card_acceptance,card_acceptance,True,0.9981,card_acceptance,0.9981,topping_up_by_card,0.0003,order_physical_card,0.0002
What places will accept my card?,card_acceptance,card_acceptance,True,0.9971,card_acceptance,0.9971,atm_support,0.0006,order_physical_card,0.0004
Can I use my card anywere?,card_acceptance,card_acceptance,True,0.996,card_acceptance,0.996,order_physical_card,0.0007,topping_up_by_card,0.0004
Will any business take this card?,card_acceptance,card_acceptance,True,0.9981,card_acceptance,0.9981,topping_up_by_card,0.0003,order_physical_card,0.0003
Will filling stations accept my card?,card_acceptance,card_acceptance,True,0.8496,card_acceptance,0.8496,topping_up_by_card,0.0421,atm_support,0.0382
Where am I able to use the card?,card_acceptance,card_acceptance,True,0.9958,card_acceptance,0.9958,order_physical_card,0.0008,card_not_working,0.0005
What can I use my card to pay for?,card_acceptance,card_acceptance,True,0.9552,card_acceptance,0.9552,supported_cards_and_currencies,0.0217,order_physical_card,0.0081
Who accepts my card?,card_acceptance,card_acceptance,True,0.9981,card_acceptance,0.9981,order_physical_card,0.0002,compromised_card,1e-04
My top-up was cancelled; will I receive a refund?,top_up_reverted,top_up_reverted,True,0.7883,top_up_reverted,0.7883,Refund_not_showing_up,0.1167,request_refund,0.0672
How do I fix a reverted top up?,top_up_reverted,top_up_reverted,True,0.9963,top_up_reverted,0.9963,pending_top_up,0.0017,top_up_failed,0.0007
Is it possible to tell if my top up has reverted?,top_up_reverted,top_up_reverted,True,0.995,top_up_reverted,0.995,pending_top_up,0.0033,top_up_failed,0.0007
"My top-up showed as complete, but it's no longer there! What's going on here?",top_up_reverted,pending_top_up,False,0.9978,pending_top_up,0.9978,top_up_reverted,0.0015,top_up_failed,1e-04
"Hi, i don't know what's going on i've just paid for my top up twice by accident can you help me get a refund please.",top_up_reverted,transaction_charged_twice,False,0.994,transaction_charged_twice,0.994,cancel_transfer,0.0014,request_refund,0.0007
It seems my top up is reverted?,top_up_reverted,top_up_reverted,True,0.9953,top_up_reverted,0.9953,pending_top_up,0.0029,top_up_failed,0.0008
The app wouldn't accept my top up.,top_up_reverted,top_up_failed,False,0.999,top_up_failed,0.999,top_up_reverted,1e-04,pending_top_up,1e-04
"I topped up my account and even though it was confirmed at first, the money isn't there anymore! why did this happen, and where did my money go?",top_up_reverted,top_up_reverted,True,0.9951,top_up_reverted,0.9951,pending_top_up,0.0016,top_up_failed,0.0014
"I believe my money did not go through with my top up, was there a problem on your end?",top_up_reverted,top_up_failed,False,0.9951,top_up_failed,0.9951,pending_top_up,0.0027,top_up_reverted,0.0016
"My top-up was reverted, why did this happen?",top_up_reverted,top_up_reverted,True,0.9971,top_up_reverted,0.9971,top_up_failed,0.0012,pending_top_up,0.0009
I put money into my account for the minimum balance but the application didn't accept.,top_up_reverted,pending_top_up,False,0.6919,pending_top_up,0.6919,top_up_failed,0.1405,top_up_by_cash_or_cheque,0.0547
Can you tell me if my top-up has been cancelled?,top_up_reverted,top_up_reverted,True,0.9846,top_up_reverted,0.9846,top_up_failed,0.0132,pending_top_up,0.0008
I got topped up but the application reverted it.,top_up_reverted,top_up_reverted,True,0.9966,top_up_reverted,0.9966,top_up_failed,0.0013,pending_top_up,0.001
Why would my top up be cancelled?,top_up_reverted,top_up_reverted,True,0.9946,top_up_reverted,0.9946,top_up_failed,0.0036,pending_top_up,0.0008
There appears to have been a reversion in my top up,top_up_reverted,top_up_reverted,True,0.5205,top_up_reverted,0.5205,pending_top_up,0.4729,top_up_failed,0.0038
The application reverted my top-up.,top_up_reverted,top_up_reverted,True,0.9964,top_up_reverted,0.9964,top_up_failed,0.0015,pending_top_up,0.0014
I think my top-up was cancelled.,top_up_reverted,top_up_reverted,True,0.9823,top_up_reverted,0.9823,top_up_failed,0.0155,pending_top_up,0.0006
I believed crypto top up with something you offered. This does not seem to be working. The money has been removed from my account though so what's going on?,top_up_reverted,top_up_reverted,True,0.9957,top_up_reverted,0.9957,top_up_failed,0.0026,pending_top_up,0.0009
I topped up but the app reverted it,top_up_reverted,top_up_reverted,True,0.9969,top_up_reverted,0.9969,top_up_failed,0.0011,pending_top_up,0.0011
I went to top up and it is no longer there.  Was it sent back?,top_up_reverted,top_up_reverted,True,0.8545,top_up_reverted,0.8545,pending_top_up,0.1385,top_up_failed,0.0042
What happened to my top-up?,top_up_reverted,pending_top_up,False,0.9985,pending_top_up,0.9985,top_up_reverted,0.0008,top_up_failed,1e-04
Can you tell me why my top up was reverted?,top_up_reverted,top_up_reverted,True,0.9972,top_up_reverted,0.9972,top_up_failed,0.0012,pending_top_up,0.0007
For what reason would a top up be reverted and returned to my account?,top_up_reverted,top_up_reverted,True,0.9969,top_up_reverted,0.9969,pending_top_up,0.0014,top_up_failed,0.0009
"When I topped up, the app reverted my funds.",top_up_reverted,top_up_reverted,True,0.9966,top_up_reverted,0.9966,top_up_failed,0.0014,pending_top_up,0.0011
What happened to where my top-up was canceled?,top_up_reverted,top_up_reverted,True,0.9952,top_up_reverted,0.9952,top_up_failed,0.0026,pending_top_up,0.0014
I tryed to make a top-up with cryptocurrency but the payment was referted.,top_up_reverted,beneficiary_not_allowed,False,0.7668,beneficiary_not_allowed,0.7668,top_up_failed,0.1149,top_up_reverted,0.0426
The app reverted my top off.,top_up_reverted,top_up_reverted,True,0.9969,top_up_reverted,0.9969,pending_top_up,0.0012,top_up_failed,0.0012
The app reverted my action when I topped up.,top_up_reverted,top_up_reverted,True,0.9967,top_up_reverted,0.9967,top_up_failed,0.0016,pending_top_up,0.0008
Was my top up reversed?,top_up_reverted,top_up_reverted,True,0.9956,top_up_reverted,0.9956,pending_top_up,0.0018,top_up_failed,0.0015
"I see my top-up was canceled, but why?",top_up_reverted,top_up_reverted,True,0.992,top_up_reverted,0.992,top_up_failed,0.0062,pending_top_up,0.0007
Do you know if my top-up has been cancelled?,top_up_reverted,top_up_reverted,True,0.9878,top_up_reverted,0.9878,top_up_failed,0.0101,pending_top_up,0.0009
has my top-up has been cancelled,top_up_reverted,top_up_reverted,True,0.8877,top_up_reverted,0.8877,top_up_failed,0.1072,pending_top_up,0.0014
My top-up was revoked.,top_up_reverted,top_up_reverted,True,0.9544,top_up_reverted,0.9544,top_up_failed,0.0429,pending_top_up,0.0013
Causes of top-up cancellation,top_up_reverted,top_up_reverted,True,0.9949,top_up_reverted,0.9949,top_up_failed,0.0024,pending_top_up,0.002
The app reverted what I topped up.,top_up_reverted,top_up_reverted,True,0.9969,top_up_reverted,0.9969,pending_top_up,0.0014,top_up_failed,0.001
Has my top up been reverted?,top_up_reverted,top_up_reverted,True,0.9964,top_up_reverted,0.9964,pending_top_up,0.0017,top_up_failed,0.001
Im very upset as my top-up was canceled and I have no idea why.,top_up_reverted,top_up_reverted,True,0.9932,top_up_reverted,0.9932,top_up_failed,0.0051,pending_top_up,0.0007
My top-up has been cancelled.,top_up_reverted,top_up_reverted,True,0.9747,top_up_reverted,0.9747,top_up_failed,0.0227,pending_top_up,0.0009
On my last transaction it seem that my top-up was not successful.,top_up_reverted,top_up_failed,False,0.9971,top_up_failed,0.9971,pending_top_up,0.0016,top_up_reverted,0.0007
I'd like to know why my top-up was canceled please.,top_up_reverted,top_up_reverted,True,0.9905,top_up_reverted,0.9905,top_up_failed,0.0076,pending_top_up,0.0008
I tried making an update to my balance using cheque just yesterday but it doesn't appear to have worked. Should this not be a faster process? I need you to please check over my account because something has went wrong.,balance_not_updated_after_cheque_or_cash_deposit,balance_not_updated_after_cheque_or_cash_deposit,True,0.9993,balance_not_updated_after_cheque_or_cash_deposit,0.9993,top_up_by_cash_or_cheque,1e-04,direct_debit_payment_not_recognised,1e-04
How come I don't see my deposit in my account yet?,balance_not_updated_after_cheque_or_cash_deposit,balance_not_updated_after_cheque_or_cash_deposit,True,0.9984,balance_not_updated_after_cheque_or_cash_deposit,0.9984,pending_card_payment,0.0002,verify_source_of_funds,1e-04
Is there a reason why my account isn't updating because I used a check to  balance my account?,balance_not_updated_after_cheque_or_cash_deposit,balance_not_updated_after_cheque_or_cash_deposit,True,0.9985,balance_not_updated_after_cheque_or_cash_deposit,0.9985,top_up_by_cash_or_cheque,0.0005,direct_debit_payment_not_recognised,0.0002
"I don't know why the deposit I made a week ago still hasn't showed up, I really need the money now.",balance_not_updated_after_cheque_or_cash_deposit,balance_not_updated_after_cheque_or_cash_deposit,True,0.9994,balance_not_updated_after_cheque_or_cash_deposit,0.9994,direct_debit_payment_not_recognised,1e-04,top_up_by_cash_or_cheque,1e-04
I made a cash deposit almost a week ago but it's still not there!! please sort this out asap I need the money,balance_not_updated_after_cheque_or_cash_deposit,balance_not_updated_after_cheque_or_cash_deposit,True,0.9994,balance_not_updated_after_cheque_or_cash_deposit,0.9994,direct_debit_payment_not_recognised,1e-04,top_up_by_cash_or_cheque,1e-04
Where is my cash deposit?,balance_not_updated_after_cheque_or_cash_deposit,balance_not_updated_after_cheque_or_cash_deposit,True,0.9993,balance_not_updated_after_cheque_or_cash_deposit,0.9993,top_up_by_cash_or_cheque,0.0002,direct_debit_payment_not_recognised,1e-04
How can I get the cash deposit to show up on my account?,balance_not_updated_after_cheque_or_cash_deposit,balance_not_updated_after_cheque_or_cash_deposit,True,0.9943,balance_not_updated_after_cheque_or_cash_deposit,0.9943,top_up_by_cash_or_cheque,0.0043,pending_top_up,0.0002
When will I see the cash I deposited this morning as available?,balance_not_updated_after_cheque_or_cash_deposit,balance_not_updated_after_cheque_or_cash_deposit,True,0.9993,balance_not_updated_after_cheque_or_cash_deposit,0.9993,top_up_by_cash_or_cheque,1e-04,direct_debit_payment_not_recognised,1e-04
cash from this morning has not deposited,balance_not_updated_after_cheque_or_cash_deposit,balance_not_updated_after_cheque_or_cash_deposit,True,0.9992,balance_not_updated_after_cheque_or_cash_deposit,0.9992,top_up_by_cash_or_cheque,0.0002,direct_debit_payment_not_recognised,1e-04
Where is the cash from my cheque I recently deposited?,balance_not_updated_after_cheque_or_cash_deposit,balance_not_updated_after_cheque_or_cash_deposit,True,0.9992,balance_not_updated_after_cheque_or_cash_deposit,0.9992,top_up_by_cash_or_cheque,0.0002,direct_debit_payment_not_recognised,1e-04
Cash deposit to my account but it has not appeared.,balance_not_updated_after_cheque_or_cash_deposit,balance_not_updated_after_cheque_or_cash_deposit,True,0.9992,balance_not_updated_after_cheque_or_cash_deposit,0.9992,direct_debit_payment_not_recognised,1e-04,pending_card_payment,1e-04
"When I deposit cheques and cash, my balance does not update.",balance_not_updated_after_cheque_or_cash_deposit,balance_not_updated_after_cheque_or_cash_deposit,True,0.9993,balance_not_updated_after_cheque_or_cash_deposit,0.9993,top_up_by_cash_or_cheque,1e-04,direct_debit_payment_not_recognised,1e-04
I made a deposit this morning but it is still pending?,balance_not_updated_after_cheque_or_cash_deposit,balance_not_updated_after_cheque_or_cash_deposit,True,0.9966,balance_not_updated_after_cheque_or_cash_deposit,0.9966,pending_card_payment,0.0013,pending_cash_withdrawal,0.0004
cash deposit to my account has shown a red flag.,balance_not_updated_after_cheque_or_cash_deposit,balance_not_updated_after_cheque_or_cash_deposit,True,0.9989,balance_not_updated_after_cheque_or_cash_deposit,0.9989,direct_debit_payment_not_recognised,0.0002,top_up_by_cash_or_cheque,0.0002
I have paid money into my account but it doesn't show.,balance_not_updated_after_cheque_or_cash_deposit,pending_card_payment,False,0.5222,pending_card_payment,0.5222,balance_not_updated_after_cheque_or_cash_deposit,0.3954,balance_not_updated_after_bank_transfer,0.0363
The balance on my account wasn't updated after I made a depost.,balance_not_updated_after_cheque_or_cash_deposit,direct_debit_payment_not_recognised,False,0.7547,direct_debit_payment_not_recognised,0.7547,balance_not_updated_after_cheque_or_cash_deposit,0.2082,pending_card_payment,0.008
Are cheques accepted to my account? Mine didn't seem to work.,balance_not_updated_after_cheque_or_cash_deposit,balance_not_updated_after_cheque_or_cash_deposit,True,0.8681,balance_not_updated_after_cheque_or_cash_deposit,0.8681,top_up_by_cash_or_cheque,0.1232,declined_cash_withdrawal,0.0012
I deposited a check but my balance is still the same.,balance_not_updated_after_cheque_or_cash_deposit,balance_not_updated_after_cheque_or_cash_deposit,True,0.9994,balance_not_updated_after_cheque_or_cash_deposit,0.9994,direct_debit_payment_not_recognised,1e-04,top_up_by_cash_or_cheque,1e-04
IM still waiting for my account to update from a cash deposit?,balance_not_updated_after_cheque_or_cash_deposit,balance_not_updated_after_cheque_or_cash_deposit,True,0.9992,balance_not_updated_after_cheque_or_cash_deposit,0.9992,direct_debit_payment_not_recognised,0.0002,pending_card_payment,1e-04
"I Submitted a cheque couple days ago, nothing happened to my account yet.Would you please check What could be the possible issue?",balance_not_updated_after_cheque_or_cash_deposit,balance_not_updated_after_cheque_or_cash_deposit,True,0.9992,balance_not_updated_after_cheque_or_cash_deposit,0.9992,top_up_by_cash_or_cheque,0.0002,direct_debit_payment_not_recognised,1e-04
Where is my deposit?,balance_not_updated_after_cheque_or_cash_deposit,balance_not_updated_after_cheque_or_cash_deposit,True,0.9988,balance_not_updated_after_cheque_or_cash_deposit,0.9988,top_up_by_cash_or_cheque,0.0002,verify_source_of_funds,1e-04
My bank statement doesn't show the cash deposit I made recently.,balance_not_updated_after_cheque_or_cash_deposit,balance_not_updated_after_cheque_or_cash_deposit,True,0.9993,balance_not_updated_after_cheque_or_cash_deposit,0.9993,direct_debit_payment_not_recognised,1e-04,balance_not_updated_after_bank_transfer,1e-04
My cash deposit from a week ago hasn't shown up. I need the money - how quickly can you sort this out?,balance_not_updated_after_cheque_or_cash_deposit,balance_not_updated_after_cheque_or_cash_deposit,True,0.9994,balance_not_updated_after_cheque_or_cash_deposit,0.9994,direct_debit_payment_not_recognised,1e-04,top_up_by_cash_or_cheque,1e-04
Why didn't my balance update after my cash or checque deposit?,balance_not_updated_after_cheque_or_cash_deposit,balance_not_updated_after_cheque_or_cash_deposit,True,0.9994,balance_not_updated_after_cheque_or_cash_deposit,0.9994,direct_debit_payment_not_recognised,1e-04,top_up_by_cash_or_cheque,1e-04
Why is the cash deposit not showing up in my account?,balance_not_updated_after_cheque_or_cash_deposit,balance_not_updated_after_cheque_or_cash_deposit,True,0.9994,balance_not_updated_after_cheque_or_cash_deposit,0.9994,direct_debit_payment_not_recognised,1e-04,top_up_by_cash_or_cheque,1e-04
I made a deposit of cash and check that has not been added to my balance.,balance_not_updated_after_cheque_or_cash_deposit,balance_not_updated_after_cheque_or_cash_deposit,True,0.9976,balance_not_updated_after_cheque_or_cash_deposit,0.9976,top_up_by_cash_or_cheque,0.0014,pending_top_up,0.0002
Why hasn't my balance increased after depositing a check?,balance_not_updated_after_cheque_or_cash_deposit,balance_not_updated_after_cheque_or_cash_deposit,True,0.9961,balance_not_updated_after_cheque_or_cash_deposit,0.9961,top_up_by_cash_or_cheque,0.0028,pending_top_up,1e-04
Why does my account not accept cash deposits?,balance_not_updated_after_cheque_or_cash_deposit,balance_not_updated_after_cheque_or_cash_deposit,True,0.5732,balance_not_updated_after_cheque_or_cash_deposit,0.5732,top_up_by_cash_or_cheque,0.3089,declined_cash_withdrawal,0.0642
What happened to the cash that I tried to deposit into my account? It's gone!,balance_not_updated_after_cheque_or_cash_deposit,top_up_by_cash_or_cheque,False,0.5593,top_up_by_cash_or_cheque,0.5593,balance_not_updated_after_cheque_or_cash_deposit,0.31,cash_withdrawal_not_recognised,0.0925
"I had a cheque deposited, but I still haven't seen the cash.",balance_not_updated_after_cheque_or_cash_deposit,balance_not_updated_after_cheque_or_cash_deposit,True,0.9993,balance_not_updated_after_cheque_or_cash_deposit,0.9993,top_up_by_cash_or_cheque,1e-04,direct_debit_payment_not_recognised,1e-04
"A cheque deposit hasn't posted to my account, when will my balance update?",balance_not_updated_after_cheque_or_cash_deposit,balance_not_updated_after_cheque_or_cash_deposit,True,0.9994,balance_not_updated_after_cheque_or_cash_deposit,0.9994,top_up_by_cash_or_cheque,1e-04,direct_debit_payment_not_recognised,1e-04
I submitted a cash deposit to my account but it hasn't posted yet.,balance_not_updated_after_cheque_or_cash_deposit,balance_not_updated_after_cheque_or_cash_deposit,True,0.9987,balance_not_updated_after_cheque_or_cash_deposit,0.9987,pending_card_payment,0.0003,direct_debit_payment_not_recognised,1e-04
I sent a cheque  a few days ago and nothing has happened to my account yet. Can you please check on this for me?,balance_not_updated_after_cheque_or_cash_deposit,balance_not_updated_after_cheque_or_cash_deposit,True,0.9992,balance_not_updated_after_cheque_or_cash_deposit,0.9992,top_up_by_cash_or_cheque,0.0003,direct_debit_payment_not_recognised,1e-04
Has the check I deposited cleared to I can get the cash?,balance_not_updated_after_cheque_or_cash_deposit,balance_not_updated_after_cheque_or_cash_deposit,True,0.984,balance_not_updated_after_cheque_or_cash_deposit,0.984,top_up_by_cash_or_cheque,0.0145,pending_top_up,0.0002
How long does it take to process cheque deposits?,balance_not_updated_after_cheque_or_cash_deposit,balance_not_updated_after_cheque_or_cash_deposit,True,0.9776,balance_not_updated_after_cheque_or_cash_deposit,0.9776,top_up_by_cash_or_cheque,0.0203,pending_top_up,0.0003
How come my cash deposit is not showing up. This can't be right. There must be some mistake. Where did my cash go. You better not have lost it as I need this money asap.,balance_not_updated_after_cheque_or_cash_deposit,balance_not_updated_after_cheque_or_cash_deposit,True,0.9989,balance_not_updated_after_cheque_or_cash_deposit,0.9989,direct_debit_payment_not_recognised,0.0003,top_up_by_cash_or_cheque,1e-04
I deposited cash this morning and I am still waiting,balance_not_updated_after_cheque_or_cash_deposit,balance_not_updated_after_cheque_or_cash_deposit,True,0.9994,balance_not_updated_after_cheque_or_cash_deposit,0.9994,top_up_by_cash_or_cheque,1e-04,direct_debit_payment_not_recognised,1e-04
Balance hasn't been updated following a cheque or cash deposit,balance_not_updated_after_cheque_or_cash_deposit,balance_not_updated_after_cheque_or_cash_deposit,True,0.9992,balance_not_updated_after_cheque_or_cash_deposit,0.9992,top_up_by_cash_or_cheque,0.0002,direct_debit_payment_not_recognised,1e-04
I tired to deposit some cash into my account but it's not there,balance_not_updated_after_cheque_or_cash_deposit,top_up_by_cash_or_cheque,False,0.8994,top_up_by_cash_or_cheque,0.8994,balance_not_updated_after_cheque_or_cash_deposit,0.0934,pending_top_up,0.0007
"I sent you a cheque couple days ago, nothing happened to my account yet! This is unacceptable, where is my money??",balance_not_updated_after_cheque_or_cash_deposit,balance_not_updated_after_cheque_or_cash_deposit,True,0.9986,balance_not_updated_after_cheque_or_cash_deposit,0.9986,top_up_by_cash_or_cheque,0.0007,direct_debit_payment_not_recognised,0.0002
I have a strange payment in my statement,card_payment_not_recognised,card_payment_not_recognised,True,0.9988,card_payment_not_recognised,0.9988,get_physical_card,0.0002,getting_spare_card,1e-04
There is a charge on my card that I did not make,card_payment_not_recognised,card_payment_not_recognised,True,0.6574,card_payment_not_recognised,0.6574,direct_debit_payment_not_recognised,0.3277,cash_withdrawal_not_recognised,0.0101
I saw a payment i did not do,card_payment_not_recognised,card_payment_not_recognised,True,0.9992,card_payment_not_recognised,0.9992,direct_debit_payment_not_recognised,0.0002,cash_withdrawal_not_recognised,1e-04
There is a payment that is not mine in the app.  Please advise/,card_payment_not_recognised,card_payment_not_recognised,True,0.9994,card_payment_not_recognised,0.9994,direct_debit_payment_not_recognised,1e-04,pending_card_payment,1e-04
An unauthorized payment is in my app,card_payment_not_recognised,card_payment_not_recognised,True,0.9992,card_payment_not_recognised,0.9992,direct_debit_payment_not_recognised,0.0002,compromised_card,1e-04
I did not make this card payment.,card_payment_not_recognised,card_payment_not_recognised,True,0.9984,card_payment_not_recognised,0.9984,declined_card_payment,0.0003,cash_withdrawal_not_recognised,1e-04
What should I do if I see a payment I didn't make?,card_payment_not_recognised,card_payment_not_recognised,True,0.9992,card_payment_not_recognised,0.9992,direct_debit_payment_not_recognised,1e-04,cash_withdrawal_not_recognised,1e-04
I found an unauthorized card payment,card_payment_not_recognised,card_payment_not_recognised,True,0.9992,card_payment_not_recognised,0.9992,compromised_card,1e-04,direct_debit_payment_not_recognised,1e-04
there is a transaction on my account that i didnt make,card_payment_not_recognised,card_payment_not_recognised,True,0.9886,card_payment_not_recognised,0.9886,cash_withdrawal_not_recognised,0.0085,direct_debit_payment_not_recognised,0.0008
I don't recall making that payment?,card_payment_not_recognised,card_payment_not_recognised,True,0.9988,card_payment_not_recognised,0.9988,compromised_card,1e-04,get_physical_card,1e-04
There are some payments with my card that I don't know where they are coming from. Just checked today and it's been since a couple days as well! What to I do? Can I revert this retrospectively? My card needs to be frozen immediately as well!,card_payment_not_recognised,reverted_card_payment?,False,0.3911,reverted_card_payment?,0.3911,card_payment_not_recognised,0.3876,pending_card_payment,0.0937
Has someone accessed my card there are payments I did not make that are showing up on the app.,card_payment_not_recognised,card_payment_not_recognised,True,0.9987,card_payment_not_recognised,0.9987,cash_withdrawal_not_recognised,0.0004,compromised_card,0.0002
There are some strange charges on my card that I didn't make from a few days ago.  Is my card stolen and if so should I cancel it?  Will I get refunded the charges?,card_payment_not_recognised,card_payment_not_recognised,True,0.9884,card_payment_not_recognised,0.9884,compromised_card,0.006,cash_withdrawal_not_recognised,0.0021
Why would there be a payment on my account I don't recognize?,card_payment_not_recognised,card_payment_not_recognised,True,0.9992,card_payment_not_recognised,0.9992,pending_card_payment,1e-04,direct_debit_payment_not_recognised,1e-04
I have a payment I didn't do,card_payment_not_recognised,card_payment_not_recognised,True,0.9991,card_payment_not_recognised,0.9991,cash_withdrawal_not_recognised,0.0002,direct_debit_payment_not_recognised,1e-04
There is a payment that is not mine.,card_payment_not_recognised,card_payment_not_recognised,True,0.9994,card_payment_not_recognised,0.9994,direct_debit_payment_not_recognised,1e-04,cash_withdrawal_not_recognised,0.0
Can you freeze my account?  I just saw there are transactions on my account that I don't recognize.  How can I fix this?,card_payment_not_recognised,compromised_card,False,0.832,compromised_card,0.832,card_payment_not_recognised,0.1481,cash_withdrawal_not_recognised,0.0124
There is a card payment I do not recognise.,card_payment_not_recognised,card_payment_not_recognised,True,0.9023,card_payment_not_recognised,0.9023,direct_debit_payment_not_recognised,0.0942,cash_withdrawal_not_recognised,0.0009
I don't recognise a card payment,card_payment_not_recognised,card_payment_not_recognised,True,0.9993,card_payment_not_recognised,0.9993,direct_debit_payment_not_recognised,1e-04,pending_card_payment,1e-04
Payment i did not do,card_payment_not_recognised,card_payment_not_recognised,True,0.9991,card_payment_not_recognised,0.9991,direct_debit_payment_not_recognised,0.0002,cash_withdrawal_not_recognised,1e-04
"Please put a freeze on my card,  I am worried there has been some payments on it and I don't know what for.",card_payment_not_recognised,card_payment_not_recognised,True,0.9976,card_payment_not_recognised,0.9976,declined_card_payment,0.0008,compromised_card,0.0002
I think my statement has a fraudulent charge,card_payment_not_recognised,card_payment_not_recognised,True,0.7899,card_payment_not_recognised,0.7899,compromised_card,0.1169,direct_debit_payment_not_recognised,0.0792
"I'm concerned about a payment that has recently been made on my card.  I do not recognize the name that the transaction went to, can you help me?",card_payment_not_recognised,card_payment_not_recognised,True,0.999,card_payment_not_recognised,0.999,pending_card_payment,0.0002,compromised_card,0.0002
What should I do to get transactions off of my account if I didn't make them?  My card must have been compromised and I need to freeze it asap!,card_payment_not_recognised,compromised_card,False,0.9936,compromised_card,0.9936,cancel_transfer,0.0009,cash_withdrawal_not_recognised,0.0007
I have a payment listed in error.,card_payment_not_recognised,card_payment_not_recognised,True,0.9975,card_payment_not_recognised,0.9975,reverted_card_payment?,0.0011,declined_card_payment,0.0002
What can I do about some payments on my card I didn't make.  Please put a freeze on my card till we can figure this out.,card_payment_not_recognised,card_payment_not_recognised,True,0.9988,card_payment_not_recognised,0.9988,declined_card_payment,0.0002,pending_card_payment,1e-04
I'm not familiar with a card payment.,card_payment_not_recognised,card_payment_not_recognised,True,0.8821,card_payment_not_recognised,0.8821,declined_card_payment,0.102,order_physical_card,0.0023
I have an unauthorized transaction on my statement,card_payment_not_recognised,card_payment_not_recognised,True,0.9799,card_payment_not_recognised,0.9799,compromised_card,0.0123,direct_debit_payment_not_recognised,0.0037
There is a payment in the App that is not mine.,card_payment_not_recognised,card_payment_not_recognised,True,0.9994,card_payment_not_recognised,0.9994,cash_withdrawal_not_recognised,1e-04,direct_debit_payment_not_recognised,1e-04
I don't know where this transaction came from?,card_payment_not_recognised,card_payment_not_recognised,True,0.9966,card_payment_not_recognised,0.9966,compromised_card,0.0007,direct_debit_payment_not_recognised,0.0006
I see a charge on my account that I don't recall making. I feel like my account may have been compromised.,card_payment_not_recognised,card_payment_not_recognised,True,0.7252,card_payment_not_recognised,0.7252,direct_debit_payment_not_recognised,0.2627,transaction_charged_twice,0.0044
"I know I didn't make this payment showing up on my card, I don't remember this person at all.",card_payment_not_recognised,card_payment_not_recognised,True,0.9992,card_payment_not_recognised,0.9992,direct_debit_payment_not_recognised,1e-04,compromised_card,1e-04
Somebody used my card to make a purchase,card_payment_not_recognised,compromised_card,False,0.3573,compromised_card,0.3573,reverted_card_payment?,0.3165,card_payment_not_recognised,0.1551
There's a recent charge on my card that I know I didn't make because I've never seen the name before. Can we investigate this?,card_payment_not_recognised,card_payment_not_recognised,True,0.9854,card_payment_not_recognised,0.9854,direct_debit_payment_not_recognised,0.012,compromised_card,0.0004
Some of my card payments look different than where I purchased products from. Why is that?,card_payment_not_recognised,card_payment_not_recognised,True,0.955,card_payment_not_recognised,0.955,declined_card_payment,0.0336,reverted_card_payment?,0.0031
There is a strange payment on my statement. What should I do?,card_payment_not_recognised,card_payment_not_recognised,True,0.9991,card_payment_not_recognised,0.9991,card_payment_fee_charged,1e-04,direct_debit_payment_not_recognised,1e-04
I think there has been a purchase made that wasn't by me.,card_payment_not_recognised,card_payment_not_recognised,True,0.9861,card_payment_not_recognised,0.9861,direct_debit_payment_not_recognised,0.0108,request_refund,0.0008
There is a fraudulent charge on my statement.,card_payment_not_recognised,direct_debit_payment_not_recognised,False,0.572,direct_debit_payment_not_recognised,0.572,card_payment_not_recognised,0.4207,compromised_card,0.0014
What is the payment in my account that I did not do?,card_payment_not_recognised,card_payment_not_recognised,True,0.9991,card_payment_not_recognised,0.9991,cash_withdrawal_not_recognised,0.0003,direct_debit_payment_not_recognised,1e-04
In my statement there is a payment that is I do not recognize,card_payment_not_recognised,card_payment_not_recognised,True,0.9993,card_payment_not_recognised,0.9993,cash_withdrawal_not_recognised,1e-04,get_physical_card,1e-04
"I no longer live at my address on file, how do I change it?",edit_personal_details,edit_personal_details,True,0.9992,edit_personal_details,0.9992,terminate_account,1e-04,verify_my_identity,1e-04
How to change my address.,edit_personal_details,edit_personal_details,True,0.9993,edit_personal_details,0.9993,terminate_account,1e-04,verify_my_identity,1e-04
How do I update my details?,edit_personal_details,edit_personal_details,True,0.9993,edit_personal_details,0.9993,terminate_account,1e-04,verify_my_identity,1e-04
My address needs to be revised.,edit_personal_details,edit_personal_details,True,0.999,edit_personal_details,0.999,terminate_account,1e-04,card_delivery_estimate,1e-04
"got married, need to change account name",edit_personal_details,edit_personal_details,True,0.9959,edit_personal_details,0.9959,terminate_account,0.0018,topping_up_by_card,0.0004
My address has changed.,edit_personal_details,edit_personal_details,True,0.9991,edit_personal_details,0.9991,terminate_account,1e-04,beneficiary_not_allowed,1e-04
got married and need to change name,edit_personal_details,edit_personal_details,True,0.9988,edit_personal_details,0.9988,terminate_account,0.0002,topping_up_by_card,0.0002
I want to change my personal details.,edit_personal_details,edit_personal_details,True,0.9993,edit_personal_details,0.9993,terminate_account,1e-04,verify_my_identity,1e-04
I moved.  I need to update my details.,edit_personal_details,edit_personal_details,True,0.9993,edit_personal_details,0.9993,terminate_account,1e-04,verify_my_identity,0.0
I need to edit the personal details section of my account,edit_personal_details,edit_personal_details,True,0.9992,edit_personal_details,0.9992,terminate_account,1e-04,verify_my_identity,1e-04
Where can I change my personal information after I move?,edit_personal_details,edit_personal_details,True,0.9992,edit_personal_details,0.9992,verify_my_identity,1e-04,terminate_account,1e-04
Where can I go to modify my detail?,edit_personal_details,edit_personal_details,True,0.9987,edit_personal_details,0.9987,verify_my_identity,1e-04,transfer_into_account,1e-04
How do I change my information?,edit_personal_details,edit_personal_details,True,0.999,edit_personal_details,0.999,verify_my_identity,1e-04,transfer_into_account,1e-04
I need to change my account details,edit_personal_details,edit_personal_details,True,0.9992,edit_personal_details,0.9992,terminate_account,1e-04,topping_up_by_card,1e-04
I moved.  Where do I update my details?,edit_personal_details,edit_personal_details,True,0.9992,edit_personal_details,0.9992,terminate_account,1e-04,verify_my_identity,0.0
I relocated and need to change my personal details.,edit_personal_details,edit_personal_details,True,0.9994,edit_personal_details,0.9994,terminate_account,1e-04,verify_my_identity,0.0
I need to update my personal details,edit_personal_details,edit_personal_details,True,0.9991,edit_personal_details,0.9991,terminate_account,1e-04,verify_my_identity,1e-04
My address has changed. How do I report it?,edit_personal_details,edit_personal_details,True,0.9991,edit_personal_details,0.9991,verify_my_identity,1e-04,transfer_into_account,1e-04
I need to update my info.,edit_personal_details,edit_personal_details,True,0.9989,edit_personal_details,0.9989,why_verify_identity,0.0002,verify_my_identity,1e-04
How can I modify my details?,edit_personal_details,edit_personal_details,True,0.9992,edit_personal_details,0.9992,verify_my_identity,1e-04,transfer_into_account,0.0
What do i have to do to change my name?,edit_personal_details,edit_personal_details,True,0.9992,edit_personal_details,0.9992,verify_my_identity,1e-04,topping_up_by_card,1e-04
My address has updated and I need to change it.,edit_personal_details,edit_personal_details,True,0.9993,edit_personal_details,0.9993,terminate_account,0.0,verify_my_identity,0.0
Where can I go to update my personal profile?,edit_personal_details,edit_personal_details,True,0.999,edit_personal_details,0.999,terminate_account,0.0002,verify_my_identity,1e-04
Is it possible to edit my personal details on the app?,edit_personal_details,edit_personal_details,True,0.999,edit_personal_details,0.999,terminate_account,0.0002,card_linking,1e-04
how can i change my details,edit_personal_details,edit_personal_details,True,0.9993,edit_personal_details,0.9993,verify_my_identity,1e-04,topping_up_by_card,1e-04
I need help changing my last name on my account.,edit_personal_details,edit_personal_details,True,0.9977,edit_personal_details,0.9977,why_verify_identity,0.0004,verify_my_identity,0.0002
How do I update my current residence details?,edit_personal_details,edit_personal_details,True,0.9984,edit_personal_details,0.9984,verify_my_identity,0.0003,why_verify_identity,1e-04
how do i change name?,edit_personal_details,edit_personal_details,True,0.9987,edit_personal_details,0.9987,verify_my_identity,0.0003,transfer_into_account,0.0002
I need to change my name since I got married,edit_personal_details,edit_personal_details,True,0.9993,edit_personal_details,0.9993,verify_my_identity,1e-04,topping_up_by_card,1e-04
I want to change my address.,edit_personal_details,edit_personal_details,True,0.9993,edit_personal_details,0.9993,terminate_account,1e-04,topping_up_by_card,1e-04
how to change name,edit_personal_details,edit_personal_details,True,0.9991,edit_personal_details,0.9991,verify_my_identity,1e-04,terminate_account,1e-04
Can I change my information?,edit_personal_details,edit_personal_details,True,0.9988,edit_personal_details,0.9988,verify_my_identity,1e-04,receiving_money,1e-04
I need to update my current address,edit_personal_details,edit_personal_details,True,0.9992,edit_personal_details,0.9992,terminate_account,1e-04,topping_up_by_card,1e-04
I have moved.  Where can I update my details?,edit_personal_details,edit_personal_details,True,0.9992,edit_personal_details,0.9992,terminate_account,1e-04,card_arrival,0.0
I want to change my name.,edit_personal_details,edit_personal_details,True,0.9992,edit_personal_details,0.9992,terminate_account,1e-04,topping_up_by_card,1e-04
Should I just wait until the post office sends a change of address form?,edit_personal_details,edit_personal_details,True,0.9892,edit_personal_details,0.9892,card_delivery_estimate,0.0039,transfer_timing,0.001
I need to change my name what do I do?,edit_personal_details,edit_personal_details,True,0.9991,edit_personal_details,0.9991,verify_my_identity,0.0002,topping_up_by_card,1e-04
How can I edit my personal details?,edit_personal_details,edit_personal_details,True,0.9992,edit_personal_details,0.9992,verify_my_identity,1e-04,terminate_account,1e-04
How do I change my address?,edit_personal_details,edit_personal_details,True,0.9991,edit_personal_details,0.9991,verify_my_identity,1e-04,topping_up_by_card,1e-04
What do I need to do to change the address on my account?,edit_personal_details,edit_personal_details,True,0.9992,edit_personal_details,0.9992,card_arrival,1e-04,topping_up_by_card,1e-04
Why do you require so many details about my identity?,why_verify_identity,why_verify_identity,True,0.9987,why_verify_identity,0.9987,verify_my_identity,0.0002,compromised_card,1e-04
I'd rather not verify my identity.,why_verify_identity,why_verify_identity,True,0.9969,why_verify_identity,0.9969,verify_my_identity,0.0017,disposable_card_limits,0.0002
do I need to verify my identity every time I log into my account?,why_verify_identity,verify_my_identity,False,0.555,verify_my_identity,0.555,why_verify_identity,0.4414,unable_to_verify_identity,0.0005
Why am I required to verify my identity?,why_verify_identity,why_verify_identity,True,0.9985,why_verify_identity,0.9985,verify_my_identity,0.0002,beneficiary_not_allowed,0.0002
Can I make transfers before identity verification?,why_verify_identity,why_verify_identity,True,0.9985,why_verify_identity,0.9985,verify_my_identity,0.0007,beneficiary_not_allowed,0.0002
What is the need to verify my identity?,why_verify_identity,verify_my_identity,False,0.9968,verify_my_identity,0.9968,why_verify_identity,0.0023,unable_to_verify_identity,1e-04
Do I have to do the identity check?,why_verify_identity,why_verify_identity,True,0.8708,why_verify_identity,0.8708,verify_my_identity,0.1262,card_delivery_estimate,0.0002
Can I use my account without verifying my identity?,why_verify_identity,why_verify_identity,True,0.9981,why_verify_identity,0.9981,verify_my_identity,0.0007,compromised_card,0.0003
Why is identity verification mandatory?,why_verify_identity,why_verify_identity,True,0.9989,why_verify_identity,0.9989,unable_to_verify_identity,0.0003,verify_my_identity,0.0002
Do I have to do an identity check?,why_verify_identity,why_verify_identity,True,0.8789,why_verify_identity,0.8789,verify_my_identity,0.1183,disposable_card_limits,0.0002
I would like to not have to do the identity verification.,why_verify_identity,why_verify_identity,True,0.9973,why_verify_identity,0.9973,verify_my_identity,0.0015,unable_to_verify_identity,0.0002
"Can I still use my account, even though the identity verification has not passed yet?",why_verify_identity,why_verify_identity,True,0.998,why_verify_identity,0.998,verify_my_identity,0.0011,verify_top_up,1e-04
Why do you require all my identity details?,why_verify_identity,why_verify_identity,True,0.9983,why_verify_identity,0.9983,compromised_card,0.0002,verify_my_identity,0.0002
Why do you need so much information to verify my identity?,why_verify_identity,why_verify_identity,True,0.9986,why_verify_identity,0.9986,verify_my_identity,0.0005,unable_to_verify_identity,0.0002
What is the purpose for the identity check,why_verify_identity,why_verify_identity,True,0.9989,why_verify_identity,0.9989,compromised_card,0.0002,verify_my_identity,0.0002
I don't like that I have to fill out so much information about my identity.,why_verify_identity,why_verify_identity,True,0.9981,why_verify_identity,0.9981,verify_my_identity,0.0009,unable_to_verify_identity,0.0004
What is the point of an identity check?,why_verify_identity,why_verify_identity,True,0.9981,why_verify_identity,0.9981,verify_my_identity,0.0011,compromised_card,1e-04
How come you need to know my identity?,why_verify_identity,why_verify_identity,True,0.7736,why_verify_identity,0.7736,unable_to_verify_identity,0.2182,verify_my_identity,0.0045
"May I use my account now, even though the identity verification has not gone through yet?",why_verify_identity,why_verify_identity,True,0.9983,why_verify_identity,0.9983,verify_my_identity,0.0007,compromised_card,1e-04
Do I need to verify my identity to use my account?,why_verify_identity,why_verify_identity,True,0.5658,why_verify_identity,0.5658,verify_my_identity,0.4296,country_support,0.0005
Why am I required to do an identity check?,why_verify_identity,why_verify_identity,True,0.9986,why_verify_identity,0.9986,verify_my_identity,0.0004,disposable_card_limits,1e-04
Why am I being asked to have an identity check,why_verify_identity,why_verify_identity,True,0.9983,why_verify_identity,0.9983,beneficiary_not_allowed,0.0005,compromised_card,0.0003
Can i make transactions before identity verification is complete?,why_verify_identity,why_verify_identity,True,0.9976,why_verify_identity,0.9976,unable_to_verify_identity,0.0009,verify_my_identity,0.0006
Do I really need to verify my identity?,why_verify_identity,verify_my_identity,False,0.997,verify_my_identity,0.997,why_verify_identity,0.0021,unable_to_verify_identity,1e-04
Why do I have to give you all of my identification details?,why_verify_identity,why_verify_identity,True,0.9988,why_verify_identity,0.9988,unable_to_verify_identity,0.0003,verify_my_identity,0.0002
Why do you require so many identity details?,why_verify_identity,why_verify_identity,True,0.9985,why_verify_identity,0.9985,verify_my_identity,0.0002,compromised_card,0.0002
"Since my id hasn't been verified, when can I use my account?",why_verify_identity,why_verify_identity,True,0.9129,why_verify_identity,0.9129,verify_my_identity,0.0801,unable_to_verify_identity,0.0028
I won't verify my identity.,why_verify_identity,unable_to_verify_identity,False,0.9978,unable_to_verify_identity,0.9978,why_verify_identity,0.0008,passcode_forgotten,0.0003
I want to skip verification of my identity.,why_verify_identity,why_verify_identity,True,0.9982,why_verify_identity,0.9982,compromised_card,0.0004,verify_my_identity,0.0003
I do not wish to verify my identity.,why_verify_identity,why_verify_identity,True,0.9984,why_verify_identity,0.9984,verify_my_identity,0.0004,compromised_card,0.0002
Why do I have to verify my identity?,why_verify_identity,why_verify_identity,True,0.9987,why_verify_identity,0.9987,verify_my_identity,0.0004,unable_to_verify_identity,1e-04
what is the identity check?,why_verify_identity,why_verify_identity,True,0.999,why_verify_identity,0.999,unable_to_verify_identity,0.0002,verify_my_identity,0.0002
What other methods are there to verify my identity?,why_verify_identity,verify_my_identity,False,0.998,verify_my_identity,0.998,why_verify_identity,0.0004,unable_to_verify_identity,0.0002
Do I need to verify my identity?,why_verify_identity,verify_my_identity,False,0.9974,verify_my_identity,0.9974,why_verify_identity,0.0017,unable_to_verify_identity,1e-04
Do I need to verify my identity each time I wish to use my account?,why_verify_identity,why_verify_identity,True,0.9479,why_verify_identity,0.9479,verify_my_identity,0.0493,disposable_card_limits,0.0003
Can I use my account if the identity verification is not complete?,why_verify_identity,why_verify_identity,True,0.9967,why_verify_identity,0.9967,verify_my_identity,0.0022,compromised_card,1e-04
Why is it asking me to verify my identity,why_verify_identity,why_verify_identity,True,0.9978,why_verify_identity,0.9978,unable_to_verify_identity,0.0006,verify_my_identity,0.0006
Do I have to verify my identity?,why_verify_identity,verify_my_identity,False,0.8394,verify_my_identity,0.8394,why_verify_identity,0.1574,unable_to_verify_identity,0.0003
Why do you need to know so much about me,why_verify_identity,why_verify_identity,True,0.9977,why_verify_identity,0.9977,verify_my_identity,0.0007,unable_to_verify_identity,0.0003
Why did I need to verfiy my identity?,why_verify_identity,why_verify_identity,True,0.9983,why_verify_identity,0.9983,unable_to_verify_identity,0.0008,verify_my_identity,0.0003
I cannot verify my identity,unable_to_verify_identity,unable_to_verify_identity,True,0.9906,unable_to_verify_identity,0.9906,why_verify_identity,0.0077,verify_my_identity,0.0006
I do not have what is required to prove my identity,unable_to_verify_identity,verify_my_identity,False,0.9849,verify_my_identity,0.9849,unable_to_verify_identity,0.0102,why_verify_identity,0.0039
Why doesn't the app believe I am who I say I am?,unable_to_verify_identity,unable_to_verify_identity,True,0.9885,unable_to_verify_identity,0.9885,why_verify_identity,0.0088,verify_my_identity,0.0014
I am having trouble verifying my identity.,unable_to_verify_identity,unable_to_verify_identity,True,0.9982,unable_to_verify_identity,0.9982,why_verify_identity,0.0004,verify_my_identity,0.0003
what do i do if my verification failed,unable_to_verify_identity,unable_to_verify_identity,True,0.9096,unable_to_verify_identity,0.9096,why_verify_identity,0.053,passcode_forgotten,0.0062
It is impossible to verify my identity,unable_to_verify_identity,unable_to_verify_identity,True,0.9933,unable_to_verify_identity,0.9933,why_verify_identity,0.005,verify_my_identity,0.0005
The app doesn't know it's me.,unable_to_verify_identity,unable_to_verify_identity,True,0.9984,unable_to_verify_identity,0.9984,verify_my_identity,0.0002,why_verify_identity,0.0002
I'm having trouble verifying my ID.,unable_to_verify_identity,unable_to_verify_identity,True,0.998,unable_to_verify_identity,0.998,verify_my_identity,0.0004,passcode_forgotten,0.0002
app does not recognize me,unable_to_verify_identity,unable_to_verify_identity,True,0.9983,unable_to_verify_identity,0.9983,why_verify_identity,0.0003,verify_my_identity,0.0002
Help my verify my id.,unable_to_verify_identity,unable_to_verify_identity,True,0.9969,unable_to_verify_identity,0.9969,verify_my_identity,0.0012,passcode_forgotten,0.0002
The app failed to verify my identity.,unable_to_verify_identity,unable_to_verify_identity,True,0.998,unable_to_verify_identity,0.998,verify_my_identity,0.0003,why_verify_identity,0.0003
I can't verify my ID.,unable_to_verify_identity,unable_to_verify_identity,True,0.9967,unable_to_verify_identity,0.9967,verify_my_identity,0.0012,passcode_forgotten,0.0003
I can't prove my identity.,unable_to_verify_identity,unable_to_verify_identity,True,0.9987,unable_to_verify_identity,0.9987,verify_my_identity,0.0002,why_verify_identity,0.0002
I am not being recognized by the app.,unable_to_verify_identity,unable_to_verify_identity,True,0.9976,unable_to_verify_identity,0.9976,why_verify_identity,0.0007,compromised_card,0.0002
Why isn't my ID being verified?,unable_to_verify_identity,unable_to_verify_identity,True,0.9969,unable_to_verify_identity,0.9969,verify_my_identity,0.0009,top_up_failed,0.0002
The app will not let me into my account.,unable_to_verify_identity,terminate_account,False,0.6038,terminate_account,0.6038,lost_or_stolen_phone,0.093,compromised_card,0.0633
I am having trouble proving my identity.,unable_to_verify_identity,unable_to_verify_identity,True,0.9985,unable_to_verify_identity,0.9985,verify_my_identity,0.0002,passcode_forgotten,1e-04
I cannot prove my own identity.,unable_to_verify_identity,unable_to_verify_identity,True,0.9987,unable_to_verify_identity,0.9987,why_verify_identity,0.0004,verify_my_identity,0.0002
My ID won't be verified!,unable_to_verify_identity,unable_to_verify_identity,True,0.9974,unable_to_verify_identity,0.9974,verify_my_identity,0.0007,passcode_forgotten,0.0002
I can not get the app to know it is me.,unable_to_verify_identity,unable_to_verify_identity,True,0.9977,unable_to_verify_identity,0.9977,verify_my_identity,0.0002,why_verify_identity,0.0002
I can't verify my identity.,unable_to_verify_identity,unable_to_verify_identity,True,0.998,unable_to_verify_identity,0.998,why_verify_identity,0.0004,verify_my_identity,0.0003
The app doesn't recognize me.,unable_to_verify_identity,unable_to_verify_identity,True,0.9985,unable_to_verify_identity,0.9985,verify_my_identity,0.0002,Refund_not_showing_up,1e-04
I am having difficulties to verify my identity.,unable_to_verify_identity,unable_to_verify_identity,True,0.9972,unable_to_verify_identity,0.9972,why_verify_identity,0.0006,verify_my_identity,0.0005
The app doesn't believe that I am me,unable_to_verify_identity,unable_to_verify_identity,True,0.9984,unable_to_verify_identity,0.9984,verify_my_identity,0.0004,why_verify_identity,0.0002
What's with not verifying my Id?,unable_to_verify_identity,unable_to_verify_identity,True,0.9631,unable_to_verify_identity,0.9631,why_verify_identity,0.0341,verify_my_identity,0.0013
What do i need to verify my id?,unable_to_verify_identity,verify_my_identity,False,0.9909,verify_my_identity,0.9909,unable_to_verify_identity,0.0066,why_verify_identity,0.0004
"I tried verifying my ID, but it won't let me.",unable_to_verify_identity,unable_to_verify_identity,True,0.9979,unable_to_verify_identity,0.9979,verify_my_identity,0.0004,passcode_forgotten,0.0003
How do I show this stupid system that this is really my identity?,unable_to_verify_identity,unable_to_verify_identity,True,0.4891,unable_to_verify_identity,0.4891,why_verify_identity,0.3412,verify_my_identity,0.1552
I am experiencing difficulty providing my identity.,unable_to_verify_identity,unable_to_verify_identity,True,0.9982,unable_to_verify_identity,0.9982,verify_my_identity,0.0004,why_verify_identity,0.0003
I a having trouble proving my identity,unable_to_verify_identity,unable_to_verify_identity,True,0.9983,unable_to_verify_identity,0.9983,verify_my_identity,0.0002,passcode_forgotten,1e-04
How long will it take for my ID to verify?,unable_to_verify_identity,unable_to_verify_identity,True,0.9975,unable_to_verify_identity,0.9975,verify_my_identity,0.0009,why_verify_identity,0.0002
Why am I not able to verify my id?,unable_to_verify_identity,unable_to_verify_identity,True,0.9982,unable_to_verify_identity,0.9982,verify_my_identity,0.0003,passcode_forgotten,1e-04
It doesn't let me verify my identity.,unable_to_verify_identity,unable_to_verify_identity,True,0.9978,unable_to_verify_identity,0.9978,verify_my_identity,0.0002,passcode_forgotten,0.0002
app doesnt think its me,unable_to_verify_identity,unable_to_verify_identity,True,0.9982,unable_to_verify_identity,0.9982,why_verify_identity,0.0003,verify_my_identity,0.0003
Why am I having trouble verifying my id?,unable_to_verify_identity,unable_to_verify_identity,True,0.9982,unable_to_verify_identity,0.9982,verify_my_identity,0.0003,passcode_forgotten,1e-04
I am having issues with identity verification,unable_to_verify_identity,unable_to_verify_identity,True,0.9954,unable_to_verify_identity,0.9954,why_verify_identity,0.0025,verify_my_identity,0.0006
The app won't let me log in as myself.,unable_to_verify_identity,unable_to_verify_identity,True,0.9794,unable_to_verify_identity,0.9794,passcode_forgotten,0.012,why_verify_identity,0.0008
Why can't I verify my identity?,unable_to_verify_identity,unable_to_verify_identity,True,0.9955,unable_to_verify_identity,0.9955,why_verify_identity,0.0013,passcode_forgotten,0.0006
Why can't I verify my id?,unable_to_verify_identity,unable_to_verify_identity,True,0.9969,unable_to_verify_identity,0.9969,verify_my_identity,0.001,passcode_forgotten,0.0003
for some reason I am having a problem with verifying my identity.,unable_to_verify_identity,unable_to_verify_identity,True,0.9954,unable_to_verify_identity,0.9954,why_verify_identity,0.0011,top_up_failed,0.0004
What do I do with my card PIN?,get_physical_card,get_physical_card,True,0.998,get_physical_card,0.998,pin_blocked,0.0011,change_pin,0.0002
Is the PIN delivered separately?,get_physical_card,get_physical_card,True,0.9987,get_physical_card,0.9987,change_pin,0.0002,pin_blocked,0.0002
I do not have my pin,get_physical_card,get_physical_card,True,0.9989,get_physical_card,0.9989,pin_blocked,0.0003,change_pin,1e-04
Are PIN separately?,get_physical_card,get_physical_card,True,0.9976,get_physical_card,0.9976,change_pin,0.0006,pin_blocked,0.0003
I cannot seem to find my PIN. Where is it?,get_physical_card,get_physical_card,True,0.9987,get_physical_card,0.9987,change_pin,0.0002,pin_blocked,1e-04
How do I set-up my PIN for the new card?,get_physical_card,get_physical_card,True,0.9427,get_physical_card,0.9427,change_pin,0.0489,pin_blocked,0.0056
How do I find my card PIN?,get_physical_card,get_physical_card,True,0.9988,get_physical_card,0.9988,pin_blocked,0.0002,change_pin,0.0002
is my card PIN saved in the app,get_physical_card,get_physical_card,True,0.9982,get_physical_card,0.9982,pin_blocked,0.0005,change_pin,0.0002
I don't know where to look to find my PIN.,get_physical_card,get_physical_card,True,0.9987,get_physical_card,0.9987,change_pin,0.0002,pin_blocked,1e-04
where in the app can i find out about my new pin,get_physical_card,get_physical_card,True,0.9861,get_physical_card,0.9861,change_pin,0.0105,card_arrival,0.0005
Where in the app can I find my PIN?,get_physical_card,get_physical_card,True,0.9986,get_physical_card,0.9986,change_pin,0.0002,pin_blocked,1e-04
I just got my new card but am not sure how to check its PIN.,get_physical_card,get_physical_card,True,0.995,get_physical_card,0.995,change_pin,0.003,pin_blocked,0.0006
do i need a pin,get_physical_card,get_physical_card,True,0.9962,get_physical_card,0.9962,change_pin,0.0019,order_physical_card,0.0004
"If I need a PIN for my card, where is it located?",get_physical_card,get_physical_card,True,0.9982,get_physical_card,0.9982,pin_blocked,0.0008,change_pin,0.0004
what is my card PIN,get_physical_card,get_physical_card,True,0.9988,get_physical_card,0.9988,change_pin,1e-04,pin_blocked,1e-04
And what about the Card's PIN?,get_physical_card,get_physical_card,True,0.9986,get_physical_card,0.9986,pin_blocked,0.0002,change_pin,0.0002
About this card PIN?,get_physical_card,get_physical_card,True,0.9987,get_physical_card,0.9987,change_pin,0.0003,pin_blocked,0.0003
I received my card but not my PIN.,get_physical_card,get_physical_card,True,0.9988,get_physical_card,0.9988,pin_blocked,0.0002,change_pin,0.0002
Why can't I see my PIN?,get_physical_card,get_physical_card,True,0.9986,get_physical_card,0.9986,pin_blocked,0.0004,change_pin,0.0003
what is the process for setting up a pin,get_physical_card,get_physical_card,True,0.9568,get_physical_card,0.9568,change_pin,0.0389,pin_blocked,0.0011
Does my PIN come with my card?,get_physical_card,get_physical_card,True,0.9988,get_physical_card,0.9988,pin_blocked,0.0003,change_pin,0.0002
Where can I find the card PIN?,get_physical_card,get_physical_card,True,0.9987,get_physical_card,0.9987,change_pin,0.0002,pin_blocked,0.0002
Why isn't my PIN available yet?,get_physical_card,get_physical_card,True,0.9983,get_physical_card,0.9983,pin_blocked,0.0006,change_pin,0.0003
Is my PIN located on my account somewhere?,get_physical_card,get_physical_card,True,0.9988,get_physical_card,0.9988,pin_blocked,0.0003,change_pin,0.0002
"Please help in finding my card PIN, thank you!",get_physical_card,get_physical_card,True,0.9988,get_physical_card,0.9988,change_pin,0.0003,pin_blocked,0.0002
Where is my PIN number located?,get_physical_card,get_physical_card,True,0.9989,get_physical_card,0.9989,pin_blocked,0.0003,change_pin,0.0002
I still don't have my pin.,get_physical_card,get_physical_card,True,0.9989,get_physical_card,0.9989,pin_blocked,0.0003,change_pin,0.0002
So what about the card PIN?,get_physical_card,get_physical_card,True,0.9987,get_physical_card,0.9987,change_pin,0.0002,pin_blocked,0.0002
I cannot locate the card PIN.,get_physical_card,get_physical_card,True,0.9986,get_physical_card,0.9986,change_pin,0.0002,pin_blocked,1e-04
I need my PIN,get_physical_card,get_physical_card,True,0.9986,get_physical_card,0.9986,change_pin,0.0004,pin_blocked,0.0002
Where can I find my PIN?,get_physical_card,get_physical_card,True,0.9988,get_physical_card,0.9988,change_pin,0.0003,pin_blocked,0.0002
When do I receive my PIN,get_physical_card,get_physical_card,True,0.9986,get_physical_card,0.9986,change_pin,0.0003,pin_blocked,0.0002
Help me find my card pin!,get_physical_card,get_physical_card,True,0.9989,get_physical_card,0.9989,pin_blocked,0.0002,change_pin,0.0002
Is PIN delivered separately?,get_physical_card,get_physical_card,True,0.9984,get_physical_card,0.9984,change_pin,0.0004,pin_blocked,0.0002
I can not find my card pin.,get_physical_card,get_physical_card,True,0.9988,get_physical_card,0.9988,pin_blocked,0.0002,change_pin,1e-04
What do I need to do for a PIN?,get_physical_card,get_physical_card,True,0.9972,get_physical_card,0.9972,change_pin,0.0013,pin_blocked,0.0007
Why can't I find my PIN?,get_physical_card,get_physical_card,True,0.9988,get_physical_card,0.9988,pin_blocked,0.0002,change_pin,0.0002
Where is the card PIN?,get_physical_card,get_physical_card,True,0.9988,get_physical_card,0.9988,pin_blocked,0.0002,change_pin,0.0002
What is my card's PIN?,get_physical_card,get_physical_card,True,0.9989,get_physical_card,0.9989,pin_blocked,0.0002,change_pin,0.0002
where can user find pin?,get_physical_card,get_physical_card,True,0.9969,get_physical_card,0.9969,change_pin,0.0016,pin_blocked,0.0007
I like to Mastercard rather than Visa.,visa_or_mastercard,visa_or_mastercard,True,0.9993,visa_or_mastercard,0.9993,card_acceptance,1e-04,top_up_by_card_charge,1e-04
Do I qualify for a visa card?,visa_or_mastercard,visa_or_mastercard,True,0.9994,visa_or_mastercard,0.9994,card_acceptance,1e-04,supported_cards_and_currencies,1e-04
How do I get a visa card?,visa_or_mastercard,visa_or_mastercard,True,0.9994,visa_or_mastercard,0.9994,top_up_by_card_charge,1e-04,card_acceptance,1e-04
Do you guys accept Visa or Mastercard?,visa_or_mastercard,visa_or_mastercard,True,0.9991,visa_or_mastercard,0.9991,supported_cards_and_currencies,0.0003,card_acceptance,1e-04
Are both Visa and Mastercard accepted?,visa_or_mastercard,visa_or_mastercard,True,0.9994,visa_or_mastercard,0.9994,supported_cards_and_currencies,1e-04,card_acceptance,1e-04
Do you guys accept mastercard or visa?,visa_or_mastercard,visa_or_mastercard,True,0.9946,visa_or_mastercard,0.9946,supported_cards_and_currencies,0.0043,top_up_by_card_charge,0.0002
Are both Visa and Mastercard offered?,visa_or_mastercard,visa_or_mastercard,True,0.9994,visa_or_mastercard,0.9994,supported_cards_and_currencies,1e-04,top_up_by_card_charge,1e-04
Can you give me a visa?,visa_or_mastercard,visa_or_mastercard,True,0.9991,visa_or_mastercard,0.9991,country_support,1e-04,card_acceptance,1e-04
How to decide if I get a Visa or Mastercard?,visa_or_mastercard,visa_or_mastercard,True,0.9993,visa_or_mastercard,0.9993,card_acceptance,1e-04,supported_cards_and_currencies,0.0
Can I get a mastercard?,visa_or_mastercard,visa_or_mastercard,True,0.9989,visa_or_mastercard,0.9989,supported_cards_and_currencies,0.0002,order_physical_card,1e-04
What steps must I follow to get a Visa credit card?,visa_or_mastercard,visa_or_mastercard,True,0.9993,visa_or_mastercard,0.9993,supported_cards_and_currencies,1e-04,top_up_by_card_charge,1e-04
I'd rather get a Mastercard,visa_or_mastercard,visa_or_mastercard,True,0.9992,visa_or_mastercard,0.9992,getting_spare_card,1e-04,supported_cards_and_currencies,1e-04
Do I get a choice between Visa and Mastercard?,visa_or_mastercard,visa_or_mastercard,True,0.9994,visa_or_mastercard,0.9994,supported_cards_and_currencies,1e-04,top_up_by_card_charge,1e-04
What do I have to do to get a Visa credit card?,visa_or_mastercard,visa_or_mastercard,True,0.9992,visa_or_mastercard,0.9992,top_up_by_card_charge,1e-04,supported_cards_and_currencies,1e-04
I would prefer a visa card,visa_or_mastercard,visa_or_mastercard,True,0.9994,visa_or_mastercard,0.9994,top_up_by_card_charge,1e-04,supported_cards_and_currencies,1e-04
May I choose between Visa and Mastercard?,visa_or_mastercard,visa_or_mastercard,True,0.9994,visa_or_mastercard,0.9994,supported_cards_and_currencies,1e-04,card_acceptance,1e-04
Am I allowed to use any card to make a payment?,visa_or_mastercard,card_acceptance,False,0.8027,card_acceptance,0.8027,supported_cards_and_currencies,0.0911,order_physical_card,0.0259
What are the available cards?,visa_or_mastercard,order_physical_card,False,0.9916,order_physical_card,0.9916,visa_or_mastercard,0.0038,getting_spare_card,0.0014
I want to get Visa and Mastercard,visa_or_mastercard,visa_or_mastercard,True,0.9993,visa_or_mastercard,0.9993,card_acceptance,1e-04,top_up_by_card_charge,0.0
Am I able to choose my card?,visa_or_mastercard,visa_or_mastercard,True,0.9792,visa_or_mastercard,0.9792,getting_spare_card,0.0037,card_acceptance,0.0029
are both visa and mastercard available to me?,visa_or_mastercard,visa_or_mastercard,True,0.9994,visa_or_mastercard,0.9994,supported_cards_and_currencies,1e-04,card_acceptance,1e-04
Do you do Visa or Mastercard?,visa_or_mastercard,visa_or_mastercard,True,0.9994,visa_or_mastercard,0.9994,supported_cards_and_currencies,1e-04,card_acceptance,1e-04
How do I select a Mastercard instead of a Visa?,visa_or_mastercard,visa_or_mastercard,True,0.9993,visa_or_mastercard,0.9993,supported_cards_and_currencies,1e-04,top_up_by_card_charge,1e-04
I would like to apply for a visa card.,visa_or_mastercard,visa_or_mastercard,True,0.9993,visa_or_mastercard,0.9993,card_acceptance,1e-04,supported_cards_and_currencies,0.0
Do I get to choose between Visa and Mastercard?,visa_or_mastercard,visa_or_mastercard,True,0.9994,visa_or_mastercard,0.9994,supported_cards_and_currencies,1e-04,card_acceptance,1e-04
We need both a visa and a Mastercard.,visa_or_mastercard,visa_or_mastercard,True,0.9994,visa_or_mastercard,0.9994,card_acceptance,1e-04,supported_cards_and_currencies,0.0
Hello. Can you tell me if you use Visa or Mastercard?,visa_or_mastercard,visa_or_mastercard,True,0.9993,visa_or_mastercard,0.9993,card_acceptance,1e-04,supported_cards_and_currencies,1e-04
I'd like more information about choosing a Visa or Mastercard.,visa_or_mastercard,visa_or_mastercard,True,0.9993,visa_or_mastercard,0.9993,card_acceptance,1e-04,top_up_by_card_charge,0.0
Do you have Visa or Matercard?,visa_or_mastercard,visa_or_mastercard,True,0.9991,visa_or_mastercard,0.9991,supported_cards_and_currencies,0.0002,country_support,1e-04
Is it possible to have both a Visa and a Mastercard from you?,visa_or_mastercard,visa_or_mastercard,True,0.9994,visa_or_mastercard,0.9994,supported_cards_and_currencies,1e-04,card_acceptance,1e-04
I like Mastercard better.,visa_or_mastercard,visa_or_mastercard,True,0.9982,visa_or_mastercard,0.9982,supported_cards_and_currencies,0.0006,card_acceptance,0.0003
Do you offer Visa or Mastercard?,visa_or_mastercard,visa_or_mastercard,True,0.9994,visa_or_mastercard,0.9994,supported_cards_and_currencies,1e-04,card_acceptance,1e-04
I would rather the Mastercard.,visa_or_mastercard,visa_or_mastercard,True,0.999,visa_or_mastercard,0.999,supported_cards_and_currencies,1e-04,top_up_by_card_charge,1e-04
Please give me both a visa and a master card.,visa_or_mastercard,visa_or_mastercard,True,0.9993,visa_or_mastercard,0.9993,card_acceptance,1e-04,getting_spare_card,1e-04
Is it possible to receive a Visa and a MasterCard?,visa_or_mastercard,visa_or_mastercard,True,0.9994,visa_or_mastercard,0.9994,card_acceptance,1e-04,supported_cards_and_currencies,0.0
What major card payments are accepted?,visa_or_mastercard,supported_cards_and_currencies,False,0.9759,supported_cards_and_currencies,0.9759,card_acceptance,0.0066,top_up_by_card_charge,0.0048
Is Visa or Mastercard available?,visa_or_mastercard,visa_or_mastercard,True,0.9994,visa_or_mastercard,0.9994,card_acceptance,1e-04,supported_cards_and_currencies,0.0
Can you let me know if Visa is among the card scheme assignments?,visa_or_mastercard,visa_or_mastercard,True,0.9992,visa_or_mastercard,0.9992,card_acceptance,1e-04,top_up_by_card_charge,1e-04
Do you use Mastercard or Visa?,visa_or_mastercard,visa_or_mastercard,True,0.9994,visa_or_mastercard,0.9994,supported_cards_and_currencies,1e-04,card_acceptance,1e-04
Is it possible to get a Visa here?,visa_or_mastercard,visa_or_mastercard,True,0.9991,visa_or_mastercard,0.9991,top_up_by_card_charge,1e-04,card_acceptance,1e-04
How can I top up my account with a card?,topping_up_by_card,topping_up_by_card,True,0.9912,topping_up_by_card,0.9912,card_acceptance,0.004,top_up_by_cash_or_cheque,0.001
WHERE IS MY MONEY I WAS USING MY CARD AND IT DISAPPEARED,topping_up_by_card,topping_up_by_card,True,0.6617,topping_up_by_card,0.6617,cash_withdrawal_not_recognised,0.1686,lost_or_stolen_phone,0.0541
How can I top up by card?,topping_up_by_card,topping_up_by_card,True,0.9973,topping_up_by_card,0.9973,top_up_failed,0.0011,card_acceptance,0.0003
What is the process for using my credit card to transfer money?,topping_up_by_card,topping_up_by_card,True,0.9987,topping_up_by_card,0.9987,top_up_failed,0.0003,transfer_into_account,1e-04
How do I top up my card using your app? I'm new to this.,topping_up_by_card,topping_up_by_card,True,0.7708,topping_up_by_card,0.7708,card_linking,0.0849,lost_or_stolen_phone,0.0336
Can friends add to my account,topping_up_by_card,topping_up_by_card,True,0.996,topping_up_by_card,0.996,top_up_failed,0.0008,terminate_account,0.0004
Can I top up using my car?,topping_up_by_card,topping_up_by_card,True,0.9968,topping_up_by_card,0.9968,automatic_top_up,0.0006,top_up_by_cash_or_cheque,0.0006
Why can't I see my topup in my wallet anymore?,topping_up_by_card,topping_up_by_card,True,0.999,topping_up_by_card,0.999,transfer_into_account,0.0002,supported_cards_and_currencies,1e-04
Use credit card to transfer money,topping_up_by_card,topping_up_by_card,True,0.9984,topping_up_by_card,0.9984,top_up_failed,0.0004,card_acceptance,0.0002
How do my friends top up my account,topping_up_by_card,topping_up_by_card,True,0.9986,topping_up_by_card,0.9986,top_up_failed,0.0003,pending_top_up,1e-04
"I followed the instructions to transfer money using my card, but then the money disappeared and I don't know what happened.",topping_up_by_card,topping_up_by_card,True,0.6775,topping_up_by_card,0.6775,lost_or_stolen_phone,0.1431,compromised_card,0.0526
Where's the money that got charged to my card? It's not showing up in my account balance,topping_up_by_card,balance_not_updated_after_bank_transfer,False,0.3868,balance_not_updated_after_bank_transfer,0.3868,transfer_fee_charged,0.2286,top_up_by_bank_transfer_charge,0.1832
how can i top up?,topping_up_by_card,transfer_into_account,False,0.4852,transfer_into_account,0.4852,supported_cards_and_currencies,0.1335,top_up_limits,0.1314
"I am missing some funds from my account - I tried to transfer them using my credit card number, and it disappeared.",topping_up_by_card,transfer_into_account,False,0.5752,transfer_into_account,0.5752,topping_up_by_card,0.146,beneficiary_not_allowed,0.0924
I have friends that would like to top-up my account is that possible?,topping_up_by_card,topping_up_by_card,True,0.9987,topping_up_by_card,0.9987,transfer_into_account,0.0004,top_up_by_cash_or_cheque,1e-04
How do I transfer money using a credit card?,topping_up_by_card,topping_up_by_card,True,0.9986,topping_up_by_card,0.9986,top_up_failed,0.0004,card_acceptance,1e-04
Can I give my friends access to my account so they can top it up for me?,topping_up_by_card,topping_up_by_card,True,0.9976,topping_up_by_card,0.9976,top_up_failed,0.0011,apple_pay_or_google_pay,0.0002
"I did a top-up, but I'm not seeing it in my wallet yet.",topping_up_by_card,topping_up_by_card,True,0.9973,topping_up_by_card,0.9973,top_up_by_cash_or_cheque,0.0008,top_up_failed,0.0004
"i know i entered the right info, but my top up isn't in my balance",topping_up_by_card,pending_top_up,False,0.9799,pending_top_up,0.9799,topping_up_by_card,0.0047,verify_top_up,0.0043
Will my friend be able to top off my account?,topping_up_by_card,topping_up_by_card,True,0.9964,topping_up_by_card,0.9964,top_up_failed,0.0015,top_up_by_cash_or_cheque,0.0008
Is there a way to transfer funds directly from my card?,topping_up_by_card,topping_up_by_card,True,0.9816,topping_up_by_card,0.9816,transfer_into_account,0.0095,card_acceptance,0.0021
Why isn't my top up showing on my wallet?,topping_up_by_card,topping_up_by_card,True,0.9987,topping_up_by_card,0.9987,top_up_by_cash_or_cheque,0.0002,transfer_into_account,0.0002
"I tried to top up using my card, but now the money just disappeared!",topping_up_by_card,topping_up_by_card,True,0.9984,topping_up_by_card,0.9984,transfer_into_account,0.0002,top_up_failed,0.0002
Help me transfer money to my credit card.,topping_up_by_card,topping_up_by_card,True,0.9953,topping_up_by_card,0.9953,top_up_failed,0.0026,apple_pay_or_google_pay,0.0002
I tried to use my card to top up but all of the money has disappeared.,topping_up_by_card,topping_up_by_card,True,0.9982,topping_up_by_card,0.9982,top_up_failed,0.0006,top_up_reverted,0.0002
Is it possible to use my credit card to transfer money?,topping_up_by_card,topping_up_by_card,True,0.9973,topping_up_by_card,0.9973,top_up_failed,0.0011,card_acceptance,0.0002
How can someone add money to my account?,topping_up_by_card,transfer_into_account,False,0.4106,transfer_into_account,0.4106,topping_up_by_card,0.2961,supported_cards_and_currencies,0.2679
Cannot access my top up.,topping_up_by_card,top_up_failed,False,0.8369,top_up_failed,0.8369,topping_up_by_card,0.0656,pending_top_up,0.037
Are my friends able to add funds to my account?,topping_up_by_card,topping_up_by_card,True,0.9983,topping_up_by_card,0.9983,transfer_into_account,0.0002,card_acceptance,0.0002
Can I transfer money to my credit card?,topping_up_by_card,topping_up_by_card,True,0.9982,topping_up_by_card,0.9982,top_up_failed,0.0005,transfer_into_account,1e-04
Who else can top up my account,topping_up_by_card,topping_up_by_card,True,0.9985,topping_up_by_card,0.9985,top_up_by_cash_or_cheque,0.0002,pending_top_up,0.0002
Why is my money gone right when I attempted to top up,topping_up_by_card,topping_up_by_card,True,0.8638,topping_up_by_card,0.8638,top_up_failed,0.1236,top_up_reverted,0.0054
How do i transfer money using my credit card?,topping_up_by_card,topping_up_by_card,True,0.9985,topping_up_by_card,0.9985,top_up_failed,0.0004,card_acceptance,1e-04
My friends want to top up my account,topping_up_by_card,topping_up_by_card,True,0.9984,topping_up_by_card,0.9984,top_up_failed,0.0006,pending_top_up,1e-04
Who can top up my accounts?,topping_up_by_card,topping_up_by_card,True,0.9629,topping_up_by_card,0.9629,top_up_by_cash_or_cheque,0.0216,transfer_into_account,0.0108
show me how to top up with my card,topping_up_by_card,topping_up_by_card,True,0.9975,topping_up_by_card,0.9975,top_up_failed,0.0012,card_acceptance,1e-04
I topped up my card but the money disappeared.,topping_up_by_card,topping_up_by_card,True,0.9987,topping_up_by_card,0.9987,top_up_failed,0.0002,top_up_reverted,1e-04
Why don't I see my top up in my wallet?,topping_up_by_card,topping_up_by_card,True,0.9991,topping_up_by_card,0.9991,transfer_into_account,1e-04,top_up_by_cash_or_cheque,1e-04
Why can't I see the top-up amount I just added to my account?,topping_up_by_card,pending_top_up,False,0.7084,pending_top_up,0.7084,top_up_failed,0.2527,top_up_limits,0.028
Are my friends able to top up my account?,topping_up_by_card,topping_up_by_card,True,0.9986,topping_up_by_card,0.9986,top_up_failed,0.0004,pending_top_up,1e-04
How can i get multiple disposble cards.,disposable_card_limits,disposable_card_limits,True,0.9993,disposable_card_limits,0.9993,get_disposable_virtual_card,0.0002,getting_spare_card,0.0
Can I make many disposable cards per day?,disposable_card_limits,disposable_card_limits,True,0.9993,disposable_card_limits,0.9993,get_disposable_virtual_card,0.0003,contactless_not_working,0.0
"I need to use my disposable card multiple times a day, is there a cutoff limit?",disposable_card_limits,disposable_card_limits,True,0.9994,disposable_card_limits,0.9994,get_disposable_virtual_card,1e-04,top_up_limits,0.0
How do I make more than one disposable card in a day?,disposable_card_limits,disposable_card_limits,True,0.9988,disposable_card_limits,0.9988,get_disposable_virtual_card,0.0008,virtual_card_not_working,0.0
Can I have more than one disposable card?,disposable_card_limits,disposable_card_limits,True,0.9993,disposable_card_limits,0.9993,get_disposable_virtual_card,0.0003,getting_spare_card,1e-04
what is the disposable cards limit?,disposable_card_limits,disposable_card_limits,True,0.9994,disposable_card_limits,0.9994,get_disposable_virtual_card,0.0002,contactless_not_working,0.0
What's the most disposable cards I can have?,disposable_card_limits,disposable_card_limits,True,0.9987,disposable_card_limits,0.9987,get_disposable_virtual_card,0.0008,virtual_card_not_working,0.0
Do these virtual cards have any caps on using them?,disposable_card_limits,disposable_card_limits,True,0.9441,disposable_card_limits,0.9441,getting_virtual_card,0.019,virtual_card_not_working,0.0142
How many disposable cards can I have?,disposable_card_limits,disposable_card_limits,True,0.9995,disposable_card_limits,0.9995,get_disposable_virtual_card,0.0002,getting_spare_card,0.0
What is the amount of disposable cards I can have each day?,disposable_card_limits,disposable_card_limits,True,0.9994,disposable_card_limits,0.9994,get_disposable_virtual_card,0.0002,contactless_not_working,0.0
How many disposable cards per day am I allowed to have?,disposable_card_limits,disposable_card_limits,True,0.9995,disposable_card_limits,0.9995,get_disposable_virtual_card,1e-04,contactless_not_working,0.0
How many card payments can I use on a disposable card?,disposable_card_limits,disposable_card_limits,True,0.9994,disposable_card_limits,0.9994,get_disposable_virtual_card,1e-04,contactless_not_working,0.0
What if I need multiple disposable cards?,disposable_card_limits,disposable_card_limits,True,0.9992,disposable_card_limits,0.9992,get_disposable_virtual_card,0.0003,contactless_not_working,0.0
"If I have more than one disposable card, can I make five payments on each of them?",disposable_card_limits,disposable_card_limits,True,0.9994,disposable_card_limits,0.9994,get_disposable_virtual_card,0.0002,getting_spare_card,1e-04
Are you able to explain the restrictions of the disposable cards?,disposable_card_limits,disposable_card_limits,True,0.9995,disposable_card_limits,0.9995,get_disposable_virtual_card,1e-04,contactless_not_working,0.0
What is the maximum number of transactions I can make with one card?,disposable_card_limits,getting_spare_card,False,0.7133,getting_spare_card,0.7133,disposable_card_limits,0.2745,top_up_limits,0.001
What is the limit to number of transactions I can do with a disposable card?,disposable_card_limits,disposable_card_limits,True,0.9995,disposable_card_limits,0.9995,get_disposable_virtual_card,1e-04,contactless_not_working,0.0
How many disposable cards is the limit?,disposable_card_limits,disposable_card_limits,True,0.9995,disposable_card_limits,0.9995,get_disposable_virtual_card,1e-04,getting_spare_card,0.0
Tell me how many transactions I can do with a disposable card.,disposable_card_limits,disposable_card_limits,True,0.9995,disposable_card_limits,0.9995,get_disposable_virtual_card,1e-04,contactless_not_working,0.0
I have to have several disposable cards per day.,disposable_card_limits,disposable_card_limits,True,0.9995,disposable_card_limits,0.9995,get_disposable_virtual_card,1e-04,virtual_card_not_working,0.0
I would like to know any restrictions for the disposable cards.,disposable_card_limits,disposable_card_limits,True,0.9995,disposable_card_limits,0.9995,get_disposable_virtual_card,1e-04,contactless_not_working,0.0
How can I create many temporary cards daily?,disposable_card_limits,getting_spare_card,False,0.9889,getting_spare_card,0.9889,disposable_card_limits,0.0064,order_physical_card,0.0015
Is it possible to make several disposable cards in a day?,disposable_card_limits,disposable_card_limits,True,0.999,disposable_card_limits,0.999,get_disposable_virtual_card,0.0006,contactless_not_working,0.0
How many disposable cards can I make in a single day?,disposable_card_limits,disposable_card_limits,True,0.9994,disposable_card_limits,0.9994,get_disposable_virtual_card,0.0002,contactless_not_working,0.0
Is there a limit to how many transactions I can make on one disposable card?,disposable_card_limits,disposable_card_limits,True,0.9995,disposable_card_limits,0.9995,get_disposable_virtual_card,1e-04,getting_spare_card,0.0
Are there any limits to how many disposable cards I can use?,disposable_card_limits,disposable_card_limits,True,0.9995,disposable_card_limits,0.9995,get_disposable_virtual_card,1e-04,getting_spare_card,0.0
Can you explain the virtual cards limit?,disposable_card_limits,disposable_card_limits,True,0.9982,disposable_card_limits,0.9982,get_disposable_virtual_card,0.0006,top_up_limits,0.0003
How many disposable virtual cards can I have?,disposable_card_limits,disposable_card_limits,True,0.9992,disposable_card_limits,0.9992,get_disposable_virtual_card,0.0004,virtual_card_not_working,0.0
I need to create several disposable cards per day.,disposable_card_limits,disposable_card_limits,True,0.9994,disposable_card_limits,0.9994,get_disposable_virtual_card,0.0002,contactless_not_working,0.0
Are there any hindrances to using a disposable virtual card?,disposable_card_limits,disposable_card_limits,True,0.9948,disposable_card_limits,0.9948,get_disposable_virtual_card,0.0035,virtual_card_not_working,0.0005
How many disposable cards can I own?,disposable_card_limits,disposable_card_limits,True,0.9994,disposable_card_limits,0.9994,get_disposable_virtual_card,0.0002,getting_spare_card,0.0
How many virtual cards do I get?,disposable_card_limits,getting_virtual_card,False,0.9971,getting_virtual_card,0.9971,disposable_card_limits,0.0007,getting_spare_card,0.0005
What is the limit to disposable cards you can have?,disposable_card_limits,disposable_card_limits,True,0.9995,disposable_card_limits,0.9995,get_disposable_virtual_card,1e-04,contactless_not_working,0.0
How many times can I use a disposable card?,disposable_card_limits,disposable_card_limits,True,0.9994,disposable_card_limits,0.9994,get_disposable_virtual_card,1e-04,contactless_not_working,0.0
What can I use a virtual disposable card for?,disposable_card_limits,get_disposable_virtual_card,False,0.9986,get_disposable_virtual_card,0.9986,disposable_card_limits,0.0003,virtual_card_not_working,0.0003
Do you know what the restriction of the disposable cards are?,disposable_card_limits,disposable_card_limits,True,0.9994,disposable_card_limits,0.9994,get_disposable_virtual_card,1e-04,contactless_not_working,0.0
What are the limits for disposable virtual cards?,disposable_card_limits,disposable_card_limits,True,0.9994,disposable_card_limits,0.9994,get_disposable_virtual_card,0.0002,contactless_not_working,0.0
What are the limits to using disposable virtual cards?,disposable_card_limits,disposable_card_limits,True,0.9994,disposable_card_limits,0.9994,get_disposable_virtual_card,0.0002,contactless_not_working,0.0
How many transactions can I do with one disposable card?,disposable_card_limits,disposable_card_limits,True,0.9995,disposable_card_limits,0.9995,get_disposable_virtual_card,1e-04,getting_spare_card,0.0
How many times can I use the disposable virtual card I have?,disposable_card_limits,disposable_card_limits,True,0.9994,disposable_card_limits,0.9994,get_disposable_virtual_card,1e-04,virtual_card_not_working,0.0
I think someone is using my card to make transactions I don't remember.,compromised_card,compromised_card,True,0.9968,compromised_card,0.9968,card_not_working,0.001,cancel_transfer,0.0003
someone is using my account,compromised_card,compromised_card,True,0.9902,compromised_card,0.9902,why_verify_identity,0.0051,beneficiary_not_allowed,0.0008
Someone I don't know has used my card without permission.,compromised_card,compromised_card,True,0.9984,compromised_card,0.9984,why_verify_identity,0.0004,card_acceptance,1e-04
My card was used without my permission.,compromised_card,compromised_card,True,0.9982,compromised_card,0.9982,card_acceptance,0.0003,why_verify_identity,0.0002
Can I freeze my card right now?,compromised_card,lost_or_stolen_card,False,0.9783,lost_or_stolen_card,0.9783,compromised_card,0.0143,card_not_working,0.002
Freeze my account it's been hacked.,compromised_card,compromised_card,True,0.9297,compromised_card,0.9297,terminate_account,0.0454,lost_or_stolen_phone,0.0078
"There are transactions I didn't make, someone else must have used my card.",compromised_card,compromised_card,True,0.9986,compromised_card,0.9986,cancel_transfer,1e-04,lost_or_stolen_phone,1e-04
Can you freeze my card because someone used it while I was out of town. I did not make these purchases.,compromised_card,compromised_card,True,0.9765,compromised_card,0.9765,card_payment_not_recognised,0.0183,direct_debit_payment_not_recognised,0.001
Someone is using my account to do online shopping! Please freeze it asap,compromised_card,compromised_card,True,0.9046,compromised_card,0.9046,terminate_account,0.0679,cancel_transfer,0.0028
Someone else may be using my card.  There are transactions I don't recognize.,compromised_card,compromised_card,True,0.9989,compromised_card,0.9989,card_payment_not_recognised,1e-04,card_acceptance,1e-04
What do I do to stop unauthorized transactions on my card? I was never in the place from which the transactions on my bill were made and I never made them. Please help!,compromised_card,compromised_card,True,0.998,compromised_card,0.998,why_verify_identity,0.0004,beneficiary_not_allowed,0.0002
What do I do if I think my card was improperly used?,compromised_card,compromised_card,True,0.7116,compromised_card,0.7116,card_not_working,0.1565,pin_blocked,0.0599
How can I stop fraud on my account right now?,compromised_card,compromised_card,True,0.998,compromised_card,0.998,direct_debit_payment_not_recognised,0.0002,card_payment_not_recognised,0.0002
"I think my identity has been stolen, can you check on unauthorized charges?",compromised_card,compromised_card,True,0.944,compromised_card,0.944,why_verify_identity,0.0486,unable_to_verify_identity,0.0022
I think someone else is using my card.  There are transactions I didn't make.,compromised_card,compromised_card,True,0.9985,compromised_card,0.9985,cash_withdrawal_not_recognised,0.0002,card_acceptance,1e-04
"I don't recognize some of the transactions on my card, I think someone must have gotten my card info and used it.",compromised_card,compromised_card,True,0.9986,compromised_card,0.9986,card_payment_not_recognised,0.0002,contactless_not_working,1e-04
Can I use app to freeze account and dispute fraud?,compromised_card,compromised_card,True,0.996,compromised_card,0.996,why_verify_identity,0.0007,cash_withdrawal_not_recognised,0.0003
My card is being used online to make a bunch of purchases! Someone else is using it fraudulently. Can you help me freeze it?,compromised_card,compromised_card,True,0.9924,compromised_card,0.9924,direct_debit_payment_not_recognised,0.0028,card_payment_not_recognised,0.0012
"Someone has my card number, freeze my account.",compromised_card,compromised_card,True,0.8826,compromised_card,0.8826,lost_or_stolen_card,0.0976,card_not_working,0.0061
"I see random purchases to my account, was it hacked?",compromised_card,compromised_card,True,0.9934,compromised_card,0.9934,card_payment_not_recognised,0.0015,cancel_transfer,0.0008
It seems someone used my card! There are a few transactions from a small town in the middle of nowhere that I definitely have not made! Please prevent them from using it immediately!,compromised_card,compromised_card,True,0.9979,compromised_card,0.9979,cash_withdrawal_not_recognised,0.0003,card_payment_not_recognised,0.0002
How do I freeze my card using the app?,compromised_card,lost_or_stolen_card,False,0.4617,lost_or_stolen_card,0.4617,compromised_card,0.3419,card_linking,0.098
My card has been compromised,compromised_card,compromised_card,True,0.9976,compromised_card,0.9976,lost_or_stolen_phone,0.0003,why_verify_identity,0.0003
What should I do if I think that someone else may be using my card.,compromised_card,compromised_card,True,0.9989,compromised_card,0.9989,why_verify_identity,1e-04,card_acceptance,1e-04
"The transactions showing up are strange, I think my card was used without me knowing.",compromised_card,compromised_card,True,0.9972,compromised_card,0.9972,card_acceptance,0.0003,cash_withdrawal_not_recognised,0.0003
How do I freeze my account?,compromised_card,terminate_account,False,0.9898,terminate_account,0.9898,compromised_card,0.0029,edit_personal_details,0.0015
"I'm not certain, but someone may be using my card.",compromised_card,compromised_card,True,0.9988,compromised_card,0.9988,card_acceptance,1e-04,direct_debit_payment_not_recognised,1e-04
How do I freeze my card? I think someone is using it to make a bunch of online transactions.,compromised_card,compromised_card,True,0.9952,compromised_card,0.9952,card_not_working,0.0015,lost_or_stolen_card,0.0005
I think someone got my card details and used it because there are transactions i don't recognize. What do I do now?,compromised_card,compromised_card,True,0.9986,compromised_card,0.9986,card_acceptance,0.0002,card_payment_not_recognised,1e-04
Someone else used my card!,compromised_card,compromised_card,True,0.9988,compromised_card,0.9988,direct_debit_payment_not_recognised,1e-04,card_acceptance,1e-04
I believe someone is using my card without my agreement!,compromised_card,compromised_card,True,0.9983,compromised_card,0.9983,direct_debit_payment_not_recognised,0.0002,card_payment_not_recognised,0.0002
"If I feel someone has my card information, can I get a new card?",compromised_card,compromised_card,True,0.9042,compromised_card,0.9042,order_physical_card,0.0362,lost_or_stolen_card,0.0184
"There are a few transaction that I don't recognize, I think someone managed to get my card details and use it.",compromised_card,compromised_card,True,0.9986,compromised_card,0.9986,card_payment_not_recognised,1e-04,why_verify_identity,1e-04
I think someone has access to my card numbers that shouldn't.,compromised_card,compromised_card,True,0.9783,compromised_card,0.9783,why_verify_identity,0.0132,passcode_forgotten,0.0013
I think my child used my card while I wasn't home.,compromised_card,card_not_working,False,0.4816,card_not_working,0.4816,age_limit,0.2024,compromised_card,0.1366
What do I do if I think someone managed to get my card information?,compromised_card,compromised_card,True,0.998,compromised_card,0.998,lost_or_stolen_card,0.0005,card_acceptance,0.0002
I think someone copied the numbers on my card and is using them.,compromised_card,compromised_card,True,0.9963,compromised_card,0.9963,why_verify_identity,0.0005,verify_top_up,0.0003
What should I do if I think someone is using my card.,compromised_card,compromised_card,True,0.9986,compromised_card,0.9986,cancel_transfer,1e-04,direct_debit_payment_not_recognised,1e-04
Can I use app to freeze my card and dispute fraud?,compromised_card,compromised_card,True,0.995,compromised_card,0.995,lost_or_stolen_card,0.0007,card_acceptance,0.0006
"Someone else is using my card, freeze it.",compromised_card,compromised_card,True,0.9949,compromised_card,0.9949,lost_or_stolen_card,0.0027,card_not_working,0.0004
Do all ATMs take this card?,atm_support,atm_support,True,0.9985,atm_support,0.9985,card_swallowed,0.0005,card_acceptance,0.0002
Which ATMs accept this card?,atm_support,atm_support,True,0.9989,atm_support,0.9989,supported_cards_and_currencies,0.0002,card_acceptance,1e-04
Where is the closest Mastercard ATM?,atm_support,atm_support,True,0.999,atm_support,0.999,card_acceptance,0.0002,supported_cards_and_currencies,1e-04
Is there a list of ATM machines?,atm_support,atm_support,True,0.9953,atm_support,0.9953,declined_cash_withdrawal,0.0013,cash_withdrawal_charge,0.0011
Are there any specific ATMs that this card can be used at?,atm_support,atm_support,True,0.999,atm_support,0.999,supported_cards_and_currencies,1e-04,card_acceptance,1e-04
How do I know which ATMs will accept this card?,atm_support,atm_support,True,0.9988,atm_support,0.9988,supported_cards_and_currencies,0.0003,card_acceptance,1e-04
Which ATM's accept my card?,atm_support,atm_support,True,0.9983,atm_support,0.9983,supported_cards_and_currencies,0.0004,card_acceptance,0.0003
Is there any nearby ATM's?,atm_support,atm_support,True,0.9989,atm_support,0.9989,card_swallowed,0.0002,card_acceptance,1e-04
Where are the locations of ATMs that accept this card?,atm_support,atm_support,True,0.999,atm_support,0.999,card_acceptance,0.0002,card_swallowed,1e-04
Which ATMs accept this placard ?,atm_support,atm_support,True,0.9987,atm_support,0.9987,supported_cards_and_currencies,0.0003,cash_withdrawal_not_recognised,1e-04
Help me locate the nearest ATM.,atm_support,atm_support,True,0.9986,atm_support,0.9986,card_swallowed,0.0003,card_acceptance,1e-04
What ATMs is the card okay to use at?,atm_support,atm_support,True,0.999,atm_support,0.999,card_swallowed,1e-04,card_acceptance,1e-04
How can I find the nearest ATM?,atm_support,atm_support,True,0.9989,atm_support,0.9989,supported_cards_and_currencies,1e-04,card_acceptance,1e-04
What kind of ATM's can I use?,atm_support,atm_support,True,0.9976,atm_support,0.9976,supported_cards_and_currencies,0.0008,top_up_by_cash_or_cheque,0.0004
How can I withdraw money?,atm_support,atm_support,True,0.9976,atm_support,0.9976,supported_cards_and_currencies,0.0006,top_up_by_cash_or_cheque,0.0002
How many miles away is the ATM?,atm_support,atm_support,True,0.9336,atm_support,0.9336,cash_withdrawal_charge,0.0245,card_swallowed,0.0166
From where can I withdraw?,atm_support,atm_support,True,0.9987,atm_support,0.9987,card_acceptance,0.0002,card_swallowed,1e-04
Which ATM's will accept my card?,atm_support,atm_support,True,0.9987,atm_support,0.9987,supported_cards_and_currencies,0.0002,card_swallowed,0.0002
At what ATMS am I able to use the card?,atm_support,atm_support,True,0.999,atm_support,0.999,supported_cards_and_currencies,1e-04,card_swallowed,1e-04
Can I use my card at any ATMs?,atm_support,atm_support,True,0.9989,atm_support,0.9989,card_swallowed,0.0002,card_acceptance,0.0002
Can I get cash with this card anywhere?,atm_support,atm_support,True,0.5367,atm_support,0.5367,card_acceptance,0.4449,card_swallowed,0.0038
"
Which ATMs accept this card?",atm_support,atm_support,True,0.9989,atm_support,0.9989,supported_cards_and_currencies,0.0002,card_acceptance,1e-04
Can someone please assist me with finding my nearest ATM?,atm_support,atm_support,True,0.9984,atm_support,0.9984,card_swallowed,0.0003,card_acceptance,0.0002
Are there any ATM machines near me?,atm_support,atm_support,True,0.999,atm_support,0.999,card_swallowed,1e-04,card_acceptance,1e-04
Where is the nearest bank machine?,atm_support,atm_support,True,0.9811,atm_support,0.9811,transfer_into_account,0.0067,supported_cards_and_currencies,0.0052
What type of ATMs accept this card?,atm_support,atm_support,True,0.9986,atm_support,0.9986,supported_cards_and_currencies,0.0004,card_acceptance,1e-04
Where can I use this card at an ATM?,atm_support,atm_support,True,0.9982,atm_support,0.9982,card_swallowed,0.0006,card_acceptance,0.0004
"If I have this card, which ATMs can I go to?",atm_support,atm_support,True,0.999,atm_support,0.999,supported_cards_and_currencies,0.0002,card_acceptance,1e-04
What ATMs can I withdraw money from?,atm_support,atm_support,True,0.9988,atm_support,0.9988,declined_cash_withdrawal,0.0002,top_up_by_cash_or_cheque,1e-04
"I want to withdraw money, where can I go?",atm_support,atm_support,True,0.9986,atm_support,0.9986,cash_withdrawal_charge,0.0002,card_acceptance,1e-04
Where can I withdrawal my money?,atm_support,atm_support,True,0.9985,atm_support,0.9985,cash_withdrawal_charge,0.0002,card_swallowed,1e-04
What are the ATMs that will accept this card?,atm_support,atm_support,True,0.9989,atm_support,0.9989,supported_cards_and_currencies,0.0002,card_swallowed,1e-04
What ATMs will accept this type of card?,atm_support,atm_support,True,0.9987,atm_support,0.9987,supported_cards_and_currencies,0.0004,card_acceptance,1e-04
Where can I find an ATM to use this card?,atm_support,atm_support,True,0.9989,atm_support,0.9989,card_acceptance,0.0003,card_swallowed,0.0002
At which ATMs can I use this card?,atm_support,atm_support,True,0.999,atm_support,0.999,card_swallowed,1e-04,card_acceptance,1e-04
Are there certain ATMs that I can use this card at?,atm_support,atm_support,True,0.999,atm_support,0.999,card_swallowed,0.0002,declined_cash_withdrawal,1e-04
Do you know the closest ATM?,atm_support,atm_support,True,0.9989,atm_support,0.9989,supported_cards_and_currencies,1e-04,card_swallowed,1e-04
Can I use this card at an ATM?,atm_support,atm_support,True,0.9983,atm_support,0.9983,card_swallowed,0.0006,card_acceptance,0.0003
Is there places where I can't withdraw money?,atm_support,declined_cash_withdrawal,False,0.5457,declined_cash_withdrawal,0.5457,atm_support,0.4368,card_swallowed,0.0044
locations to withdraw money,atm_support,atm_support,True,0.9964,atm_support,0.9964,cash_withdrawal_charge,0.001,declined_cash_withdrawal,0.0008
Help me.  There is a Direct Debit that I didn't make.,direct_debit_payment_not_recognised,direct_debit_payment_not_recognised,True,0.9994,direct_debit_payment_not_recognised,0.9994,supported_cards_and_currencies,1e-04,cash_withdrawal_not_recognised,1e-04
There is a direct debit that's not mine.,direct_debit_payment_not_recognised,direct_debit_payment_not_recognised,True,0.9995,direct_debit_payment_not_recognised,0.9995,supported_cards_and_currencies,1e-04,card_payment_not_recognised,0.0
I have a strange direct debit in my statement,direct_debit_payment_not_recognised,direct_debit_payment_not_recognised,True,0.9994,direct_debit_payment_not_recognised,0.9994,card_payment_not_recognised,1e-04,supported_cards_and_currencies,1e-04
I don't understand where this debit came from and want it removed.,direct_debit_payment_not_recognised,direct_debit_payment_not_recognised,True,0.9974,direct_debit_payment_not_recognised,0.9974,card_payment_not_recognised,0.0009,reverted_card_payment?,0.0005
what is this charge on my account,direct_debit_payment_not_recognised,direct_debit_payment_not_recognised,True,0.9867,direct_debit_payment_not_recognised,0.9867,extra_charge_on_statement,0.0102,card_payment_wrong_exchange_rate,0.0007
"im so mad right now. theres several charges that I think my x boyfriend made on my card. the companys on the website wouldn't refund me my money, they told me to contact my bank. DO something please.",direct_debit_payment_not_recognised,Refund_not_showing_up,False,0.9465,Refund_not_showing_up,0.9465,direct_debit_payment_not_recognised,0.0213,beneficiary_not_allowed,0.0091
someone stole my money,direct_debit_payment_not_recognised,cash_withdrawal_not_recognised,False,0.8589,cash_withdrawal_not_recognised,0.8589,wrong_amount_of_cash_received,0.0446,lost_or_stolen_phone,0.0152
There's a Direct Debit payment in my account that I didn't make,direct_debit_payment_not_recognised,direct_debit_payment_not_recognised,True,0.9994,direct_debit_payment_not_recognised,0.9994,supported_cards_and_currencies,1e-04,card_payment_not_recognised,1e-04
There's a debit on my account that I didn't do.,direct_debit_payment_not_recognised,direct_debit_payment_not_recognised,True,0.9989,direct_debit_payment_not_recognised,0.9989,cash_withdrawal_not_recognised,0.0003,supported_cards_and_currencies,0.0002
I may have a fraud charge on my debit statement.,direct_debit_payment_not_recognised,direct_debit_payment_not_recognised,True,0.9994,direct_debit_payment_not_recognised,0.9994,card_payment_not_recognised,1e-04,compromised_card,1e-04
Why is there a direct debit payment on my app that is not from me?,direct_debit_payment_not_recognised,direct_debit_payment_not_recognised,True,0.9995,direct_debit_payment_not_recognised,0.9995,supported_cards_and_currencies,1e-04,card_payment_not_recognised,1e-04
Weird charges are appearing in my debit account.,direct_debit_payment_not_recognised,direct_debit_payment_not_recognised,True,0.9985,direct_debit_payment_not_recognised,0.9985,card_payment_not_recognised,0.0006,compromised_card,0.0002
"Even though it's late, I wanted to see about disputing a charge. I was just looking through my transactions over the past couple of months and noticed a pretty large amount that was not completed by me. Is this possibly something I can still do.",direct_debit_payment_not_recognised,direct_debit_payment_not_recognised,True,0.9963,direct_debit_payment_not_recognised,0.9963,reverted_card_payment?,0.0008,pending_card_payment,0.0004
"There was a transaction from two weeks ago from a business that I don't know. I'm fairly certain it wasn't me who made it, but is it an option to trace it to confirm?",direct_debit_payment_not_recognised,direct_debit_payment_not_recognised,True,0.9737,direct_debit_payment_not_recognised,0.9737,compromised_card,0.0125,cash_withdrawal_not_recognised,0.0037
What is this direct debit I am seeing?,direct_debit_payment_not_recognised,direct_debit_payment_not_recognised,True,0.9995,direct_debit_payment_not_recognised,0.9995,supported_cards_and_currencies,0.0,balance_not_updated_after_cheque_or_cash_deposit,0.0
There is a Direct Debit that I don't recognize.,direct_debit_payment_not_recognised,direct_debit_payment_not_recognised,True,0.9995,direct_debit_payment_not_recognised,0.9995,card_payment_not_recognised,1e-04,supported_cards_and_currencies,1e-04
Unknown direct deposit,direct_debit_payment_not_recognised,direct_debit_payment_not_recognised,True,0.9955,direct_debit_payment_not_recognised,0.9955,balance_not_updated_after_cheque_or_cash_deposit,0.0017,compromised_card,0.0005
There is a suspicious direct debit payment.,direct_debit_payment_not_recognised,direct_debit_payment_not_recognised,True,0.9995,direct_debit_payment_not_recognised,0.9995,card_payment_not_recognised,1e-04,supported_cards_and_currencies,0.0
There is a transaction from my account that I don't recognize can you trace back the information so I can make sure it's something I did or not?,direct_debit_payment_not_recognised,card_payment_not_recognised,False,0.7396,card_payment_not_recognised,0.7396,direct_debit_payment_not_recognised,0.1293,compromised_card,0.0918
"A couple weeks ago some money was deducted from my account by some seller that I don't remember. I'm pretty sure I didn't do that, but is it possible to trace back who that is just to make sure?",direct_debit_payment_not_recognised,direct_debit_payment_not_recognised,True,0.9989,direct_debit_payment_not_recognised,0.9989,cash_withdrawal_not_recognised,0.0002,balance_not_updated_after_cheque_or_cash_deposit,1e-04
I found a charge for a direct debit that was not made by me.,direct_debit_payment_not_recognised,direct_debit_payment_not_recognised,True,0.9994,direct_debit_payment_not_recognised,0.9994,supported_cards_and_currencies,1e-04,extra_charge_on_statement,1e-04
"I am seeing a weird payment showing up that I know I did not make, how can I get it cancelled?",direct_debit_payment_not_recognised,card_payment_not_recognised,False,0.8838,card_payment_not_recognised,0.8838,direct_debit_payment_not_recognised,0.1068,reverted_card_payment?,0.0053
This Direct Debit payment may not be right.,direct_debit_payment_not_recognised,direct_debit_payment_not_recognised,True,0.9994,direct_debit_payment_not_recognised,0.9994,reverted_card_payment?,1e-04,card_payment_not_recognised,1e-04
why does the app show a direct debit payment that I did not authorize,direct_debit_payment_not_recognised,direct_debit_payment_not_recognised,True,0.9994,direct_debit_payment_not_recognised,0.9994,card_payment_not_recognised,1e-04,supported_cards_and_currencies,1e-04
Can I dispute a payment even if I notice it several weeks after it was made?,direct_debit_payment_not_recognised,direct_debit_payment_not_recognised,True,0.604,direct_debit_payment_not_recognised,0.604,pending_card_payment,0.363,card_payment_not_recognised,0.0256
It seems there is an incorrect listing of a direct debit payment on my app that I did not make,direct_debit_payment_not_recognised,direct_debit_payment_not_recognised,True,0.9995,direct_debit_payment_not_recognised,0.9995,supported_cards_and_currencies,1e-04,card_payment_not_recognised,1e-04
I don't think I made this charge on my debit statement.,direct_debit_payment_not_recognised,direct_debit_payment_not_recognised,True,0.9994,direct_debit_payment_not_recognised,0.9994,card_payment_not_recognised,1e-04,extra_charge_on_statement,1e-04
I have a direct debit charge that I do not recognize,direct_debit_payment_not_recognised,direct_debit_payment_not_recognised,True,0.9995,direct_debit_payment_not_recognised,0.9995,supported_cards_and_currencies,1e-04,card_payment_not_recognised,1e-04
I didn't make this direct debit transaction,direct_debit_payment_not_recognised,direct_debit_payment_not_recognised,True,0.9995,direct_debit_payment_not_recognised,0.9995,card_payment_not_recognised,0.0,supported_cards_and_currencies,0.0
There's a direct debit on my account that I didn't authorize,direct_debit_payment_not_recognised,direct_debit_payment_not_recognised,True,0.9994,direct_debit_payment_not_recognised,0.9994,supported_cards_and_currencies,1e-04,card_payment_not_recognised,1e-04
I understand that this is extremely late. After going over my transactions for the last couple of months I noticed a large charge that I'm sure I did not make. Is there anyway I can still dispute this?,direct_debit_payment_not_recognised,direct_debit_payment_not_recognised,True,0.9986,direct_debit_payment_not_recognised,0.9986,balance_not_updated_after_cheque_or_cash_deposit,0.0003,pending_card_payment,0.0003
I don't recognize a debit payment that was made and would like to find out about the payment.,direct_debit_payment_not_recognised,direct_debit_payment_not_recognised,True,0.9979,direct_debit_payment_not_recognised,0.9979,card_payment_not_recognised,0.0012,supported_cards_and_currencies,0.0002
I am concerned about the security in my account and would like to make a dispute.,direct_debit_payment_not_recognised,compromised_card,False,0.6486,compromised_card,0.6486,why_verify_identity,0.2225,card_payment_not_recognised,0.0205
Why is there a direct debit I didn't make showing in the app?,direct_debit_payment_not_recognised,direct_debit_payment_not_recognised,True,0.9994,direct_debit_payment_not_recognised,0.9994,cash_withdrawal_not_recognised,1e-04,supported_cards_and_currencies,1e-04
There is a direct debit I do not recognise in my statement,direct_debit_payment_not_recognised,direct_debit_payment_not_recognised,True,0.9994,direct_debit_payment_not_recognised,0.9994,supported_cards_and_currencies,1e-04,card_payment_not_recognised,1e-04
"I have a direct debit transaction I have not set up, but would like to .",direct_debit_payment_not_recognised,direct_debit_payment_not_recognised,True,0.9991,direct_debit_payment_not_recognised,0.9991,pending_card_payment,0.0002,supported_cards_and_currencies,1e-04
Someone has taken my money and I don't know who,direct_debit_payment_not_recognised,cash_withdrawal_not_recognised,False,0.9901,cash_withdrawal_not_recognised,0.9901,wrong_exchange_rate_for_cash_withdrawal,0.0017,wrong_amount_of_cash_received,0.0013
I was charged on my account that shouldn't be there.,direct_debit_payment_not_recognised,card_payment_fee_charged,False,0.9121,card_payment_fee_charged,0.9121,extra_charge_on_statement,0.0422,direct_debit_payment_not_recognised,0.0175
There's a direct debit I wish to dispute,direct_debit_payment_not_recognised,direct_debit_payment_not_recognised,True,0.9994,direct_debit_payment_not_recognised,0.9994,supported_cards_and_currencies,1e-04,extra_charge_on_statement,0.0
Why was my account deducted from a seller when I didn't approve of it?,direct_debit_payment_not_recognised,direct_debit_payment_not_recognised,True,0.9975,direct_debit_payment_not_recognised,0.9975,card_payment_not_recognised,0.0006,reverted_card_payment?,0.0003
What do I do if I forget my passcode?  Because I did.,passcode_forgotten,passcode_forgotten,True,0.9991,passcode_forgotten,0.9991,disposable_card_limits,1e-04,pin_blocked,1e-04
I can't find my password,passcode_forgotten,passcode_forgotten,True,0.999,passcode_forgotten,0.999,disposable_card_limits,1e-04,contactless_not_working,1e-04
How do I retrieve my passcode?,passcode_forgotten,passcode_forgotten,True,0.9991,passcode_forgotten,0.9991,disposable_card_limits,1e-04,contactless_not_working,1e-04
My passcode doesn't seem to be working,passcode_forgotten,passcode_forgotten,True,0.9992,passcode_forgotten,0.9992,unable_to_verify_identity,1e-04,disposable_card_limits,1e-04
I lost my password,passcode_forgotten,passcode_forgotten,True,0.9991,passcode_forgotten,0.9991,disposable_card_limits,1e-04,exchange_via_app,0.0
My password isn't being accepted and I need to reset it.,passcode_forgotten,passcode_forgotten,True,0.9987,passcode_forgotten,0.9987,disposable_card_limits,0.0003,failed_transfer,1e-04
Something is wrong with my password.,passcode_forgotten,passcode_forgotten,True,0.9991,passcode_forgotten,0.9991,disposable_card_limits,1e-04,unable_to_verify_identity,0.0
Something is wrong with my passcode,passcode_forgotten,passcode_forgotten,True,0.9991,passcode_forgotten,0.9991,disposable_card_limits,1e-04,contactless_not_working,1e-04
"How do I reset a forgotten passcode, please?",passcode_forgotten,passcode_forgotten,True,0.9991,passcode_forgotten,0.9991,disposable_card_limits,1e-04,contactless_not_working,1e-04
I can't recall my passcode and need to reset it.,passcode_forgotten,passcode_forgotten,True,0.9992,passcode_forgotten,0.9992,disposable_card_limits,1e-04,contactless_not_working,1e-04
Can I be given a new passcode?,passcode_forgotten,passcode_forgotten,True,0.9989,passcode_forgotten,0.9989,disposable_card_limits,1e-04,contactless_not_working,1e-04
I do not know my passcode.,passcode_forgotten,passcode_forgotten,True,0.9991,passcode_forgotten,0.9991,disposable_card_limits,1e-04,contactless_not_working,1e-04
I don't remember my code to get into the app.,passcode_forgotten,passcode_forgotten,True,0.9988,passcode_forgotten,0.9988,contactless_not_working,1e-04,disposable_card_limits,1e-04
I no longer have my passcode.,passcode_forgotten,passcode_forgotten,True,0.9992,passcode_forgotten,0.9992,disposable_card_limits,1e-04,unable_to_verify_identity,0.0
Why won't my passcode work?,passcode_forgotten,passcode_forgotten,True,0.9992,passcode_forgotten,0.9992,disposable_card_limits,1e-04,unable_to_verify_identity,1e-04
Can I resent my passcode?,passcode_forgotten,passcode_forgotten,True,0.9991,passcode_forgotten,0.9991,disposable_card_limits,1e-04,contactless_not_working,1e-04
I need to reset my passcode. How do I do it?,passcode_forgotten,passcode_forgotten,True,0.9989,passcode_forgotten,0.9989,disposable_card_limits,0.0002,contactless_not_working,1e-04
Show me please how to reset my passcode.,passcode_forgotten,passcode_forgotten,True,0.9991,passcode_forgotten,0.9991,disposable_card_limits,1e-04,contactless_not_working,1e-04
Help me reset the passcode.,passcode_forgotten,passcode_forgotten,True,0.9992,passcode_forgotten,0.9992,disposable_card_limits,1e-04,contactless_not_working,0.0
I have forgotten my passcode to access my app,passcode_forgotten,passcode_forgotten,True,0.9992,passcode_forgotten,0.9992,disposable_card_limits,1e-04,contactless_not_working,1e-04
What should I do if the passcode doesn't work for me?,passcode_forgotten,passcode_forgotten,True,0.9991,passcode_forgotten,0.9991,disposable_card_limits,1e-04,contactless_not_working,1e-04
"I do not remember the code, what should I do?",passcode_forgotten,passcode_forgotten,True,0.9984,passcode_forgotten,0.9984,disposable_card_limits,1e-04,verify_my_identity,1e-04
Where can I reset the passcode?,passcode_forgotten,passcode_forgotten,True,0.999,passcode_forgotten,0.999,disposable_card_limits,1e-04,contactless_not_working,1e-04
I need help resetting my passcode to access my app.,passcode_forgotten,passcode_forgotten,True,0.999,passcode_forgotten,0.999,disposable_card_limits,0.0002,contactless_not_working,1e-04
What steps do I take to receive another passcode?,passcode_forgotten,passcode_forgotten,True,0.9983,passcode_forgotten,0.9983,disposable_card_limits,0.0004,contactless_not_working,1e-04
I forgot my password,passcode_forgotten,passcode_forgotten,True,0.999,passcode_forgotten,0.999,disposable_card_limits,1e-04,failed_transfer,1e-04
I forgot my code to get into the app.,passcode_forgotten,passcode_forgotten,True,0.999,passcode_forgotten,0.999,disposable_card_limits,1e-04,contactless_not_working,1e-04
I have forgotten my password.,passcode_forgotten,passcode_forgotten,True,0.9991,passcode_forgotten,0.9991,disposable_card_limits,0.0002,pin_blocked,1e-04
I forgot the code to access the app.,passcode_forgotten,passcode_forgotten,True,0.9985,passcode_forgotten,0.9985,disposable_card_limits,0.0002,pin_blocked,1e-04
Is there a way to reset my passcode?,passcode_forgotten,passcode_forgotten,True,0.9992,passcode_forgotten,0.9992,disposable_card_limits,1e-04,contactless_not_working,0.0
Can you help me reset my password?,passcode_forgotten,passcode_forgotten,True,0.9989,passcode_forgotten,0.9989,disposable_card_limits,0.0002,pin_blocked,1e-04
Can I reset my password?  I don't know what it is.,passcode_forgotten,passcode_forgotten,True,0.9987,passcode_forgotten,0.9987,disposable_card_limits,0.0003,exchange_via_app,1e-04
How do I reset the passcode?,passcode_forgotten,passcode_forgotten,True,0.9991,passcode_forgotten,0.9991,disposable_card_limits,1e-04,contactless_not_working,1e-04
What should I do if I forgot my passcode?,passcode_forgotten,passcode_forgotten,True,0.9991,passcode_forgotten,0.9991,disposable_card_limits,1e-04,pin_blocked,1e-04
My passcode doesn't work,passcode_forgotten,passcode_forgotten,True,0.9992,passcode_forgotten,0.9992,disposable_card_limits,1e-04,unable_to_verify_identity,1e-04
Tell me how to reset the passcode.,passcode_forgotten,passcode_forgotten,True,0.9991,passcode_forgotten,0.9991,disposable_card_limits,0.0002,contactless_not_working,1e-04
I need a new passcode.,passcode_forgotten,passcode_forgotten,True,0.999,passcode_forgotten,0.999,disposable_card_limits,0.0002,contactless_not_working,1e-04
I don't have my access code for the app.,passcode_forgotten,passcode_forgotten,True,0.9975,passcode_forgotten,0.9975,disposable_card_limits,0.0004,why_verify_identity,0.0003
Can you tell me what to do to reset my passcode?,passcode_forgotten,passcode_forgotten,True,0.9991,passcode_forgotten,0.9991,disposable_card_limits,1e-04,contactless_not_working,1e-04
What is the code I need to get into the app?,passcode_forgotten,passcode_forgotten,True,0.9964,passcode_forgotten,0.9964,verify_my_identity,0.0005,verify_top_up,0.0003
Can you tell me why you won't let me get my own money out of the money machine? I know I used the right PIN.,declined_cash_withdrawal,declined_cash_withdrawal,True,0.998,declined_cash_withdrawal,0.998,card_swallowed,0.0004,wrong_exchange_rate_for_cash_withdrawal,0.0004
My withdrawal was cancelled.,declined_cash_withdrawal,declined_cash_withdrawal,True,0.6885,declined_cash_withdrawal,0.6885,wrong_amount_of_cash_received,0.2107,pending_cash_withdrawal,0.0443
This is very frustrating. I can't get my card to work on any ATM I try and I've tried 3 of them so far. What's going on? Can you please fix this issue immediately?,declined_cash_withdrawal,declined_cash_withdrawal,True,0.999,declined_cash_withdrawal,0.999,wrong_amount_of_cash_received,0.0002,declined_card_payment,1e-04
The ATM did not allow me to withdraw,declined_cash_withdrawal,declined_cash_withdrawal,True,0.9993,declined_cash_withdrawal,0.9993,wrong_amount_of_cash_received,1e-04,top_up_failed,1e-04
Why was my ATM transaction cancelled?,declined_cash_withdrawal,declined_cash_withdrawal,True,0.999,declined_cash_withdrawal,0.999,wrong_amount_of_cash_received,0.0002,card_swallowed,1e-04
The ATM keeps declining my card. I tried at a couple different ATMs. Can you tell me if there's a problem with my account?,declined_cash_withdrawal,declined_cash_withdrawal,True,0.9991,declined_cash_withdrawal,0.9991,wrong_amount_of_cash_received,1e-04,card_swallowed,1e-04
I was at the ATM trying to made a withdraw and I was declined.,declined_cash_withdrawal,declined_cash_withdrawal,True,0.9993,declined_cash_withdrawal,0.9993,wrong_amount_of_cash_received,0.0002,wrong_exchange_rate_for_cash_withdrawal,1e-04
The ATM didn't let me get any cash,declined_cash_withdrawal,declined_cash_withdrawal,True,0.9982,declined_cash_withdrawal,0.9982,wrong_amount_of_cash_received,0.0007,card_swallowed,0.0004
I want to know why I have been unable to withdrawn funds.,declined_cash_withdrawal,declined_cash_withdrawal,True,0.9938,declined_cash_withdrawal,0.9938,cash_withdrawal_not_recognised,0.0036,pending_cash_withdrawal,0.0006
"I need your help to check my account, please! My card keeps being declined at the ATM, and I've already tried two different ones!",declined_cash_withdrawal,declined_cash_withdrawal,True,0.9978,declined_cash_withdrawal,0.9978,declined_card_payment,0.0012,card_swallowed,0.0002
"Hi, My card withdrawal was declined this morning. It was working fine till yesterday. Please check and inform me.",declined_cash_withdrawal,declined_cash_withdrawal,True,0.9961,declined_cash_withdrawal,0.9961,pending_cash_withdrawal,0.0018,wrong_exchange_rate_for_cash_withdrawal,0.0003
"Hi, I was trying to use my card but it was declining by ATM. I have cross checked with two different ATMs but i was facing the same issue. Could you please check my account.",declined_cash_withdrawal,declined_cash_withdrawal,True,0.9991,declined_cash_withdrawal,0.9991,wrong_exchange_rate_for_cash_withdrawal,0.0003,pending_cash_withdrawal,1e-04
I tried to make a cash withdrawal and it was declined. Why did this happen?,declined_cash_withdrawal,declined_cash_withdrawal,True,0.9993,declined_cash_withdrawal,0.9993,pending_cash_withdrawal,1e-04,wrong_amount_of_cash_received,1e-04
I can't get money out of the ATM,declined_cash_withdrawal,declined_cash_withdrawal,True,0.9992,declined_cash_withdrawal,0.9992,card_swallowed,0.0002,wrong_amount_of_cash_received,1e-04
The ATM is declining my card. I tried at two different ATMs. Can you tell me if there's anything wrong with my account?,declined_cash_withdrawal,declined_cash_withdrawal,True,0.9989,declined_cash_withdrawal,0.9989,card_swallowed,0.0003,wrong_amount_of_cash_received,0.0002
The withdrawal was declined I am unsure as to why this happened?,declined_cash_withdrawal,declined_cash_withdrawal,True,0.9984,declined_cash_withdrawal,0.9984,cash_withdrawal_not_recognised,0.0004,top_up_failed,0.0002
I was declined when I tried to get cash.,declined_cash_withdrawal,declined_cash_withdrawal,True,0.9992,declined_cash_withdrawal,0.9992,declined_card_payment,1e-04,card_swallowed,1e-04
Why was I declined at the ATM today when I was trying to make a withdraw?,declined_cash_withdrawal,declined_cash_withdrawal,True,0.9992,declined_cash_withdrawal,0.9992,wrong_amount_of_cash_received,1e-04,wrong_exchange_rate_for_cash_withdrawal,1e-04
What are some reasons that would cause ATM machines to decline my card? It has happened to me multiple times!,declined_cash_withdrawal,declined_cash_withdrawal,True,0.9982,declined_cash_withdrawal,0.9982,card_swallowed,0.0006,declined_card_payment,0.0002
Why did the ATM machine fail to give me a cash withdrawal?,declined_cash_withdrawal,declined_cash_withdrawal,True,0.9992,declined_cash_withdrawal,0.9992,wrong_exchange_rate_for_cash_withdrawal,1e-04,wrong_amount_of_cash_received,1e-04
My ATM transaction was unsuccessful.,declined_cash_withdrawal,declined_cash_withdrawal,True,0.9676,declined_cash_withdrawal,0.9676,wrong_amount_of_cash_received,0.0297,top_up_failed,0.0004
I attempted to get cash but was declined.,declined_cash_withdrawal,declined_cash_withdrawal,True,0.9991,declined_cash_withdrawal,0.9991,wrong_amount_of_cash_received,0.0002,top_up_failed,1e-04
I tried to withdraw money but I was declined!,declined_cash_withdrawal,declined_cash_withdrawal,True,0.9991,declined_cash_withdrawal,0.9991,card_swallowed,1e-04,atm_support,1e-04
How come I can't take money out of the ATM?,declined_cash_withdrawal,declined_cash_withdrawal,True,0.9981,declined_cash_withdrawal,0.9981,card_swallowed,0.0006,pending_cash_withdrawal,0.0002
The ATM keeps declining my card. I tried at two different ATMs. Can you tell me if there's an issue with my account?,declined_cash_withdrawal,declined_cash_withdrawal,True,0.999,declined_cash_withdrawal,0.999,wrong_amount_of_cash_received,0.0002,card_swallowed,1e-04
Why was my cash withdrawal declined?,declined_cash_withdrawal,declined_cash_withdrawal,True,0.9991,declined_cash_withdrawal,0.9991,pending_cash_withdrawal,0.0002,cash_withdrawal_charge,1e-04
Why could I not get cash?,declined_cash_withdrawal,declined_cash_withdrawal,True,0.9988,declined_cash_withdrawal,0.9988,wrong_exchange_rate_for_cash_withdrawal,0.0003,wrong_amount_of_cash_received,0.0002
why couldn't I get cash in the ATM?,declined_cash_withdrawal,declined_cash_withdrawal,True,0.9992,declined_cash_withdrawal,0.9992,card_swallowed,0.0002,wrong_amount_of_cash_received,1e-04
Why can't I get cash?,declined_cash_withdrawal,declined_cash_withdrawal,True,0.9989,declined_cash_withdrawal,0.9989,wrong_exchange_rate_for_cash_withdrawal,0.0003,wrong_amount_of_cash_received,0.0002
Why didn't the ATM give me my money?,declined_cash_withdrawal,declined_cash_withdrawal,True,0.9957,declined_cash_withdrawal,0.9957,wrong_amount_of_cash_received,0.0031,card_swallowed,0.0005
i tried to withdraw money from an atm and i was declined on front of my friends. Why did this happen?,declined_cash_withdrawal,declined_cash_withdrawal,True,0.9993,declined_cash_withdrawal,0.9993,wrong_amount_of_cash_received,1e-04,top_up_failed,1e-04
The ATM isn't giving out any money.,declined_cash_withdrawal,declined_cash_withdrawal,True,0.9985,declined_cash_withdrawal,0.9985,wrong_amount_of_cash_received,0.0006,card_swallowed,0.0003
Why was I declined getting cash?,declined_cash_withdrawal,declined_cash_withdrawal,True,0.9993,declined_cash_withdrawal,0.9993,wrong_amount_of_cash_received,1e-04,cash_withdrawal_charge,1e-04
I couldn't get cash at the atm,declined_cash_withdrawal,declined_cash_withdrawal,True,0.9993,declined_cash_withdrawal,0.9993,wrong_amount_of_cash_received,0.0002,wrong_exchange_rate_for_cash_withdrawal,1e-04
"Oh my goodness, my card has been declined twice at ATM! I tried two different ATM, but each one declined my card! Can you tell me what's going on with my account?",declined_cash_withdrawal,wrong_amount_of_cash_received,False,0.616,wrong_amount_of_cash_received,0.616,declined_cash_withdrawal,0.3259,transaction_charged_twice,0.0301
Why could I not choose cash at the ATM?,declined_cash_withdrawal,declined_cash_withdrawal,True,0.9983,declined_cash_withdrawal,0.9983,cash_withdrawal_charge,0.0003,wrong_amount_of_cash_received,0.0003
My cash withdrawl was declined why?,declined_cash_withdrawal,declined_cash_withdrawal,True,0.9992,declined_cash_withdrawal,0.9992,cash_withdrawal_charge,1e-04,card_swallowed,1e-04
Is there a reason that the ATM declined my transaction?,declined_cash_withdrawal,declined_cash_withdrawal,True,0.9991,declined_cash_withdrawal,0.9991,wrong_amount_of_cash_received,1e-04,pin_blocked,1e-04
The cash I tried to draw from the ATM was not approved.,declined_cash_withdrawal,declined_cash_withdrawal,True,0.9989,declined_cash_withdrawal,0.9989,wrong_amount_of_cash_received,0.0004,top_up_failed,1e-04
atm would not give me cash,declined_cash_withdrawal,declined_cash_withdrawal,True,0.999,declined_cash_withdrawal,0.999,wrong_amount_of_cash_received,0.0003,card_swallowed,0.0002
"My card payment is still on hold, why is it so?",pending_card_payment,pending_card_payment,True,0.9678,pending_card_payment,0.9678,reverted_card_payment?,0.0135,declined_card_payment,0.0087
Why is my payment pending?,pending_card_payment,pending_card_payment,True,0.9983,pending_card_payment,0.9983,pending_transfer,0.0009,transfer_timing,1e-04
My card payment is still pending.,pending_card_payment,pending_card_payment,True,0.9987,pending_card_payment,0.9987,pending_transfer,0.0005,pending_cash_withdrawal,1e-04
How do i finalize a card payment,pending_card_payment,pending_card_payment,True,0.7858,pending_card_payment,0.7858,card_payment_not_recognised,0.1273,card_delivery_estimate,0.0225
Why is my card payment showing as pending?,pending_card_payment,pending_card_payment,True,0.9988,pending_card_payment,0.9988,pending_transfer,0.0004,transfer_timing,1e-04
Why has my payment not gone through?,pending_card_payment,pending_card_payment,True,0.9934,pending_card_payment,0.9934,declined_card_payment,0.0026,reverted_card_payment?,0.0012
Please help me to know the status of my card payment as its pending since a while.,pending_card_payment,pending_card_payment,True,0.9989,pending_card_payment,0.9989,pending_transfer,0.0003,card_payment_not_recognised,1e-04
"I recently made a payment, and it is showing up in my account as ""pending"". What does that mean?",pending_card_payment,pending_card_payment,True,0.9989,pending_card_payment,0.9989,pending_transfer,0.0003,transfer_timing,1e-04
What does it mean by pending payment?,pending_card_payment,pending_card_payment,True,0.9988,pending_card_payment,0.9988,pending_transfer,0.0004,transfer_timing,1e-04
When will my card payment be done pending?,pending_card_payment,pending_card_payment,True,0.9987,pending_card_payment,0.9987,pending_transfer,0.0005,transfer_timing,1e-04
I made this payment days ago so why hasn't it gone through yet?,pending_card_payment,pending_card_payment,True,0.9987,pending_card_payment,0.9987,pending_transfer,0.0002,balance_not_updated_after_cheque_or_cash_deposit,0.0002
I am seeing pending from the card payment I made.,pending_card_payment,pending_card_payment,True,0.9988,pending_card_payment,0.9988,pending_transfer,0.0003,card_payment_not_recognised,1e-04
My card payment is showing pending.,pending_card_payment,pending_card_payment,True,0.9989,pending_card_payment,0.9989,pending_transfer,0.0004,transfer_timing,1e-04
I bought some stuff this morning but the payment shows as pending,pending_card_payment,pending_card_payment,True,0.9991,pending_card_payment,0.9991,pending_transfer,0.0003,direct_debit_payment_not_recognised,1e-04
I am waiting for a payment to go through.,pending_card_payment,pending_card_payment,True,0.9988,pending_card_payment,0.9988,pending_transfer,0.0003,card_payment_not_recognised,0.0002
How long does an item I bought show as pending?,pending_card_payment,pending_card_payment,True,0.987,pending_card_payment,0.987,reverted_card_payment?,0.0039,request_refund,0.0018
What is a pending payment?,pending_card_payment,pending_card_payment,True,0.9986,pending_card_payment,0.9986,pending_transfer,0.0006,transfer_timing,0.0002
I would like to know why my purchases from this morning are still pending.,pending_card_payment,pending_card_payment,True,0.9988,pending_card_payment,0.9988,pending_transfer,0.0003,card_payment_not_recognised,1e-04
Why is there a pending transaction on my card?,pending_card_payment,pending_card_payment,True,0.9969,pending_card_payment,0.9969,pending_transfer,0.0018,card_about_to_expire,0.0003
My card payment is pending.,pending_card_payment,pending_card_payment,True,0.9988,pending_card_payment,0.9988,pending_transfer,0.0004,transfer_timing,1e-04
Why is a payment showing up on my card as pending?,pending_card_payment,pending_card_payment,True,0.9989,pending_card_payment,0.9989,pending_transfer,0.0003,transfer_timing,1e-04
I made a purchase and it says it's pending. What does that mean?,pending_card_payment,pending_card_payment,True,0.9988,pending_card_payment,0.9988,pending_transfer,0.0003,direct_debit_payment_not_recognised,0.0002
How long do card transactions take to clear?,pending_card_payment,card_not_working,False,0.985,card_not_working,0.985,card_arrival,0.0013,card_delivery_estimate,0.0013
what does pending mean?,pending_card_payment,pending_transfer,False,0.726,pending_transfer,0.726,pending_card_payment,0.2594,pending_cash_withdrawal,0.0057
How long will this card payment stay pending?,pending_card_payment,pending_card_payment,True,0.9988,pending_card_payment,0.9988,pending_transfer,0.0004,pending_cash_withdrawal,1e-04
My payment still hasn't processed!,pending_card_payment,pending_card_payment,True,0.9987,pending_card_payment,0.9987,pending_transfer,0.0004,reverted_card_payment?,1e-04
"I was double charged, and the second charge is showing as ""pending"". How long will it be before I get my money back once the second charge has been refunded?",pending_card_payment,transaction_charged_twice,False,0.9922,transaction_charged_twice,0.9922,cancel_transfer,0.0014,direct_debit_payment_not_recognised,0.0012
"I have waited 15 days, but my payment still hasn't cleared.",pending_card_payment,pending_card_payment,True,0.9988,pending_card_payment,0.9988,pending_transfer,0.0002,reverted_card_payment?,1e-04
Why would I have a pending payment?,pending_card_payment,pending_card_payment,True,0.9984,pending_card_payment,0.9984,pending_transfer,0.0007,transfer_timing,1e-04
Explain what the pending payment means?,pending_card_payment,pending_card_payment,True,0.9985,pending_card_payment,0.9985,pending_transfer,0.0004,transfer_timing,0.0002
Why are my payments showing pending?,pending_card_payment,pending_card_payment,True,0.9986,pending_card_payment,0.9986,pending_transfer,0.0006,transfer_timing,1e-04
"My card is still pending, I've been waiting a while.",pending_card_payment,pending_card_payment,True,0.9834,pending_card_payment,0.9834,pending_transfer,0.0097,card_about_to_expire,0.0025
How long does it take for a payment to go thru? I made one a few days ago and it has not been cleared yet.,pending_card_payment,pending_card_payment,True,0.9987,pending_card_payment,0.9987,balance_not_updated_after_cheque_or_cash_deposit,0.0002,reverted_card_payment?,0.0002
I bought some things this morning but the payment shows that it is pending,pending_card_payment,pending_card_payment,True,0.999,pending_card_payment,0.999,pending_transfer,0.0002,card_payment_not_recognised,1e-04
How long does it take to authorise a payment?,pending_card_payment,pending_card_payment,True,0.9143,pending_card_payment,0.9143,card_payment_not_recognised,0.0323,card_delivery_estimate,0.0141
I had a payment that I made and it's been some amount of time and would like to know when it's suppose to go though.,pending_card_payment,pending_card_payment,True,0.7025,pending_card_payment,0.7025,card_payment_not_recognised,0.2688,card_payment_fee_charged,0.0113
What does a pending transaction mean?,pending_card_payment,pending_transfer,False,0.7095,pending_transfer,0.7095,pending_card_payment,0.2758,pending_cash_withdrawal,0.0052
I have paid by my card but payment is still its coming as pending. I think there is some issue please check and let me know when the status will complete.,pending_card_payment,pending_card_payment,True,0.9989,pending_card_payment,0.9989,pending_transfer,0.0003,pending_cash_withdrawal,1e-04
I have a pending payment in my account that I paid a while back ago and it still hasnt gone through. Why would it show pending for so long?,pending_card_payment,pending_card_payment,True,0.9986,pending_card_payment,0.9986,pending_transfer,0.0003,direct_debit_payment_not_recognised,0.0002
I have a pending payment from stuff I bought this morning.,pending_card_payment,pending_card_payment,True,0.9989,pending_card_payment,0.9989,direct_debit_payment_not_recognised,0.0002,card_payment_not_recognised,0.0002
My phone was stolen,lost_or_stolen_phone,lost_or_stolen_phone,True,0.9993,lost_or_stolen_phone,0.9993,lost_or_stolen_card,1e-04,apple_pay_or_google_pay,1e-04
My phone was stolen yesterday.  What should I do?,lost_or_stolen_phone,lost_or_stolen_phone,True,0.9993,lost_or_stolen_phone,0.9993,lost_or_stolen_card,1e-04,failed_transfer,1e-04
"If my phone is missing, can I block someone from using the app?",lost_or_stolen_phone,lost_or_stolen_phone,True,0.9994,lost_or_stolen_phone,0.9994,lost_or_stolen_card,1e-04,apple_pay_or_google_pay,1e-04
I think my phone is either lost or stolen.,lost_or_stolen_phone,lost_or_stolen_phone,True,0.9993,lost_or_stolen_phone,0.9993,lost_or_stolen_card,1e-04,apple_pay_or_google_pay,1e-04
"If I was mugged and lost everything, how do I access my account and app?",lost_or_stolen_phone,lost_or_stolen_phone,True,0.9978,lost_or_stolen_phone,0.9978,card_linking,0.0005,terminate_account,0.0005
I can't find my phone.,lost_or_stolen_phone,lost_or_stolen_phone,True,0.9988,lost_or_stolen_phone,0.9988,lost_or_stolen_card,0.0002,card_linking,0.0002
I've lost track of my phone or someone stole it.,lost_or_stolen_phone,lost_or_stolen_phone,True,0.9993,lost_or_stolen_phone,0.9993,lost_or_stolen_card,1e-04,card_linking,1e-04
"I'm not sure where my phone is, I think someone stole it or it's lost.",lost_or_stolen_phone,lost_or_stolen_phone,True,0.9993,lost_or_stolen_phone,0.9993,lost_or_stolen_card,1e-04,card_linking,1e-04
Can I used my card even if my phone has been stolen?,lost_or_stolen_phone,lost_or_stolen_phone,True,0.9993,lost_or_stolen_phone,0.9993,lost_or_stolen_card,1e-04,compromised_card,1e-04
"My phone was stolen, what do I do?",lost_or_stolen_phone,lost_or_stolen_phone,True,0.9994,lost_or_stolen_phone,0.9994,lost_or_stolen_card,1e-04,failed_transfer,1e-04
"lost my phone, dont want others to use it.",lost_or_stolen_phone,lost_or_stolen_phone,True,0.9994,lost_or_stolen_phone,0.9994,apple_pay_or_google_pay,1e-04,lost_or_stolen_card,1e-04
I lost my phone and need help securing it.,lost_or_stolen_phone,lost_or_stolen_phone,True,0.9993,lost_or_stolen_phone,0.9993,lost_or_stolen_card,1e-04,apple_pay_or_google_pay,1e-04
My phone was stolen so I no longer have access to the app.,lost_or_stolen_phone,lost_or_stolen_phone,True,0.9993,lost_or_stolen_phone,0.9993,terminate_account,1e-04,apple_pay_or_google_pay,1e-04
"left phone at hotel, how to access app",lost_or_stolen_phone,lost_or_stolen_phone,True,0.9986,lost_or_stolen_phone,0.9986,card_linking,0.0003,apple_pay_or_google_pay,0.0002
My phone is not on me.  How can I use the app?,lost_or_stolen_phone,lost_or_stolen_phone,True,0.999,lost_or_stolen_phone,0.999,apple_pay_or_google_pay,0.0002,topping_up_by_card,1e-04
my phone is gone,lost_or_stolen_phone,lost_or_stolen_phone,True,0.9992,lost_or_stolen_phone,0.9992,apple_pay_or_google_pay,1e-04,topping_up_by_card,1e-04
My phone is not with me at the moment so I will not be able to access the app.,lost_or_stolen_phone,lost_or_stolen_phone,True,0.9992,lost_or_stolen_phone,0.9992,apple_pay_or_google_pay,1e-04,card_linking,1e-04
my phone was taken! can you place cancel my account so no one uses it,lost_or_stolen_phone,lost_or_stolen_phone,True,0.9981,lost_or_stolen_phone,0.9981,terminate_account,0.0009,apple_pay_or_google_pay,1e-04
I lost my phone and would like to freeze my accounts.,lost_or_stolen_phone,lost_or_stolen_phone,True,0.9991,lost_or_stolen_phone,0.9991,terminate_account,0.0002,lost_or_stolen_card,1e-04
"lost phone, can i still access account?",lost_or_stolen_phone,lost_or_stolen_phone,True,0.9989,lost_or_stolen_phone,0.9989,terminate_account,0.0002,card_linking,1e-04
The hotel called and said I left my phone in the room.,lost_or_stolen_phone,lost_or_stolen_phone,True,0.9993,lost_or_stolen_phone,0.9993,lost_or_stolen_card,1e-04,compromised_card,1e-04
Someone stole my phone yesterday :( is there anything I need to do?,lost_or_stolen_phone,lost_or_stolen_phone,True,0.9993,lost_or_stolen_phone,0.9993,lost_or_stolen_card,1e-04,failed_transfer,1e-04
"lost phone, dont want others to access account",lost_or_stolen_phone,lost_or_stolen_phone,True,0.9992,lost_or_stolen_phone,0.9992,compromised_card,1e-04,apple_pay_or_google_pay,1e-04
I was mugged and everything taken.  What do I do to protect my account?,lost_or_stolen_phone,lost_or_stolen_phone,True,0.9989,lost_or_stolen_phone,0.9989,compromised_card,1e-04,terminate_account,1e-04
I believe I left my smartphone at the hotel I was staying at.,lost_or_stolen_phone,lost_or_stolen_phone,True,0.9966,lost_or_stolen_phone,0.9966,card_linking,0.0011,apple_pay_or_google_pay,0.0005
"Someone attacked me yesterday and took my things, so I am unable to use the app.  I am in need of some help.",lost_or_stolen_phone,lost_or_stolen_phone,True,0.998,lost_or_stolen_phone,0.998,card_not_working,0.0003,terminate_account,0.0003
Can I still use the app if I switched phones?,lost_or_stolen_phone,lost_or_stolen_phone,True,0.9956,lost_or_stolen_phone,0.9956,card_linking,0.0012,apple_pay_or_google_pay,0.0011
I was mugged yesterday and they took everything.  I can't access my app.  What are my next steps?,lost_or_stolen_phone,lost_or_stolen_phone,True,0.999,lost_or_stolen_phone,0.999,apple_pay_or_google_pay,1e-04,passcode_forgotten,1e-04
I got mugged yesterday and lost access to the app. I need to regain it.,lost_or_stolen_phone,lost_or_stolen_phone,True,0.9984,lost_or_stolen_phone,0.9984,card_linking,0.0005,terminate_account,0.0002
"If I lost my phone, can someone use my account?",lost_or_stolen_phone,lost_or_stolen_phone,True,0.9994,lost_or_stolen_phone,0.9994,lost_or_stolen_card,1e-04,apple_pay_or_google_pay,1e-04
I am not able to use the app since I forgot my phone at the hotel I was staying at.,lost_or_stolen_phone,lost_or_stolen_phone,True,0.9992,lost_or_stolen_phone,0.9992,compromised_card,1e-04,lost_or_stolen_card,1e-04
Someone stole my phone.,lost_or_stolen_phone,lost_or_stolen_phone,True,0.9994,lost_or_stolen_phone,0.9994,lost_or_stolen_card,1e-04,apple_pay_or_google_pay,0.0
Someone stole my cards!,lost_or_stolen_phone,lost_or_stolen_card,False,0.9962,lost_or_stolen_card,0.9962,lost_or_stolen_phone,0.0008,order_physical_card,0.0007
My phone is lost.  What do I do to prevent someone from using the app?,lost_or_stolen_phone,lost_or_stolen_phone,True,0.9994,lost_or_stolen_phone,0.9994,apple_pay_or_google_pay,1e-04,lost_or_stolen_card,1e-04
Is there anything I need to do since my phone was stolen?,lost_or_stolen_phone,lost_or_stolen_phone,True,0.9994,lost_or_stolen_phone,0.9994,lost_or_stolen_card,1e-04,apple_pay_or_google_pay,1e-04
I lost my phone!,lost_or_stolen_phone,lost_or_stolen_phone,True,0.9993,lost_or_stolen_phone,0.9993,lost_or_stolen_card,1e-04,apple_pay_or_google_pay,1e-04
I can't find my phone but it has all my credit card information.,lost_or_stolen_phone,lost_or_stolen_phone,True,0.9809,lost_or_stolen_phone,0.9809,topping_up_by_card,0.0075,card_linking,0.0036
How do I use the app if I don't have my phone with me?,lost_or_stolen_phone,lost_or_stolen_phone,True,0.9987,lost_or_stolen_phone,0.9987,apple_pay_or_google_pay,0.0002,card_linking,0.0002
I got mugged yesterday and can't use the app.,lost_or_stolen_phone,lost_or_stolen_phone,True,0.9989,lost_or_stolen_phone,0.9989,apple_pay_or_google_pay,1e-04,card_not_working,1e-04
"My things were stolen yesterday and I can't use any apps or anything, so I am going to need some help.",lost_or_stolen_phone,lost_or_stolen_phone,True,0.9903,lost_or_stolen_phone,0.9903,card_not_working,0.0045,apple_pay_or_google_pay,0.001
"Hello- It is urgent I get a refund on this product. The merchant has not been helpful, what can I do now to get this resolved ASAP?",request_refund,request_refund,True,0.9986,request_refund,0.9986,Refund_not_showing_up,0.0011,extra_charge_on_statement,0.0
Can I receive a refund for my item?,request_refund,request_refund,True,0.9994,request_refund,0.9994,Refund_not_showing_up,1e-04,transfer_fee_charged,1e-04
Get an item refund,request_refund,request_refund,True,0.9993,request_refund,0.9993,Refund_not_showing_up,1e-04,transfer_fee_charged,1e-04
Would I be able to get a refund for something I bought?,request_refund,request_refund,True,0.9993,request_refund,0.9993,transfer_fee_charged,1e-04,getting_spare_card,1e-04
I need to do a refund,request_refund,request_refund,True,0.9992,request_refund,0.9992,Refund_not_showing_up,0.0003,transfer_fee_charged,0.0
I need a refund on an item I have not received.  Am I able to simply cancel the payment?  I don't know how to do this.,request_refund,request_refund,True,0.9993,request_refund,0.9993,Refund_not_showing_up,1e-04,transfer_fee_charged,1e-04
I would like a refund for something I bought,request_refund,request_refund,True,0.9991,request_refund,0.9991,getting_spare_card,1e-04,transfer_fee_charged,1e-04
I want to return an item.,request_refund,request_refund,True,0.9993,request_refund,0.9993,transfer_fee_charged,1e-04,getting_spare_card,1e-04
Can I have a refund?,request_refund,request_refund,True,0.9991,request_refund,0.9991,Refund_not_showing_up,0.0002,getting_spare_card,1e-04
"I wasn't charged the correct amount for an item I purchased, how can I fix this?",request_refund,request_refund,True,0.9917,request_refund,0.9917,extra_charge_on_statement,0.0021,card_payment_wrong_exchange_rate,0.0021
Hi there! I need to cancel an order I recently made and start processing a refund. Can you please help me with this and set up the refund as soon as possible? It's very urgent.,request_refund,request_refund,True,0.9994,request_refund,0.9994,Refund_not_showing_up,0.0002,extra_charge_on_statement,0.0
Please stop my purchase.,request_refund,request_refund,True,0.9869,request_refund,0.9869,reverted_card_payment?,0.008,card_payment_not_recognised,0.0019
I want a refund because my package has been taking too long to arrive. How do I go about doing that?,request_refund,Refund_not_showing_up,False,0.7435,Refund_not_showing_up,0.7435,request_refund,0.2544,direct_debit_payment_not_recognised,1e-04
How do I apply for a refund?,request_refund,request_refund,True,0.9989,request_refund,0.9989,Refund_not_showing_up,0.0002,transfer_fee_charged,1e-04
Can I have an item refunded?,request_refund,request_refund,True,0.9993,request_refund,0.9993,Refund_not_showing_up,1e-04,transfer_fee_charged,1e-04
"I ordered something ages ago online but it's simply not arriving. I've got enough! Give me back my money, I'm not paying these people.",request_refund,request_refund,True,0.9964,request_refund,0.9964,reverted_card_payment?,0.0019,Refund_not_showing_up,0.0002
What do I need to do to get a refund?,request_refund,request_refund,True,0.9991,request_refund,0.9991,Refund_not_showing_up,0.0003,transfer_fee_charged,0.0
I need a refund?,request_refund,request_refund,True,0.9994,request_refund,0.9994,Refund_not_showing_up,0.0002,transfer_fee_charged,1e-04
"I am unhappy with my purchase, how do I cancel the order?",request_refund,request_refund,True,0.9994,request_refund,0.9994,Refund_not_showing_up,1e-04,card_payment_not_recognised,0.0
I bought something but now I would like a refund. How do I do that?,request_refund,request_refund,True,0.9994,request_refund,0.9994,Refund_not_showing_up,1e-04,transfer_fee_charged,1e-04
How do I get refunded?,request_refund,request_refund,True,0.9991,request_refund,0.9991,Refund_not_showing_up,1e-04,transfer_fee_charged,1e-04
Can you cancel my purchase?,request_refund,request_refund,True,0.9994,request_refund,0.9994,Refund_not_showing_up,1e-04,extra_charge_on_statement,0.0
How do I cancel a previous purchase,request_refund,request_refund,True,0.9993,request_refund,0.9993,Refund_not_showing_up,1e-04,card_payment_not_recognised,1e-04
I would appreciate it if I could get an item refunded,request_refund,request_refund,True,0.9994,request_refund,0.9994,Refund_not_showing_up,1e-04,transfer_fee_charged,1e-04
How do I claim a refund?,request_refund,request_refund,True,0.9979,request_refund,0.9979,Refund_not_showing_up,0.0011,transfer_fee_charged,1e-04
"I don't want the item, I bought it on accident, can I get a refund?",request_refund,request_refund,True,0.9994,request_refund,0.9994,Refund_not_showing_up,1e-04,getting_spare_card,1e-04
Hello I changed my mind and really need a refund on one of things I bought recently. Can you please cancel the transaction and get my money back. Please it's urgent.,request_refund,request_refund,True,0.9994,request_refund,0.9994,Refund_not_showing_up,0.0002,transfer_fee_charged,0.0
I would like a refund on one of your products that has been sold to me,request_refund,request_refund,True,0.999,request_refund,0.999,Refund_not_showing_up,0.0005,getting_spare_card,0.0
I am not Happy with this product can i get a refund?,request_refund,request_refund,True,0.9993,request_refund,0.9993,Refund_not_showing_up,1e-04,getting_spare_card,0.0
I want this amount reversed out of my account.,request_refund,transaction_charged_twice,False,0.9545,transaction_charged_twice,0.9545,request_refund,0.016,cancel_transfer,0.0074
Hello! I recently made a purchase and I'm needing to cancel my order and process a refund as soon as possible.,request_refund,request_refund,True,0.9994,request_refund,0.9994,Refund_not_showing_up,1e-04,getting_spare_card,0.0
I want to reverse a purchase. Can I cancel it?,request_refund,request_refund,True,0.9995,request_refund,0.9995,Refund_not_showing_up,1e-04,getting_spare_card,0.0
I am chatting about an order from a long while back.  I never got it to this day and am deeply upset by this!  I want all of my money back!  I just can not accept paying for something I never got.,request_refund,request_refund,True,0.876,request_refund,0.876,extra_charge_on_statement,0.0466,card_payment_not_recognised,0.0356
I bought this item and was charged the wrong amount can I get a refund?,request_refund,request_refund,True,0.9992,request_refund,0.9992,Refund_not_showing_up,0.0002,transfer_fee_charged,1e-04
I would like to cancel a payment. I purchased something several days ago and i still have not received it.,request_refund,request_refund,True,0.9969,request_refund,0.9969,reverted_card_payment?,0.0019,Refund_not_showing_up,0.0006
What's the refund process?,request_refund,request_refund,True,0.9992,request_refund,0.9992,Refund_not_showing_up,0.0002,transfer_fee_charged,1e-04
I want a refund for my purchase,request_refund,request_refund,True,0.9994,request_refund,0.9994,Refund_not_showing_up,1e-04,transfer_fee_charged,1e-04
How can I process a refund for something I purchased?,request_refund,request_refund,True,0.9992,request_refund,0.9992,getting_spare_card,1e-04,extra_charge_on_statement,0.0
I want to get an item refunded,request_refund,request_refund,True,0.9994,request_refund,0.9994,Refund_not_showing_up,1e-04,transfer_fee_charged,1e-04
I need to cancel a purchase I made.,request_refund,request_refund,True,0.9995,request_refund,0.9995,Refund_not_showing_up,1e-04,extra_charge_on_statement,1e-04
I tried to make a transfer and it was declined. Why?,declined_transfer,declined_transfer,True,0.9993,declined_transfer,0.9993,failed_transfer,1e-04,pending_transfer,1e-04
Good morning. I tried to make a purchase with my credit card last night and again this morning. Both times it was declined. Can you investigate?,declined_transfer,declined_card_payment,False,0.9769,declined_card_payment,0.9769,card_not_working,0.0043,declined_transfer,0.0038
I am getting continuous failure for all my transfers. I have cross checked each recipient detail again and again and everything is correct.,declined_transfer,declined_transfer,True,0.594,declined_transfer,0.594,failed_transfer,0.3821,beneficiary_not_allowed,0.0154
why was my transfer declined,declined_transfer,declined_transfer,True,0.9992,declined_transfer,0.9992,beneficiary_not_allowed,1e-04,pending_transfer,1e-04
What would make a decline message show up during a transfer?,declined_transfer,declined_transfer,True,0.9992,declined_transfer,0.9992,failed_transfer,1e-04,pending_transfer,1e-04
Why do you keep declining my transfers?it was always been working really well so far but when I tried to buy something just now the card got declined . I tried couple of times already  but same thing is happening.,declined_transfer,declined_transfer,True,0.9992,declined_transfer,0.9992,failed_transfer,1e-04,transfer_fee_charged,1e-04
"How can I fix my card, it got declined twice.",declined_transfer,transaction_charged_twice,False,0.6056,transaction_charged_twice,0.6056,declined_card_payment,0.3336,declined_cash_withdrawal,0.0091
Why did a transfer get declined?,declined_transfer,declined_transfer,True,0.9992,declined_transfer,0.9992,failed_transfer,1e-04,pending_transfer,1e-04
My transfers are being declined. IT has always worked for me but now it's declining my card. I've tried several times.,declined_transfer,declined_transfer,True,0.9993,declined_transfer,0.9993,declined_card_payment,1e-04,failed_transfer,1e-04
Why did my transfer decline,declined_transfer,declined_transfer,True,0.9991,declined_transfer,0.9991,failed_transfer,0.0002,beneficiary_not_allowed,0.0002
The card got declined twice when I tried to use it to buy something online yesterday.,declined_transfer,declined_transfer,True,0.9986,declined_transfer,0.9986,declined_card_payment,0.0003,transfer_fee_charged,0.0002
"If the transfer details have already but reviewed and confirmed that they are correct, what other reason would cause my transfer to be declined?",declined_transfer,declined_transfer,True,0.9979,declined_transfer,0.9979,pending_transfer,0.001,failed_transfer,1e-04
Why did I get a transfer declined?,declined_transfer,declined_transfer,True,0.9993,declined_transfer,0.9993,transfer_fee_charged,1e-04,failed_transfer,1e-04
Why did my my transfer get declined?,declined_transfer,declined_transfer,True,0.9992,declined_transfer,0.9992,failed_transfer,1e-04,beneficiary_not_allowed,1e-04
How do I contact customer support about a transfer?,declined_transfer,transfer_into_account,False,0.8961,transfer_into_account,0.8961,receiving_money,0.0832,top_up_by_bank_transfer_charge,0.0076
"You keep declining my transfers? It's always been working really well so far, but when I tried to buy something just now the card got declined. I tried couple times already but same thing.",declined_transfer,declined_transfer,True,0.9993,declined_transfer,0.9993,failed_transfer,1e-04,transfer_fee_charged,1e-04
Why was I unable to do a transfer?,declined_transfer,failed_transfer,False,0.997,failed_transfer,0.997,beneficiary_not_allowed,0.0016,declined_transfer,0.0007
Trouble transferring transaction contact for help,declined_transfer,beneficiary_not_allowed,False,0.4049,beneficiary_not_allowed,0.4049,cancel_transfer,0.314,contactless_not_working,0.0777
Why could my transfer have been declined?,declined_transfer,declined_transfer,True,0.9993,declined_transfer,0.9993,failed_transfer,1e-04,pending_transfer,1e-04
When I try and to buy something using my card it keeps getting declined.,declined_transfer,declined_transfer,True,0.8865,declined_transfer,0.8865,declined_card_payment,0.1079,top_up_failed,0.0008
I could not do a transfer because it was declined,declined_transfer,declined_transfer,True,0.999,declined_transfer,0.999,pending_transfer,1e-04,transfer_fee_charged,1e-04
"When I submit a transfer, it is being declined.  The information I put in has been reviewed.",declined_transfer,declined_transfer,True,0.9989,declined_transfer,0.9989,pending_transfer,0.0002,failed_transfer,1e-04
Why was the transfer declined?,declined_transfer,declined_transfer,True,0.9962,declined_transfer,0.9962,failed_transfer,0.0029,beneficiary_not_allowed,0.0002
What is the reason my transfer was declined?,declined_transfer,declined_transfer,True,0.9992,declined_transfer,0.9992,failed_transfer,1e-04,declined_cash_withdrawal,1e-04
My transfer got declined.,declined_transfer,declined_transfer,True,0.9993,declined_transfer,0.9993,transfer_fee_charged,1e-04,pending_transfer,1e-04
My transfer was declined,declined_transfer,declined_transfer,True,0.9991,declined_transfer,0.9991,transfer_fee_charged,1e-04,pending_transfer,1e-04
"I tired to move my money, but my transfer was declined.",declined_transfer,declined_transfer,True,0.9988,declined_transfer,0.9988,pending_transfer,0.0002,failed_transfer,0.0002
I would like to know why my transfer was declined.,declined_transfer,declined_transfer,True,0.9992,declined_transfer,0.9992,pending_transfer,1e-04,transfer_fee_charged,1e-04
"I tried to make a transfer, but it was declined. Can you tell me why?",declined_transfer,declined_transfer,True,0.9992,declined_transfer,0.9992,failed_transfer,1e-04,pending_transfer,1e-04
For what reason was my transfer declined?,declined_transfer,declined_transfer,True,0.9992,declined_transfer,0.9992,failed_transfer,0.0002,beneficiary_not_allowed,1e-04
My transfer has been declined and I know it should have went through.,declined_transfer,declined_transfer,True,0.9993,declined_transfer,0.9993,failed_transfer,1e-04,transfer_fee_charged,1e-04
Double check your funds may be declined,declined_transfer,declined_cash_withdrawal,False,0.7808,declined_cash_withdrawal,0.7808,declined_card_payment,0.1685,top_up_failed,0.0267
I can't transfer money from my account.,declined_transfer,failed_transfer,False,0.995,failed_transfer,0.995,transfer_into_account,0.0011,cancel_transfer,0.0007
"Why would my transfer be declined? I've checked that I've put in all the right details, but it is still declined.",declined_transfer,declined_transfer,True,0.9992,declined_transfer,0.9992,failed_transfer,1e-04,pending_transfer,1e-04
I tried to buy something online yesterday but it kept saying declined. Tried again today but same thing happened. What's broken?,declined_transfer,declined_transfer,True,0.9992,declined_transfer,0.9992,failed_transfer,1e-04,pending_transfer,1e-04
I tried to buy something online yesterday but it wouldn't stop saying declined. Tried again today but same thing happened. What's Broken?,declined_transfer,declined_transfer,True,0.9992,declined_transfer,0.9992,failed_transfer,1e-04,pending_transfer,1e-04
My card is being declined online. Could you tell me what might be broken or wrong with the account?,declined_transfer,declined_card_payment,False,0.9959,declined_card_payment,0.9959,card_not_working,0.0022,declined_transfer,0.0005
Are there any restrictions causing my transfer to be declined?,declined_transfer,declined_transfer,True,0.9991,declined_transfer,0.9991,pending_transfer,1e-04,failed_transfer,1e-04
"I was attempting to purchase a golf club off eBay yesterday, but my credit card was declined. I tried multiple times, and again this morning. Can you check into my card please?",declined_transfer,declined_card_payment,False,0.9334,declined_card_payment,0.9334,card_not_working,0.0221,declined_transfer,0.0094
"I think my transfer was declined, but why?",declined_transfer,declined_transfer,True,0.9992,declined_transfer,0.9992,pending_transfer,1e-04,transfer_fee_charged,1e-04
The refund isn't showing up on my account.,Refund_not_showing_up,Refund_not_showing_up,True,0.9991,Refund_not_showing_up,0.9991,balance_not_updated_after_bank_transfer,1e-04,request_refund,1e-04
My refund is missing from my statement.,Refund_not_showing_up,Refund_not_showing_up,True,0.9991,Refund_not_showing_up,0.9991,request_refund,1e-04,wrong_amount_of_cash_received,1e-04
"I requested a refund, and never received it. What can I do?",Refund_not_showing_up,Refund_not_showing_up,True,0.9991,Refund_not_showing_up,0.9991,request_refund,0.0004,wrong_amount_of_cash_received,0.0
I was supposed to get a purchase refunded but I don't see the money in my account,Refund_not_showing_up,request_refund,False,0.84,request_refund,0.84,reverted_card_payment?,0.1124,Refund_not_showing_up,0.0403
There's a refund missing from my statement,Refund_not_showing_up,Refund_not_showing_up,True,0.9991,Refund_not_showing_up,0.9991,request_refund,1e-04,wrong_amount_of_cash_received,1e-04
"I need help. I asked for a refund from a merchant a while ago, but I have not gotten my money back. I keep checking my account, but nothing is showing up. What should I do now?",Refund_not_showing_up,Refund_not_showing_up,True,0.9994,Refund_not_showing_up,0.9994,request_refund,1e-04,balance_not_updated_after_bank_transfer,0.0
I am awaiting my refund,Refund_not_showing_up,Refund_not_showing_up,True,0.9993,Refund_not_showing_up,0.9993,request_refund,1e-04,balance_not_updated_after_bank_transfer,0.0
How long does it take for a refund?,Refund_not_showing_up,Refund_not_showing_up,True,0.9981,Refund_not_showing_up,0.9981,request_refund,0.0014,wrong_amount_of_cash_received,1e-04
"Help! I keep checking my account, but my refund is not showing. I requested that a seller refund my money a while back, but there is no money showing in my account. What can you do for me?",Refund_not_showing_up,Refund_not_showing_up,True,0.9994,Refund_not_showing_up,0.9994,request_refund,1e-04,top_up_reverted,1e-04
Can you tell me why my refund is not showing in my statement?,Refund_not_showing_up,Refund_not_showing_up,True,0.9994,Refund_not_showing_up,0.9994,request_refund,1e-04,top_up_reverted,0.0
"I asked for a refund last week but nothing has happened yet, can you help me please?",Refund_not_showing_up,Refund_not_showing_up,True,0.9993,Refund_not_showing_up,0.9993,request_refund,1e-04,balance_not_updated_after_bank_transfer,1e-04
Why is my refund missing from my  statement?,Refund_not_showing_up,Refund_not_showing_up,True,0.9991,Refund_not_showing_up,0.9991,request_refund,1e-04,wrong_amount_of_cash_received,1e-04
Still waiting on a refund.,Refund_not_showing_up,Refund_not_showing_up,True,0.9993,Refund_not_showing_up,0.9993,request_refund,1e-04,balance_not_updated_after_bank_transfer,1e-04
I requested a refund and it is missing.,Refund_not_showing_up,Refund_not_showing_up,True,0.9992,Refund_not_showing_up,0.9992,top_up_reverted,1e-04,request_refund,1e-04
"Hi, As suggested by you, i have asked the seller to initiate the refund, it has been a week and i haven't received my money. Please advise.",Refund_not_showing_up,Refund_not_showing_up,True,0.9994,Refund_not_showing_up,0.9994,request_refund,0.0002,direct_debit_payment_not_recognised,0.0
I bought something and returned it and the money from the return isn't in my account.,Refund_not_showing_up,Refund_not_showing_up,True,0.8493,Refund_not_showing_up,0.8493,request_refund,0.0963,reverted_card_payment?,0.0477
Do you have any idea on when I will receive my refund? I got my statement and it was not there.,Refund_not_showing_up,Refund_not_showing_up,True,0.9994,Refund_not_showing_up,0.9994,request_refund,1e-04,top_up_reverted,0.0
Why isn't a recent refund on my statement?,Refund_not_showing_up,Refund_not_showing_up,True,0.9994,Refund_not_showing_up,0.9994,request_refund,1e-04,wrong_amount_of_cash_received,0.0
Where can I see the refund in my account,Refund_not_showing_up,Refund_not_showing_up,True,0.9992,Refund_not_showing_up,0.9992,request_refund,0.0003,balance_not_updated_after_bank_transfer,0.0
"i was supposed to get a refund but my balance hasn't changed, why not?",Refund_not_showing_up,Refund_not_showing_up,True,0.9988,Refund_not_showing_up,0.9988,balance_not_updated_after_bank_transfer,0.0004,request_refund,1e-04
I requested a refund from a merchant days ago but I do not see it in my account.,Refund_not_showing_up,Refund_not_showing_up,True,0.9992,Refund_not_showing_up,0.9992,balance_not_updated_after_bank_transfer,1e-04,request_refund,1e-04
The refund has not appeared in my account,Refund_not_showing_up,Refund_not_showing_up,True,0.9994,Refund_not_showing_up,0.9994,request_refund,1e-04,balance_not_updated_after_bank_transfer,0.0
Did my refund go through? It's not on my statement.,Refund_not_showing_up,Refund_not_showing_up,True,0.9993,Refund_not_showing_up,0.9993,request_refund,1e-04,top_up_reverted,0.0
My statement doesn't show that a refund has processed,Refund_not_showing_up,Refund_not_showing_up,True,0.9994,Refund_not_showing_up,0.9994,request_refund,1e-04,balance_not_updated_after_bank_transfer,0.0
I requested a refund from a store but it hasn't arrived.,Refund_not_showing_up,Refund_not_showing_up,True,0.9994,Refund_not_showing_up,0.9994,request_refund,1e-04,balance_not_updated_after_bank_transfer,1e-04
I still haven't seen a refund on my account,Refund_not_showing_up,Refund_not_showing_up,True,0.9993,Refund_not_showing_up,0.9993,request_refund,1e-04,balance_not_updated_after_bank_transfer,0.0
I am missing a refund.,Refund_not_showing_up,Refund_not_showing_up,True,0.9993,Refund_not_showing_up,0.9993,request_refund,1e-04,top_up_reverted,1e-04
My refund doesn't seem to be showing on my statement.,Refund_not_showing_up,Refund_not_showing_up,True,0.9992,Refund_not_showing_up,0.9992,balance_not_updated_after_bank_transfer,1e-04,request_refund,1e-04
I am not seeing a refund in my statement.,Refund_not_showing_up,Refund_not_showing_up,True,0.9994,Refund_not_showing_up,0.9994,request_refund,1e-04,direct_debit_payment_not_recognised,0.0
Why can't I see a recent refund in my statement?,Refund_not_showing_up,Refund_not_showing_up,True,0.9994,Refund_not_showing_up,0.9994,request_refund,1e-04,direct_debit_payment_not_recognised,0.0
"I did what you told me earlier and contacted the seller for a refund directly, but nothing is happening! It's been a week and I still haven't got anything. Please just give me back my money",Refund_not_showing_up,Refund_not_showing_up,True,0.9994,Refund_not_showing_up,0.9994,request_refund,1e-04,top_up_reverted,0.0
Where is my refund? I have been checking my account all day.,Refund_not_showing_up,Refund_not_showing_up,True,0.9994,Refund_not_showing_up,0.9994,request_refund,1e-04,balance_not_updated_after_bank_transfer,1e-04
It's been a week and I have done everything that I was asked to do and still nothing. I have contacted the seller and have not gotten a response. Please understand my frustration and put the money back in my account.,Refund_not_showing_up,direct_debit_payment_not_recognised,False,0.7489,direct_debit_payment_not_recognised,0.7489,reverted_card_payment?,0.0826,Refund_not_showing_up,0.0769
My refund is missing,Refund_not_showing_up,Refund_not_showing_up,True,0.999,Refund_not_showing_up,0.999,request_refund,1e-04,wrong_amount_of_cash_received,1e-04
Why doesn't a return show up im my account from a purchase I made?,Refund_not_showing_up,Refund_not_showing_up,True,0.9975,Refund_not_showing_up,0.9975,request_refund,0.0017,direct_debit_payment_not_recognised,1e-04
I keep checking my bank statements but I don't see a refund that I've requested from a seller. Can you ensure that I receive the refund from the seller?,Refund_not_showing_up,Refund_not_showing_up,True,0.9987,Refund_not_showing_up,0.9987,request_refund,0.0008,direct_debit_payment_not_recognised,1e-04
"I am waiting patiently for a week now for the seller to get back to me and there has been no response, could you please help me further with getting my money back.  Thank you.",Refund_not_showing_up,reverted_card_payment?,False,0.7326,reverted_card_payment?,0.7326,direct_debit_payment_not_recognised,0.2002,Refund_not_showing_up,0.0433
I would like some help getting a refund back from a seller. It still isn't showing up on my statement and I requested this a long time ago. I'm not sure why it's not returned yet. Can you assist me in getting this money back?,Refund_not_showing_up,Refund_not_showing_up,True,0.9994,Refund_not_showing_up,0.9994,request_refund,0.0002,top_up_reverted,0.0
How long will it take to get my refund,Refund_not_showing_up,Refund_not_showing_up,True,0.9994,Refund_not_showing_up,0.9994,request_refund,0.0002,top_up_reverted,0.0
I should have received a refund however it is not showing on my statement,Refund_not_showing_up,Refund_not_showing_up,True,0.9994,Refund_not_showing_up,0.9994,request_refund,1e-04,balance_not_updated_after_bank_transfer,0.0
My credit card was declined.,declined_card_payment,declined_card_payment,True,0.9979,declined_card_payment,0.9979,top_up_failed,0.0004,declined_transfer,0.0003
The new card that was just sent to me was declined multiple times yesterday when I tried to use it at a restaurant to pay for my dinner.  I am really disappointed  and embarrassed that my card was denied when I tried to use it to pay for my friend's birthday dinner.,declined_card_payment,declined_card_payment,True,0.8719,declined_card_payment,0.8719,card_not_working,0.1045,compromised_card,0.0073
Why was my card payment declined?,declined_card_payment,declined_card_payment,True,0.9993,declined_card_payment,0.9993,reverted_card_payment?,0.0002,virtual_card_not_working,1e-04
I was trying to purchase something at the store today and my card has been declined.  Why has this happened?,declined_card_payment,declined_card_payment,True,0.9985,declined_card_payment,0.9985,reverted_card_payment?,0.0007,card_not_working,0.0002
"My payment has been declined, I thought this issue was fixed!",declined_card_payment,declined_card_payment,True,0.9985,declined_card_payment,0.9985,reverted_card_payment?,0.001,declined_transfer,1e-04
My card was declined in a shop,declined_card_payment,declined_card_payment,True,0.9993,declined_card_payment,0.9993,reverted_card_payment?,1e-04,declined_cash_withdrawal,1e-04
Why did it decline my payment?,declined_card_payment,declined_card_payment,True,0.9991,declined_card_payment,0.9991,declined_transfer,0.0002,reverted_card_payment?,1e-04
My card declined,declined_card_payment,declined_card_payment,True,0.9992,declined_card_payment,0.9992,declined_cash_withdrawal,1e-04,declined_transfer,1e-04
Can you look at my account ans see why my card was declined,declined_card_payment,declined_card_payment,True,0.9985,declined_card_payment,0.9985,declined_cash_withdrawal,0.0003,card_not_working,0.0002
"I was out today looking forward to pay with my new card, turns out the payment just kept getting declined. This is really sad, what's going on?",declined_card_payment,declined_card_payment,True,0.9992,declined_card_payment,0.9992,declined_cash_withdrawal,1e-04,declined_transfer,1e-04
Why was a transaction on my card declined?,declined_card_payment,declined_card_payment,True,0.9968,declined_card_payment,0.9968,declined_cash_withdrawal,0.001,declined_transfer,0.0007
My new card keeps getting declined. I was very excited to use it for the first time today. Why is this doing this?,declined_card_payment,declined_card_payment,True,0.9972,declined_card_payment,0.9972,declined_transfer,0.0012,declined_cash_withdrawal,0.0003
"My latest payment was declined, I was told everything was back to working order. What happened?",declined_card_payment,declined_card_payment,True,0.999,declined_card_payment,0.999,declined_transfer,0.0002,reverted_card_payment?,1e-04
I know I have enough funds in my account but my card payment hasn't worked for some reason. What do I do?,declined_card_payment,declined_card_payment,True,0.999,declined_card_payment,0.999,reverted_card_payment?,1e-04,top_up_failed,1e-04
Why doesn't the card payment work,declined_card_payment,declined_card_payment,True,0.9984,declined_card_payment,0.9984,reverted_card_payment?,0.0008,card_payment_not_recognised,1e-04
I'm really stuck. I don't know why but my card payment has not gone through.,declined_card_payment,declined_card_payment,True,0.9917,declined_card_payment,0.9917,pending_card_payment,0.0033,reverted_card_payment?,0.0027
"I have a card payment that was declined, but why?",declined_card_payment,declined_card_payment,True,0.9992,declined_card_payment,0.9992,getting_spare_card,1e-04,virtual_card_not_working,1e-04
Do you know why my card payment did not work?,declined_card_payment,declined_card_payment,True,0.9991,declined_card_payment,0.9991,virtual_card_not_working,1e-04,declined_cash_withdrawal,1e-04
Something is wrong with my payment account since it has been declined,declined_card_payment,declined_card_payment,True,0.9992,declined_card_payment,0.9992,reverted_card_payment?,0.0002,declined_transfer,1e-04
Why are you declining my payment? Everything was fine.,declined_card_payment,declined_card_payment,True,0.9992,declined_card_payment,0.9992,reverted_card_payment?,0.0002,declined_transfer,1e-04
I don't know why my payment didn't work.,declined_card_payment,declined_card_payment,True,0.9988,declined_card_payment,0.9988,declined_transfer,0.0002,declined_cash_withdrawal,1e-04
My card payment did not work.,declined_card_payment,declined_card_payment,True,0.9992,declined_card_payment,0.9992,reverted_card_payment?,0.0003,virtual_card_not_working,1e-04
Why is my debit card being declined when I have money?,declined_card_payment,declined_card_payment,True,0.7766,declined_card_payment,0.7766,declined_cash_withdrawal,0.0839,direct_debit_payment_not_recognised,0.0805
My card was not accepted.,declined_card_payment,declined_card_payment,True,0.9976,declined_card_payment,0.9976,declined_cash_withdrawal,0.0007,top_up_failed,0.0004
I have no idea why my card payment did not work.,declined_card_payment,declined_card_payment,True,0.999,declined_card_payment,0.999,virtual_card_not_working,1e-04,declined_cash_withdrawal,1e-04
"My card payment didn't work, can you help?",declined_card_payment,declined_card_payment,True,0.9993,declined_card_payment,0.9993,reverted_card_payment?,1e-04,virtual_card_not_working,1e-04
"My card was rejected at the store for some reason, can you look into this for me?",declined_card_payment,declined_card_payment,True,0.9982,declined_card_payment,0.9982,declined_cash_withdrawal,0.0004,top_up_failed,0.0003
Please explain why my card was declined?,declined_card_payment,declined_card_payment,True,0.9988,declined_card_payment,0.9988,declined_cash_withdrawal,0.0002,card_not_working,1e-04
"Hello, I am facing the issue with my new card as payments are declining again and again. Please help me in this issue.",declined_card_payment,declined_card_payment,True,0.9991,declined_card_payment,0.9991,reverted_card_payment?,0.0003,card_payment_not_recognised,1e-04
Do you know why my card payment is declined?,declined_card_payment,declined_card_payment,True,0.9993,declined_card_payment,0.9993,reverted_card_payment?,1e-04,declined_cash_withdrawal,1e-04
Why was my Payment declined,declined_card_payment,declined_card_payment,True,0.9987,declined_card_payment,0.9987,declined_transfer,0.0005,reverted_card_payment?,1e-04
They declined my card payment.,declined_card_payment,declined_card_payment,True,0.9991,declined_card_payment,0.9991,reverted_card_payment?,0.0004,virtual_card_not_working,0.0
Why has my card payment been declined?,declined_card_payment,declined_card_payment,True,0.9993,declined_card_payment,0.9993,reverted_card_payment?,1e-04,declined_cash_withdrawal,1e-04
"I finally got my new card and was very excited to use it today. However, my payment kept declining. What is happening?",declined_card_payment,declined_card_payment,True,0.9993,declined_card_payment,0.9993,reverted_card_payment?,1e-04,declined_cash_withdrawal,1e-04
My card payment did not complete.,declined_card_payment,declined_card_payment,True,0.9938,declined_card_payment,0.9938,reverted_card_payment?,0.0048,pending_card_payment,0.0003
My card didn't work in one of the shops.,declined_card_payment,declined_card_payment,True,0.9982,declined_card_payment,0.9982,declined_cash_withdrawal,0.0004,reverted_card_payment?,0.0002
Card payment declined?,declined_card_payment,reverted_card_payment?,False,0.681,reverted_card_payment?,0.681,declined_card_payment,0.3156,card_payment_not_recognised,0.0004
"I tried using my card and it kept getting declined, Why?",declined_card_payment,declined_card_payment,True,0.9977,declined_card_payment,0.9977,declined_cash_withdrawal,0.0009,declined_transfer,0.0004
How do you fix  my card payment?,declined_card_payment,declined_card_payment,True,0.9896,declined_card_payment,0.9896,card_not_working,0.0067,reverted_card_payment?,0.002
Why do you keep declining my payment? I tried several times already with this card and it's just not working,declined_card_payment,declined_card_payment,True,0.9991,declined_card_payment,0.9991,declined_cash_withdrawal,1e-04,declined_transfer,1e-04
"I did transfer, why is it pending",pending_transfer,pending_transfer,True,0.999,pending_transfer,0.999,transfer_timing,0.0002,declined_transfer,1e-04
How long for money transfer to show?,pending_transfer,pending_transfer,True,0.9957,pending_transfer,0.9957,transfer_timing,0.0032,pending_card_payment,0.0002
Why is my transfer not done yet?,pending_transfer,balance_not_updated_after_bank_transfer,False,0.9465,balance_not_updated_after_bank_transfer,0.9465,pending_transfer,0.0374,transfer_not_received_by_recipient,0.0109
I have a pending transfer,pending_transfer,pending_transfer,True,0.999,pending_transfer,0.999,transfer_timing,0.0002,declined_transfer,1e-04
I am waiting for a pending money transfer to process.,pending_transfer,pending_transfer,True,0.9988,pending_transfer,0.9988,transfer_timing,0.0002,pending_card_payment,1e-04
i transfered however its still pending,pending_transfer,pending_transfer,True,0.9991,pending_transfer,0.9991,balance_not_updated_after_bank_transfer,1e-04,transfer_timing,1e-04
I have a transfer that's pending and wanted to know how long it is going to take to process?,pending_transfer,pending_transfer,True,0.9989,pending_transfer,0.9989,declined_transfer,0.0002,pending_card_payment,1e-04
So the transfer finally worked but now it's been pending for quite a long time. How long do you expect me to wait for it? It's quite urgent,pending_transfer,pending_transfer,True,0.9987,pending_transfer,0.9987,pending_card_payment,0.0002,transfer_timing,0.0002
I had made a transfer but its still pending.,pending_transfer,pending_transfer,True,0.9991,pending_transfer,0.9991,transfer_timing,1e-04,declined_transfer,1e-04
I submitted my transfer but it has been pending for quite a while and I was wondering what takes so long? why hasn't it completed,pending_transfer,pending_transfer,True,0.9988,pending_transfer,0.9988,declined_transfer,0.0002,pending_card_payment,0.0002
How can I speed up a transfer?  Mine is pending.,pending_transfer,pending_transfer,True,0.9988,pending_transfer,0.9988,transfer_timing,0.0004,pending_card_payment,1e-04
How long can an EU transfer take?,pending_transfer,pending_transfer,True,0.7323,pending_transfer,0.7323,transfer_timing,0.2566,country_support,0.0012
My transfer is still coming up as pending.,pending_transfer,pending_transfer,True,0.9992,pending_transfer,0.9992,transfer_timing,1e-04,declined_transfer,1e-04
I'm trying to transfer money to another country. It's just pending and not sending. My account details are correct. Please help me.,pending_transfer,pending_transfer,True,0.9982,pending_transfer,0.9982,transfer_timing,0.0006,declined_transfer,0.0002
My transfer is still pending and I know the account numbers are correct.  Please help.,pending_transfer,pending_transfer,True,0.9985,pending_transfer,0.9985,transfer_timing,0.0006,pending_card_payment,1e-04
"I transferred money yesterday, but it still isn't available?",pending_transfer,transfer_not_received_by_recipient,False,0.9683,transfer_not_received_by_recipient,0.9683,balance_not_updated_after_bank_transfer,0.0276,balance_not_updated_after_cheque_or_cash_deposit,0.001
How long does a transfer stay pending?,pending_transfer,pending_transfer,True,0.9991,pending_transfer,0.9991,transfer_timing,0.0002,declined_transfer,1e-04
How long do transfer pend for?,pending_transfer,transfer_timing,False,0.533,transfer_timing,0.533,balance_not_updated_after_bank_transfer,0.3754,transfer_into_account,0.035
Why hasn't my transfer gone through yet?,pending_transfer,balance_not_updated_after_bank_transfer,False,0.908,balance_not_updated_after_bank_transfer,0.908,pending_transfer,0.0489,transfer_not_received_by_recipient,0.0272
When will the transfer go through?,pending_transfer,failed_transfer,False,0.608,failed_transfer,0.608,balance_not_updated_after_bank_transfer,0.1296,pending_transfer,0.1011
Please explain why the transfers shows up as pending?,pending_transfer,pending_transfer,True,0.9988,pending_transfer,0.9988,balance_not_updated_after_bank_transfer,0.0003,transfer_timing,0.0003
"I double checked that I have the correct account details , they're right for sure. Transfer is still pending since forever. What should be done now?",pending_transfer,pending_transfer,True,0.9987,pending_transfer,0.9987,pending_card_payment,0.0002,transfer_timing,0.0002
When will my transfer go through?,pending_transfer,failed_transfer,False,0.4389,failed_transfer,0.4389,balance_not_updated_after_bank_transfer,0.3853,declined_transfer,0.075
What is the cause that the transfer shows as pending?,pending_transfer,pending_transfer,True,0.9987,pending_transfer,0.9987,transfer_timing,0.0004,pending_card_payment,0.0002
When will the transfer be completed?,pending_transfer,transfer_not_received_by_recipient,False,0.7709,transfer_not_received_by_recipient,0.7709,pending_transfer,0.2172,balance_not_updated_after_bank_transfer,0.0029
Pending transfer?,pending_transfer,pending_transfer,True,0.9988,pending_transfer,0.9988,pending_card_payment,0.0003,transfer_timing,0.0002
"I would like to know why my payment is still pending, can you help?",pending_transfer,pending_card_payment,False,0.9966,pending_card_payment,0.9966,pending_transfer,0.0023,transfer_timing,0.0002
Someone transferred money to me and it doesn't show,pending_transfer,transfer_not_received_by_recipient,False,0.8133,transfer_not_received_by_recipient,0.8133,balance_not_updated_after_bank_transfer,0.1415,beneficiary_not_allowed,0.0138
How long does a transfer take to be confirmed?,pending_transfer,pending_transfer,True,0.9867,pending_transfer,0.9867,balance_not_updated_after_bank_transfer,0.0108,transfer_timing,0.0007
I made a transfer 12 hours ago. Why is it still listed as pending?,pending_transfer,pending_transfer,True,0.9991,pending_transfer,0.9991,transfer_timing,0.0002,pending_card_payment,1e-04
"Why does my transfer say ""pending""?",pending_transfer,pending_transfer,True,0.9989,pending_transfer,0.9989,transfer_timing,0.0002,pending_card_payment,0.0002
How long can I expect a transfer to pend for?,pending_transfer,transfer_timing,False,0.9972,transfer_timing,0.9972,pending_transfer,0.0009,top_up_by_bank_transfer_charge,0.0006
For how long will my transfer be pending?,pending_transfer,pending_transfer,True,0.999,pending_transfer,0.999,transfer_timing,0.0002,balance_not_updated_after_bank_transfer,1e-04
Transferring money in 2018 to another country shouldn't take this long. My transfer has been pending for too long. I verified my account details are correct.,pending_transfer,pending_transfer,True,0.9989,pending_transfer,0.9989,transfer_timing,0.0002,pending_card_payment,1e-04
Why is a money transfer not showing?,pending_transfer,pending_transfer,True,0.5391,pending_transfer,0.5391,balance_not_updated_after_bank_transfer,0.4471,transfer_timing,0.008
The transfer is coming up as pending the payment is due today. Will I be charged a fee?,pending_transfer,pending_transfer,True,0.9981,pending_transfer,0.9981,pending_card_payment,0.0006,transfer_timing,0.0003
I am still waiting for a money transfer to show,pending_transfer,pending_transfer,True,0.9986,pending_transfer,0.9986,transfer_timing,0.0002,pending_card_payment,1e-04
My transfer hasn't gone through yet.,pending_transfer,pending_transfer,True,0.6028,pending_transfer,0.6028,balance_not_updated_after_bank_transfer,0.3518,transfer_not_received_by_recipient,0.0311
I am confused as to why my transfer could still be pending.,pending_transfer,pending_transfer,True,0.999,pending_transfer,0.999,declined_transfer,1e-04,transfer_timing,1e-04
How long does it take for a money transfer to show?,pending_transfer,pending_transfer,True,0.9984,pending_transfer,0.9984,transfer_timing,0.0004,pending_card_payment,0.0002
Can you remove my account please?,terminate_account,terminate_account,True,0.9985,terminate_account,0.9985,transfer_into_account,0.0003,edit_personal_details,1e-04
"i want to close an account but im not sure about setting up a new one in the future, what do you recommend",terminate_account,terminate_account,True,0.9971,terminate_account,0.9971,edit_personal_details,0.0007,age_limit,0.0004
My account needs to be deleted.,terminate_account,terminate_account,True,0.9987,terminate_account,0.9987,transfer_into_account,0.0003,edit_personal_details,0.0002
I would like to delete my account please.,terminate_account,terminate_account,True,0.9991,terminate_account,0.9991,topping_up_by_card,1e-04,transfer_into_account,1e-04
What steps do I need to take to close my account?,terminate_account,terminate_account,True,0.9991,terminate_account,0.9991,edit_personal_details,1e-04,transfer_into_account,1e-04
I'm tired of all the problems I've had. I want to quit this account!,terminate_account,terminate_account,True,0.9951,terminate_account,0.9951,cancel_transfer,0.0009,card_not_working,0.0008
Please delete my account right now!,terminate_account,terminate_account,True,0.9991,terminate_account,0.9991,edit_personal_details,1e-04,transfer_into_account,1e-04
I want to close my account,terminate_account,terminate_account,True,0.9991,terminate_account,0.9991,edit_personal_details,1e-04,topping_up_by_card,1e-04
"unhappy with you, how to delete account",terminate_account,terminate_account,True,0.9991,terminate_account,0.9991,edit_personal_details,1e-04,card_linking,1e-04
I would like to delete my account.,terminate_account,terminate_account,True,0.9992,terminate_account,0.9992,topping_up_by_card,1e-04,transfer_into_account,1e-04
I am highly unsatisfied with this company and want to delete my account!,terminate_account,terminate_account,True,0.9991,terminate_account,0.9991,transfer_into_account,1e-04,topping_up_by_card,1e-04
I don't like your company. Delete my account.,terminate_account,terminate_account,True,0.9991,terminate_account,0.9991,edit_personal_details,1e-04,transfer_into_account,1e-04
I would like to close my account.,terminate_account,terminate_account,True,0.9991,terminate_account,0.9991,topping_up_by_card,1e-04,edit_personal_details,1e-04
This company is terrible! Can you delete my account?,terminate_account,terminate_account,True,0.9991,terminate_account,0.9991,transfer_into_account,1e-04,edit_personal_details,1e-04
"This company is bad, please delete my account.",terminate_account,terminate_account,True,0.9992,terminate_account,0.9992,transfer_into_account,1e-04,edit_personal_details,1e-04
"please delete my account, your services are not up to par.",terminate_account,terminate_account,True,0.9991,terminate_account,0.9991,transfer_into_account,1e-04,edit_personal_details,1e-04
I need your help in deleting my account.,terminate_account,terminate_account,True,0.9985,terminate_account,0.9985,transfer_into_account,0.0002,topping_up_by_card,0.0002
"The service of this company sucks, I need to terminate my account.",terminate_account,terminate_account,True,0.9987,terminate_account,0.9987,edit_personal_details,0.0002,compromised_card,1e-04
Delete this account!,terminate_account,terminate_account,True,0.9991,terminate_account,0.9991,edit_personal_details,1e-04,compromised_card,1e-04
How do I get rid of my account ASAP?,terminate_account,terminate_account,True,0.9504,terminate_account,0.9504,card_delivery_estimate,0.0088,edit_personal_details,0.0085
"This company isn't good, I would like to delete my account.",terminate_account,terminate_account,True,0.9991,terminate_account,0.9991,transfer_into_account,1e-04,edit_personal_details,1e-04
Can you delete my account please?,terminate_account,terminate_account,True,0.9991,terminate_account,0.9991,transfer_into_account,1e-04,topping_up_by_card,1e-04
I am not satisfied with your company and would like to delete my accounts!,terminate_account,terminate_account,True,0.999,terminate_account,0.999,transfer_into_account,0.0002,topping_up_by_card,1e-04
Please delete my account. I am not happy with the service from your company.,terminate_account,terminate_account,True,0.9992,terminate_account,0.9992,reverted_card_payment?,1e-04,edit_personal_details,1e-04
Please terminate my account.,terminate_account,terminate_account,True,0.9992,terminate_account,0.9992,edit_personal_details,1e-04,transfer_into_account,1e-04
I am sick of this damn company and want to close out my account.,terminate_account,terminate_account,True,0.9988,terminate_account,0.9988,topping_up_by_card,1e-04,edit_personal_details,1e-04
Please close my account. I am unsatisfied with your service.,terminate_account,terminate_account,True,0.9992,terminate_account,0.9992,edit_personal_details,1e-04,lost_or_stolen_phone,1e-04
Please delete my account.,terminate_account,terminate_account,True,0.9992,terminate_account,0.9992,edit_personal_details,1e-04,transfer_into_account,1e-04
"Your service is terrible,.  Delete my account,",terminate_account,terminate_account,True,0.9992,terminate_account,0.9992,lost_or_stolen_phone,1e-04,edit_personal_details,1e-04
I want my account deleted!,terminate_account,terminate_account,True,0.9988,terminate_account,0.9988,transfer_into_account,0.0002,edit_personal_details,1e-04
I am extremely unhappy with this app and want to get rid of my account?,terminate_account,terminate_account,True,0.9879,terminate_account,0.9879,lost_or_stolen_phone,0.0049,card_linking,0.003
How do I delete my account?,terminate_account,terminate_account,True,0.9992,terminate_account,0.9992,transfer_into_account,1e-04,edit_personal_details,1e-04
This company sucks! Can you delete my account?,terminate_account,terminate_account,True,0.9991,terminate_account,0.9991,transfer_into_account,1e-04,edit_personal_details,1e-04
I wish to close my account. I do not like the service you provide.,terminate_account,terminate_account,True,0.9991,terminate_account,0.9991,edit_personal_details,1e-04,lost_or_stolen_phone,1e-04
Can you help me get rid of my account?,terminate_account,terminate_account,True,0.9962,terminate_account,0.9962,compromised_card,0.0005,card_linking,0.0004
"I don't find your services useful anymore, how do I delete my account?",terminate_account,terminate_account,True,0.999,terminate_account,0.999,lost_or_stolen_phone,1e-04,card_linking,1e-04
"Please delete my account, this company is not working for me!",terminate_account,terminate_account,True,0.999,terminate_account,0.999,compromised_card,1e-04,card_not_working,1e-04
I want to delete my account. I'm unhappy with the service you're providing.,terminate_account,terminate_account,True,0.9991,terminate_account,0.9991,lost_or_stolen_phone,1e-04,topping_up_by_card,1e-04
Can you tell me how to close my account?,terminate_account,terminate_account,True,0.9991,terminate_account,0.9991,edit_personal_details,1e-04,topping_up_by_card,1e-04
This company sucks! Can you terminate my account?,terminate_account,terminate_account,True,0.9989,terminate_account,0.9989,edit_personal_details,1e-04,reverted_card_payment?,1e-04
"What do I do if an ATM ""stole"" my card?",card_swallowed,card_swallowed,True,0.9962,card_swallowed,0.9962,declined_cash_withdrawal,0.0014,cash_withdrawal_not_recognised,0.0004
How do I retrieve my card from the machine?,card_swallowed,card_swallowed,True,0.6013,card_swallowed,0.6013,lost_or_stolen_card,0.3501,card_linking,0.0241
I was retrieving money and my card wouldn't remove.,card_swallowed,top_up_failed,False,0.9247,top_up_failed,0.9247,topping_up_by_card,0.0253,top_up_reverted,0.0119
What do I do since the machine swallowed my card. I need one.,card_swallowed,card_swallowed,True,0.9937,card_swallowed,0.9937,lost_or_stolen_card,0.0016,card_not_working,0.0009
HOw do I get my card back after the ATM has pulled it in?,card_swallowed,card_swallowed,True,0.9981,card_swallowed,0.9981,declined_cash_withdrawal,0.0002,atm_support,0.0002
Atm took my card,card_swallowed,card_swallowed,True,0.9978,card_swallowed,0.9978,atm_support,0.0005,declined_cash_withdrawal,0.0003
Is there a way I can get my ATM card back from the machine?,card_swallowed,card_swallowed,True,0.9979,card_swallowed,0.9979,atm_support,0.0005,card_acceptance,0.0002
I think the atm ate my card.,card_swallowed,card_swallowed,True,0.998,card_swallowed,0.998,declined_cash_withdrawal,0.0004,atm_support,0.0002
The ATM didn't give me the card back!,card_swallowed,card_swallowed,True,0.9981,card_swallowed,0.9981,declined_cash_withdrawal,0.0003,atm_support,0.0002
How can I get my card out of the damn ATM?,card_swallowed,card_swallowed,True,0.9978,card_swallowed,0.9978,card_acceptance,0.0003,atm_support,0.0002
The atm won't give my card back!,card_swallowed,card_swallowed,True,0.9977,card_swallowed,0.9977,declined_cash_withdrawal,0.0005,atm_support,0.0002
How can I get my card back out?,card_swallowed,card_swallowed,True,0.9812,card_swallowed,0.9812,card_linking,0.0049,activate_my_card,0.0021
The ATM machine stole my card.,card_swallowed,card_swallowed,True,0.9978,card_swallowed,0.9978,declined_cash_withdrawal,0.0003,lost_or_stolen_card,0.0002
The ATM at Metro bank on High St. Kensington swallowed my card. How do I get it back?,card_swallowed,card_swallowed,True,0.9976,card_swallowed,0.9976,declined_cash_withdrawal,0.0004,card_acceptance,0.0002
My ATM got stuck and I'm not sure what to do.,card_swallowed,card_swallowed,True,0.8927,card_swallowed,0.8927,declined_cash_withdrawal,0.0999,wrong_amount_of_cash_received,0.0019
The ATM ate my card.,card_swallowed,card_swallowed,True,0.9981,card_swallowed,0.9981,declined_cash_withdrawal,0.0002,atm_support,1e-04
The ATM won't give me my card back.,card_swallowed,card_swallowed,True,0.9971,card_swallowed,0.9971,declined_cash_withdrawal,0.001,atm_support,0.0002
My card was confiscated by an ATM. How do I get my card back?,card_swallowed,card_swallowed,True,0.9976,card_swallowed,0.9976,declined_cash_withdrawal,0.0007,atm_support,0.0003
What do I do if the ATM ate my card?,card_swallowed,card_swallowed,True,0.9981,card_swallowed,0.9981,declined_cash_withdrawal,0.0002,atm_support,0.0002
ATM still has my card,card_swallowed,card_swallowed,True,0.9774,card_swallowed,0.9774,pending_cash_withdrawal,0.0067,atm_support,0.0065
What do I do if an ATM ate my card?,card_swallowed,card_swallowed,True,0.9981,card_swallowed,0.9981,declined_cash_withdrawal,0.0003,atm_support,0.0003
What happens if the ATM doesn't give me back my card?,card_swallowed,card_swallowed,True,0.9979,card_swallowed,0.9979,declined_cash_withdrawal,0.0003,atm_support,1e-04
I can't pull my card out of the ATM. Help me.,card_swallowed,card_swallowed,True,0.9979,card_swallowed,0.9979,declined_cash_withdrawal,0.0003,card_acceptance,0.0002
I have a problem!  The ATM stole my card!,card_swallowed,card_swallowed,True,0.9966,card_swallowed,0.9966,declined_cash_withdrawal,0.0016,lost_or_stolen_card,0.0002
Why would an ATM swallow my card?,card_swallowed,card_swallowed,True,0.9956,card_swallowed,0.9956,declined_cash_withdrawal,0.0019,atm_support,0.0007
My card was taken by the ATM.,card_swallowed,card_swallowed,True,0.9977,card_swallowed,0.9977,atm_support,0.0004,declined_cash_withdrawal,0.0003
Help!  The atm won't give me my card back.,card_swallowed,card_swallowed,True,0.9968,card_swallowed,0.9968,declined_cash_withdrawal,0.0013,atm_support,0.0002
The stupid machine just swallowed my card!! I need a new one ASAP,card_swallowed,card_swallowed,True,0.9931,card_swallowed,0.9931,card_not_working,0.0011,lost_or_stolen_card,0.001
How do I retrieve a trapped card from a ATM?,card_swallowed,card_swallowed,True,0.9966,card_swallowed,0.9966,lost_or_stolen_card,0.0005,card_linking,0.0004
"My card is stuck in the ATM, what can I do?",card_swallowed,card_swallowed,True,0.998,card_swallowed,0.998,atm_support,0.0002,declined_cash_withdrawal,0.0002
I was getting cash and can't get my card back.,card_swallowed,card_swallowed,True,0.967,card_swallowed,0.967,declined_cash_withdrawal,0.0257,declined_card_payment,0.0035
"If my card is trapped in the ATM, what do I do?",card_swallowed,card_swallowed,True,0.9981,card_swallowed,0.9981,declined_cash_withdrawal,0.0002,atm_support,0.0002
My card has been swallowed by an ATM,card_swallowed,card_swallowed,True,0.9977,card_swallowed,0.9977,declined_cash_withdrawal,0.0003,atm_support,0.0002
I was taking out funds and was unable to regain my card.,card_swallowed,declined_cash_withdrawal,False,0.753,declined_cash_withdrawal,0.753,top_up_failed,0.107,declined_card_payment,0.0656
What should I do with my atm that got stuck?,card_swallowed,card_swallowed,True,0.9776,card_swallowed,0.9776,declined_cash_withdrawal,0.0186,wrong_amount_of_cash_received,0.0008
The ATM at Metro bank on High St. Kensington didn't return my card. What should I do now that the bank is closed?,card_swallowed,card_swallowed,True,0.9902,card_swallowed,0.9902,declined_cash_withdrawal,0.0065,atm_support,0.0006
The ATM won't give back my card,card_swallowed,card_swallowed,True,0.9965,card_swallowed,0.9965,declined_cash_withdrawal,0.0015,atm_support,0.0002
I was at an ATM and it swallowed my card.,card_swallowed,card_swallowed,True,0.9972,card_swallowed,0.9972,declined_cash_withdrawal,0.001,card_linking,1e-04
WTF??? I tried to withdraw some money at a Metro bank on High St. Kensington and without any notice it disappeared in the machine. The bank was already closed so I couldn't do anything. How do I get it back?,card_swallowed,declined_cash_withdrawal,False,0.8234,declined_cash_withdrawal,0.8234,card_swallowed,0.1048,cash_withdrawal_not_recognised,0.0429
What happens if my card is stuck in the ATM?,card_swallowed,card_swallowed,True,0.9979,card_swallowed,0.9979,declined_cash_withdrawal,0.0002,card_linking,1e-04
I got double charged for a payment so how do I fix that?,transaction_charged_twice,transaction_charged_twice,True,0.9991,transaction_charged_twice,0.9991,card_payment_not_recognised,1e-04,card_payment_wrong_exchange_rate,1e-04
"I've just come back from an eating holiday in the USA and Canada and have SO many pending and duplicated transactions on my account.  I think there is something wrong, can you look in to it please?",transaction_charged_twice,transaction_charged_twice,True,0.9931,transaction_charged_twice,0.9931,disposable_card_limits,0.0018,card_payment_wrong_exchange_rate,0.0009
Why am I being charged twice fro a restaurant?,transaction_charged_twice,transaction_charged_twice,True,0.9991,transaction_charged_twice,0.9991,disposable_card_limits,1e-04,card_payment_wrong_exchange_rate,1e-04
I would like to know why I was charged twice for my purchase.,transaction_charged_twice,transaction_charged_twice,True,0.9993,transaction_charged_twice,0.9993,disposable_card_limits,1e-04,card_payment_wrong_exchange_rate,1e-04
I didn't buy this twice,transaction_charged_twice,transaction_charged_twice,True,0.9991,transaction_charged_twice,0.9991,card_payment_not_recognised,1e-04,compromised_card,1e-04
Why was I chaged twice for the same thing?,transaction_charged_twice,transaction_charged_twice,True,0.9988,transaction_charged_twice,0.9988,wrong_amount_of_cash_received,0.0002,cancel_transfer,1e-04
Why is there more then one charge on my card I only paid for one not twice how can I fix this?,transaction_charged_twice,transaction_charged_twice,True,0.9981,transaction_charged_twice,0.9981,disposable_card_limits,0.0005,card_payment_wrong_exchange_rate,0.0003
I have a duplicate payment showing up on the app. How do I stop myself being charged for the thing twice?,transaction_charged_twice,transaction_charged_twice,True,0.9994,transaction_charged_twice,0.9994,card_payment_not_recognised,1e-04,cancel_transfer,1e-04
Why would I be charged more than once for the same transaction?,transaction_charged_twice,transaction_charged_twice,True,0.9993,transaction_charged_twice,0.9993,disposable_card_limits,1e-04,cancel_transfer,1e-04
I was wondering how I could have two charges for the same item happen more than once in a 7 day period. Is there anyway I could get this corrected asap.,transaction_charged_twice,transaction_charged_twice,True,0.999,transaction_charged_twice,0.999,disposable_card_limits,0.0002,cancel_transfer,1e-04
Can you please check if I was charged twice?,transaction_charged_twice,transaction_charged_twice,True,0.9994,transaction_charged_twice,0.9994,cancel_transfer,1e-04,disposable_card_limits,0.0
I have been charged twice,transaction_charged_twice,transaction_charged_twice,True,0.9994,transaction_charged_twice,0.9994,disposable_card_limits,1e-04,compromised_card,0.0
It appears that I am being double charged for some items that I have purchased this past week.  Please review and correct.,transaction_charged_twice,transaction_charged_twice,True,0.9977,transaction_charged_twice,0.9977,compromised_card,0.0006,card_payment_not_recognised,0.0005
It looks like this week I was double charged for a couple things. Is there any way that you can look into this for me and return the double charged items back to my card?,transaction_charged_twice,transaction_charged_twice,True,0.9993,transaction_charged_twice,0.9993,disposable_card_limits,1e-04,card_payment_not_recognised,1e-04
I noticed after looking over my transactions that I have been charged twice from an earlier restaurant visit this week. Is it possible that one of these can be removed so I get the money back for the one that is not accurate?,transaction_charged_twice,transaction_charged_twice,True,0.9993,transaction_charged_twice,0.9993,cancel_transfer,1e-04,compromised_card,1e-04
I think something may have happened that caused a charge to show up twice.,transaction_charged_twice,transaction_charged_twice,True,0.9994,transaction_charged_twice,0.9994,cancel_transfer,1e-04,disposable_card_limits,1e-04
Why is there a transaction that shows multiple times?,transaction_charged_twice,transaction_charged_twice,True,0.999,transaction_charged_twice,0.999,cancel_transfer,0.0002,disposable_card_limits,1e-04
I see what looks like duplicate charges on account.,transaction_charged_twice,transaction_charged_twice,True,0.9991,transaction_charged_twice,0.9991,disposable_card_limits,0.0002,card_payment_not_recognised,1e-04
Why was I charged multiple times for the same thing?,transaction_charged_twice,transaction_charged_twice,True,0.9992,transaction_charged_twice,0.9992,card_payment_wrong_exchange_rate,1e-04,disposable_card_limits,1e-04
I had a duplicate card and got charged twice. How do I resolve this?,transaction_charged_twice,transaction_charged_twice,True,0.9989,transaction_charged_twice,0.9989,disposable_card_limits,0.0002,getting_spare_card,0.0002
Hello. I checked my transactions and saw I was double charged on my card for a restaurant visit. I would like to get my money back.,transaction_charged_twice,transaction_charged_twice,True,0.9985,transaction_charged_twice,0.9985,disposable_card_limits,0.0004,card_payment_wrong_exchange_rate,1e-04
Why am I being charged twice?,transaction_charged_twice,transaction_charged_twice,True,0.9994,transaction_charged_twice,0.9994,disposable_card_limits,1e-04,cancel_transfer,0.0
Transactions on my card look really weird. I've been charged twice for a couple things this week! Please check this and return the double charged ones.,transaction_charged_twice,transaction_charged_twice,True,0.9993,transaction_charged_twice,0.9993,cancel_transfer,1e-04,disposable_card_limits,1e-04
Please check payments on my card. There is a duplicate and I only bought it once.,transaction_charged_twice,transaction_charged_twice,True,0.9989,transaction_charged_twice,0.9989,card_payment_not_recognised,0.0003,disposable_card_limits,1e-04
"More than one time this week, I have been charged more than once for the same transaction. Please correct the issue and refund the duplicate charges.",transaction_charged_twice,transaction_charged_twice,True,0.9993,transaction_charged_twice,0.9993,cancel_transfer,1e-04,disposable_card_limits,1e-04
A transaction is repeated several times on my account.,transaction_charged_twice,transaction_charged_twice,True,0.9978,transaction_charged_twice,0.9978,cancel_transfer,0.0012,compromised_card,0.0002
I've been charged more than once for the same transaction,transaction_charged_twice,transaction_charged_twice,True,0.9993,transaction_charged_twice,0.9993,cancel_transfer,1e-04,disposable_card_limits,1e-04
My card has been charged two separate times for a single transaction.,transaction_charged_twice,transaction_charged_twice,True,0.9992,transaction_charged_twice,0.9992,disposable_card_limits,1e-04,compromised_card,1e-04
Can you explain why there is a payment showing twice?,transaction_charged_twice,transaction_charged_twice,True,0.9993,transaction_charged_twice,0.9993,card_payment_not_recognised,1e-04,disposable_card_limits,1e-04
Why have I been charged twice for the same transaction?,transaction_charged_twice,transaction_charged_twice,True,0.9994,transaction_charged_twice,0.9994,disposable_card_limits,1e-04,cancel_transfer,0.0
I see that I have been charged multiple times for the same transaction.,transaction_charged_twice,transaction_charged_twice,True,0.9992,transaction_charged_twice,0.9992,cancel_transfer,1e-04,compromised_card,1e-04
I was double charged,transaction_charged_twice,transaction_charged_twice,True,0.9991,transaction_charged_twice,0.9991,disposable_card_limits,1e-04,compromised_card,1e-04
I have multiple charges on the same transaction.,transaction_charged_twice,transaction_charged_twice,True,0.9987,transaction_charged_twice,0.9987,cancel_transfer,0.0004,card_payment_not_recognised,1e-04
"Looks like my card payment was duplicated. I went to pay at the store earlier, got declined once,second time it works. App still stays pending for one of the payments. Can you please remove one of them as it's wrong and clearly was declined?",transaction_charged_twice,transaction_charged_twice,True,0.9992,transaction_charged_twice,0.9992,disposable_card_limits,1e-04,card_payment_not_recognised,1e-04
I have a transaction that shows several times,transaction_charged_twice,transaction_charged_twice,True,0.9986,transaction_charged_twice,0.9986,disposable_card_limits,0.0004,cancel_transfer,1e-04
I recently got charged twice from a restaurant that I was at this week and I would like for one of those payments to be removed from my account.,transaction_charged_twice,transaction_charged_twice,True,0.9993,transaction_charged_twice,0.9993,disposable_card_limits,1e-04,card_payment_not_recognised,1e-04
There is more than one of the same transaction on my account.,transaction_charged_twice,transaction_charged_twice,True,0.9977,transaction_charged_twice,0.9977,wrong_amount_of_cash_received,0.0006,disposable_card_limits,0.0004
I have a duplicate payment showing,transaction_charged_twice,transaction_charged_twice,True,0.9988,transaction_charged_twice,0.9988,card_payment_not_recognised,0.0004,cancel_transfer,1e-04
I made a payment that got charged twice instead of once.,transaction_charged_twice,transaction_charged_twice,True,0.9994,transaction_charged_twice,0.9994,disposable_card_limits,1e-04,card_payment_not_recognised,0.0
What are my remedies if I think I was charged twice for the same expense?,transaction_charged_twice,transaction_charged_twice,True,0.9994,transaction_charged_twice,0.9994,disposable_card_limits,1e-04,card_payment_wrong_exchange_rate,1e-04
Can I verify the source of my funds?,verify_source_of_funds,verify_source_of_funds,True,0.9992,verify_source_of_funds,0.9992,transfer_timing,1e-04,age_limit,0.0
I want information about the source of funds.,verify_source_of_funds,verify_source_of_funds,True,0.9992,verify_source_of_funds,0.9992,transfer_timing,1e-04,receiving_money,0.0
Where are my funds being sourced from?,verify_source_of_funds,verify_source_of_funds,True,0.9989,verify_source_of_funds,0.9989,receiving_money,1e-04,verify_my_identity,1e-04
I would like to verify the source of my money,verify_source_of_funds,verify_source_of_funds,True,0.9992,verify_source_of_funds,0.9992,transfer_timing,1e-04,age_limit,0.0
where to funds come from,verify_source_of_funds,verify_source_of_funds,True,0.9986,verify_source_of_funds,0.9986,verify_my_identity,1e-04,receiving_money,1e-04
What is the source of my funds.,verify_source_of_funds,verify_source_of_funds,True,0.9992,verify_source_of_funds,0.9992,transfer_timing,1e-04,age_limit,1e-04
I need to verify my source of funds,verify_source_of_funds,verify_source_of_funds,True,0.9992,verify_source_of_funds,0.9992,transfer_timing,1e-04,age_limit,1e-04
I would like to see the source of my money.,verify_source_of_funds,verify_source_of_funds,True,0.9992,verify_source_of_funds,0.9992,transfer_timing,1e-04,age_limit,1e-04
Why do you need all this information about my Source of Funds?,verify_source_of_funds,verify_source_of_funds,True,0.9991,verify_source_of_funds,0.9991,transfer_timing,1e-04,age_limit,0.0
How can I check the source of funds?,verify_source_of_funds,verify_source_of_funds,True,0.9991,verify_source_of_funds,0.9991,transfer_timing,1e-04,balance_not_updated_after_cheque_or_cash_deposit,0.0
How can I tell where my funds came from?,verify_source_of_funds,verify_source_of_funds,True,0.9991,verify_source_of_funds,0.9991,age_limit,1e-04,transfer_timing,1e-04
What is the source of my available funds?,verify_source_of_funds,verify_source_of_funds,True,0.9992,verify_source_of_funds,0.9992,transfer_timing,1e-04,age_limit,1e-04
Can I find the origination of my funds?,verify_source_of_funds,verify_source_of_funds,True,0.9983,verify_source_of_funds,0.9983,transfer_timing,1e-04,age_limit,1e-04
My source of funds need verified.,verify_source_of_funds,verify_source_of_funds,True,0.9993,verify_source_of_funds,0.9993,transfer_timing,1e-04,age_limit,0.0
What information do you need to verify my Source of Funds?,verify_source_of_funds,verify_source_of_funds,True,0.9991,verify_source_of_funds,0.9991,transfer_timing,1e-04,balance_not_updated_after_cheque_or_cash_deposit,0.0
I need the source of my funds verified. How do I do this?,verify_source_of_funds,verify_source_of_funds,True,0.9992,verify_source_of_funds,0.9992,age_limit,1e-04,transfer_timing,1e-04
I need my funds verified.,verify_source_of_funds,verify_source_of_funds,True,0.9989,verify_source_of_funds,0.9989,transfer_timing,1e-04,age_limit,1e-04
Help me check where the funds came from.,verify_source_of_funds,verify_source_of_funds,True,0.999,verify_source_of_funds,0.999,transfer_timing,1e-04,balance_not_updated_after_cheque_or_cash_deposit,1e-04
I want to know where the funds come from.,verify_source_of_funds,verify_source_of_funds,True,0.9991,verify_source_of_funds,0.9991,transfer_timing,1e-04,age_limit,1e-04
What is the source of my money?,verify_source_of_funds,verify_source_of_funds,True,0.9991,verify_source_of_funds,0.9991,transfer_timing,1e-04,age_limit,1e-04
Where can I find the source of my available money?,verify_source_of_funds,verify_source_of_funds,True,0.9992,verify_source_of_funds,0.9992,transfer_timing,1e-04,age_limit,1e-04
How can I lookup where funds came from?,verify_source_of_funds,verify_source_of_funds,True,0.9991,verify_source_of_funds,0.9991,age_limit,1e-04,transfer_timing,1e-04
Can I see that history on my funds and where they came from?,verify_source_of_funds,verify_source_of_funds,True,0.999,verify_source_of_funds,0.999,age_limit,1e-04,receiving_money,1e-04
I have to verify the source of my funds,verify_source_of_funds,verify_source_of_funds,True,0.9991,verify_source_of_funds,0.9991,transfer_timing,1e-04,age_limit,0.0
How can I view the source of my available funds?,verify_source_of_funds,verify_source_of_funds,True,0.9992,verify_source_of_funds,0.9992,transfer_timing,1e-04,age_limit,1e-04
Why does my money come from?,verify_source_of_funds,verify_source_of_funds,True,0.9956,verify_source_of_funds,0.9956,receiving_money,0.0011,reverted_card_payment?,0.0004
I need to validate the source of my funds.,verify_source_of_funds,verify_source_of_funds,True,0.9992,verify_source_of_funds,0.9992,transfer_timing,1e-04,age_limit,1e-04
Where are my funds coming from? I need to know.,verify_source_of_funds,verify_source_of_funds,True,0.9991,verify_source_of_funds,0.9991,transfer_timing,1e-04,balance_not_updated_after_cheque_or_cash_deposit,1e-04
Where has my available money come from?,verify_source_of_funds,verify_source_of_funds,True,0.999,verify_source_of_funds,0.999,transfer_timing,1e-04,receiving_money,1e-04
Why do you need to know where my money is coming from?,verify_source_of_funds,verify_source_of_funds,True,0.999,verify_source_of_funds,0.999,transfer_timing,1e-04,age_limit,1e-04
How can I see where my money comes from?,verify_source_of_funds,verify_source_of_funds,True,0.9992,verify_source_of_funds,0.9992,transfer_timing,1e-04,age_limit,1e-04
How can I check the source for my funds?,verify_source_of_funds,verify_source_of_funds,True,0.9991,verify_source_of_funds,0.9991,transfer_timing,1e-04,balance_not_updated_after_cheque_or_cash_deposit,1e-04
Where can I see the source of my money?,verify_source_of_funds,verify_source_of_funds,True,0.9992,verify_source_of_funds,0.9992,transfer_timing,1e-04,age_limit,1e-04
"what is source of my funds, need to verify",verify_source_of_funds,verify_source_of_funds,True,0.999,verify_source_of_funds,0.999,transfer_timing,1e-04,receiving_money,1e-04
Where do my funds come from?,verify_source_of_funds,verify_source_of_funds,True,0.9991,verify_source_of_funds,0.9991,age_limit,1e-04,transfer_timing,1e-04
How can I check the source of my fund?,verify_source_of_funds,verify_source_of_funds,True,0.9992,verify_source_of_funds,0.9992,age_limit,1e-04,transfer_timing,1e-04
How can I see my source of funds?,verify_source_of_funds,verify_source_of_funds,True,0.9992,verify_source_of_funds,0.9992,age_limit,1e-04,transfer_timing,1e-04
How do I become aware of where my funds come from?,verify_source_of_funds,verify_source_of_funds,True,0.9991,verify_source_of_funds,0.9991,transfer_timing,1e-04,age_limit,1e-04
Where does all this money come from though?,verify_source_of_funds,verify_source_of_funds,True,0.9975,verify_source_of_funds,0.9975,wrong_amount_of_cash_received,0.0003,age_limit,0.0002
What do I need to do to verify the source of my funds?,verify_source_of_funds,verify_source_of_funds,True,0.9991,verify_source_of_funds,0.9991,transfer_timing,1e-04,age_limit,1e-04
What is the number of days I have to wait for my Europe transfer?,transfer_timing,transfer_timing,True,0.9981,transfer_timing,0.9981,card_delivery_estimate,0.0007,pending_top_up,0.0002
What is the wait time for a transfer from the US?,transfer_timing,transfer_timing,True,0.9983,transfer_timing,0.9983,card_delivery_estimate,0.0007,pending_top_up,0.0002
I need a fast transfer from China?  How fast will it be?,transfer_timing,transfer_timing,True,0.9979,transfer_timing,0.9979,card_delivery_estimate,0.0009,pending_top_up,0.0002
how soon will I see the transfer in my account?,transfer_timing,transfer_timing,True,0.9988,transfer_timing,0.9988,card_delivery_estimate,0.0002,balance_not_updated_after_bank_transfer,0.0002
How many days does it take until funds are in my account?,transfer_timing,transfer_timing,True,0.9937,transfer_timing,0.9937,card_delivery_estimate,0.0023,verify_source_of_funds,0.0015
How long until my transfer goes through?,transfer_timing,pending_transfer,False,0.9366,pending_transfer,0.9366,transfer_timing,0.023,balance_not_updated_after_bank_transfer,0.0165
Do transfers from Europe take longer?,transfer_timing,transfer_timing,True,0.9982,transfer_timing,0.9982,country_support,0.0003,card_delivery_estimate,0.0002
What is the fastest that I can make a transfer?,transfer_timing,transfer_timing,True,0.8834,transfer_timing,0.8834,balance_not_updated_after_bank_transfer,0.0409,top_up_by_bank_transfer_charge,0.0221
how long dies it take for transfers to reflect on my balance,transfer_timing,balance_not_updated_after_bank_transfer,False,0.9964,balance_not_updated_after_bank_transfer,0.9964,transfer_timing,0.0019,pending_transfer,0.0004
"If I started the Bank transfer from Europe, how long will the process take to complete?",transfer_timing,transfer_timing,True,0.9988,transfer_timing,0.9988,card_delivery_estimate,0.0002,balance_not_updated_after_bank_transfer,1e-04
How long until the money is in my account?,transfer_timing,transfer_timing,True,0.9932,transfer_timing,0.9932,card_delivery_estimate,0.0052,pending_top_up,0.0003
When will a transfer reach my account?,transfer_timing,transfer_timing,True,0.9766,transfer_timing,0.9766,balance_not_updated_after_bank_transfer,0.0211,transfer_into_account,0.0003
When should I expect to see my transfer hit my account?,transfer_timing,transfer_timing,True,0.9983,transfer_timing,0.9983,balance_not_updated_after_bank_transfer,0.0007,card_delivery_estimate,0.0002
Will my transfer immediately show up in my account?,transfer_timing,transfer_timing,True,0.9705,transfer_timing,0.9705,balance_not_updated_after_bank_transfer,0.0191,transfer_into_account,0.0051
"If I need to do a quick transfer from China, how long should I expect the transfer to take?",transfer_timing,transfer_timing,True,0.9988,transfer_timing,0.9988,card_delivery_estimate,0.0002,automatic_top_up,1e-04
When does the money get transferred to my account,transfer_timing,transfer_timing,True,0.7149,transfer_timing,0.7149,balance_not_updated_after_bank_transfer,0.2777,transfer_into_account,0.0018
How long do i have to wait for a transfer to reach my account?,transfer_timing,transfer_timing,True,0.9989,transfer_timing,0.9989,balance_not_updated_after_bank_transfer,0.0003,pending_transfer,0.0002
How long does it take for funds to come through the US to my account?,transfer_timing,transfer_timing,True,0.9684,transfer_timing,0.9684,card_delivery_estimate,0.0175,verify_source_of_funds,0.003
How long is my Europe transfer wait?,transfer_timing,transfer_timing,True,0.998,transfer_timing,0.998,card_delivery_estimate,0.0007,pending_top_up,0.0002
How many days does a transfer from the US take?,transfer_timing,transfer_timing,True,0.9975,transfer_timing,0.9975,card_delivery_estimate,0.0007,automatic_top_up,0.0004
How long do I have to wait for a transfer from the US?,transfer_timing,transfer_timing,True,0.9984,transfer_timing,0.9984,card_delivery_estimate,0.0006,pending_top_up,1e-04
How long is the wait for a US transfer?,transfer_timing,transfer_timing,True,0.9988,transfer_timing,0.9988,card_delivery_estimate,0.0003,pending_top_up,1e-04
How many days until the money will be in my account?,transfer_timing,transfer_timing,True,0.9935,transfer_timing,0.9935,card_delivery_estimate,0.0045,pending_top_up,0.0003
How long does it take for a transfer?,transfer_timing,balance_not_updated_after_bank_transfer,False,0.7694,balance_not_updated_after_bank_transfer,0.7694,transfer_not_received_by_recipient,0.2062,transfer_timing,0.0176
What is the time frame for a transfer from the US?,transfer_timing,transfer_timing,True,0.9969,transfer_timing,0.9969,card_delivery_estimate,0.0019,pending_top_up,0.0002
when will i receive a US transfer,transfer_timing,transfer_timing,True,0.9972,transfer_timing,0.9972,card_delivery_estimate,0.0006,automatic_top_up,0.0003
Approximately how long will an urgent transfer from China take?,transfer_timing,transfer_timing,True,0.9987,transfer_timing,0.9987,card_delivery_estimate,0.0004,pending_transfer,1e-04
"I initiated a Bank transfer form Europe, how long will this take?",transfer_timing,transfer_timing,True,0.9971,transfer_timing,0.9971,country_support,0.0009,card_delivery_estimate,0.0003
How long does it take to process transfers from Europe?,transfer_timing,transfer_timing,True,0.9985,transfer_timing,0.9985,card_delivery_estimate,0.0004,country_support,0.0002
How long does a funds transfer take from one back to another?,transfer_timing,transfer_timing,True,0.9696,transfer_timing,0.9696,pending_transfer,0.0207,balance_not_updated_after_bank_transfer,0.0028
What would the approximate delivery date be if I transferred something urgently to China?,transfer_timing,transfer_timing,True,0.9979,transfer_timing,0.9979,card_delivery_estimate,0.0009,pending_top_up,0.0002
I have to transfer something to China as fast as I can. How long will it take to arrive in China?,transfer_timing,transfer_timing,True,0.9983,transfer_timing,0.9983,card_delivery_estimate,0.0007,pending_top_up,1e-04
How long to I have to wait for a transfer to reach my account?,transfer_timing,transfer_timing,True,0.999,transfer_timing,0.999,pending_transfer,0.0002,balance_not_updated_after_bank_transfer,0.0002
How long is it going to take for my funds to show in my account?,transfer_timing,verify_source_of_funds,False,0.7527,verify_source_of_funds,0.7527,transfer_timing,0.2067,balance_not_updated_after_cheque_or_cash_deposit,0.01
"How long does a transfer take from the point it's sent, to the point it arrives in my account?",transfer_timing,transfer_not_received_by_recipient,False,0.4747,transfer_not_received_by_recipient,0.4747,transfer_timing,0.4185,card_delivery_estimate,0.0989
How long will it take for the transfer to reach my account?,transfer_timing,transfer_timing,True,0.9983,transfer_timing,0.9983,balance_not_updated_after_bank_transfer,0.0004,transfer_not_received_by_recipient,0.0004
If my transfer is from Europe how long will it take?,transfer_timing,transfer_timing,True,0.9988,transfer_timing,0.9988,card_delivery_estimate,0.0003,pending_top_up,1e-04
There is an important thing from China that I need to transfer. Approximately how long will this take?,transfer_timing,transfer_timing,True,0.9987,transfer_timing,0.9987,balance_not_updated_after_bank_transfer,0.0004,pending_top_up,1e-04
How long does a transfer take from china?,transfer_timing,transfer_timing,True,0.9988,transfer_timing,0.9988,card_delivery_estimate,0.0003,pending_top_up,1e-04
When will money be available in my account?,transfer_timing,transfer_timing,True,0.9976,transfer_timing,0.9976,card_delivery_estimate,0.0013,pending_top_up,0.0002
I think my card payment has been stopped,reverted_card_payment?,reverted_card_payment?,True,0.9854,reverted_card_payment?,0.9854,declined_card_payment,0.0127,card_payment_not_recognised,0.0004
My card payment was reverted.  Why?,reverted_card_payment?,reverted_card_payment?,True,0.9994,reverted_card_payment?,0.9994,declined_card_payment,0.0002,pending_card_payment,0.0
the app reverted my payment,reverted_card_payment?,reverted_card_payment?,True,0.9995,reverted_card_payment?,0.9995,declined_card_payment,1e-04,direct_debit_payment_not_recognised,1e-04
My card payment was cancelled.,reverted_card_payment?,reverted_card_payment?,True,0.9994,reverted_card_payment?,0.9994,declined_card_payment,1e-04,transfer_not_received_by_recipient,0.0
Why was my payment cancelled?,reverted_card_payment?,reverted_card_payment?,True,0.9993,reverted_card_payment?,0.9993,declined_card_payment,1e-04,transfer_not_received_by_recipient,1e-04
I made a payment but the app reverted the payment.,reverted_card_payment?,reverted_card_payment?,True,0.9992,reverted_card_payment?,0.9992,direct_debit_payment_not_recognised,0.0002,card_payment_not_recognised,1e-04
My payment was reverted by the app,reverted_card_payment?,reverted_card_payment?,True,0.9995,reverted_card_payment?,0.9995,declined_card_payment,1e-04,pending_card_payment,1e-04
"Hello, My money went through for my purchase but now I got contacted from the seller noting that they didn't receive it. Then the money was returned to my account and I'm not sure why this occurred. So if you can resolve this issue please.",reverted_card_payment?,reverted_card_payment?,True,0.9984,reverted_card_payment?,0.9984,request_refund,0.0003,direct_debit_payment_not_recognised,0.0002
Please explain to me the circumstances in which my card payment would be reverted?,reverted_card_payment?,reverted_card_payment?,True,0.9993,reverted_card_payment?,0.9993,declined_card_payment,0.0002,pending_card_payment,1e-04
Why has my card payment been cancelled?,reverted_card_payment?,reverted_card_payment?,True,0.9993,reverted_card_payment?,0.9993,declined_card_payment,0.0002,transfer_not_received_by_recipient,1e-04
What do I do if it says my card payment has been cancelled?,reverted_card_payment?,reverted_card_payment?,True,0.9992,reverted_card_payment?,0.9992,declined_card_payment,0.0002,pending_card_payment,1e-04
I'm not sure why my account has been refunded a payment for an item I've already received about 2 weeks ago. Can you please tell me what is going on?,reverted_card_payment?,reverted_card_payment?,True,0.9136,reverted_card_payment?,0.9136,request_refund,0.0528,Refund_not_showing_up,0.0237
My card is being declined for a purchase. I bought items before and the card worked. Do you know what the problem is?,reverted_card_payment?,declined_card_payment,False,0.9862,declined_card_payment,0.9862,declined_transfer,0.009,reverted_card_payment?,0.0019
Can you tell my why my card payment has been reverted.,reverted_card_payment?,reverted_card_payment?,True,0.9994,reverted_card_payment?,0.9994,declined_card_payment,0.0002,pending_card_payment,0.0
why did the app refuse to make an approved payment,reverted_card_payment?,pending_card_payment,False,0.3385,pending_card_payment,0.3385,card_payment_not_recognised,0.286,declined_card_payment,0.25
Do you know why my card payment was reverted?,reverted_card_payment?,reverted_card_payment?,True,0.9994,reverted_card_payment?,0.9994,declined_card_payment,0.0002,pending_card_payment,0.0
My credit card cancelled a payment for a purchase.,reverted_card_payment?,reverted_card_payment?,True,0.9947,reverted_card_payment?,0.9947,card_payment_not_recognised,0.002,direct_debit_payment_not_recognised,0.0011
Why was my payment reversed?,reverted_card_payment?,reverted_card_payment?,True,0.9993,reverted_card_payment?,0.9993,declined_card_payment,0.0002,direct_debit_payment_not_recognised,1e-04
I have a payment listed as cancelled.,reverted_card_payment?,reverted_card_payment?,True,0.9991,reverted_card_payment?,0.9991,direct_debit_payment_not_recognised,0.0002,pending_card_payment,1e-04
I think my card payment had been return,reverted_card_payment?,reverted_card_payment?,True,0.998,reverted_card_payment?,0.998,declined_card_payment,0.0012,card_payment_not_recognised,0.0003
I was contacted by a seller with a message that they never received my money. I am 100% sure it was taken from my account so I definitely need this sorted out soon.,reverted_card_payment?,reverted_card_payment?,True,0.7392,reverted_card_payment?,0.7392,direct_debit_payment_not_recognised,0.21,declined_card_payment,0.0202
what happens to the funds if a merchant refuses the payment,reverted_card_payment?,reverted_card_payment?,True,0.7107,reverted_card_payment?,0.7107,declined_card_payment,0.2764,card_payment_not_recognised,0.005
"I am attempting to make a purchase online, but my card is not working.  I know there are funds available, is this an issue on the banks end?",reverted_card_payment?,reverted_card_payment?,True,0.8864,reverted_card_payment?,0.8864,declined_card_payment,0.0944,virtual_card_not_working,0.0047
Why was my card payment cancelled?,reverted_card_payment?,reverted_card_payment?,True,0.9993,reverted_card_payment?,0.9993,declined_card_payment,0.0003,transfer_not_received_by_recipient,1e-04
Why has my card payment been reverted?,reverted_card_payment?,reverted_card_payment?,True,0.9994,reverted_card_payment?,0.9994,declined_card_payment,0.0002,pending_card_payment,1e-04
"There must be an issue, why has my card been cancelled?",reverted_card_payment?,reverted_card_payment?,True,0.6801,reverted_card_payment?,0.6801,card_not_working,0.2217,declined_card_payment,0.0369
I bought something and the money appeared back into my account? Why?,reverted_card_payment?,reverted_card_payment?,True,0.9987,reverted_card_payment?,0.9987,request_refund,0.0003,top_up_reverted,1e-04
My account shows the card payment cancelled.,reverted_card_payment?,reverted_card_payment?,True,0.9992,reverted_card_payment?,0.9992,direct_debit_payment_not_recognised,1e-04,card_payment_not_recognised,1e-04
"I'm not sure why my card payment was cancelled, can you find out why?",reverted_card_payment?,reverted_card_payment?,True,0.9975,reverted_card_payment?,0.9975,declined_card_payment,0.002,virtual_card_not_working,1e-04
What is the reason that my card payment was cancelled?,reverted_card_payment?,reverted_card_payment?,True,0.9991,reverted_card_payment?,0.9991,declined_card_payment,0.0004,transfer_not_received_by_recipient,0.0
"Hi, I would like to file a claim for an inquiry. I am a frequent customer of the company in question and have never had any issue with my purchases, payments, or otherwise. However, the price deducted for an item I purchased a couple of weeks ago has been returned to my checking account. Was there an issue with my payment? The item has already been delivered to me.",reverted_card_payment?,reverted_card_payment?,True,0.9899,reverted_card_payment?,0.9899,request_refund,0.0032,declined_card_payment,0.0018
Why was my card payment reverted?,reverted_card_payment?,reverted_card_payment?,True,0.9994,reverted_card_payment?,0.9994,declined_card_payment,0.0002,pending_card_payment,0.0
Why does the app revert a payment?,reverted_card_payment?,reverted_card_payment?,True,0.9974,reverted_card_payment?,0.9974,cancel_transfer,0.0005,card_payment_not_recognised,0.0005
I did a payment but the app reverted it,reverted_card_payment?,reverted_card_payment?,True,0.999,reverted_card_payment?,0.999,direct_debit_payment_not_recognised,0.0002,card_payment_not_recognised,1e-04
What happens if a merchant doesn't accept a payment?,reverted_card_payment?,reverted_card_payment?,True,0.9559,reverted_card_payment?,0.9559,declined_card_payment,0.0336,card_payment_not_recognised,0.0066
There was a canceled payment for my card.,reverted_card_payment?,reverted_card_payment?,True,0.9967,reverted_card_payment?,0.9967,direct_debit_payment_not_recognised,0.0011,card_payment_not_recognised,0.001
My transaction to pay for an item was returned to my account.,reverted_card_payment?,reverted_card_payment?,True,0.9213,reverted_card_payment?,0.9213,request_refund,0.0704,transfer_fee_charged,0.0041
Someone stopped my payment,reverted_card_payment?,reverted_card_payment?,True,0.9687,reverted_card_payment?,0.9687,card_payment_not_recognised,0.0237,declined_card_payment,0.0029
"If my card payment is cancelled, what should I do?",reverted_card_payment?,reverted_card_payment?,True,0.9992,reverted_card_payment?,0.9992,pending_card_payment,0.0002,declined_card_payment,1e-04
Why has payment been returned?,reverted_card_payment?,reverted_card_payment?,True,0.9993,reverted_card_payment?,0.9993,pending_card_payment,1e-04,transfer_not_received_by_recipient,1e-04
What kind of cash machines would allow me to change my PIN?,change_pin,change_pin,True,0.999,change_pin,0.999,contactless_not_working,1e-04,pin_blocked,1e-04
Where do I change my PIN?,change_pin,change_pin,True,0.9992,change_pin,0.9992,contactless_not_working,1e-04,get_physical_card,1e-04
Is the bank the only place I can change my PIN>,change_pin,change_pin,True,0.9991,change_pin,0.9991,contactless_not_working,1e-04,get_physical_card,1e-04
"If I am overseas, how do I change my pin?",change_pin,change_pin,True,0.9991,change_pin,0.9991,contactless_not_working,1e-04,pin_blocked,1e-04
Can i change my PIN at the ATM?,change_pin,change_pin,True,0.9991,change_pin,0.9991,contactless_not_working,1e-04,pin_blocked,1e-04
How might  I change my PIN?,change_pin,change_pin,True,0.9992,change_pin,0.9992,contactless_not_working,1e-04,pin_blocked,1e-04
I would like to change my PIN but I am not currently in the country.,change_pin,change_pin,True,0.9987,change_pin,0.9987,pin_blocked,0.0002,contactless_not_working,1e-04
I would like to change my card PIN.,change_pin,change_pin,True,0.9991,change_pin,0.9991,contactless_not_working,1e-04,pin_blocked,1e-04
I want to set a new PIN,change_pin,change_pin,True,0.9987,change_pin,0.9987,contactless_not_working,0.0002,get_physical_card,0.0002
"I desperately need to change my PIN, but I'm overseas on vacation right now. How can I do this?",change_pin,change_pin,True,0.999,change_pin,0.999,contactless_not_working,1e-04,pin_blocked,1e-04
I need a new Pin how do I go about that?,change_pin,change_pin,True,0.9985,change_pin,0.9985,pin_blocked,0.0004,contactless_not_working,0.0002
Is there a location near me that i can change my PIN?,change_pin,change_pin,True,0.9992,change_pin,0.9992,contactless_not_working,1e-04,pin_blocked,1e-04
In what ATM can I change my pin?,change_pin,change_pin,True,0.9991,change_pin,0.9991,contactless_not_working,1e-04,pin_blocked,1e-04
I'd like to make a new PIN selection.,change_pin,change_pin,True,0.9887,change_pin,0.9887,get_physical_card,0.0087,pin_blocked,0.0014
How do I set a new pin?,change_pin,change_pin,True,0.9987,change_pin,0.9987,get_physical_card,0.0002,contactless_not_working,0.0002
How do I update my PIN to a new number?,change_pin,change_pin,True,0.9987,change_pin,0.9987,pin_blocked,0.0002,contactless_not_working,1e-04
How can I change my Tholepin ?,change_pin,change_pin,True,0.998,change_pin,0.998,contactless_not_working,0.0004,pin_blocked,0.0002
My new pin needs to be set.,change_pin,change_pin,True,0.9864,change_pin,0.9864,get_physical_card,0.0111,pin_blocked,0.0013
I want to choose a different PIN.,change_pin,change_pin,True,0.9966,change_pin,0.9966,visa_or_mastercard,0.001,get_physical_card,0.0005
I would like to change my pin.,change_pin,change_pin,True,0.9991,change_pin,0.9991,contactless_not_working,1e-04,pin_blocked,1e-04
Am I able to change my PIN at any cash machines?,change_pin,change_pin,True,0.999,change_pin,0.999,contactless_not_working,1e-04,pin_blocked,1e-04
I am travelling for two more weeks but really need to change my PIN asap. What do I do?,change_pin,change_pin,True,0.9991,change_pin,0.9991,contactless_not_working,1e-04,pin_blocked,1e-04
I need to change my PIN. Can I do that at a cash machine?,change_pin,change_pin,True,0.999,change_pin,0.999,contactless_not_working,1e-04,pin_blocked,1e-04
Do cash machines let me change my pin?,change_pin,change_pin,True,0.9989,change_pin,0.9989,pin_blocked,1e-04,contactless_not_working,1e-04
How do I change my PIN?,change_pin,change_pin,True,0.9992,change_pin,0.9992,contactless_not_working,1e-04,pin_blocked,1e-04
I need to change my PIN.,change_pin,change_pin,True,0.9991,change_pin,0.9991,contactless_not_working,1e-04,pin_blocked,1e-04
May I receive a different card pin,change_pin,change_pin,True,0.7502,change_pin,0.7502,get_physical_card,0.2198,visa_or_mastercard,0.0149
What do I need to do to change my PIN?,change_pin,change_pin,True,0.9991,change_pin,0.9991,contactless_not_working,1e-04,pin_blocked,1e-04
Help me set up a new PIN?,change_pin,change_pin,True,0.9987,change_pin,0.9987,pin_blocked,0.0002,contactless_not_working,0.0002
Which cash machines will allow me to change my PIN?,change_pin,change_pin,True,0.999,change_pin,0.999,contactless_not_working,1e-04,pin_blocked,1e-04
"I am in Austria right now. I need to change my PIN ASAP, so can I still do this from here?",change_pin,change_pin,True,0.999,change_pin,0.999,contactless_not_working,1e-04,pin_blocked,1e-04
Where can I find instructions to change my PIN?,change_pin,change_pin,True,0.9991,change_pin,0.9991,contactless_not_working,1e-04,pin_blocked,1e-04
I need to change my pin but I am on the road.,change_pin,change_pin,True,0.9989,change_pin,0.9989,pin_blocked,0.0002,contactless_not_working,1e-04
How do I update the PIN on my account?,change_pin,change_pin,True,0.9985,change_pin,0.9985,card_about_to_expire,0.0002,get_physical_card,0.0002
I need a new PIN.,change_pin,change_pin,True,0.9984,change_pin,0.9984,pin_blocked,0.0004,get_physical_card,0.0003
Show me how to change my pin?,change_pin,change_pin,True,0.9991,change_pin,0.9991,pin_blocked,1e-04,contactless_not_working,1e-04
Please tell me which cash machines will allow me to change my pin.,change_pin,change_pin,True,0.9988,change_pin,0.9988,contactless_not_working,1e-04,pin_blocked,1e-04
What steps do I need to take to change my card PIN?,change_pin,change_pin,True,0.9991,change_pin,0.9991,contactless_not_working,1e-04,pin_blocked,1e-04
How to change the PIN on my card?,change_pin,change_pin,True,0.999,change_pin,0.999,pin_blocked,1e-04,contactless_not_working,1e-04
How can I change the PIN?  Do I have to go to a real bank?,change_pin,change_pin,True,0.9991,change_pin,0.9991,contactless_not_working,1e-04,pin_blocked,1e-04
I've tried numerous times to submit a transfer of funds. Why isn't it going through?,beneficiary_not_allowed,beneficiary_not_allowed,True,0.8135,beneficiary_not_allowed,0.8135,failed_transfer,0.1208,declined_transfer,0.0454
I've transferred money before without issue but now I am encountering an error stating that it isn't possible. Why is that?,beneficiary_not_allowed,beneficiary_not_allowed,True,0.9982,beneficiary_not_allowed,0.9982,declined_transfer,0.0006,pending_transfer,0.0002
I am not able to do a transfer to an account,beneficiary_not_allowed,beneficiary_not_allowed,True,0.9859,beneficiary_not_allowed,0.9859,transfer_into_account,0.0111,why_verify_identity,0.0004
I was unable to make a transfer to another account.,beneficiary_not_allowed,beneficiary_not_allowed,True,0.9972,beneficiary_not_allowed,0.9972,compromised_card,0.0006,transfer_into_account,0.0004
I had a transfer blocked,beneficiary_not_allowed,declined_transfer,False,0.954,declined_transfer,0.954,failed_transfer,0.0152,beneficiary_not_allowed,0.0093
Can you please help me with this exchange?  I am trying to get crypto and the app won't let me.,beneficiary_not_allowed,beneficiary_not_allowed,True,0.999,beneficiary_not_allowed,0.999,why_verify_identity,0.0002,pending_transfer,1e-04
How do I do a successful transfer to an account?,beneficiary_not_allowed,transfer_into_account,False,0.9927,transfer_into_account,0.9927,beneficiary_not_allowed,0.0036,balance_not_updated_after_bank_transfer,0.0005
Why did I get a message saying that my transfer is not possible?  I have done this before no problem.  Please fix.,beneficiary_not_allowed,beneficiary_not_allowed,True,0.9987,beneficiary_not_allowed,0.9987,compromised_card,0.0002,declined_transfer,1e-04
"Hey I want to buy some crypto but the app doesn't allow me to! What's the issue, I really want to exchange this",beneficiary_not_allowed,beneficiary_not_allowed,True,0.9985,beneficiary_not_allowed,0.9985,why_verify_identity,0.0003,compromised_card,0.0003
I tried to transfer money but it said it wasn't possible? I've done this before and it worked why isn't it working now?,beneficiary_not_allowed,beneficiary_not_allowed,True,0.8635,beneficiary_not_allowed,0.8635,failed_transfer,0.1271,cancel_transfer,0.0016
Why can't I transfer to a beneficiary?,beneficiary_not_allowed,beneficiary_not_allowed,True,0.9994,beneficiary_not_allowed,0.9994,pending_transfer,1e-04,declined_transfer,1e-04
I am having problems transferring to a beneficiary.,beneficiary_not_allowed,beneficiary_not_allowed,True,0.9993,beneficiary_not_allowed,0.9993,pending_transfer,1e-04,declined_transfer,1e-04
What's the deal with no cryptocurrency on your app?,beneficiary_not_allowed,beneficiary_not_allowed,True,0.9931,beneficiary_not_allowed,0.9931,why_verify_identity,0.002,compromised_card,0.0016
Why isn't my transfer not going through? I keep getting an error message.,beneficiary_not_allowed,beneficiary_not_allowed,True,0.999,beneficiary_not_allowed,0.999,declined_transfer,0.0002,compromised_card,1e-04
What are the rules for transferring to a beneficiary?,beneficiary_not_allowed,beneficiary_not_allowed,True,0.9992,beneficiary_not_allowed,0.9992,pending_transfer,1e-04,declined_transfer,1e-04
Can I transfer money to a beneficiery?,beneficiary_not_allowed,beneficiary_not_allowed,True,0.999,beneficiary_not_allowed,0.999,transfer_into_account,1e-04,pending_transfer,1e-04
I have tried transferring money numerous times.  All I keep getting is an error message.  Can you tell me what is going on and how this van be fixed?,beneficiary_not_allowed,beneficiary_not_allowed,True,0.9968,beneficiary_not_allowed,0.9968,failed_transfer,0.0012,declined_transfer,0.0009
I have a cryptocurrency exchange that won't go through. Please help me process it.,beneficiary_not_allowed,beneficiary_not_allowed,True,0.9977,beneficiary_not_allowed,0.9977,declined_transfer,0.0006,failed_transfer,0.0004
Why wasn't I able to transfer to another account?,beneficiary_not_allowed,beneficiary_not_allowed,True,0.9961,beneficiary_not_allowed,0.9961,transfer_into_account,0.0009,compromised_card,0.0006
The money would not transfer to a beneficiary.,beneficiary_not_allowed,beneficiary_not_allowed,True,0.9993,beneficiary_not_allowed,0.9993,pending_transfer,1e-04,compromised_card,1e-04
How come I'm not allowed to transfer funds right now? I just keep getting an error message.,beneficiary_not_allowed,beneficiary_not_allowed,True,0.9981,beneficiary_not_allowed,0.9981,compromised_card,0.0006,declined_transfer,0.0002
I couldn't do a transfer to an account,beneficiary_not_allowed,beneficiary_not_allowed,True,0.9952,beneficiary_not_allowed,0.9952,transfer_into_account,0.0027,why_verify_identity,0.0003
A transfer to an account was not allowed,beneficiary_not_allowed,beneficiary_not_allowed,True,0.9978,beneficiary_not_allowed,0.9978,why_verify_identity,0.0005,transfer_into_account,0.0003
Why did I receive an error message saying that my transfer was not possible?,beneficiary_not_allowed,beneficiary_not_allowed,True,0.999,beneficiary_not_allowed,0.999,declined_transfer,1e-04,compromised_card,1e-04
Explain why I can't do a transfer to a beneficiary.,beneficiary_not_allowed,beneficiary_not_allowed,True,0.9994,beneficiary_not_allowed,0.9994,pending_transfer,1e-04,declined_transfer,1e-04
My transfer to beneficiary didn't go through,beneficiary_not_allowed,beneficiary_not_allowed,True,0.9994,beneficiary_not_allowed,0.9994,pending_transfer,1e-04,declined_transfer,1e-04
Why isn't my transfer going through? I get a message saying it's not possible. I've had no issues in the past.,beneficiary_not_allowed,beneficiary_not_allowed,True,0.9896,beneficiary_not_allowed,0.9896,failed_transfer,0.0078,declined_transfer,0.001
I couldn't make a transfer to a beneficiary!,beneficiary_not_allowed,beneficiary_not_allowed,True,0.9994,beneficiary_not_allowed,0.9994,pending_transfer,1e-04,declined_transfer,1e-04
"My beneficiary has been denied, is this normal?",beneficiary_not_allowed,beneficiary_not_allowed,True,0.9992,beneficiary_not_allowed,0.9992,compromised_card,1e-04,pending_transfer,1e-04
I am trying to exchange crypto and it's not working. Tell me how to fix this.,beneficiary_not_allowed,beneficiary_not_allowed,True,0.9989,beneficiary_not_allowed,0.9989,why_verify_identity,0.0002,compromised_card,1e-04
The account transfer I was trying to do failed.,beneficiary_not_allowed,beneficiary_not_allowed,True,0.9317,beneficiary_not_allowed,0.9317,failed_transfer,0.0516,transfer_into_account,0.0047
"My beneficiary is not allowed, please may I have answer as to why this is?",beneficiary_not_allowed,beneficiary_not_allowed,True,0.9993,beneficiary_not_allowed,0.9993,pending_transfer,1e-04,compromised_card,1e-04
Why couldn't I do a transfer to a beneficiary?,beneficiary_not_allowed,beneficiary_not_allowed,True,0.9994,beneficiary_not_allowed,0.9994,pending_transfer,1e-04,declined_transfer,1e-04
Why would i not be able to do a transfer to a beneficiary?,beneficiary_not_allowed,beneficiary_not_allowed,True,0.9994,beneficiary_not_allowed,0.9994,pending_transfer,1e-04,declined_transfer,1e-04
I want to transfer money to a beneficiery. Why can't I?,beneficiary_not_allowed,beneficiary_not_allowed,True,0.9992,beneficiary_not_allowed,0.9992,compromised_card,1e-04,pending_transfer,1e-04
Can you help with a transfer to an account,beneficiary_not_allowed,transfer_into_account,False,0.9034,transfer_into_account,0.9034,beneficiary_not_allowed,0.081,balance_not_updated_after_bank_transfer,0.0025
why isnt my account allowing transfers,beneficiary_not_allowed,beneficiary_not_allowed,True,0.9901,beneficiary_not_allowed,0.9901,transfer_into_account,0.0051,why_verify_identity,0.0013
"I want to buy cryptocurrency, but your app doesn't let me. Why?",beneficiary_not_allowed,beneficiary_not_allowed,True,0.9988,beneficiary_not_allowed,0.9988,declined_transfer,0.0002,disposable_card_limits,0.0002
i tried to make a transfer to a beneficiary and it didn't go through,beneficiary_not_allowed,beneficiary_not_allowed,True,0.9994,beneficiary_not_allowed,0.9994,declined_transfer,1e-04,pending_transfer,1e-04
Why was a transfer to an account not allowed?,beneficiary_not_allowed,beneficiary_not_allowed,True,0.9983,beneficiary_not_allowed,0.9983,why_verify_identity,0.0002,transfer_into_account,0.0002
"When I made a transfer, there was a fee.  Why?",transfer_fee_charged,transfer_fee_charged,True,0.9994,transfer_fee_charged,0.9994,declined_transfer,0.0002,top_up_by_bank_transfer_charge,1e-04
I was charged a fee for my transfer.,transfer_fee_charged,transfer_fee_charged,True,0.9994,transfer_fee_charged,0.9994,declined_transfer,0.0002,top_up_by_bank_transfer_charge,1e-04
Is there a reason I was charged a fee to transfer?,transfer_fee_charged,transfer_fee_charged,True,0.9995,transfer_fee_charged,0.9995,card_payment_fee_charged,1e-04,declined_transfer,1e-04
Why was a charged just for transferring?,transfer_fee_charged,transfer_fee_charged,True,0.9989,transfer_fee_charged,0.9989,card_payment_fee_charged,0.0004,top_up_by_bank_transfer_charge,0.0002
I had to pay in order to do a transfer,transfer_fee_charged,transfer_fee_charged,True,0.904,transfer_fee_charged,0.904,top_up_by_bank_transfer_charge,0.038,receiving_money,0.0322
What is the transfer fee charge?,transfer_fee_charged,transfer_fee_charged,True,0.8306,transfer_fee_charged,0.8306,top_up_by_bank_transfer_charge,0.1673,top_up_by_card_charge,0.0002
Why was I charged extra for transferring money?,transfer_fee_charged,transfer_fee_charged,True,0.9992,transfer_fee_charged,0.9992,declined_transfer,0.0002,card_payment_fee_charged,1e-04
im not paying this transfer fee,transfer_fee_charged,transfer_fee_charged,True,0.9989,transfer_fee_charged,0.9989,card_payment_fee_charged,0.0003,beneficiary_not_allowed,0.0002
I am being charged a transfer fee aren't they free?,transfer_fee_charged,transfer_fee_charged,True,0.9994,transfer_fee_charged,0.9994,declined_transfer,1e-04,top_up_by_bank_transfer_charge,1e-04
What is the maximum I can transfer before I incur fees?,transfer_fee_charged,transfer_fee_charged,True,0.995,transfer_fee_charged,0.995,top_up_by_bank_transfer_charge,0.0032,card_payment_fee_charged,0.0011
I got 2 transfer fees and I thought transfers were free.,transfer_fee_charged,transfer_fee_charged,True,0.9993,transfer_fee_charged,0.9993,declined_transfer,1e-04,card_payment_fee_charged,1e-04
Why am I being charged a fee for transferring money?,transfer_fee_charged,transfer_fee_charged,True,0.9993,transfer_fee_charged,0.9993,declined_transfer,0.0002,card_payment_fee_charged,1e-04
Do charge fees for transfers?,transfer_fee_charged,top_up_by_bank_transfer_charge,False,0.9922,top_up_by_bank_transfer_charge,0.9922,transfer_fee_charged,0.0066,top_up_by_card_charge,0.0002
"I recently got a new place while I'm staying abroad and have been using this account to manage payments, but suddenly I am seeing fees increase. Where are these additional fees coming from?",transfer_fee_charged,transfer_fee_charged,True,0.9982,transfer_fee_charged,0.9982,pending_transfer,0.0004,top_up_by_bank_transfer_charge,0.0002
"Hi,  Please help me, as i have transferred some amount but receiver did not get the same amount. He received a bit less. Due to this again i need to transfer the difference.   I have transferred money but beneficiary's account is credited with less amount. Now i have transfer the difference of the amount. I think there is some issue, could you please look into this.",transfer_fee_charged,transfer_fee_charged,True,0.9994,transfer_fee_charged,0.9994,declined_transfer,1e-04,top_up_by_bank_transfer_charge,1e-04
"Why did I get charged for something I bought online? Even though it was international, I thought it would be covered.",transfer_fee_charged,card_payment_wrong_exchange_rate,False,0.3222,card_payment_wrong_exchange_rate,0.3222,transfer_fee_charged,0.2414,card_payment_fee_charged,0.1834
Why were there additional charges when transferring?,transfer_fee_charged,transfer_fee_charged,True,0.9989,transfer_fee_charged,0.9989,declined_transfer,0.0002,card_payment_fee_charged,0.0002
I was charged more when I transferred!,transfer_fee_charged,transfer_fee_charged,True,0.9994,transfer_fee_charged,0.9994,declined_transfer,1e-04,top_up_by_bank_transfer_charge,1e-04
Is there a transfer fee?,transfer_fee_charged,transfer_fee_charged,True,0.9938,transfer_fee_charged,0.9938,top_up_by_bank_transfer_charge,0.0056,declined_transfer,1e-04
I'm not sure why I was charged an extra fee for transferring funds.,transfer_fee_charged,transfer_fee_charged,True,0.9988,transfer_fee_charged,0.9988,declined_transfer,0.0004,card_payment_fee_charged,1e-04
"I thought transfers were free, why was I charged a fee?",transfer_fee_charged,transfer_fee_charged,True,0.9992,transfer_fee_charged,0.9992,declined_transfer,0.0003,card_payment_fee_charged,1e-04
"My receipt shows an extra charge on my transfer, why is this?",transfer_fee_charged,transfer_fee_charged,True,0.9991,transfer_fee_charged,0.9991,top_up_by_bank_transfer_charge,0.0003,declined_transfer,1e-04
"I was charged a fee when making this transfer, and I don't think I should have been!",transfer_fee_charged,transfer_fee_charged,True,0.9993,transfer_fee_charged,0.9993,declined_transfer,0.0003,card_payment_fee_charged,1e-04
"I sent out money, but was charged extra for transferring. Why?",transfer_fee_charged,transfer_fee_charged,True,0.9994,transfer_fee_charged,0.9994,declined_transfer,0.0002,card_payment_fee_charged,1e-04
Why am I seeing a transfer fee?,transfer_fee_charged,transfer_fee_charged,True,0.9995,transfer_fee_charged,0.9995,top_up_by_bank_transfer_charge,1e-04,declined_transfer,1e-04
There was an extra charge when I made a transfer.,transfer_fee_charged,transfer_fee_charged,True,0.9995,transfer_fee_charged,0.9995,top_up_by_bank_transfer_charge,1e-04,card_payment_fee_charged,1e-04
I need someone to alert me as to what's going on. I had transferred an amount but the receiver is saying that the amount is somewhat less than what I sent over. I now have to make another transfer to make up the difference.,transfer_fee_charged,transfer_fee_charged,True,0.9993,transfer_fee_charged,0.9993,top_up_by_bank_transfer_charge,1e-04,card_payment_fee_charged,1e-04
"I was charge a fee for my transfer, why?",transfer_fee_charged,transfer_fee_charged,True,0.9995,transfer_fee_charged,0.9995,declined_transfer,1e-04,top_up_by_bank_transfer_charge,1e-04
Why was there a fee for my transfer?,transfer_fee_charged,transfer_fee_charged,True,0.9995,transfer_fee_charged,0.9995,card_payment_fee_charged,1e-04,top_up_by_bank_transfer_charge,1e-04
Why was my transfer charged fees?,transfer_fee_charged,transfer_fee_charged,True,0.9993,transfer_fee_charged,0.9993,declined_transfer,0.0002,card_payment_fee_charged,1e-04
Is there supposed to be a fee for the transfer I made?,transfer_fee_charged,transfer_fee_charged,True,0.9602,transfer_fee_charged,0.9602,top_up_by_bank_transfer_charge,0.0387,card_payment_fee_charged,1e-04
In the past month I often used this account to manage payments for my new holiday villa. Now all of a sudden your fees have increased exorbitantly! Don't you have a rewards programme for frequent users?,transfer_fee_charged,transfer_fee_charged,True,0.9953,transfer_fee_charged,0.9953,card_payment_fee_charged,0.0023,reverted_card_payment?,0.0006
Why was I charged a fee for a transfer?,transfer_fee_charged,transfer_fee_charged,True,0.9995,transfer_fee_charged,0.9995,top_up_by_bank_transfer_charge,1e-04,card_payment_fee_charged,1e-04
What extra charges are there?,transfer_fee_charged,transfer_fee_charged,True,0.9936,transfer_fee_charged,0.9936,top_up_by_bank_transfer_charge,0.0012,disposable_card_limits,0.0007
I know that I am able to make transfers for free.  That was something that I valued.  After I bought something online from abroad I noticed that I got charged a fee?  What is this and can it be removed?,transfer_fee_charged,transfer_fee_charged,True,0.9991,transfer_fee_charged,0.9991,declined_transfer,0.0003,card_payment_fee_charged,1e-04
I transferred money and was charged and want to know why.,transfer_fee_charged,transfer_fee_charged,True,0.9995,transfer_fee_charged,0.9995,declined_transfer,1e-04,top_up_by_bank_transfer_charge,1e-04
I was charged for something I didn't expect,transfer_fee_charged,card_payment_fee_charged,False,0.8561,card_payment_fee_charged,0.8561,card_payment_not_recognised,0.069,direct_debit_payment_not_recognised,0.0239
"I purchased some makeup through a site in China, and I was under the impression that when I make transfers there is no fee.  Why am I seeing this fee now?  I am not happy about this at all.",transfer_fee_charged,transfer_fee_charged,True,0.9984,transfer_fee_charged,0.9984,top_up_by_bank_transfer_charge,0.0008,card_payment_fee_charged,0.0002
I got charged and extra fee when I transferred money so why was I charged?,transfer_fee_charged,transfer_fee_charged,True,0.9994,transfer_fee_charged,0.9994,card_payment_fee_charged,1e-04,declined_transfer,1e-04
Can you explain the transfer fee to me?,transfer_fee_charged,transfer_fee_charged,True,0.9992,transfer_fee_charged,0.9992,top_up_by_bank_transfer_charge,0.0004,declined_transfer,1e-04
Will salary be received through this?,receiving_money,receiving_money,True,0.9985,receiving_money,0.9985,top_up_by_bank_transfer_charge,0.0002,supported_cards_and_currencies,0.0002
How can I get paid in a different currency?,receiving_money,receiving_money,True,0.9954,receiving_money,0.9954,supported_cards_and_currencies,0.0018,exchange_charge,0.0007
Can I receive my salary in a currency other than what it is deposited in?,receiving_money,receiving_money,True,0.9983,receiving_money,0.9983,supported_cards_and_currencies,0.0007,exchange_via_app,1e-04
Can I get my salary through this?,receiving_money,receiving_money,True,0.9988,receiving_money,0.9988,supported_cards_and_currencies,1e-04,top_up_by_bank_transfer_charge,1e-04
How can someone send me money?,receiving_money,receiving_money,True,0.9987,receiving_money,0.9987,exchange_via_app,0.0002,supported_cards_and_currencies,0.0002
Is there a problem with receiving my salary in GBP?,receiving_money,receiving_money,True,0.9977,receiving_money,0.9977,failed_transfer,0.0002,transfer_fee_charged,0.0002
Do I need to choose GBP to get my salary deposited properly?,receiving_money,receiving_money,True,0.9988,receiving_money,0.9988,exchange_via_app,1e-04,supported_cards_and_currencies,1e-04
"I get paid in GBP. Should I configure this and if so, where?",receiving_money,receiving_money,True,0.9981,receiving_money,0.9981,exchange_via_app,0.0002,card_payment_fee_charged,0.0002
Is it possible for me to get money out in a different currency?,receiving_money,exchange_via_app,False,0.8547,exchange_via_app,0.8547,supported_cards_and_currencies,0.0627,fiat_currency_support,0.0424
Can I use this to receive my salary?,receiving_money,receiving_money,True,0.9989,receiving_money,0.9989,supported_cards_and_currencies,1e-04,top_up_by_bank_transfer_charge,1e-04
My salary is received in the form of GBP. Do I need to do anything specific to configure this?,receiving_money,receiving_money,True,0.9989,receiving_money,0.9989,top_up_by_bank_transfer_charge,1e-04,supported_cards_and_currencies,1e-04
How do people send me money?,receiving_money,receiving_money,True,0.9987,receiving_money,0.9987,exchange_via_app,0.0002,supported_cards_and_currencies,0.0002
Is GBP a supported currency?,receiving_money,exchange_via_app,False,0.9537,exchange_via_app,0.9537,receiving_money,0.0164,supported_cards_and_currencies,0.0137
Do I need to establish I am paid in GBP before a transfer?,receiving_money,receiving_money,True,0.9977,receiving_money,0.9977,top_up_by_bank_transfer_charge,0.0003,supported_cards_and_currencies,0.0003
"Salary in GBP has been received, does it need to be configured elsewhere?",receiving_money,receiving_money,True,0.9989,receiving_money,0.9989,top_up_by_bank_transfer_charge,1e-04,supported_cards_and_currencies,1e-04
How do i get my salary in the account?,receiving_money,receiving_money,True,0.9989,receiving_money,0.9989,supported_cards_and_currencies,1e-04,top_up_by_bank_transfer_charge,1e-04
What are the ways for others to transfer me money?,receiving_money,receiving_money,True,0.9404,receiving_money,0.9404,transfer_into_account,0.0401,failed_transfer,0.0093
What different ways are there for someone to send me money?,receiving_money,receiving_money,True,0.9984,receiving_money,0.9984,exchange_via_app,0.0003,supported_cards_and_currencies,0.0003
What do I need to do to transfer my paycheck to my account?,receiving_money,receiving_money,True,0.9986,receiving_money,0.9986,supported_cards_and_currencies,0.0002,transfer_into_account,0.0002
How can my friend send me money?,receiving_money,receiving_money,True,0.999,receiving_money,0.999,exchange_via_app,1e-04,supported_cards_and_currencies,1e-04
Can I directly transfer my salary onto here?,receiving_money,receiving_money,True,0.999,receiving_money,0.999,supported_cards_and_currencies,1e-04,exchange_via_app,1e-04
Can this be used to receive my salary?,receiving_money,receiving_money,True,0.999,receiving_money,0.999,supported_cards_and_currencies,1e-04,card_payment_fee_charged,1e-04
Is it possible to deposit money in GBP?,receiving_money,receiving_money,True,0.978,receiving_money,0.978,exchange_via_app,0.0136,supported_cards_and_currencies,0.0033
I received my salary in GBP. How do I change this to my currency?,receiving_money,receiving_money,True,0.9987,receiving_money,0.9987,exchange_via_app,0.0003,supported_cards_and_currencies,1e-04
How can my friend transfer money to me?,receiving_money,receiving_money,True,0.9936,receiving_money,0.9936,failed_transfer,0.0022,exchange_via_app,0.0004
Can my friends send me money?,receiving_money,receiving_money,True,0.9985,receiving_money,0.9985,age_limit,0.0002,supported_cards_and_currencies,1e-04
How do I deposit my paycheck to this account?,receiving_money,receiving_money,True,0.9974,receiving_money,0.9974,supported_cards_and_currencies,0.001,exchange_via_app,0.0003
Can I use this account to receive my salary?,receiving_money,receiving_money,True,0.999,receiving_money,0.999,supported_cards_and_currencies,1e-04,age_limit,1e-04
Can i deposit my salary to this account?,receiving_money,receiving_money,True,0.9989,receiving_money,0.9989,supported_cards_and_currencies,0.0002,top_up_by_bank_transfer_charge,1e-04
How do I get my salary through this account?,receiving_money,receiving_money,True,0.9988,receiving_money,0.9988,top_up_by_bank_transfer_charge,1e-04,supported_cards_and_currencies,1e-04
What if I need my salary in a different currency?,receiving_money,receiving_money,True,0.9986,receiving_money,0.9986,supported_cards_and_currencies,0.0002,top_up_by_bank_transfer_charge,1e-04
I receive my salary in GBP. Do I need to configure this somehwere?,receiving_money,receiving_money,True,0.9989,receiving_money,0.9989,age_limit,1e-04,exchange_via_app,1e-04
Do you know if I can use this for my salary?,receiving_money,receiving_money,True,0.9988,receiving_money,0.9988,top_up_by_bank_transfer_charge,1e-04,supported_cards_and_currencies,1e-04
How do I get my paycheck through this?,receiving_money,receiving_money,True,0.9982,receiving_money,0.9982,card_payment_fee_charged,0.0002,transfer_fee_charged,0.0002
can I transfer my salary if it's in a different currency?,receiving_money,receiving_money,True,0.9988,receiving_money,0.9988,supported_cards_and_currencies,0.0002,top_up_by_bank_transfer_charge,1e-04
Can I get paid in a different currency?,receiving_money,receiving_money,True,0.9955,receiving_money,0.9955,supported_cards_and_currencies,0.0015,exchange_charge,0.001
Is my salary eligible for this?,receiving_money,receiving_money,True,0.9989,receiving_money,0.9989,supported_cards_and_currencies,0.0002,top_up_by_bank_transfer_charge,1e-04
My salary is in GBP; how can I note this in the app?,receiving_money,receiving_money,True,0.9988,receiving_money,0.9988,exchange_via_app,1e-04,supported_cards_and_currencies,1e-04
Can I get paid in another currency?,receiving_money,receiving_money,True,0.9962,receiving_money,0.9962,exchange_via_app,0.0012,supported_cards_and_currencies,0.001
Can I get my paycheck through here?,receiving_money,receiving_money,True,0.9979,receiving_money,0.9979,top_up_by_bank_transfer_charge,0.0003,supported_cards_and_currencies,0.0003
dont understand why transfer failed,failed_transfer,failed_transfer,True,0.9988,failed_transfer,0.9988,declined_transfer,0.0002,beneficiary_not_allowed,0.0002
Please help me make a transfer. I keep receiving an error and I'm trying to make the initial mortgage payment for a flat I'm buying. What is the deal here?,failed_transfer,failed_transfer,True,0.999,failed_transfer,0.999,declined_transfer,0.0002,cancel_transfer,1e-04
My transfer didn't work,failed_transfer,failed_transfer,True,0.9974,failed_transfer,0.9974,declined_transfer,0.0018,beneficiary_not_allowed,0.0003
"Fix your system. I can't make transfers, I've tried like 5 times already.",failed_transfer,failed_transfer,True,0.9976,failed_transfer,0.9976,declined_transfer,0.0006,card_not_working,0.0006
Tell me why my transfer failed!,failed_transfer,failed_transfer,True,0.9989,failed_transfer,0.9989,declined_transfer,0.0004,beneficiary_not_allowed,1e-04
My transfer did not go through.,failed_transfer,failed_transfer,True,0.9136,failed_transfer,0.9136,declined_transfer,0.0833,beneficiary_not_allowed,0.0009
Why was I not able to complete a transfer?,failed_transfer,failed_transfer,True,0.9988,failed_transfer,0.9988,card_not_working,0.0003,beneficiary_not_allowed,0.0002
Can you help me figure out what's happening? I'm trying to transfer money to a friend but it keeps getting returned. I'm not sure what i'm doing wrong.,failed_transfer,failed_transfer,True,0.6945,failed_transfer,0.6945,transfer_not_received_by_recipient,0.1917,beneficiary_not_allowed,0.0512
Why did my transfer not go through?,failed_transfer,failed_transfer,True,0.9986,failed_transfer,0.9986,declined_transfer,0.0006,beneficiary_not_allowed,0.0003
My transfer didn't go through.,failed_transfer,failed_transfer,True,0.9271,failed_transfer,0.9271,declined_transfer,0.0703,beneficiary_not_allowed,0.0007
I could not get my transfer to happen correctly and was wondering why?,failed_transfer,failed_transfer,True,0.9931,failed_transfer,0.9931,cancel_transfer,0.0025,declined_transfer,0.0023
how come my transfer didn't work,failed_transfer,failed_transfer,True,0.9944,failed_transfer,0.9944,declined_transfer,0.0034,beneficiary_not_allowed,0.0011
"I transferred my funds, why did it not go through?",failed_transfer,beneficiary_not_allowed,False,0.5504,beneficiary_not_allowed,0.5504,failed_transfer,0.4048,declined_transfer,0.0228
Why has my transfer failed?,failed_transfer,failed_transfer,True,0.999,failed_transfer,0.999,declined_transfer,0.0003,beneficiary_not_allowed,1e-04
Why did my transfer fail?,failed_transfer,failed_transfer,True,0.999,failed_transfer,0.999,declined_transfer,0.0003,beneficiary_not_allowed,1e-04
Why hasn't my transfer been made?,failed_transfer,balance_not_updated_after_bank_transfer,False,0.997,balance_not_updated_after_bank_transfer,0.997,transfer_not_received_by_recipient,0.0013,pending_transfer,0.0005
My transfer will not go through.,failed_transfer,failed_transfer,True,0.9515,failed_transfer,0.9515,declined_transfer,0.0467,beneficiary_not_allowed,0.0006
My transfer keeps failing and I just want to transfer the money can you please make it work?,failed_transfer,failed_transfer,True,0.9988,failed_transfer,0.9988,declined_transfer,0.0003,card_not_working,0.0002
"The transfer keeps failing , I tried to transfer some money to friends this morning but it keeps getting rejected for some reason, Would you please check the issue ?",failed_transfer,failed_transfer,True,0.9987,failed_transfer,0.9987,card_not_working,0.0004,declined_transfer,0.0002
Why would a transfer fail?,failed_transfer,failed_transfer,True,0.9991,failed_transfer,0.9991,declined_transfer,0.0002,beneficiary_not_allowed,1e-04
What are your policies for card transfers?,failed_transfer,top_up_by_bank_transfer_charge,False,0.3384,top_up_by_bank_transfer_charge,0.3384,card_acceptance,0.1568,order_physical_card,0.1108
Is the system down? I've been trying to do a transfer and have failed?,failed_transfer,failed_transfer,True,0.9989,failed_transfer,0.9989,declined_transfer,1e-04,card_not_working,1e-04
I tried to make a transfer but it failed,failed_transfer,failed_transfer,True,0.9986,failed_transfer,0.9986,declined_transfer,0.0007,card_not_working,1e-04
Why couldn't I complete a transfer?,failed_transfer,failed_transfer,True,0.999,failed_transfer,0.999,declined_transfer,0.0004,card_not_working,1e-04
My transfer appeared not to work.,failed_transfer,failed_transfer,True,0.9924,failed_transfer,0.9924,declined_transfer,0.0066,card_not_working,0.0002
What is stopping my money from transferring?,failed_transfer,failed_transfer,True,0.811,failed_transfer,0.811,beneficiary_not_allowed,0.1361,cancel_transfer,0.0332
"Hi, I'm buying a flat and I'm trying to get my mortgage to go though. Every time I check I simply get an error message. Is there any way you can help me get this money transferred over. Thanks!",failed_transfer,failed_transfer,True,0.9989,failed_transfer,0.9989,declined_transfer,0.0003,cancel_transfer,1e-04
My attempted transfer failed.,failed_transfer,failed_transfer,True,0.999,failed_transfer,0.999,beneficiary_not_allowed,0.0002,declined_transfer,0.0002
"I can not seem to make a successful transfer, can you tell me what I'm doing wrong?",failed_transfer,failed_transfer,True,0.9693,failed_transfer,0.9693,declined_transfer,0.0284,card_not_working,0.0006
"Please help me as i am continuously facing the issue in transferring money to my friends, as all my transactions are getting failed.",failed_transfer,failed_transfer,True,0.9436,failed_transfer,0.9436,beneficiary_not_allowed,0.0493,declined_transfer,0.0046
"I am trying to make a transfer and am unsuccessful, can you please tell me why?",failed_transfer,failed_transfer,True,0.9949,failed_transfer,0.9949,declined_transfer,0.0042,card_not_working,0.0002
My transfer did not seem to work.,failed_transfer,failed_transfer,True,0.9973,failed_transfer,0.9973,declined_transfer,0.0017,card_not_working,0.0003
"I've now been trying to do a really standard transfer 5 times already. What's going on, is your system broken or something?!",failed_transfer,failed_transfer,True,0.9983,failed_transfer,0.9983,cancel_transfer,0.0003,declined_transfer,0.0002
help me with my transfer,failed_transfer,failed_transfer,True,0.9689,failed_transfer,0.9689,declined_transfer,0.024,receiving_money,0.0014
Says my transfer can't be completed?,failed_transfer,failed_transfer,True,0.9759,failed_transfer,0.9759,transfer_not_received_by_recipient,0.0109,declined_transfer,0.0035
can you tell me why my transfer failed?,failed_transfer,failed_transfer,True,0.9985,failed_transfer,0.9985,declined_transfer,0.0007,beneficiary_not_allowed,1e-04
Why didn't my transfer go through?,failed_transfer,failed_transfer,True,0.9988,failed_transfer,0.9988,declined_transfer,0.0005,beneficiary_not_allowed,0.0002
I've attempted to do a very standard transfer and have tried 5 times at this point. Can you tell me what the issue is? Is the system down?,failed_transfer,failed_transfer,True,0.9986,failed_transfer,0.9986,declined_transfer,0.0007,beneficiary_not_allowed,1e-04
Can you provide a reason as to why my transfer did not work?,failed_transfer,failed_transfer,True,0.9976,failed_transfer,0.9976,declined_transfer,0.0016,beneficiary_not_allowed,0.0002
I tried to transfer money and it did not work.,failed_transfer,failed_transfer,True,0.9987,failed_transfer,0.9987,declined_transfer,0.0004,beneficiary_not_allowed,0.0003
Can I do a bank transfer to put additional money in my account because I am out of money?,transfer_into_account,transfer_into_account,True,0.998,transfer_into_account,0.998,top_up_by_bank_transfer_charge,0.0003,balance_not_updated_after_bank_transfer,0.0003
"I'm out of money, can I add money with my bank?",transfer_into_account,transfer_into_account,True,0.6108,transfer_into_account,0.6108,top_up_by_cash_or_cheque,0.2424,topping_up_by_card,0.1231
How do I go forth on transferring money into my account?,transfer_into_account,transfer_into_account,True,0.9982,transfer_into_account,0.9982,topping_up_by_card,0.0006,supported_cards_and_currencies,0.0003
"I don't understand how to top up my account, can you please explain the process?",transfer_into_account,topping_up_by_card,False,0.6742,topping_up_by_card,0.6742,transfer_into_account,0.2669,top_up_by_cash_or_cheque,0.0222
I don't understand the money transfer process.,transfer_into_account,transfer_into_account,True,0.8986,transfer_into_account,0.8986,beneficiary_not_allowed,0.0469,failed_transfer,0.0129
"I need to transfer money into my account, how do I go about doing this?",transfer_into_account,transfer_into_account,True,0.9986,transfer_into_account,0.9986,supported_cards_and_currencies,0.0003,topping_up_by_card,0.0003
What do I need to do to transfer money into my account?,transfer_into_account,transfer_into_account,True,0.9982,transfer_into_account,0.9982,topping_up_by_card,0.0004,supported_cards_and_currencies,0.0004
I don't know what to do. Should I transfer funds. My account is out of money.,transfer_into_account,transfer_into_account,True,0.9949,transfer_into_account,0.9949,topping_up_by_card,0.0015,balance_not_updated_after_bank_transfer,0.0009
Can I add funds to the card directly from my bank account?,transfer_into_account,topping_up_by_card,False,0.4935,topping_up_by_card,0.4935,transfer_into_account,0.3845,supported_cards_and_currencies,0.1021
How does tranferring money into my account work?,transfer_into_account,transfer_into_account,True,0.9885,transfer_into_account,0.9885,supported_cards_and_currencies,0.0075,receiving_money,0.0008
I NEED TO KNOW HOW TO TRANSFER MONEY INTO MY BANK ACCOUNT. PLEASE HELP,transfer_into_account,transfer_into_account,True,0.9985,transfer_into_account,0.9985,topping_up_by_card,0.0005,supported_cards_and_currencies,0.0002
I would like to transfer some money from my other bank account into this one.,transfer_into_account,transfer_into_account,True,0.9985,transfer_into_account,0.9985,supported_cards_and_currencies,0.0004,topping_up_by_card,0.0003
"When I want to transfer money to my account, how can I do that?",transfer_into_account,transfer_into_account,True,0.9934,transfer_into_account,0.9934,transfer_timing,0.0018,supported_cards_and_currencies,0.0011
I need to transfer funds into my account. How can I do this?,transfer_into_account,transfer_into_account,True,0.9983,transfer_into_account,0.9983,supported_cards_and_currencies,0.0005,topping_up_by_card,0.0003
What are the steps I follow to transfer money into my account?,transfer_into_account,transfer_into_account,True,0.998,transfer_into_account,0.998,topping_up_by_card,0.0005,supported_cards_and_currencies,0.0004
How can I transfer funds from my bank to my top up account?,transfer_into_account,transfer_into_account,True,0.9989,transfer_into_account,0.9989,topping_up_by_card,0.0002,supported_cards_and_currencies,0.0002
I want to top my account by using a bank transfer. How would that work?,transfer_into_account,transfer_into_account,True,0.998,transfer_into_account,0.998,supported_cards_and_currencies,0.0005,top_up_by_bank_transfer_charge,0.0004
How to I transfer my funds into my account?,transfer_into_account,transfer_into_account,True,0.9984,transfer_into_account,0.9984,supported_cards_and_currencies,0.0004,topping_up_by_card,1e-04
How do I top up my card?,transfer_into_account,topping_up_by_card,False,0.9978,topping_up_by_card,0.9978,top_up_failed,0.001,card_acceptance,1e-04
How can I transfer money from an outside bank?,transfer_into_account,transfer_into_account,True,0.9899,transfer_into_account,0.9899,receiving_money,0.0039,supported_cards_and_currencies,0.003
How can I fund my top-up account using my bank account?,transfer_into_account,transfer_into_account,True,0.9918,transfer_into_account,0.9918,supported_cards_and_currencies,0.0042,top_up_by_cash_or_cheque,0.0007
What methods can I use to add money to my account?,transfer_into_account,supported_cards_and_currencies,False,0.7766,supported_cards_and_currencies,0.7766,transfer_into_account,0.1817,top_up_by_cash_or_cheque,0.0222
"I would like to use the bank transfer feature, but I can't find it. Can you please give me the details?",transfer_into_account,transfer_into_account,True,0.9918,transfer_into_account,0.9918,beneficiary_not_allowed,0.0024,top_up_by_bank_transfer_charge,0.0014
How can I perform a dual money transferring from one account to another?,transfer_into_account,exchange_via_app,False,0.5239,exchange_via_app,0.5239,disposable_card_limits,0.1842,transfer_into_account,0.1709
CAN YOU EXPLAIN HOW TO TRANSFER MONEY INTO MY  ACCOUNT FOR ME?,transfer_into_account,transfer_into_account,True,0.998,transfer_into_account,0.998,supported_cards_and_currencies,0.0006,topping_up_by_card,0.0004
"I need to bank account transfer from another account into this one, what is the easiest way that can be done, and what information do i need?",transfer_into_account,transfer_into_account,True,0.9978,transfer_into_account,0.9978,supported_cards_and_currencies,0.0009,topping_up_by_card,0.0002
How do I transfer money to my account?,transfer_into_account,transfer_into_account,True,0.9987,transfer_into_account,0.9987,balance_not_updated_after_bank_transfer,0.0003,topping_up_by_card,0.0002
How do I send my account money through transfer?,transfer_into_account,transfer_into_account,True,0.9903,transfer_into_account,0.9903,receiving_money,0.0072,top_up_by_bank_transfer_charge,0.0005
How do I do an international transfer?,transfer_into_account,exchange_rate,False,0.4298,exchange_rate,0.4298,receiving_money,0.2227,transfer_into_account,0.2117
Are there ways to transfer money into my account?,transfer_into_account,transfer_into_account,True,0.9983,transfer_into_account,0.9983,topping_up_by_card,0.0004,supported_cards_and_currencies,0.0003
I want to transfer from accounts in order to Top up. What are the steps necessary.,transfer_into_account,transfer_into_account,True,0.992,transfer_into_account,0.992,supported_cards_and_currencies,0.0028,topping_up_by_card,0.0018
How does a transfer work?,transfer_into_account,transfer_into_account,True,0.5609,transfer_into_account,0.5609,receiving_money,0.3502,failed_transfer,0.0359
"I would like use the bank transfer, but I don't understand the process, can you please explain, topping up?",transfer_into_account,transfer_into_account,True,0.9979,transfer_into_account,0.9979,topping_up_by_card,0.0005,top_up_by_bank_transfer_charge,0.0004
I want to use bank transfer for topping up my account. How is it handled?,transfer_into_account,transfer_into_account,True,0.9987,transfer_into_account,0.9987,top_up_by_bank_transfer_charge,0.0003,topping_up_by_card,0.0003
I checked my account today and it said I was out of money. How do I transfer money into my account?,transfer_into_account,transfer_into_account,True,0.9977,transfer_into_account,0.9977,balance_not_updated_after_bank_transfer,0.0009,topping_up_by_card,0.0003
How can I transfer money to my account?,transfer_into_account,transfer_into_account,True,0.9988,transfer_into_account,0.9988,supported_cards_and_currencies,0.0002,topping_up_by_card,1e-04
I would like to transfer funds from one account to another.,transfer_into_account,transfer_into_account,True,0.9985,transfer_into_account,0.9985,beneficiary_not_allowed,0.0002,supported_cards_and_currencies,0.0002
I'm trying to transfer money into my account.,transfer_into_account,transfer_into_account,True,0.9975,transfer_into_account,0.9975,topping_up_by_card,0.001,supported_cards_and_currencies,0.0003
I would like to transfer money from my other bank account into this one.,transfer_into_account,transfer_into_account,True,0.9983,transfer_into_account,0.9983,supported_cards_and_currencies,0.0004,topping_up_by_card,0.0004
Can I use a bank transfer to refill my account?,transfer_into_account,transfer_into_account,True,0.9971,transfer_into_account,0.9971,topping_up_by_card,0.0012,balance_not_updated_after_bank_transfer,0.0003
What all is needed to verify the top-up card?,verify_top_up,verify_top_up,True,0.999,verify_top_up,0.999,top_up_limits,1e-04,pending_top_up,1e-04
It wants me to verify the top up. Why?,verify_top_up,verify_top_up,True,0.9991,verify_top_up,0.9991,pending_top_up,0.0002,top_up_limits,1e-04
Where can I find the top-up verification code?,verify_top_up,verify_top_up,True,0.999,verify_top_up,0.999,top_up_by_cash_or_cheque,0.0002,top_up_limits,1e-04
Why do I have to verify the top-up that I started?,verify_top_up,verify_top_up,True,0.9983,verify_top_up,0.9983,pending_top_up,0.0006,top_up_failed,0.0003
Can you give me information about verification code?,verify_top_up,verify_top_up,True,0.997,verify_top_up,0.997,why_verify_identity,0.0006,verify_my_identity,0.0003
What are the benefits to verifying the top-up?,verify_top_up,verify_top_up,True,0.999,verify_top_up,0.999,top_up_limits,0.0002,top_up_by_cash_or_cheque,1e-04
how come the verification with the top up,verify_top_up,verify_top_up,True,0.9985,verify_top_up,0.9985,pending_top_up,0.0005,top_up_by_cash_or_cheque,0.0002
Can I verify a top up?,verify_top_up,verify_top_up,True,0.9991,verify_top_up,0.9991,top_up_by_cash_or_cheque,0.0002,pending_top_up,1e-04
reason i need to verify top up,verify_top_up,verify_top_up,True,0.9991,verify_top_up,0.9991,pending_top_up,0.0002,top_up_limits,1e-04
Why do you need code verification for my top up?,verify_top_up,verify_top_up,True,0.9991,verify_top_up,0.9991,pending_top_up,1e-04,why_verify_identity,1e-04
Where can I find the verification code on a top-up card?,verify_top_up,verify_top_up,True,0.9991,verify_top_up,0.9991,top_up_by_cash_or_cheque,1e-04,top_up_limits,1e-04
How do I get my top-up verification code?,verify_top_up,verify_top_up,True,0.9991,verify_top_up,0.9991,top_up_by_cash_or_cheque,0.0002,pending_top_up,1e-04
Is it possible to verify a top up?,verify_top_up,verify_top_up,True,0.9992,verify_top_up,0.9992,pending_top_up,0.0002,top_up_failed,1e-04
Is it normal to have to verify my top-up or is something wrong?,verify_top_up,verify_top_up,True,0.9983,verify_top_up,0.9983,pending_top_up,0.0008,top_up_failed,0.0002
Why does the top-up need verification?,verify_top_up,verify_top_up,True,0.9987,verify_top_up,0.9987,why_verify_identity,0.0002,pending_top_up,0.0002
Why does top-up need verifying?,verify_top_up,verify_top_up,True,0.999,verify_top_up,0.999,why_verify_identity,0.0002,pending_top_up,1e-04
Is it necessary to verify my top up?,verify_top_up,verify_top_up,True,0.9989,verify_top_up,0.9989,pending_top_up,0.0003,top_up_limits,1e-04
Why am i to verify the top-ups?,verify_top_up,verify_top_up,True,0.9991,verify_top_up,0.9991,top_up_limits,1e-04,pending_top_up,1e-04
Where's the verification code for the top-up card?,verify_top_up,verify_top_up,True,0.9991,verify_top_up,0.9991,top_up_by_cash_or_cheque,1e-04,pending_top_up,1e-04
How do I find the verification code for my top-up card?,verify_top_up,verify_top_up,True,0.9992,verify_top_up,0.9992,top_up_by_cash_or_cheque,1e-04,pending_top_up,1e-04
Why is it important to verify a top-up card?,verify_top_up,verify_top_up,True,0.9991,verify_top_up,0.9991,pending_top_up,1e-04,top_up_failed,1e-04
Why do I have to verify the top-up?,verify_top_up,verify_top_up,True,0.9991,verify_top_up,0.9991,pending_top_up,0.0002,top_up_limits,1e-04
What is the verification code on a top-up?,verify_top_up,verify_top_up,True,0.999,verify_top_up,0.999,top_up_by_cash_or_cheque,0.0002,top_up_limits,0.0002
I can't find the top-up verification code.,verify_top_up,verify_top_up,True,0.9991,verify_top_up,0.9991,top_up_by_cash_or_cheque,0.0002,pending_top_up,1e-04
How do I go forth verifying my top-up card?,verify_top_up,verify_top_up,True,0.9992,verify_top_up,0.9992,pending_top_up,1e-04,top_up_failed,1e-04
Where do I find the top-up verification code?,verify_top_up,verify_top_up,True,0.999,verify_top_up,0.999,top_up_by_cash_or_cheque,0.0002,top_up_limits,1e-04
How is the top-up card verified?,verify_top_up,verify_top_up,True,0.999,verify_top_up,0.999,pending_top_up,0.0002,top_up_by_cash_or_cheque,1e-04
Is there a verification code for the top-up card?,verify_top_up,verify_top_up,True,0.9991,verify_top_up,0.9991,top_up_by_cash_or_cheque,1e-04,top_up_limits,1e-04
What is the importance of verifying the top-up?,verify_top_up,verify_top_up,True,0.999,verify_top_up,0.999,top_up_limits,0.0002,pending_top_up,1e-04
help me find the top-up card's verification code?,verify_top_up,verify_top_up,True,0.9992,verify_top_up,0.9992,pending_top_up,1e-04,top_up_by_cash_or_cheque,1e-04
I don't understand why it says I have to verify the top-up.,verify_top_up,verify_top_up,True,0.9992,verify_top_up,0.9992,pending_top_up,1e-04,top_up_failed,1e-04
Can I verify a top-up and what card is used?,verify_top_up,verify_top_up,True,0.9969,verify_top_up,0.9969,top_up_by_cash_or_cheque,0.0012,supported_cards_and_currencies,0.0002
Where do I go to get the code to verify the top up card?,verify_top_up,verify_top_up,True,0.9989,verify_top_up,0.9989,top_up_failed,0.0002,pending_top_up,1e-04
The top-up verification code is missing,verify_top_up,verify_top_up,True,0.9993,verify_top_up,0.9993,pending_top_up,1e-04,top_up_by_cash_or_cheque,1e-04
How do I verify a top-up?,verify_top_up,verify_top_up,True,0.9992,verify_top_up,0.9992,pending_top_up,1e-04,top_up_by_cash_or_cheque,1e-04
I cannot locate the verification code for my top-up card. Please help me.,verify_top_up,verify_top_up,True,0.9992,verify_top_up,0.9992,pending_top_up,1e-04,top_up_by_cash_or_cheque,1e-04
How can I find the top-up verification code?,verify_top_up,verify_top_up,True,0.999,verify_top_up,0.999,top_up_by_cash_or_cheque,0.0002,pending_top_up,1e-04
I need help finding the verification code for my top-up card.,verify_top_up,verify_top_up,True,0.9992,verify_top_up,0.9992,pending_top_up,1e-04,top_up_failed,1e-04
Is there a verification code for top-ups?,verify_top_up,verify_top_up,True,0.999,verify_top_up,0.999,top_up_by_cash_or_cheque,0.0002,top_up_limits,0.0002
What is the necessity of verifying the top up?,verify_top_up,verify_top_up,True,0.999,verify_top_up,0.999,pending_top_up,0.0002,why_verify_identity,1e-04
Would it be possible to get another card?,getting_spare_card,getting_spare_card,True,0.9987,getting_spare_card,0.9987,disposable_card_limits,0.0002,visa_or_mastercard,0.0002
How many cards can I have for one account?,getting_spare_card,getting_spare_card,True,0.9971,getting_spare_card,0.9971,disposable_card_limits,0.0018,visa_or_mastercard,0.0002
I want to order another crad,getting_spare_card,getting_spare_card,True,0.4455,getting_spare_card,0.4455,request_refund,0.2528,disposable_card_limits,0.1599
How can I get additional cards?,getting_spare_card,getting_spare_card,True,0.9988,getting_spare_card,0.9988,disposable_card_limits,0.0003,getting_virtual_card,1e-04
Is there a fee for extra cards?,getting_spare_card,getting_spare_card,True,0.9988,getting_spare_card,0.9988,disposable_card_limits,0.0003,order_physical_card,1e-04
I need some spare physical cards.,getting_spare_card,getting_spare_card,True,0.9987,getting_spare_card,0.9987,disposable_card_limits,0.0004,order_physical_card,0.0002
I would like to receive a few more physical cards.,getting_spare_card,getting_spare_card,True,0.9989,getting_spare_card,0.9989,disposable_card_limits,0.0002,order_physical_card,1e-04
Can I have a card after my first one?,getting_spare_card,getting_spare_card,True,0.5026,getting_spare_card,0.5026,order_physical_card,0.1272,card_about_to_expire,0.1099
How would I go about getting a second card?,getting_spare_card,getting_spare_card,True,0.9989,getting_spare_card,0.9989,visa_or_mastercard,0.0002,disposable_card_limits,0.0002
I'd like to have another card,getting_spare_card,getting_spare_card,True,0.9982,getting_spare_card,0.9982,visa_or_mastercard,0.0004,disposable_card_limits,0.0003
"If I need more cards, are there any fees?",getting_spare_card,getting_spare_card,True,0.9988,getting_spare_card,0.9988,disposable_card_limits,0.0002,lost_or_stolen_card,1e-04
Do you offer multiple cards for the same account?,getting_spare_card,getting_spare_card,True,0.9964,getting_spare_card,0.9964,disposable_card_limits,0.0017,visa_or_mastercard,0.0004
Can I get a spare card for someone else to use?,getting_spare_card,getting_spare_card,True,0.9978,getting_spare_card,0.9978,disposable_card_limits,0.0011,order_physical_card,0.0002
I need to get some more physical cards.,getting_spare_card,getting_spare_card,True,0.9989,getting_spare_card,0.9989,disposable_card_limits,0.0003,getting_virtual_card,1e-04
"Would I be able to get another card for my account, so I could give one to my daughter?",getting_spare_card,getting_spare_card,True,0.9985,getting_spare_card,0.9985,disposable_card_limits,0.0003,visa_or_mastercard,1e-04
What is the procedure for getting another card?,getting_spare_card,getting_spare_card,True,0.9986,getting_spare_card,0.9986,visa_or_mastercard,0.0002,disposable_card_limits,0.0002
Can I have a second card?,getting_spare_card,getting_spare_card,True,0.9987,getting_spare_card,0.9987,disposable_card_limits,0.0003,visa_or_mastercard,0.0002
"My daughter would like a card as well, how can we make this happen?",getting_spare_card,getting_spare_card,True,0.9802,getting_spare_card,0.9802,card_about_to_expire,0.0072,age_limit,0.0048
Can I give a second card to my daughter?,getting_spare_card,getting_spare_card,True,0.9985,getting_spare_card,0.9985,disposable_card_limits,0.0004,visa_or_mastercard,1e-04
May I have another card?,getting_spare_card,getting_spare_card,True,0.9978,getting_spare_card,0.9978,visa_or_mastercard,0.0006,disposable_card_limits,0.0002
Is there a fee for sending out more than one card?,getting_spare_card,getting_spare_card,True,0.9989,getting_spare_card,0.9989,disposable_card_limits,0.0003,order_physical_card,1e-04
Can I order extra cards?,getting_spare_card,getting_spare_card,True,0.9985,getting_spare_card,0.9985,disposable_card_limits,0.0003,card_about_to_expire,0.0003
Where can I get a second card?,getting_spare_card,getting_spare_card,True,0.9988,getting_spare_card,0.9988,disposable_card_limits,0.0002,visa_or_mastercard,0.0002
I was looking to buy another card today.,getting_spare_card,getting_spare_card,True,0.9985,getting_spare_card,0.9985,disposable_card_limits,0.0003,visa_or_mastercard,1e-04
I need a few more physical cards.,getting_spare_card,getting_spare_card,True,0.9989,getting_spare_card,0.9989,disposable_card_limits,0.0003,getting_virtual_card,1e-04
Can i have a second physical card for this account?,getting_spare_card,getting_spare_card,True,0.9983,getting_spare_card,0.9983,getting_virtual_card,0.0003,disposable_card_limits,0.0003
Can I purchase extra non-virtual cards?,getting_spare_card,getting_virtual_card,False,0.8612,getting_virtual_card,0.8612,disposable_card_limits,0.0866,get_disposable_virtual_card,0.0246
Am I allowed to give my daughter one of my cards to use?,getting_spare_card,getting_spare_card,True,0.9964,getting_spare_card,0.9964,card_about_to_expire,0.0007,disposable_card_limits,0.0006
May I have a second card?,getting_spare_card,getting_spare_card,True,0.9986,getting_spare_card,0.9986,visa_or_mastercard,0.0002,disposable_card_limits,0.0002
Can i have a card to my daughter?,getting_spare_card,getting_spare_card,True,0.9739,getting_spare_card,0.9739,card_about_to_expire,0.0091,age_limit,0.0059
Are there restrictions for ordering extra cards?,getting_spare_card,getting_spare_card,True,0.9983,getting_spare_card,0.9983,disposable_card_limits,0.0007,card_about_to_expire,1e-04
How can I get a second card for my daughter?,getting_spare_card,getting_spare_card,True,0.9984,getting_spare_card,0.9984,disposable_card_limits,0.0004,visa_or_mastercard,1e-04
Where do I request another card?,getting_spare_card,getting_spare_card,True,0.9988,getting_spare_card,0.9988,disposable_card_limits,0.0003,visa_or_mastercard,1e-04
Am I able to get a second card?,getting_spare_card,getting_spare_card,True,0.9988,getting_spare_card,0.9988,disposable_card_limits,0.0002,visa_or_mastercard,0.0002
"If you send me more cards, are there any charges?",getting_spare_card,getting_spare_card,True,0.9987,getting_spare_card,0.9987,disposable_card_limits,0.0003,declined_card_payment,1e-04
When trying to get more than one card is there a extra amount that needs to be paid?,getting_spare_card,getting_spare_card,True,0.9968,getting_spare_card,0.9968,disposable_card_limits,0.0017,order_physical_card,0.0002
Is it possible to give a second card for this account to my daughter?,getting_spare_card,getting_spare_card,True,0.9986,getting_spare_card,0.9986,disposable_card_limits,0.0004,declined_card_payment,1e-04
My daughter needs a card. Can I give her one of mine that's linked to my account?,getting_spare_card,getting_spare_card,True,0.9874,getting_spare_card,0.9874,card_linking,0.0082,order_physical_card,0.001
"My child needs a card, how can I add them to the account I currently have?",getting_spare_card,getting_spare_card,True,0.9624,getting_spare_card,0.9624,order_physical_card,0.0137,card_about_to_expire,0.0102
"my daughter needs a card, how do i add her?",getting_spare_card,getting_spare_card,True,0.9974,getting_spare_card,0.9974,order_physical_card,0.0008,getting_virtual_card,0.0003
Can I top up by cheque?,top_up_by_cash_or_cheque,top_up_by_cash_or_cheque,True,0.9991,top_up_by_cash_or_cheque,0.9991,balance_not_updated_after_cheque_or_cash_deposit,0.0002,top_up_by_card_charge,1e-04
How do I top-up using cash?,top_up_by_cash_or_cheque,top_up_by_cash_or_cheque,True,0.9987,top_up_by_cash_or_cheque,0.9987,verify_top_up,0.0002,top_up_limits,1e-04
Can I top up with a cheque?,top_up_by_cash_or_cheque,top_up_by_cash_or_cheque,True,0.9991,top_up_by_cash_or_cheque,0.9991,top_up_by_card_charge,1e-04,balance_not_updated_after_cheque_or_cash_deposit,1e-04
Is it possible to top up with cash? If so how do I do it?,top_up_by_cash_or_cheque,top_up_by_cash_or_cheque,True,0.9988,top_up_by_cash_or_cheque,0.9988,top_up_limits,0.0002,balance_not_updated_after_cheque_or_cash_deposit,1e-04
Can you help me find top up by cash deposit?,top_up_by_cash_or_cheque,top_up_by_cash_or_cheque,True,0.9976,top_up_by_cash_or_cheque,0.9976,balance_not_updated_after_cheque_or_cash_deposit,0.0011,topping_up_by_card,0.0003
Is there an option to top up a with cheque?,top_up_by_cash_or_cheque,top_up_by_cash_or_cheque,True,0.999,top_up_by_cash_or_cheque,0.999,top_up_by_card_charge,0.0002,supported_cards_and_currencies,1e-04
Need to deposit a cheque into my account,top_up_by_cash_or_cheque,top_up_by_cash_or_cheque,True,0.9988,top_up_by_cash_or_cheque,0.9988,balance_not_updated_after_cheque_or_cash_deposit,0.0002,top_up_by_card_charge,1e-04
I'm looking for the cash deposit top up option but can't find it. Can you help me?,top_up_by_cash_or_cheque,top_up_by_cash_or_cheque,True,0.9976,top_up_by_cash_or_cheque,0.9976,balance_not_updated_after_cheque_or_cash_deposit,0.0009,topping_up_by_card,0.0005
How do I top up my account with a cash payment?,top_up_by_cash_or_cheque,top_up_by_cash_or_cheque,True,0.9981,top_up_by_cash_or_cheque,0.9981,top_up_by_card_charge,0.0002,topping_up_by_card,0.0002
I'd like to use cash to top up. How do I find that option?,top_up_by_cash_or_cheque,top_up_by_cash_or_cheque,True,0.9984,top_up_by_cash_or_cheque,0.9984,top_up_by_card_charge,0.0003,top_up_limits,0.0002
Where do I locate topping up with cash.,top_up_by_cash_or_cheque,top_up_by_cash_or_cheque,True,0.9985,top_up_by_cash_or_cheque,0.9985,topping_up_by_card,0.0003,top_up_by_card_charge,0.0002
How do I pay by check?,top_up_by_cash_or_cheque,top_up_by_cash_or_cheque,True,0.9946,top_up_by_cash_or_cheque,0.9946,supported_cards_and_currencies,0.0019,top_up_by_card_charge,0.0008
Can I add to my account balance with a cheque?,top_up_by_cash_or_cheque,top_up_by_cash_or_cheque,True,0.9975,top_up_by_cash_or_cheque,0.9975,balance_not_updated_after_cheque_or_cash_deposit,0.0015,top_up_limits,1e-04
What type of deposits do you accept into my account?,top_up_by_cash_or_cheque,top_up_by_cash_or_cheque,True,0.9829,top_up_by_cash_or_cheque,0.9829,supported_cards_and_currencies,0.0109,balance_not_updated_after_cheque_or_cash_deposit,0.0013
Can I top up using a cheque?,top_up_by_cash_or_cheque,top_up_by_cash_or_cheque,True,0.9991,top_up_by_cash_or_cheque,0.9991,top_up_by_card_charge,1e-04,balance_not_updated_after_cheque_or_cash_deposit,1e-04
Can you top-up a card with a cheque?,top_up_by_cash_or_cheque,top_up_by_cash_or_cheque,True,0.9991,top_up_by_cash_or_cheque,0.9991,top_up_by_card_charge,1e-04,topping_up_by_card,1e-04
"I need to top up cash, How do I do it?",top_up_by_cash_or_cheque,top_up_by_cash_or_cheque,True,0.9984,top_up_by_cash_or_cheque,0.9984,top_up_limits,0.0002,balance_not_updated_after_cheque_or_cash_deposit,0.0002
I'm looking for the option to top up by cheque.,top_up_by_cash_or_cheque,top_up_by_cash_or_cheque,True,0.9991,top_up_by_cash_or_cheque,0.9991,top_up_by_card_charge,0.0002,topping_up_by_card,1e-04
What locations can I top up with cash?,top_up_by_cash_or_cheque,top_up_by_cash_or_cheque,True,0.9981,top_up_by_cash_or_cheque,0.9981,atm_support,0.0004,top_up_by_card_charge,0.0002
"I want to top up using cash, where can I do that?",top_up_by_cash_or_cheque,top_up_by_cash_or_cheque,True,0.9985,top_up_by_cash_or_cheque,0.9985,top_up_limits,0.0002,top_up_by_card_charge,1e-04
is there a way to do top up with cash deposit,top_up_by_cash_or_cheque,top_up_by_cash_or_cheque,True,0.9987,top_up_by_cash_or_cheque,0.9987,balance_not_updated_after_cheque_or_cash_deposit,0.0003,topping_up_by_card,0.0002
Where are the options to top up with a cheque on my account?,top_up_by_cash_or_cheque,top_up_by_cash_or_cheque,True,0.9991,top_up_by_cash_or_cheque,0.9991,top_up_by_card_charge,0.0002,top_up_limits,1e-04
Can I use cash to top up my account?,top_up_by_cash_or_cheque,top_up_by_cash_or_cheque,True,0.9988,top_up_by_cash_or_cheque,0.9988,top_up_limits,1e-04,top_up_by_card_charge,1e-04
How can I top up with cash?,top_up_by_cash_or_cheque,top_up_by_cash_or_cheque,True,0.9987,top_up_by_cash_or_cheque,0.9987,top_up_limits,0.0002,top_up_by_card_charge,1e-04
Will you accept a cheque to top up my account?,top_up_by_cash_or_cheque,top_up_by_cash_or_cheque,True,0.999,top_up_by_cash_or_cheque,0.999,balance_not_updated_after_cheque_or_cash_deposit,0.0002,top_up_by_card_charge,1e-04
How can I top up with this cheque I got?,top_up_by_cash_or_cheque,top_up_by_cash_or_cheque,True,0.9991,top_up_by_cash_or_cheque,0.9991,balance_not_updated_after_cheque_or_cash_deposit,0.0002,top_up_by_card_charge,1e-04
What methods can I use to top up my account?,top_up_by_cash_or_cheque,top_up_by_cash_or_cheque,True,0.7166,top_up_by_cash_or_cheque,0.7166,transfer_into_account,0.2134,topping_up_by_card,0.058
Is cash good to top up with?,top_up_by_cash_or_cheque,top_up_by_cash_or_cheque,True,0.9949,top_up_by_cash_or_cheque,0.9949,topping_up_by_card,0.002,top_up_by_card_charge,0.0005
how come i can't find anywhere to load using cash,top_up_by_cash_or_cheque,top_up_by_cash_or_cheque,True,0.3069,top_up_by_cash_or_cheque,0.3069,atm_support,0.2722,declined_cash_withdrawal,0.1888
What can I pay with? Does cash work?,top_up_by_cash_or_cheque,top_up_by_cash_or_cheque,True,0.4861,top_up_by_cash_or_cheque,0.4861,atm_support,0.4733,declined_cash_withdrawal,0.0083
How do I deposit cash into my account?,top_up_by_cash_or_cheque,top_up_by_cash_or_cheque,True,0.9984,top_up_by_cash_or_cheque,0.9984,balance_not_updated_after_cheque_or_cash_deposit,0.0003,top_up_by_card_charge,0.0002
Why can't I top up with a cheque?,top_up_by_cash_or_cheque,top_up_by_cash_or_cheque,True,0.9982,top_up_by_cash_or_cheque,0.9982,balance_not_updated_after_cheque_or_cash_deposit,0.0005,topping_up_by_card,0.0002
Can I send a cheque to do my top ups?,top_up_by_cash_or_cheque,top_up_by_cash_or_cheque,True,0.9991,top_up_by_cash_or_cheque,0.9991,balance_not_updated_after_cheque_or_cash_deposit,1e-04,top_up_by_card_charge,1e-04
Can I top up my account with a cheque?,top_up_by_cash_or_cheque,top_up_by_cash_or_cheque,True,0.9991,top_up_by_cash_or_cheque,0.9991,balance_not_updated_after_cheque_or_cash_deposit,0.0002,top_up_by_card_charge,1e-04
I want to do a cash top-up,top_up_by_cash_or_cheque,top_up_by_cash_or_cheque,True,0.9984,top_up_by_cash_or_cheque,0.9984,top_up_limits,0.0002,verify_top_up,0.0002
"I have a cheque here, can I use it to top off my account?",top_up_by_cash_or_cheque,top_up_by_cash_or_cheque,True,0.9991,top_up_by_cash_or_cheque,0.9991,balance_not_updated_after_cheque_or_cash_deposit,0.0002,top_up_by_card_charge,1e-04
I want to top-up using cash,top_up_by_cash_or_cheque,top_up_by_cash_or_cheque,True,0.9984,top_up_by_cash_or_cheque,0.9984,verify_top_up,0.0002,top_up_limits,0.0002
How can I top-up my card?,top_up_by_cash_or_cheque,topping_up_by_card,False,0.9867,topping_up_by_card,0.9867,supported_cards_and_currencies,0.0048,top_up_by_cash_or_cheque,0.0042
Can I submit a check or cash payment?,top_up_by_cash_or_cheque,top_up_by_cash_or_cheque,True,0.9986,top_up_by_cash_or_cheque,0.9986,balance_not_updated_after_cheque_or_cash_deposit,0.0002,supported_cards_and_currencies,0.0002
Do you accept checks?,top_up_by_cash_or_cheque,top_up_by_cash_or_cheque,True,0.9988,top_up_by_cash_or_cheque,0.9988,balance_not_updated_after_cheque_or_cash_deposit,0.0003,verify_top_up,1e-04
How do I receive my physical card,order_physical_card,order_physical_card,True,0.9981,order_physical_card,0.9981,card_delivery_estimate,0.0006,card_acceptance,0.0004
I want a card. What is the procedure?,order_physical_card,order_physical_card,True,0.9989,order_physical_card,0.9989,card_delivery_estimate,0.0002,card_acceptance,1e-04
What do you charge for physical cards?,order_physical_card,order_physical_card,True,0.9991,order_physical_card,0.9991,getting_spare_card,1e-04,getting_virtual_card,1e-04
Where can I get my card at?,order_physical_card,order_physical_card,True,0.9955,order_physical_card,0.9955,card_acceptance,0.0025,card_delivery_estimate,0.0008
price of physical card,order_physical_card,order_physical_card,True,0.9987,order_physical_card,0.9987,card_acceptance,0.0002,card_delivery_estimate,1e-04
"Please, how do I order a card?",order_physical_card,order_physical_card,True,0.999,order_physical_card,0.999,card_delivery_estimate,1e-04,card_acceptance,1e-04
Send me a physical card,order_physical_card,order_physical_card,True,0.9989,order_physical_card,0.9989,getting_virtual_card,1e-04,get_disposable_virtual_card,1e-04
I want to order a card. Where do you deliver to?,order_physical_card,order_physical_card,True,0.9989,order_physical_card,0.9989,card_delivery_estimate,0.0002,card_acceptance,1e-04
Can I request a physical card?,order_physical_card,order_physical_card,True,0.9991,order_physical_card,0.9991,card_acceptance,1e-04,card_delivery_estimate,1e-04
Is there a charge for physical cards,order_physical_card,order_physical_card,True,0.9988,order_physical_card,0.9988,getting_spare_card,0.0002,card_payment_fee_charged,1e-04
Do you charge for physical cards,order_physical_card,order_physical_card,True,0.9991,order_physical_card,0.9991,getting_spare_card,1e-04,getting_virtual_card,1e-04
Do you ship cards to where I live?,order_physical_card,order_physical_card,True,0.9981,order_physical_card,0.9981,country_support,0.0004,card_acceptance,0.0003
"For physical cards, do you charge?",order_physical_card,order_physical_card,True,0.9991,order_physical_card,0.9991,getting_spare_card,0.0002,card_acceptance,1e-04
I need to get an actual card so that I can use it for in person transactions. How would I do this?,order_physical_card,order_physical_card,True,0.9284,order_physical_card,0.9284,card_acceptance,0.0531,get_disposable_virtual_card,0.0084
Will I get a real card?,order_physical_card,order_physical_card,True,0.9989,order_physical_card,0.9989,card_delivery_estimate,0.0002,card_acceptance,0.0002
Where can you deliver cards?,order_physical_card,order_physical_card,True,0.9989,order_physical_card,0.9989,getting_spare_card,0.0003,getting_virtual_card,1e-04
Where are cards delivered to?,order_physical_card,order_physical_card,True,0.999,order_physical_card,0.999,card_acceptance,0.0002,card_delivery_estimate,1e-04
Please tell me how to get a physical card.,order_physical_card,order_physical_card,True,0.999,order_physical_card,0.999,card_acceptance,1e-04,getting_virtual_card,1e-04
What is the charge for a physical card?,order_physical_card,order_physical_card,True,0.9984,order_physical_card,0.9984,card_acceptance,0.0002,card_payment_fee_charged,0.0002
Is a non-electronic card available as well,order_physical_card,get_disposable_virtual_card,False,0.959,get_disposable_virtual_card,0.959,getting_virtual_card,0.0141,virtual_card_not_working,0.0083
How much does it cost in fees to use your card?,order_physical_card,card_payment_fee_charged,False,0.7913,card_payment_fee_charged,0.7913,order_physical_card,0.0911,card_acceptance,0.0833
How can I get a physical card,order_physical_card,order_physical_card,True,0.9989,order_physical_card,0.9989,card_acceptance,0.0002,get_disposable_virtual_card,1e-04
Can I get a physical card through this app?,order_physical_card,order_physical_card,True,0.9052,order_physical_card,0.9052,card_linking,0.0758,getting_virtual_card,0.0109
can I have a non virtual card?,order_physical_card,getting_virtual_card,False,0.9928,getting_virtual_card,0.9928,get_disposable_virtual_card,0.0024,virtual_card_not_working,0.0024
How do I get a physical card?,order_physical_card,order_physical_card,True,0.999,order_physical_card,0.999,card_acceptance,1e-04,card_delivery_estimate,1e-04
What are the fees to get a physical card?,order_physical_card,order_physical_card,True,0.999,order_physical_card,0.999,card_acceptance,1e-04,getting_virtual_card,1e-04
Where can my card be delivered?,order_physical_card,order_physical_card,True,0.9959,order_physical_card,0.9959,card_acceptance,0.0025,card_delivery_estimate,0.0007
What will I be charged for a physical card?,order_physical_card,order_physical_card,True,0.9984,order_physical_card,0.9984,card_acceptance,0.0003,card_payment_fee_charged,0.0003
Where do I order my card?,order_physical_card,order_physical_card,True,0.9989,order_physical_card,0.9989,card_acceptance,0.0002,card_delivery_estimate,0.0002
What locations can a card be delivered to?,order_physical_card,order_physical_card,True,0.998,order_physical_card,0.998,card_acceptance,0.001,card_delivery_estimate,0.0002
Where can I receive my card?,order_physical_card,order_physical_card,True,0.9976,order_physical_card,0.9976,card_delivery_estimate,0.001,card_acceptance,0.0006
Where do you deliver cards by mail?,order_physical_card,order_physical_card,True,0.9988,order_physical_card,0.9988,card_delivery_estimate,0.0003,get_disposable_virtual_card,1e-04
How can I get a real-life card of my own?,order_physical_card,order_physical_card,True,0.9978,order_physical_card,0.9978,getting_virtual_card,0.0004,getting_spare_card,0.0003
Where will I find my card?,order_physical_card,lost_or_stolen_card,False,0.791,lost_or_stolen_card,0.791,order_physical_card,0.1727,get_physical_card,0.0089
"If I want a physical card, do I have to pay anything?",order_physical_card,order_physical_card,True,0.9991,order_physical_card,0.9991,card_acceptance,0.0002,card_delivery_estimate,1e-04
Where can cards be delivered?,order_physical_card,order_physical_card,True,0.9991,order_physical_card,0.9991,card_acceptance,1e-04,get_disposable_virtual_card,1e-04
I need a physical card.,order_physical_card,order_physical_card,True,0.999,order_physical_card,0.999,getting_virtual_card,0.0002,getting_spare_card,0.0002
What are the fees for a physical card?,order_physical_card,order_physical_card,True,0.999,order_physical_card,0.999,card_acceptance,0.0002,getting_virtual_card,1e-04
How do I get an actual card?,order_physical_card,order_physical_card,True,0.9991,order_physical_card,0.9991,card_acceptance,1e-04,card_delivery_estimate,1e-04
Can I get a real card?,order_physical_card,order_physical_card,True,0.9989,order_physical_card,0.9989,card_delivery_estimate,0.0002,card_acceptance,1e-04
Why is my disposable virtual card being denied?,virtual_card_not_working,virtual_card_not_working,True,0.9861,virtual_card_not_working,0.9861,disposable_card_limits,0.0072,get_disposable_virtual_card,0.0021
My disposable virtual card doesn't seem to work,virtual_card_not_working,virtual_card_not_working,True,0.9972,virtual_card_not_working,0.9972,disposable_card_limits,0.0005,get_disposable_virtual_card,0.0004
My disposable virtual card is broken.,virtual_card_not_working,virtual_card_not_working,True,0.9896,virtual_card_not_working,0.9896,card_not_working,0.0026,get_disposable_virtual_card,0.0019
My non-physical card will not work,virtual_card_not_working,card_not_working,False,0.9958,card_not_working,0.9958,virtual_card_not_working,0.0017,activate_my_card,0.0006
Why did the disposable virtual card which I used to pay a gym subscription get denied?,virtual_card_not_working,virtual_card_not_working,True,0.9539,virtual_card_not_working,0.9539,disposable_card_limits,0.0353,get_disposable_virtual_card,0.0061
Why is my virtual card is being declined?,virtual_card_not_working,virtual_card_not_working,True,0.9946,virtual_card_not_working,0.9946,getting_virtual_card,0.0018,declined_card_payment,0.0007
Are there restrictions for my disposable card since it does not seem to be working?,virtual_card_not_working,disposable_card_limits,False,0.9986,disposable_card_limits,0.9986,virtual_card_not_working,0.0003,get_disposable_virtual_card,0.0002
I cannot get my virtual card to work.,virtual_card_not_working,virtual_card_not_working,True,0.9972,virtual_card_not_working,0.9972,disposable_card_limits,0.0006,activate_my_card,0.0004
I was at the store earlier and my virtual card didn't work. What's the solution for this problem?,virtual_card_not_working,virtual_card_not_working,True,0.996,virtual_card_not_working,0.996,disposable_card_limits,0.0012,declined_card_payment,0.0007
My disposable virtual card will not work,virtual_card_not_working,virtual_card_not_working,True,0.997,virtual_card_not_working,0.997,disposable_card_limits,0.0007,get_disposable_virtual_card,0.0005
I cannot use my disposable virtual card.,virtual_card_not_working,virtual_card_not_working,True,0.9841,virtual_card_not_working,0.9841,disposable_card_limits,0.0096,get_disposable_virtual_card,0.0035
Can I make multiple online transactions with my virtual card?,virtual_card_not_working,virtual_card_not_working,True,0.8363,virtual_card_not_working,0.8363,getting_virtual_card,0.15,disposable_card_limits,0.0047
Why was my virtual card declined when attempting to setup automatic billing?,virtual_card_not_working,virtual_card_not_working,True,0.9966,virtual_card_not_working,0.9966,disposable_card_limits,0.0007,getting_virtual_card,0.0005
Why doesn't my disposable virtual card work?,virtual_card_not_working,virtual_card_not_working,True,0.9962,virtual_card_not_working,0.9962,get_disposable_virtual_card,0.0011,disposable_card_limits,0.0009
Why can't I use my virtual card for subscription services?,virtual_card_not_working,virtual_card_not_working,True,0.9881,virtual_card_not_working,0.9881,getting_virtual_card,0.0081,disposable_card_limits,0.0015
Why isn't my virtual card working?,virtual_card_not_working,virtual_card_not_working,True,0.9976,virtual_card_not_working,0.9976,disposable_card_limits,0.0005,getting_virtual_card,0.0003
I cannot make transactions with my virtual card.,virtual_card_not_working,virtual_card_not_working,True,0.9962,virtual_card_not_working,0.9962,disposable_card_limits,0.0008,getting_virtual_card,0.0008
"For some reason, the virtual card won't work for me.",virtual_card_not_working,virtual_card_not_working,True,0.9972,virtual_card_not_working,0.9972,disposable_card_limits,0.0009,declined_card_payment,0.0003
My disposable virtual card has been rejected by the merchant earlier today. What should I do?,virtual_card_not_working,virtual_card_not_working,True,0.9969,virtual_card_not_working,0.9969,disposable_card_limits,0.0008,get_disposable_virtual_card,0.0004
How can I fix a problem where my virtual card is rejected?,virtual_card_not_working,virtual_card_not_working,True,0.9939,virtual_card_not_working,0.9939,card_not_working,0.0015,declined_card_payment,0.0007
My virtual card isn't working. What do I do?,virtual_card_not_working,virtual_card_not_working,True,0.9975,virtual_card_not_working,0.9975,disposable_card_limits,0.0005,getting_virtual_card,0.0003
What do I do if my virtual card won't work.,virtual_card_not_working,virtual_card_not_working,True,0.9973,virtual_card_not_working,0.9973,disposable_card_limits,0.0006,card_not_working,0.0003
Is there a trick to get the disposable virtual card to work?,virtual_card_not_working,virtual_card_not_working,True,0.88,virtual_card_not_working,0.88,get_disposable_virtual_card,0.093,disposable_card_limits,0.0162
Why can't I get my virtual card to work?,virtual_card_not_working,virtual_card_not_working,True,0.9974,virtual_card_not_working,0.9974,disposable_card_limits,0.0006,declined_card_payment,0.0003
My card is just not working at this time.,virtual_card_not_working,card_not_working,False,0.999,card_not_working,0.999,activate_my_card,1e-04,virtual_card_not_working,1e-04
My disposable card seems not to be working am I doing something wrong?,virtual_card_not_working,virtual_card_not_working,True,0.9758,virtual_card_not_working,0.9758,activate_my_card,0.0087,card_not_working,0.0058
My payments from my virtual card keep getting rejected.,virtual_card_not_working,virtual_card_not_working,True,0.9963,virtual_card_not_working,0.9963,getting_virtual_card,0.0008,disposable_card_limits,0.0004
My disposable virtual card is not working when I try to use it at a point of sale transaction. What do I do now?,virtual_card_not_working,virtual_card_not_working,True,0.9954,virtual_card_not_working,0.9954,disposable_card_limits,0.0015,get_disposable_virtual_card,0.0008
My transaction was just declined when I was using my disposable virtual card. What can I do?,virtual_card_not_working,virtual_card_not_working,True,0.9575,virtual_card_not_working,0.9575,disposable_card_limits,0.0333,get_disposable_virtual_card,0.0038
My disposable virtual card is not working,virtual_card_not_working,virtual_card_not_working,True,0.9972,virtual_card_not_working,0.9972,disposable_card_limits,0.0006,declined_card_payment,0.0003
How do I get my disposable virtual card to work?,virtual_card_not_working,virtual_card_not_working,True,0.9068,virtual_card_not_working,0.9068,get_disposable_virtual_card,0.08,disposable_card_limits,0.0038
How come my disposable virtual card used to pay for a gym subscription got rejected?,virtual_card_not_working,virtual_card_not_working,True,0.9969,virtual_card_not_working,0.9969,disposable_card_limits,0.0008,get_disposable_virtual_card,0.0004
Payments from my disposable virtual card don't work,virtual_card_not_working,virtual_card_not_working,True,0.9947,virtual_card_not_working,0.9947,get_disposable_virtual_card,0.0016,disposable_card_limits,0.0012
"My disposable virtual card was rejected by the merchant, please help?",virtual_card_not_working,virtual_card_not_working,True,0.9971,virtual_card_not_working,0.9971,disposable_card_limits,0.0006,declined_card_payment,0.0004
My virtual card won't work.,virtual_card_not_working,virtual_card_not_working,True,0.9975,virtual_card_not_working,0.9975,disposable_card_limits,0.0006,declined_card_payment,0.0003
Tell me why my virtual disposable card won't work.,virtual_card_not_working,virtual_card_not_working,True,0.9947,virtual_card_not_working,0.9947,disposable_card_limits,0.0022,get_disposable_virtual_card,0.0007
I need help getting the virtual card to work.,virtual_card_not_working,virtual_card_not_working,True,0.9973,virtual_card_not_working,0.9973,disposable_card_limits,0.0005,card_not_working,0.0004
I was trying to use my virtual card at a merchant and it was rejected. How can I fix this?,virtual_card_not_working,virtual_card_not_working,True,0.9957,virtual_card_not_working,0.9957,disposable_card_limits,0.0009,card_not_working,0.0006
How do I make my virtual card work?,virtual_card_not_working,virtual_card_not_working,True,0.9954,virtual_card_not_working,0.9954,getting_virtual_card,0.0017,disposable_card_limits,0.0008
virtual card is not working for me,virtual_card_not_working,virtual_card_not_working,True,0.9968,virtual_card_not_working,0.9968,disposable_card_limits,0.0011,getting_virtual_card,0.0003
I did not get the right amount of money when I used a different country's currency.,wrong_exchange_rate_for_cash_withdrawal,wrong_exchange_rate_for_cash_withdrawal,True,0.981,wrong_exchange_rate_for_cash_withdrawal,0.981,fiat_currency_support,0.0078,card_payment_wrong_exchange_rate,0.0038
I took out money from a transaction machine and it exchanged the wrong dollar value amount from another currency!,wrong_exchange_rate_for_cash_withdrawal,card_payment_wrong_exchange_rate,False,0.7476,card_payment_wrong_exchange_rate,0.7476,wrong_exchange_rate_for_cash_withdrawal,0.2146,exchange_via_app,0.0121
I made a withdraw from the ATM this past holiday and it seems like a was charged too much. If I would have   known about these charges I wouldn't have made a withdraw.,wrong_exchange_rate_for_cash_withdrawal,wrong_exchange_rate_for_cash_withdrawal,True,0.9992,wrong_exchange_rate_for_cash_withdrawal,0.9992,card_payment_wrong_exchange_rate,1e-04,wrong_amount_of_cash_received,1e-04
Can you look to make sure the exchange rate is correct,wrong_exchange_rate_for_cash_withdrawal,card_payment_wrong_exchange_rate,False,0.6688,card_payment_wrong_exchange_rate,0.6688,exchange_rate,0.3152,wrong_exchange_rate_for_cash_withdrawal,0.0117
Exchange rate for my cash withdrawal is wrong,wrong_exchange_rate_for_cash_withdrawal,wrong_exchange_rate_for_cash_withdrawal,True,0.9992,wrong_exchange_rate_for_cash_withdrawal,0.9992,wrong_amount_of_cash_received,0.0002,declined_cash_withdrawal,1e-04
Hello. I'm on holiday and didn't bring any cash with me. I need to withdrawal my home currency from one of your machines. Do you have any that will do this and is there a charge?,wrong_exchange_rate_for_cash_withdrawal,wrong_exchange_rate_for_cash_withdrawal,True,0.9988,wrong_exchange_rate_for_cash_withdrawal,0.9988,declined_cash_withdrawal,0.0002,cash_withdrawal_not_recognised,0.0002
Why was the exchange rate wrong when I got cash,wrong_exchange_rate_for_cash_withdrawal,wrong_exchange_rate_for_cash_withdrawal,True,0.9991,wrong_exchange_rate_for_cash_withdrawal,0.9991,declined_cash_withdrawal,0.0002,wrong_amount_of_cash_received,1e-04
I attempted to get money using a foreign currency at an ATM but the rate was highly inaccurate!,wrong_exchange_rate_for_cash_withdrawal,wrong_exchange_rate_for_cash_withdrawal,True,0.9992,wrong_exchange_rate_for_cash_withdrawal,0.9992,wrong_amount_of_cash_received,1e-04,card_payment_wrong_exchange_rate,1e-04
Why is the exchange rate wrong for my international withdrawal?,wrong_exchange_rate_for_cash_withdrawal,wrong_exchange_rate_for_cash_withdrawal,True,0.9993,wrong_exchange_rate_for_cash_withdrawal,0.9993,card_payment_wrong_exchange_rate,0.0002,declined_cash_withdrawal,1e-04
A wrong exchange rate was applied to a transaction made abroad.,wrong_exchange_rate_for_cash_withdrawal,card_payment_wrong_exchange_rate,False,0.9883,card_payment_wrong_exchange_rate,0.9883,wrong_exchange_rate_for_cash_withdrawal,0.0109,exchange_charge,0.0002
The exchange rate you gave me for my cash withdrawal is wrong,wrong_exchange_rate_for_cash_withdrawal,wrong_exchange_rate_for_cash_withdrawal,True,0.9992,wrong_exchange_rate_for_cash_withdrawal,0.9992,declined_cash_withdrawal,0.0002,wrong_amount_of_cash_received,1e-04
Is there a fee for exchanging cash?,wrong_exchange_rate_for_cash_withdrawal,exchange_charge,False,0.9865,exchange_charge,0.9865,wrong_exchange_rate_for_cash_withdrawal,0.007,card_payment_wrong_exchange_rate,0.0029
Why is the exchange rate so exorbitant? This should have been a much higher amount of cash for that to apply.,wrong_exchange_rate_for_cash_withdrawal,wrong_exchange_rate_for_cash_withdrawal,True,0.9992,wrong_exchange_rate_for_cash_withdrawal,0.9992,card_payment_wrong_exchange_rate,0.0004,wrong_amount_of_cash_received,1e-04
Why was the exchange rate different when I withdrew my cash?,wrong_exchange_rate_for_cash_withdrawal,wrong_exchange_rate_for_cash_withdrawal,True,0.9987,wrong_exchange_rate_for_cash_withdrawal,0.9987,declined_cash_withdrawal,0.0005,wrong_amount_of_cash_received,1e-04
"When I got cash, my exchange rate was wrong.",wrong_exchange_rate_for_cash_withdrawal,wrong_exchange_rate_for_cash_withdrawal,True,0.9991,wrong_exchange_rate_for_cash_withdrawal,0.9991,declined_cash_withdrawal,0.0002,wrong_amount_of_cash_received,1e-04
Will there be additional costs of I make a withdrawal from a local ATM of British pounds? I need some cash to feel comfortable on the journey home,wrong_exchange_rate_for_cash_withdrawal,cash_withdrawal_charge,False,0.8442,cash_withdrawal_charge,0.8442,wrong_exchange_rate_for_cash_withdrawal,0.1238,wrong_amount_of_cash_received,0.0129
It seems I was overcharged when I used an ATM while on vacation. If I knew about your fees in advance I sure would have gone somewhere else.,wrong_exchange_rate_for_cash_withdrawal,wrong_exchange_rate_for_cash_withdrawal,True,0.999,wrong_exchange_rate_for_cash_withdrawal,0.999,card_payment_wrong_exchange_rate,0.0002,disposable_card_limits,1e-04
I checked the exchange rate when I withdrew cash. But the actual rate that you applied was different.,wrong_exchange_rate_for_cash_withdrawal,wrong_exchange_rate_for_cash_withdrawal,True,0.9992,wrong_exchange_rate_for_cash_withdrawal,0.9992,declined_cash_withdrawal,0.0002,wrong_amount_of_cash_received,1e-04
"In receiving cash, the wrong exchange rate was used for my transaction.",wrong_exchange_rate_for_cash_withdrawal,wrong_exchange_rate_for_cash_withdrawal,True,0.9993,wrong_exchange_rate_for_cash_withdrawal,0.9993,declined_cash_withdrawal,1e-04,wrong_amount_of_cash_received,1e-04
Can I make a withdraw if I am out of country from with out any fees at an ATM?,wrong_exchange_rate_for_cash_withdrawal,wrong_exchange_rate_for_cash_withdrawal,True,0.9822,wrong_exchange_rate_for_cash_withdrawal,0.9822,cash_withdrawal_charge,0.0074,atm_support,0.0037
I took out a foreign currency and the exchange rate is wrong.,wrong_exchange_rate_for_cash_withdrawal,card_payment_wrong_exchange_rate,False,0.6374,card_payment_wrong_exchange_rate,0.6374,wrong_exchange_rate_for_cash_withdrawal,0.3604,exchange_via_app,0.0002
I feel like too much money was taken during my currency exchange.,wrong_exchange_rate_for_cash_withdrawal,wrong_exchange_rate_for_cash_withdrawal,True,0.5998,wrong_exchange_rate_for_cash_withdrawal,0.5998,card_payment_wrong_exchange_rate,0.3957,exchange_charge,0.0013
There was an error in exchange rate for my cash withdrawal,wrong_exchange_rate_for_cash_withdrawal,wrong_exchange_rate_for_cash_withdrawal,True,0.9992,wrong_exchange_rate_for_cash_withdrawal,0.9992,declined_cash_withdrawal,0.0002,card_payment_wrong_exchange_rate,1e-04
"I need the right foreign money, at the right rate, at ATMs, when I go abroad.",wrong_exchange_rate_for_cash_withdrawal,wrong_exchange_rate_for_cash_withdrawal,True,0.9977,wrong_exchange_rate_for_cash_withdrawal,0.9977,wrong_amount_of_cash_received,0.0003,declined_cash_withdrawal,0.0002
The conversion rate on the ATM that I used with foreign currency was wrong.,wrong_exchange_rate_for_cash_withdrawal,wrong_exchange_rate_for_cash_withdrawal,True,0.9992,wrong_exchange_rate_for_cash_withdrawal,0.9992,declined_cash_withdrawal,0.0002,wrong_amount_of_cash_received,1e-04
why is the exchange rate for a Foreign ATM different,wrong_exchange_rate_for_cash_withdrawal,wrong_exchange_rate_for_cash_withdrawal,True,0.9991,wrong_exchange_rate_for_cash_withdrawal,0.9991,declined_cash_withdrawal,1e-04,wrong_amount_of_cash_received,1e-04
My cash withdrawal charged me the wrong exchange rate,wrong_exchange_rate_for_cash_withdrawal,wrong_exchange_rate_for_cash_withdrawal,True,0.9993,wrong_exchange_rate_for_cash_withdrawal,0.9993,declined_cash_withdrawal,1e-04,wrong_amount_of_cash_received,1e-04
I withdrew some cash out of the ATM over the holiday. It seems that I was charged some outrageous fees. I would not have done that had I been aware of these outrageous charges!,wrong_exchange_rate_for_cash_withdrawal,wrong_exchange_rate_for_cash_withdrawal,True,0.9986,wrong_exchange_rate_for_cash_withdrawal,0.9986,declined_cash_withdrawal,0.0004,cash_withdrawal_charge,0.0003
The exchange rate for my withdrawal isn't correct and doesn't match the actual exchange rate.,wrong_exchange_rate_for_cash_withdrawal,wrong_exchange_rate_for_cash_withdrawal,True,0.9991,wrong_exchange_rate_for_cash_withdrawal,0.9991,declined_cash_withdrawal,1e-04,card_payment_wrong_exchange_rate,1e-04
Can you explain your exchange rate policy? I don't think I received the correct amount of cash in my ATM transaction.,wrong_exchange_rate_for_cash_withdrawal,wrong_exchange_rate_for_cash_withdrawal,True,0.9983,wrong_exchange_rate_for_cash_withdrawal,0.9983,wrong_amount_of_cash_received,0.0009,declined_cash_withdrawal,0.0002
My ecchange rate was wrong for a cash transaction.,wrong_exchange_rate_for_cash_withdrawal,wrong_exchange_rate_for_cash_withdrawal,True,0.9988,wrong_exchange_rate_for_cash_withdrawal,0.9988,wrong_amount_of_cash_received,0.0005,declined_cash_withdrawal,1e-04
I expected a higher exchange rate when I withdrew money. Can you tell me current exchange rates?,wrong_exchange_rate_for_cash_withdrawal,wrong_exchange_rate_for_cash_withdrawal,True,0.9986,wrong_exchange_rate_for_cash_withdrawal,0.9986,declined_cash_withdrawal,0.0003,cash_withdrawal_charge,1e-04
The see the rate applied to my transaction was wrong at the atm.,wrong_exchange_rate_for_cash_withdrawal,wrong_exchange_rate_for_cash_withdrawal,True,0.9857,wrong_exchange_rate_for_cash_withdrawal,0.9857,wrong_amount_of_cash_received,0.0119,declined_cash_withdrawal,0.0011
The rate of exchange isn't right for my cash withdrawal.,wrong_exchange_rate_for_cash_withdrawal,wrong_exchange_rate_for_cash_withdrawal,True,0.9993,wrong_exchange_rate_for_cash_withdrawal,0.9993,declined_cash_withdrawal,1e-04,wrong_amount_of_cash_received,1e-04
I took out cash abroad and the exchange rate isn't correct.,wrong_exchange_rate_for_cash_withdrawal,wrong_exchange_rate_for_cash_withdrawal,True,0.9993,wrong_exchange_rate_for_cash_withdrawal,0.9993,declined_cash_withdrawal,1e-04,card_payment_wrong_exchange_rate,1e-04
I used an ATM in a foreign currency but the rate applied is wrong!,wrong_exchange_rate_for_cash_withdrawal,wrong_exchange_rate_for_cash_withdrawal,True,0.9993,wrong_exchange_rate_for_cash_withdrawal,0.9993,wrong_amount_of_cash_received,1e-04,card_payment_wrong_exchange_rate,1e-04
how do you determine your exchange rates because one of yours was off when i got cash,wrong_exchange_rate_for_cash_withdrawal,wrong_exchange_rate_for_cash_withdrawal,True,0.9991,wrong_exchange_rate_for_cash_withdrawal,0.9991,declined_cash_withdrawal,1e-04,wrong_amount_of_cash_received,1e-04
I used the ATM machine to get money out for Holiday shopping and saw the outrageous charges. Why is that? I would not have used the ATM if I had known!,wrong_exchange_rate_for_cash_withdrawal,wrong_exchange_rate_for_cash_withdrawal,True,0.9985,wrong_exchange_rate_for_cash_withdrawal,0.9985,declined_cash_withdrawal,0.0004,cash_withdrawal_charge,1e-04
The cash withdrawal exchange rate is not correct.,wrong_exchange_rate_for_cash_withdrawal,wrong_exchange_rate_for_cash_withdrawal,True,0.9991,wrong_exchange_rate_for_cash_withdrawal,0.9991,wrong_amount_of_cash_received,0.0002,declined_cash_withdrawal,0.0002
"Is there a local ATM that will provide British pounds, I have no money for my homeward journey and do not feel comfortable waiting until  I arrive in Britain. Will a withdrawal involve extra charges?",wrong_exchange_rate_for_cash_withdrawal,wrong_exchange_rate_for_cash_withdrawal,True,0.9498,wrong_exchange_rate_for_cash_withdrawal,0.9498,cash_withdrawal_charge,0.0203,cash_withdrawal_not_recognised,0.0122
can i get a description of how to use a disposable virtual card,get_disposable_virtual_card,get_disposable_virtual_card,True,0.9974,get_disposable_virtual_card,0.9974,disposable_card_limits,0.0014,contactless_not_working,1e-04
Can I create a disposable virtual card?,get_disposable_virtual_card,get_disposable_virtual_card,True,0.9987,get_disposable_virtual_card,0.9987,disposable_card_limits,0.0004,getting_virtual_card,1e-04
What can you tell me about getting a virtual disposable card?,get_disposable_virtual_card,get_disposable_virtual_card,True,0.9987,get_disposable_virtual_card,0.9987,getting_virtual_card,0.0003,disposable_card_limits,0.0002
I would like to order a disposable virtual card. How can I do this?,get_disposable_virtual_card,get_disposable_virtual_card,True,0.9987,get_disposable_virtual_card,0.9987,disposable_card_limits,0.0003,getting_virtual_card,0.0002
how do VR cards work,get_disposable_virtual_card,get_disposable_virtual_card,True,0.8861,get_disposable_virtual_card,0.8861,getting_virtual_card,0.0994,virtual_card_not_working,0.0049
What is a disposable virtual card?,get_disposable_virtual_card,get_disposable_virtual_card,True,0.9985,get_disposable_virtual_card,0.9985,getting_virtual_card,0.0003,virtual_card_not_working,1e-04
I would like a temporary virtual card,get_disposable_virtual_card,getting_virtual_card,False,0.9986,getting_virtual_card,0.9986,virtual_card_not_working,0.0004,get_disposable_virtual_card,0.0002
How do the disposable cards work?,get_disposable_virtual_card,get_disposable_virtual_card,True,0.9986,get_disposable_virtual_card,0.9986,virtual_card_not_working,0.0002,disposable_card_limits,0.0002
How do I use a disposable virtual card?,get_disposable_virtual_card,get_disposable_virtual_card,True,0.9986,get_disposable_virtual_card,0.9986,getting_virtual_card,0.0002,disposable_card_limits,0.0002
Where's the best place to get a disposable virtual card?,get_disposable_virtual_card,get_disposable_virtual_card,True,0.9941,get_disposable_virtual_card,0.9941,disposable_card_limits,0.0046,contactless_not_working,1e-04
Can you explain the disposable cards to me?,get_disposable_virtual_card,get_disposable_virtual_card,True,0.9982,get_disposable_virtual_card,0.9982,disposable_card_limits,0.0009,virtual_card_not_working,1e-04
"Is there anyway, I can get a disposable virtual card?",get_disposable_virtual_card,get_disposable_virtual_card,True,0.9987,get_disposable_virtual_card,0.9987,disposable_card_limits,0.0004,getting_virtual_card,0.0002
I just purchased a disposable virtual card. Am I able to use it for online purchases immediately?,get_disposable_virtual_card,get_disposable_virtual_card,True,0.9967,get_disposable_virtual_card,0.9967,getting_virtual_card,0.0013,virtual_card_not_working,0.0008
how secure is a disposable virtual card,get_disposable_virtual_card,get_disposable_virtual_card,True,0.6009,get_disposable_virtual_card,0.6009,disposable_card_limits,0.3917,contactless_not_working,0.0017
What do I do to get a disposable virtual card?,get_disposable_virtual_card,get_disposable_virtual_card,True,0.9987,get_disposable_virtual_card,0.9987,getting_virtual_card,0.0002,disposable_card_limits,0.0002
I want to get a disposable virtual card.,get_disposable_virtual_card,get_disposable_virtual_card,True,0.9988,get_disposable_virtual_card,0.9988,disposable_card_limits,0.0003,getting_virtual_card,1e-04
Can you explain disposable cards?,get_disposable_virtual_card,get_disposable_virtual_card,True,0.9985,get_disposable_virtual_card,0.9985,disposable_card_limits,0.0005,virtual_card_not_working,1e-04
how do i get a virtual card for one time use,get_disposable_virtual_card,getting_virtual_card,False,0.8537,getting_virtual_card,0.8537,get_disposable_virtual_card,0.141,virtual_card_not_working,0.002
May I get a disposable virtual card as well?,get_disposable_virtual_card,get_disposable_virtual_card,True,0.9987,get_disposable_virtual_card,0.9987,disposable_card_limits,0.0002,getting_virtual_card,0.0002
Can i get a single use virtual card,get_disposable_virtual_card,get_disposable_virtual_card,True,0.9933,get_disposable_virtual_card,0.9933,getting_virtual_card,0.0032,disposable_card_limits,0.0017
I would like to create a disposable virtual card. How do I go about doing that?,get_disposable_virtual_card,get_disposable_virtual_card,True,0.9988,get_disposable_virtual_card,0.9988,disposable_card_limits,0.0003,getting_virtual_card,0.0002
"I have a disposable virtual card here, so would you tell me what to do with it?",get_disposable_virtual_card,get_disposable_virtual_card,True,0.9974,get_disposable_virtual_card,0.9974,getting_virtual_card,0.0012,virtual_card_not_working,0.0004
how does a virtual card work,get_disposable_virtual_card,getting_virtual_card,False,0.7026,getting_virtual_card,0.7026,get_disposable_virtual_card,0.1454,virtual_card_not_working,0.1435
What is the process of obtaining a disposable virtual card,get_disposable_virtual_card,get_disposable_virtual_card,True,0.9986,get_disposable_virtual_card,0.9986,disposable_card_limits,0.0004,getting_virtual_card,1e-04
What does a disposable virtual card do?,get_disposable_virtual_card,get_disposable_virtual_card,True,0.9985,get_disposable_virtual_card,0.9985,getting_virtual_card,0.0003,virtual_card_not_working,1e-04
When can I order a disposable virtual card?,get_disposable_virtual_card,get_disposable_virtual_card,True,0.9269,get_disposable_virtual_card,0.9269,disposable_card_limits,0.0687,contactless_not_working,0.0008
Is it possible to also get a disposable virtual card?,get_disposable_virtual_card,get_disposable_virtual_card,True,0.9988,get_disposable_virtual_card,0.9988,disposable_card_limits,0.0003,getting_virtual_card,0.0002
How do I obtain a disposable virtual card?,get_disposable_virtual_card,get_disposable_virtual_card,True,0.9987,get_disposable_virtual_card,0.9987,disposable_card_limits,0.0002,getting_virtual_card,0.0002
How would you use a disposable card?,get_disposable_virtual_card,get_disposable_virtual_card,True,0.9987,get_disposable_virtual_card,0.9987,disposable_card_limits,0.0003,supported_cards_and_currencies,1e-04
"I need a disposable virtual card, how do I get one?",get_disposable_virtual_card,get_disposable_virtual_card,True,0.9987,get_disposable_virtual_card,0.9987,disposable_card_limits,0.0004,getting_virtual_card,0.0002
How do disposable cards work?,get_disposable_virtual_card,get_disposable_virtual_card,True,0.9985,get_disposable_virtual_card,0.9985,virtual_card_not_working,0.0002,disposable_card_limits,0.0002
Is there a disposable virtual card I can order?,get_disposable_virtual_card,get_disposable_virtual_card,True,0.9987,get_disposable_virtual_card,0.9987,getting_virtual_card,0.0003,disposable_card_limits,0.0003
Where can I get a disposable virtual card?,get_disposable_virtual_card,get_disposable_virtual_card,True,0.9834,get_disposable_virtual_card,0.9834,disposable_card_limits,0.0149,contactless_not_working,0.0002
Will I be able to get a disposable virtual card as well?,get_disposable_virtual_card,get_disposable_virtual_card,True,0.9988,get_disposable_virtual_card,0.9988,disposable_card_limits,0.0002,getting_virtual_card,0.0002
Hello! I need to order a disposable virtual card. Where can I do that at?,get_disposable_virtual_card,get_disposable_virtual_card,True,0.9943,get_disposable_virtual_card,0.9943,disposable_card_limits,0.0046,getting_virtual_card,0.0002
where do I request a disposable virtual card?,get_disposable_virtual_card,get_disposable_virtual_card,True,0.9979,get_disposable_virtual_card,0.9979,disposable_card_limits,0.0012,getting_virtual_card,0.0002
Can i get a throw away card,get_disposable_virtual_card,order_physical_card,False,0.8592,order_physical_card,0.8592,get_disposable_virtual_card,0.115,supported_cards_and_currencies,0.0041
how many transactions can i make with a disposable card,get_disposable_virtual_card,disposable_card_limits,False,0.9995,disposable_card_limits,0.9995,get_disposable_virtual_card,1e-04,contactless_not_working,0.0
What are disposable cards?,get_disposable_virtual_card,get_disposable_virtual_card,True,0.9987,get_disposable_virtual_card,0.9987,disposable_card_limits,0.0002,getting_virtual_card,0.0002
what's the process for getting a disposable virtual card?,get_disposable_virtual_card,get_disposable_virtual_card,True,0.9987,get_disposable_virtual_card,0.9987,disposable_card_limits,0.0003,virtual_card_not_working,1e-04
The app denied my topped up.,top_up_failed,top_up_failed,True,0.9989,top_up_failed,0.9989,pending_top_up,0.0002,top_up_reverted,0.0002
"Heyy I tried to top up with my card today but it failed! I just got the couple days before but it has worked last time. What's going on, can you double check please?",top_up_failed,top_up_failed,True,0.9987,top_up_failed,0.9987,pending_top_up,0.0004,topping_up_by_card,0.0002
I have a top up that didn't go through.  Why?,top_up_failed,top_up_failed,True,0.9795,top_up_failed,0.9795,pending_top_up,0.0141,top_up_reverted,0.0057
"So, I tried topping up my card for the today. Unfortunately, it failed. A couple of days back I used it and it works fine. Can you double check and tell me what's going on?",top_up_failed,top_up_failed,True,0.9988,top_up_failed,0.9988,pending_top_up,0.0003,topping_up_by_card,0.0003
Why did the app deny my top up?,top_up_failed,top_up_failed,True,0.9987,top_up_failed,0.9987,declined_cash_withdrawal,0.0002,pending_top_up,1e-04
please tell me why my top-up failed.,top_up_failed,top_up_failed,True,0.9988,top_up_failed,0.9988,pending_top_up,0.0002,declined_cash_withdrawal,1e-04
My top-up isn't working.,top_up_failed,top_up_failed,True,0.9988,top_up_failed,0.9988,pending_top_up,0.0003,top_up_reverted,1e-04
I attempted to top up but the app denied it.,top_up_failed,top_up_failed,True,0.9989,top_up_failed,0.9989,topping_up_by_card,0.0002,pending_top_up,1e-04
What reason did my top-up fail for?,top_up_failed,top_up_failed,True,0.9989,top_up_failed,0.9989,pending_top_up,0.0002,declined_cash_withdrawal,1e-04
Why didn`t my topup go through?,top_up_failed,top_up_reverted,False,0.9916,top_up_reverted,0.9916,pending_top_up,0.004,top_up_failed,0.0036
How can I check to see if my top-up worked?,top_up_failed,top_up_failed,True,0.9989,top_up_failed,0.9989,pending_top_up,0.0002,declined_cash_withdrawal,1e-04
My top up didn't work.,top_up_failed,top_up_failed,True,0.999,top_up_failed,0.999,top_up_reverted,0.0002,pending_top_up,0.0002
My top up failed.,top_up_failed,top_up_failed,True,0.9989,top_up_failed,0.9989,pending_top_up,0.0003,top_up_reverted,1e-04
Why would my topup not go through?,top_up_failed,top_up_reverted,False,0.9412,top_up_reverted,0.9412,top_up_failed,0.0497,pending_top_up,0.008
Why caused my top up to not work?,top_up_failed,top_up_failed,True,0.9864,top_up_failed,0.9864,top_up_reverted,0.0121,pending_top_up,0.0007
Why did my top up not work?,top_up_failed,top_up_failed,True,0.9743,top_up_failed,0.9743,top_up_reverted,0.0244,pending_top_up,0.0004
Why was my top-up unsuccessful?,top_up_failed,top_up_failed,True,0.9934,top_up_failed,0.9934,top_up_reverted,0.0057,pending_top_up,0.0004
My funding to my card didn't go through.,top_up_failed,declined_card_payment,False,0.9475,declined_card_payment,0.9475,top_up_failed,0.0118,card_not_working,0.0085
I need to know why my credit card was declined for top up? What is the deal here and why did it not go through?,top_up_failed,top_up_failed,True,0.9989,top_up_failed,0.9989,pending_top_up,0.0002,top_up_reverted,1e-04
I topped up but the app did not accept it.,top_up_failed,top_up_failed,True,0.999,top_up_failed,0.999,top_up_reverted,0.0003,pending_top_up,0.0002
The app denied my top-up,top_up_failed,top_up_failed,True,0.9986,top_up_failed,0.9986,pending_top_up,0.0002,declined_cash_withdrawal,0.0002
I think my top up did not work,top_up_failed,top_up_failed,True,0.9989,top_up_failed,0.9989,top_up_reverted,1e-04,pending_top_up,1e-04
My top up was denied in the app.,top_up_failed,top_up_failed,True,0.9976,top_up_failed,0.9976,topping_up_by_card,0.0003,top_up_reverted,0.0002
Can you tell me if my pop-up went through?,top_up_failed,pending_top_up,False,0.9987,pending_top_up,0.9987,top_up_reverted,0.0005,top_up_failed,1e-04
can you check why I wasn't able to top up?,top_up_failed,top_up_failed,True,0.9987,top_up_failed,0.9987,topping_up_by_card,0.0003,pending_top_up,0.0002
How did my top-up fail?,top_up_failed,top_up_failed,True,0.9991,top_up_failed,0.9991,pending_top_up,1e-04,top_up_reverted,1e-04
"My top-up failed, WHY?",top_up_failed,top_up_failed,True,0.9989,top_up_failed,0.9989,pending_top_up,0.0002,top_up_reverted,1e-04
I tried to top up. Why was it denied?,top_up_failed,top_up_failed,True,0.9988,top_up_failed,0.9988,pending_top_up,0.0002,topping_up_by_card,0.0002
What's the deal? My card was just denied for top up. Why is it not going through?,top_up_failed,top_up_failed,True,0.9984,top_up_failed,0.9984,pending_top_up,0.0004,top_up_limits,1e-04
I don't think my top up is working correctly,top_up_failed,top_up_failed,True,0.9943,top_up_failed,0.9943,pending_top_up,0.0043,top_up_reverted,0.0003
The app won't let me top up my account,top_up_failed,top_up_failed,True,0.9967,top_up_failed,0.9967,topping_up_by_card,0.0021,pending_top_up,0.0004
I'm not sure why my top up request was denied,top_up_failed,top_up_failed,True,0.9986,top_up_failed,0.9986,top_up_reverted,0.0003,pending_top_up,0.0002
Why can't I top up?,top_up_failed,top_up_failed,True,0.9981,top_up_failed,0.9981,top_up_reverted,0.0004,pending_top_up,0.0004
My top-up has failed.,top_up_failed,top_up_failed,True,0.9988,top_up_failed,0.9988,pending_top_up,0.0003,declined_cash_withdrawal,1e-04
Problems with top up,top_up_failed,top_up_failed,True,0.9979,top_up_failed,0.9979,pending_top_up,0.0005,top_up_limits,0.0002
"I really need money from my card today, but my card is getting declined. Please help!!",top_up_failed,declined_card_payment,False,0.9593,declined_card_payment,0.9593,declined_cash_withdrawal,0.0309,card_not_working,0.0044
How do I know if my top up was unsuccessful?,top_up_failed,top_up_failed,True,0.997,top_up_failed,0.997,pending_top_up,0.0014,top_up_reverted,0.0012
I'm pretty sure my top up failed. How do I fix this?,top_up_failed,top_up_failed,True,0.9988,top_up_failed,0.9988,pending_top_up,0.0002,declined_cash_withdrawal,1e-04
why isnt top up working,top_up_failed,top_up_failed,True,0.9989,top_up_failed,0.9989,pending_top_up,0.0003,top_up_reverted,0.0002
Can you tell me why my top up didn't work?,top_up_failed,top_up_failed,True,0.999,top_up_failed,0.999,top_up_reverted,0.0002,pending_top_up,1e-04
I made a transfer a few hours ago from a UK banking account.  I do not yet see the transfer.  Please check on this for me.,balance_not_updated_after_bank_transfer,balance_not_updated_after_bank_transfer,True,0.9987,balance_not_updated_after_bank_transfer,0.9987,transfer_timing,0.0002,transfer_into_account,1e-04
the balance on my account didnt change when i transferred money,balance_not_updated_after_bank_transfer,balance_not_updated_after_bank_transfer,True,0.9987,balance_not_updated_after_bank_transfer,0.9987,transfer_into_account,0.0003,transfer_timing,0.0002
How long will it take for my transferred money to show up?,balance_not_updated_after_bank_transfer,balance_not_updated_after_bank_transfer,True,0.9987,balance_not_updated_after_bank_transfer,0.9987,pending_transfer,0.0005,transfer_into_account,1e-04
Why didn't my balance change after I transferred some money?,balance_not_updated_after_bank_transfer,balance_not_updated_after_bank_transfer,True,0.9991,balance_not_updated_after_bank_transfer,0.9991,transfer_into_account,0.0002,pending_transfer,1e-04
When will my balance update after a transfer?,balance_not_updated_after_bank_transfer,balance_not_updated_after_bank_transfer,True,0.9992,balance_not_updated_after_bank_transfer,0.9992,pending_transfer,1e-04,transfer_into_account,1e-04
How long does it take for an international transfer into my account?,balance_not_updated_after_bank_transfer,transfer_timing,False,0.9817,transfer_timing,0.9817,balance_not_updated_after_bank_transfer,0.0115,transfer_into_account,0.0018
The amount of time that transfers usually take from a UK account is what?I just completed a transfer and it is not showing up at all. I'm wondering at this point if everything is actually okay.,balance_not_updated_after_bank_transfer,balance_not_updated_after_bank_transfer,True,0.999,balance_not_updated_after_bank_transfer,0.999,transfer_into_account,1e-04,transfer_timing,1e-04
When will my transfer be available in my account.,balance_not_updated_after_bank_transfer,transfer_timing,False,0.9851,transfer_timing,0.9851,balance_not_updated_after_bank_transfer,0.0126,pending_transfer,0.0004
I didn't get the money I transferred,balance_not_updated_after_bank_transfer,beneficiary_not_allowed,False,0.7682,beneficiary_not_allowed,0.7682,balance_not_updated_after_bank_transfer,0.081,pending_transfer,0.0568
I just completed a bank transfer and the balance didn't update,balance_not_updated_after_bank_transfer,balance_not_updated_after_bank_transfer,True,0.9986,balance_not_updated_after_bank_transfer,0.9986,balance_not_updated_after_cheque_or_cash_deposit,0.0002,verify_top_up,1e-04
I transferred some money but I think it has gotten lost somewhere.,balance_not_updated_after_bank_transfer,balance_not_updated_after_bank_transfer,True,0.9458,balance_not_updated_after_bank_transfer,0.9458,transfer_not_received_by_recipient,0.0459,transfer_timing,0.0017
How long does a UK transfer take?,balance_not_updated_after_bank_transfer,balance_not_updated_after_bank_transfer,True,0.8348,balance_not_updated_after_bank_transfer,0.8348,transfer_timing,0.1597,pending_transfer,0.0011
Hello I made a bank transfer couple hours ago from my UK account but it doesn't show up yet. Can you please check if everything is alright with it?,balance_not_updated_after_bank_transfer,balance_not_updated_after_bank_transfer,True,0.999,balance_not_updated_after_bank_transfer,0.999,transfer_into_account,1e-04,balance_not_updated_after_cheque_or_cash_deposit,1e-04
I made a transfer and am still waiting.,balance_not_updated_after_bank_transfer,balance_not_updated_after_bank_transfer,True,0.9341,balance_not_updated_after_bank_transfer,0.9341,pending_transfer,0.0613,transfer_not_received_by_recipient,0.0019
I made an out of country transfer and it hasn't went through yet.,balance_not_updated_after_bank_transfer,pending_transfer,False,0.6333,pending_transfer,0.6333,transfer_not_received_by_recipient,0.3434,transfer_timing,0.0124
"After the transfer, the balance did not update.",balance_not_updated_after_bank_transfer,balance_not_updated_after_bank_transfer,True,0.9985,balance_not_updated_after_bank_transfer,0.9985,pending_transfer,0.0004,transfer_timing,0.0002
"Could you please check one of my transfer which i made few hours ago from my UK bank account, as its not showing yet.",balance_not_updated_after_bank_transfer,balance_not_updated_after_bank_transfer,True,0.9987,balance_not_updated_after_bank_transfer,0.9987,transfer_into_account,0.0002,transfer_timing,1e-04
I had cash transferred but the balance did not change.,balance_not_updated_after_bank_transfer,balance_not_updated_after_bank_transfer,True,0.9963,balance_not_updated_after_bank_transfer,0.9963,pending_transfer,0.0004,wrong_exchange_rate_for_cash_withdrawal,0.0003
I can't see my latest bank transfer,balance_not_updated_after_bank_transfer,balance_not_updated_after_bank_transfer,True,0.9986,balance_not_updated_after_bank_transfer,0.9986,transfer_into_account,0.0004,verify_top_up,1e-04
My bank transfer is still not showing up in my account.,balance_not_updated_after_bank_transfer,balance_not_updated_after_bank_transfer,True,0.9978,balance_not_updated_after_bank_transfer,0.9978,transfer_into_account,0.001,transfer_timing,0.0003
I made a transfer and it doesnt' show up in my account.,balance_not_updated_after_bank_transfer,balance_not_updated_after_bank_transfer,True,0.9822,balance_not_updated_after_bank_transfer,0.9822,transfer_timing,0.013,transfer_into_account,0.0025
I transferred some money but it is yet to arrive.,balance_not_updated_after_bank_transfer,transfer_not_received_by_recipient,False,0.9843,transfer_not_received_by_recipient,0.9843,balance_not_updated_after_bank_transfer,0.0134,pending_transfer,0.0005
Why is my balance the same?  I processed a transfer.,balance_not_updated_after_bank_transfer,balance_not_updated_after_bank_transfer,True,0.9989,balance_not_updated_after_bank_transfer,0.9989,balance_not_updated_after_cheque_or_cash_deposit,0.0002,transfer_into_account,1e-04
Why don't I have my transfer?,balance_not_updated_after_bank_transfer,balance_not_updated_after_bank_transfer,True,0.9931,balance_not_updated_after_bank_transfer,0.9931,transfer_not_received_by_recipient,0.0028,transfer_timing,0.0015
Why isn't the transfer on my account showing up?,balance_not_updated_after_bank_transfer,balance_not_updated_after_bank_transfer,True,0.994,balance_not_updated_after_bank_transfer,0.994,transfer_timing,0.0041,transfer_into_account,0.0005
The  money I transferred does not show in the balance.,balance_not_updated_after_bank_transfer,balance_not_updated_after_bank_transfer,True,0.999,balance_not_updated_after_bank_transfer,0.999,transfer_timing,0.0002,pending_transfer,0.0002
I have completed a transfer but it is not showing up.,balance_not_updated_after_bank_transfer,balance_not_updated_after_bank_transfer,True,0.9977,balance_not_updated_after_bank_transfer,0.9977,pending_transfer,0.0006,transfer_not_received_by_recipient,0.0004
I did a transfer to my account but it doesn't show up,balance_not_updated_after_bank_transfer,balance_not_updated_after_bank_transfer,True,0.9981,balance_not_updated_after_bank_transfer,0.9981,transfer_timing,0.0005,transfer_into_account,0.0004
How long until my transfer will be available to me,balance_not_updated_after_bank_transfer,pending_transfer,False,0.5472,pending_transfer,0.5472,transfer_timing,0.4486,transfer_not_received_by_recipient,0.0013
Why doesn't it show that I did a balance transfer?,balance_not_updated_after_bank_transfer,balance_not_updated_after_bank_transfer,True,0.9979,balance_not_updated_after_bank_transfer,0.9979,pending_transfer,0.0006,declined_transfer,0.0002
"I made a bank transfer a couple of hours ago from my UK account.  It hasn't appeared, can you check to make sure it went through?",balance_not_updated_after_bank_transfer,balance_not_updated_after_bank_transfer,True,0.9988,balance_not_updated_after_bank_transfer,0.9988,balance_not_updated_after_cheque_or_cash_deposit,1e-04,transfer_into_account,1e-04
My transfer is pending.,balance_not_updated_after_bank_transfer,pending_transfer,False,0.9989,pending_transfer,0.9989,transfer_timing,0.0003,balance_not_updated_after_bank_transfer,0.0002
"Hey, I try to make a bank transfer from my UK account a few hours ago, but it haven't show up yet. Please check my account to make sure everything alright with it?",balance_not_updated_after_bank_transfer,balance_not_updated_after_bank_transfer,True,0.9988,balance_not_updated_after_bank_transfer,0.9988,transfer_into_account,0.0002,balance_not_updated_after_cheque_or_cash_deposit,1e-04
Where is my transfer from [country]?,balance_not_updated_after_bank_transfer,transfer_timing,False,0.9398,transfer_timing,0.9398,balance_not_updated_after_bank_transfer,0.0292,verify_source_of_funds,0.0129
I made a bank transfer and my account balance did not show it.,balance_not_updated_after_bank_transfer,balance_not_updated_after_bank_transfer,True,0.9989,balance_not_updated_after_bank_transfer,0.9989,transfer_into_account,0.0002,verify_top_up,1e-04
Where is my money? I transfered it and it isn't in my account.,balance_not_updated_after_bank_transfer,balance_not_updated_after_bank_transfer,True,0.9979,balance_not_updated_after_bank_transfer,0.9979,transfer_into_account,0.0006,transfer_timing,0.0005
I need to know the time frame that is typical for a transfer from a UK account. I just made a transfer and it doesn't appear. I want to make sure everything is okay.,balance_not_updated_after_bank_transfer,balance_not_updated_after_bank_transfer,True,0.9987,balance_not_updated_after_bank_transfer,0.9987,transfer_timing,1e-04,transfer_into_account,1e-04
Why doesn't my balance reflect my transfer,balance_not_updated_after_bank_transfer,balance_not_updated_after_bank_transfer,True,0.9987,balance_not_updated_after_bank_transfer,0.9987,transfer_into_account,0.0002,transfer_timing,0.0002
My account balance has not gone up even though I just transferred money into it,balance_not_updated_after_bank_transfer,balance_not_updated_after_bank_transfer,True,0.9989,balance_not_updated_after_bank_transfer,0.9989,transfer_into_account,0.0002,transfer_timing,0.0002
When will I see my new balance after making my bank transfer?,balance_not_updated_after_bank_transfer,balance_not_updated_after_bank_transfer,True,0.9989,balance_not_updated_after_bank_transfer,0.9989,transfer_into_account,0.0003,transfer_timing,1e-04
Think someone has took money out with my card. What shall I do?,cash_withdrawal_not_recognised,cash_withdrawal_not_recognised,True,0.997,cash_withdrawal_not_recognised,0.997,declined_cash_withdrawal,0.0007,compromised_card,0.0005
There is a withdrawal that isn't mind in the app.,cash_withdrawal_not_recognised,cash_withdrawal_not_recognised,True,0.9977,cash_withdrawal_not_recognised,0.9977,pending_cash_withdrawal,0.0012,atm_support,0.0002
I just lost my wallet and I see that they are already withdrawing money from my account. How can I stop this?,cash_withdrawal_not_recognised,cash_withdrawal_not_recognised,True,0.998,cash_withdrawal_not_recognised,0.998,pending_cash_withdrawal,0.001,atm_support,0.0002
"I didn't get cash from an ATM, but the app says I did",cash_withdrawal_not_recognised,cash_withdrawal_not_recognised,True,0.9924,cash_withdrawal_not_recognised,0.9924,declined_cash_withdrawal,0.003,wrong_amount_of_cash_received,0.0027
My app shows some cash I didn't get.,cash_withdrawal_not_recognised,cash_withdrawal_not_recognised,True,0.9993,cash_withdrawal_not_recognised,0.9993,card_payment_not_recognised,1e-04,direct_debit_payment_not_recognised,0.0
Why is there a random withdrawal in my app?,cash_withdrawal_not_recognised,cash_withdrawal_not_recognised,True,0.9994,cash_withdrawal_not_recognised,0.9994,pending_cash_withdrawal,1e-04,card_payment_not_recognised,0.0
There is a suspicious cash withdraw on the account.,cash_withdrawal_not_recognised,cash_withdrawal_not_recognised,True,0.9979,cash_withdrawal_not_recognised,0.9979,pending_cash_withdrawal,0.0014,wrong_amount_of_cash_received,1e-04
"I didn't get cash from an ATM, but according to the app a transaction was made when i didn't make it.",cash_withdrawal_not_recognised,cash_withdrawal_not_recognised,True,0.9395,cash_withdrawal_not_recognised,0.9395,declined_cash_withdrawal,0.047,wrong_amount_of_cash_received,0.0067
The app said I withdrew cash at an ATM and I didn't,cash_withdrawal_not_recognised,cash_withdrawal_not_recognised,True,0.9894,cash_withdrawal_not_recognised,0.9894,declined_cash_withdrawal,0.0062,pending_cash_withdrawal,0.0017
My app says that I received cash from an ATM and I didn't.,cash_withdrawal_not_recognised,cash_withdrawal_not_recognised,True,0.9966,cash_withdrawal_not_recognised,0.9966,declined_cash_withdrawal,0.0012,wrong_amount_of_cash_received,0.0007
"How do I freeze my bank card, as there has been a strange withdrawal?",cash_withdrawal_not_recognised,cash_withdrawal_not_recognised,True,0.9992,cash_withdrawal_not_recognised,0.9992,declined_cash_withdrawal,1e-04,card_swallowed,1e-04
I see a cash withdrawal that I did not perform.,cash_withdrawal_not_recognised,cash_withdrawal_not_recognised,True,0.9985,cash_withdrawal_not_recognised,0.9985,pending_cash_withdrawal,0.0004,declined_cash_withdrawal,0.0003
I checked the app and saw an extra cash withdrawal that I didn't authorize,cash_withdrawal_not_recognised,cash_withdrawal_not_recognised,True,0.9993,cash_withdrawal_not_recognised,0.9993,pending_cash_withdrawal,1e-04,card_payment_not_recognised,0.0
I have a strange cash withdrawal in my statement,cash_withdrawal_not_recognised,cash_withdrawal_not_recognised,True,0.9993,cash_withdrawal_not_recognised,0.9993,card_payment_not_recognised,1e-04,pending_cash_withdrawal,1e-04
There's a cash withdraw on my statement that I didn't make.,cash_withdrawal_not_recognised,cash_withdrawal_not_recognised,True,0.9994,cash_withdrawal_not_recognised,0.9994,card_payment_not_recognised,1e-04,direct_debit_payment_not_recognised,0.0
i think someone is using my card to withdraw money. Someone stole my wallet. What can I do? it is urgent.,cash_withdrawal_not_recognised,cash_withdrawal_not_recognised,True,0.9991,cash_withdrawal_not_recognised,0.9991,atm_support,1e-04,supported_cards_and_currencies,1e-04
I am seeing in the App a some cash withdrawal that its not mine,cash_withdrawal_not_recognised,cash_withdrawal_not_recognised,True,0.9994,cash_withdrawal_not_recognised,0.9994,direct_debit_payment_not_recognised,0.0,atm_support,0.0
My account has a weird withdrawal.,cash_withdrawal_not_recognised,cash_withdrawal_not_recognised,True,0.9991,cash_withdrawal_not_recognised,0.9991,pending_cash_withdrawal,0.0002,wrong_amount_of_cash_received,1e-04
I'm unsure of a withdrawl in my statement.,cash_withdrawal_not_recognised,cash_withdrawal_not_recognised,True,0.5378,cash_withdrawal_not_recognised,0.5378,pending_cash_withdrawal,0.3076,cash_withdrawal_charge,0.094
"It looks like someone else withdrew cash from my account, can you help?",cash_withdrawal_not_recognised,cash_withdrawal_not_recognised,True,0.9992,cash_withdrawal_not_recognised,0.9992,pending_cash_withdrawal,1e-04,atm_support,1e-04
I think I see a withdraw I did not make.,cash_withdrawal_not_recognised,cash_withdrawal_not_recognised,True,0.9992,cash_withdrawal_not_recognised,0.9992,declined_cash_withdrawal,1e-04,pending_cash_withdrawal,1e-04
Some cash is showing up in my app that I did not get.,cash_withdrawal_not_recognised,cash_withdrawal_not_recognised,True,0.9993,cash_withdrawal_not_recognised,0.9993,card_payment_not_recognised,1e-04,direct_debit_payment_not_recognised,0.0
There is an unauthorized cash withdrawal from my account for 500£.  I definitely didn't make this withdrawal.  I need your help.,cash_withdrawal_not_recognised,cash_withdrawal_not_recognised,True,0.9993,cash_withdrawal_not_recognised,0.9993,direct_debit_payment_not_recognised,1e-04,pending_cash_withdrawal,1e-04
The app is showing an ATM withdrawl that I didn't make.,cash_withdrawal_not_recognised,cash_withdrawal_not_recognised,True,0.9994,cash_withdrawal_not_recognised,0.9994,pending_cash_withdrawal,1e-04,declined_cash_withdrawal,1e-04
There is a odd withdrawal on my account.,cash_withdrawal_not_recognised,cash_withdrawal_not_recognised,True,0.9985,cash_withdrawal_not_recognised,0.9985,pending_cash_withdrawal,0.0003,wrong_amount_of_cash_received,0.0002
I need to cancel my card that got stolen a little while ago. Someone has already taken some money out and I don't want them to take anymore. Can you please do that?,cash_withdrawal_not_recognised,cash_withdrawal_not_recognised,True,0.9521,cash_withdrawal_not_recognised,0.9521,lost_or_stolen_card,0.02,compromised_card,0.0078
How do I cancel my card? There are charges on my account that I didn't make.,cash_withdrawal_not_recognised,card_payment_not_recognised,False,0.963,card_payment_not_recognised,0.963,cash_withdrawal_not_recognised,0.0182,direct_debit_payment_not_recognised,0.0106
"There is an error, the app says I made an ATM withdrawal and I didn't.",cash_withdrawal_not_recognised,cash_withdrawal_not_recognised,True,0.9902,cash_withdrawal_not_recognised,0.9902,declined_cash_withdrawal,0.0045,wrong_amount_of_cash_received,0.0028
"Can anyone help me, I lost my wallet and they've started withdrawing from my account.",cash_withdrawal_not_recognised,cash_withdrawal_not_recognised,True,0.9968,cash_withdrawal_not_recognised,0.9968,card_swallowed,0.001,atm_support,0.0006
What do I do if I notice a strange withdrawl in my statement?,cash_withdrawal_not_recognised,cash_withdrawal_not_recognised,True,0.9987,cash_withdrawal_not_recognised,0.9987,pending_cash_withdrawal,0.0004,cash_withdrawal_charge,0.0002
I don't recognise a cash withdrawal,cash_withdrawal_not_recognised,cash_withdrawal_not_recognised,True,0.9992,cash_withdrawal_not_recognised,0.9992,pending_cash_withdrawal,1e-04,card_payment_not_recognised,1e-04
Help!  My wallet was stolen and someone is taking money out.  I need this money!  What can I do?,cash_withdrawal_not_recognised,cash_withdrawal_not_recognised,True,0.9992,cash_withdrawal_not_recognised,0.9992,direct_debit_payment_not_recognised,1e-04,atm_support,1e-04
There is a cash withdrawal transaction that I am unsure of.,cash_withdrawal_not_recognised,cash_withdrawal_not_recognised,True,0.9825,cash_withdrawal_not_recognised,0.9825,pending_cash_withdrawal,0.0145,declined_cash_withdrawal,0.0014
I didn't take out money from an ATM but my app statement shows that I did. How can I fix this?,cash_withdrawal_not_recognised,cash_withdrawal_not_recognised,True,0.9976,cash_withdrawal_not_recognised,0.9976,pending_cash_withdrawal,0.0006,declined_cash_withdrawal,0.0006
"Someone has stolen my card. Even though I have my card with me, someone just made a 500£ cash withdrawal. Please help as soon as possible.",cash_withdrawal_not_recognised,cash_withdrawal_not_recognised,True,0.9993,cash_withdrawal_not_recognised,0.9993,direct_debit_payment_not_recognised,1e-04,card_swallowed,1e-04
Cash I didn't get shows in my app.,cash_withdrawal_not_recognised,cash_withdrawal_not_recognised,True,0.9981,cash_withdrawal_not_recognised,0.9981,card_linking,0.0003,card_payment_not_recognised,0.0003
There is a problem with my card. Somebody has removed money from my account in a town I haven't been to. Can you please freeze my account immediately?,cash_withdrawal_not_recognised,cash_withdrawal_not_recognised,True,0.9965,cash_withdrawal_not_recognised,0.9965,declined_cash_withdrawal,0.0004,compromised_card,0.0003
There is an ATM withdrawl in the app I don't recognize.,cash_withdrawal_not_recognised,cash_withdrawal_not_recognised,True,0.9992,cash_withdrawal_not_recognised,0.9992,pending_cash_withdrawal,0.0002,atm_support,1e-04
A cash withdrawal is showing up that I didn't do.,cash_withdrawal_not_recognised,cash_withdrawal_not_recognised,True,0.9993,cash_withdrawal_not_recognised,0.9993,pending_cash_withdrawal,0.0002,card_payment_not_recognised,0.0
The app made a mistake and said I made a cash withdrawal.,cash_withdrawal_not_recognised,cash_withdrawal_not_recognised,True,0.9952,cash_withdrawal_not_recognised,0.9952,declined_cash_withdrawal,0.0023,pending_cash_withdrawal,0.0007
Is there an exchange fee?,exchange_charge,exchange_charge,True,0.9992,exchange_charge,0.9992,card_payment_wrong_exchange_rate,1e-04,fiat_currency_support,1e-04
whats your exchange rate,exchange_charge,exchange_rate,False,0.9991,exchange_rate,0.9991,exchange_charge,0.0002,top_up_by_card_charge,1e-04
What are your currency exchange fees?,exchange_charge,exchange_charge,True,0.9991,exchange_charge,0.9991,fiat_currency_support,1e-04,exchange_via_app,1e-04
Where do I find the exchange rate?,exchange_charge,exchange_rate,False,0.9993,exchange_rate,0.9993,exchange_charge,1e-04,balance_not_updated_after_bank_transfer,0.0
What is the base amount for cross-currency exchanges?,exchange_charge,exchange_charge,True,0.996,exchange_charge,0.996,exchange_rate,0.0018,exchange_via_app,0.0007
"My work sends me all over the world, can I get a discount for all the money I have to exchange?",exchange_charge,exchange_charge,True,0.9982,exchange_charge,0.9982,exchange_via_app,0.0007,card_payment_wrong_exchange_rate,0.0003
How much more do I have to pay to exchange currencies?,exchange_charge,exchange_charge,True,0.9989,exchange_charge,0.9989,card_payment_wrong_exchange_rate,0.0002,exchange_via_app,0.0002
Is there a fee for exchanging currencies?,exchange_charge,exchange_charge,True,0.9992,exchange_charge,0.9992,card_payment_wrong_exchange_rate,0.0002,fiat_currency_support,1e-04
How much does it cost to exchange currencies?,exchange_charge,exchange_charge,True,0.999,exchange_charge,0.999,exchange_via_app,1e-04,change_pin,1e-04
whats the exchange charge,exchange_charge,exchange_charge,True,0.9983,exchange_charge,0.9983,card_payment_wrong_exchange_rate,0.0005,exchange_rate,0.0003
Is there any discount for someone that exchanges currencies frequently?,exchange_charge,exchange_charge,True,0.9991,exchange_charge,0.9991,card_payment_wrong_exchange_rate,0.0003,fiat_currency_support,1e-04
Is there a fee to exchange foreign money?,exchange_charge,exchange_charge,True,0.9992,exchange_charge,0.9992,card_payment_wrong_exchange_rate,1e-04,wrong_exchange_rate_for_cash_withdrawal,1e-04
Do I have to pay for exchanging currencies?,exchange_charge,exchange_charge,True,0.9989,exchange_charge,0.9989,exchange_via_app,0.0003,card_payment_wrong_exchange_rate,1e-04
Does it cost extra to exchange currencies?,exchange_charge,exchange_charge,True,0.9991,exchange_charge,0.9991,exchange_via_app,1e-04,card_payment_wrong_exchange_rate,1e-04
Is there a fee for exchanging foreign currencies?,exchange_charge,exchange_charge,True,0.9992,exchange_charge,0.9992,card_payment_wrong_exchange_rate,1e-04,fiat_currency_support,1e-04
Will I be charged a fee for exchanging foreign currencies?,exchange_charge,exchange_charge,True,0.9992,exchange_charge,0.9992,card_payment_wrong_exchange_rate,1e-04,fiat_currency_support,1e-04
"How much is a cross currency exchange, and can I check to see if I have any discounts available?",exchange_charge,exchange_charge,True,0.999,exchange_charge,0.999,exchange_via_app,1e-04,top_up_by_card_charge,1e-04
Do you offer a discount on multiple currency exchanges?,exchange_charge,exchange_charge,True,0.9992,exchange_charge,0.9992,fiat_currency_support,1e-04,card_payment_wrong_exchange_rate,1e-04
How much do I have to pay for the exchange fee?,exchange_charge,exchange_charge,True,0.9991,exchange_charge,0.9991,card_payment_wrong_exchange_rate,1e-04,fiat_currency_support,1e-04
"If I want to exchange currency, will there be extras?",exchange_charge,exchange_charge,True,0.6209,exchange_charge,0.6209,exchange_via_app,0.367,disposable_card_limits,0.0012
If I need to exchange currency is there an extra fee?,exchange_charge,exchange_charge,True,0.9986,exchange_charge,0.9986,card_payment_wrong_exchange_rate,0.0004,exchange_via_app,0.0003
I was wondering if there were any discounts offered for frequent currency exchanges?,exchange_charge,exchange_charge,True,0.9991,exchange_charge,0.9991,card_payment_wrong_exchange_rate,0.0002,fiat_currency_support,1e-04
Would I be charged for exchanging currencies?,exchange_charge,exchange_charge,True,0.9991,exchange_charge,0.9991,card_payment_wrong_exchange_rate,1e-04,exchange_via_app,1e-04
What is the exchange fee?,exchange_charge,exchange_charge,True,0.9992,exchange_charge,0.9992,fiat_currency_support,1e-04,card_payment_wrong_exchange_rate,1e-04
Does it cost to exchange currencies with this card?,exchange_charge,exchange_charge,True,0.9733,exchange_charge,0.9733,exchange_via_app,0.0199,top_up_by_card_charge,0.0009
how much you charge for exhcange,exchange_charge,top_up_by_bank_transfer_charge,False,0.3756,top_up_by_bank_transfer_charge,0.3756,exchange_charge,0.3716,top_up_by_card_charge,0.0711
Are there any extra hidden fees for exchanging currencies?,exchange_charge,exchange_charge,True,0.9979,exchange_charge,0.9979,card_payment_wrong_exchange_rate,0.0011,exchange_via_app,0.0002
"When I travel, what will it cost to switch for my currency?",exchange_charge,exchange_charge,True,0.4153,exchange_charge,0.4153,exchange_via_app,0.1755,automatic_top_up,0.1229
How much will I pay to exchange foreign currency?,exchange_charge,exchange_charge,True,0.9991,exchange_charge,0.9991,exchange_via_app,1e-04,exchange_rate,1e-04
Does it cost money for currency exchange services?,exchange_charge,exchange_charge,True,0.9992,exchange_charge,0.9992,exchange_rate,1e-04,exchange_via_app,1e-04
Are there extra charges for exchanging currency?,exchange_charge,exchange_charge,True,0.9992,exchange_charge,0.9992,card_payment_wrong_exchange_rate,1e-04,exchange_via_app,1e-04
"I will need to exchange currencies frequently, will I be able to get a discount?",exchange_charge,exchange_charge,True,0.9987,exchange_charge,0.9987,exchange_via_app,0.0004,card_payment_wrong_exchange_rate,1e-04
Is there a charge for a foreign currency exchange?,exchange_charge,exchange_charge,True,0.9992,exchange_charge,0.9992,card_payment_wrong_exchange_rate,1e-04,exchange_rate,1e-04
Is there a discount for frequently exchanging currencies?,exchange_charge,exchange_charge,True,0.9992,exchange_charge,0.9992,card_payment_wrong_exchange_rate,0.0002,exchange_via_app,1e-04
What is the cost for an exchange fee?,exchange_charge,exchange_charge,True,0.9991,exchange_charge,0.9991,card_payment_wrong_exchange_rate,1e-04,fiat_currency_support,1e-04
Will it cost more money if my currency needs to be exchanged?,exchange_charge,exchange_charge,True,0.9967,exchange_charge,0.9967,exchange_via_app,0.0014,change_pin,0.0002
"I would like to exchange currencies, but is there an extra charge to do so?",exchange_charge,exchange_charge,True,0.9974,exchange_charge,0.9974,exchange_via_app,0.0009,card_payment_wrong_exchange_rate,0.0006
Does it cost anything for exchanges?,exchange_charge,exchange_charge,True,0.9986,exchange_charge,0.9986,exchange_rate,0.0004,top_up_by_card_charge,1e-04
Can I exchange money from abroad without additional costs?,exchange_charge,exchange_charge,True,0.9977,exchange_charge,0.9977,exchange_via_app,0.0006,wrong_exchange_rate_for_cash_withdrawal,0.0003
does it cost to exchange currencies?,exchange_charge,exchange_charge,True,0.9984,exchange_charge,0.9984,exchange_via_app,0.0004,card_payment_wrong_exchange_rate,1e-04
Is there a fee for using a European bank card to top up?,top_up_by_card_charge,top_up_by_card_charge,True,0.9989,top_up_by_card_charge,0.9989,top_up_by_bank_transfer_charge,1e-04,supported_cards_and_currencies,1e-04
Are there any fees for adding money with an international card?,top_up_by_card_charge,top_up_by_card_charge,True,0.999,top_up_by_card_charge,0.999,top_up_by_bank_transfer_charge,1e-04,top_up_limits,1e-04
i was charged when i used a us issued card. why and what cards are free to use to add money,top_up_by_card_charge,top_up_by_card_charge,True,0.7493,top_up_by_card_charge,0.7493,supported_cards_and_currencies,0.2275,visa_or_mastercard,0.0122
Any hidden fees associated with the international card if money is added?,top_up_by_card_charge,top_up_by_card_charge,True,0.9982,top_up_by_card_charge,0.9982,top_up_limits,0.0004,top_up_by_bank_transfer_charge,0.0002
Will I get charged for topping off my card?,top_up_by_card_charge,top_up_by_card_charge,True,0.9978,top_up_by_card_charge,0.9978,top_up_by_bank_transfer_charge,0.001,top_up_by_cash_or_cheque,0.0002
Are there charges for topping up US cards?,top_up_by_card_charge,top_up_by_card_charge,True,0.9989,top_up_by_card_charge,0.9989,top_up_by_bank_transfer_charge,1e-04,supported_cards_and_currencies,1e-04
Are there fees for top ups?,top_up_by_card_charge,top_up_by_card_charge,True,0.9987,top_up_by_card_charge,0.9987,top_up_by_bank_transfer_charge,0.0002,top_up_limits,0.0002
What are the charges for US cards with top up.,top_up_by_card_charge,top_up_by_card_charge,True,0.9989,top_up_by_card_charge,0.9989,supported_cards_and_currencies,0.0002,top_up_by_bank_transfer_charge,1e-04
Is there an additional charge for topping up using a European card?,top_up_by_card_charge,top_up_by_card_charge,True,0.9989,top_up_by_card_charge,0.9989,top_up_by_bank_transfer_charge,1e-04,top_up_limits,1e-04
In exchange for top ups will you take fees?,top_up_by_card_charge,top_up_by_card_charge,True,0.9445,top_up_by_card_charge,0.9445,exchange_charge,0.0437,supported_cards_and_currencies,0.0022
I just topped off my card will I be charged for it?,top_up_by_card_charge,top_up_by_card_charge,True,0.9873,top_up_by_card_charge,0.9873,top_up_by_bank_transfer_charge,0.0106,top_up_by_cash_or_cheque,0.0004
How much does it cost to top up by card?,top_up_by_card_charge,top_up_by_card_charge,True,0.9983,top_up_by_card_charge,0.9983,top_up_by_bank_transfer_charge,0.0005,topping_up_by_card,1e-04
Are there any fees if I use a European bank card for a top up?,top_up_by_card_charge,top_up_by_card_charge,True,0.999,top_up_by_card_charge,0.999,supported_cards_and_currencies,1e-04,top_up_failed,1e-04
What are the top-up fees?,top_up_by_card_charge,top_up_by_bank_transfer_charge,False,0.5532,top_up_by_bank_transfer_charge,0.5532,top_up_by_card_charge,0.4412,top_up_by_cash_or_cheque,0.0006
How much is the charge to top up my card?,top_up_by_card_charge,top_up_by_card_charge,True,0.9978,top_up_by_card_charge,0.9978,top_up_by_bank_transfer_charge,0.0009,top_up_limits,0.0002
How much can I expect to pay to top up a US card?,top_up_by_card_charge,top_up_by_card_charge,True,0.9983,top_up_by_card_charge,0.9983,supported_cards_and_currencies,0.0008,top_up_by_bank_transfer_charge,0.0002
What fee is included if I top up by card?,top_up_by_card_charge,top_up_by_card_charge,True,0.9982,top_up_by_card_charge,0.9982,card_payment_fee_charged,0.0003,top_up_by_bank_transfer_charge,0.0002
"If I use a European bank card for top up, Do I get charged?",top_up_by_card_charge,top_up_by_card_charge,True,0.9989,top_up_by_card_charge,0.9989,supported_cards_and_currencies,0.0003,top_up_by_bank_transfer_charge,1e-04
Will there be any extra fees for European bank card for top up?,top_up_by_card_charge,top_up_by_card_charge,True,0.9987,top_up_by_card_charge,0.9987,supported_cards_and_currencies,0.0002,top_up_limits,1e-04
Will I be charged if I use European bank card for top up?,top_up_by_card_charge,top_up_by_card_charge,True,0.9989,top_up_by_card_charge,0.9989,supported_cards_and_currencies,0.0002,top_up_failed,1e-04
I want to use a European bank card for a top up. Must I pay?,top_up_by_card_charge,supported_cards_and_currencies,False,0.6456,supported_cards_and_currencies,0.6456,top_up_by_card_charge,0.3314,topping_up_by_card,0.0146
Will I be charged for topping up by card?,top_up_by_card_charge,top_up_by_card_charge,True,0.9981,top_up_by_card_charge,0.9981,topping_up_by_card,0.0002,top_up_failed,0.0002
Is there a fee for topping up,top_up_by_card_charge,top_up_by_card_charge,True,0.9808,top_up_by_card_charge,0.9808,top_up_by_bank_transfer_charge,0.0166,cash_withdrawal_charge,0.0005
What do you charge for top ups?,top_up_by_card_charge,top_up_by_card_charge,True,0.9821,top_up_by_card_charge,0.9821,top_up_by_bank_transfer_charge,0.0149,top_up_by_cash_or_cheque,0.001
Will it cost anything to top up a US card?,top_up_by_card_charge,top_up_by_card_charge,True,0.9988,top_up_by_card_charge,0.9988,supported_cards_and_currencies,0.0003,top_up_by_bank_transfer_charge,0.0002
Does topping up my card have a fee?,top_up_by_card_charge,top_up_by_card_charge,True,0.9951,top_up_by_card_charge,0.9951,top_up_by_bank_transfer_charge,0.0024,card_payment_fee_charged,0.001
Are there fees for adding money using an international card,top_up_by_card_charge,top_up_by_card_charge,True,0.9989,top_up_by_card_charge,0.9989,supported_cards_and_currencies,0.0002,top_up_limits,1e-04
"When using a US card, what is the cost for a top up/off?",top_up_by_card_charge,top_up_by_card_charge,True,0.9984,top_up_by_card_charge,0.9984,supported_cards_and_currencies,0.0004,top_up_by_bank_transfer_charge,0.0004
"I need to use a European card for a top up, what will the charge be?",top_up_by_card_charge,top_up_by_card_charge,True,0.998,top_up_by_card_charge,0.998,supported_cards_and_currencies,0.001,automatic_top_up,1e-04
Is it okay to use a bank card to top up,top_up_by_card_charge,topping_up_by_card,False,0.9984,topping_up_by_card,0.9984,top_up_failed,0.0004,apple_pay_or_google_pay,1e-04
Any fee for topping up?,top_up_by_card_charge,top_up_by_card_charge,True,0.974,top_up_by_card_charge,0.974,top_up_by_bank_transfer_charge,0.0238,top_up_by_cash_or_cheque,0.0003
Are there any fees for top ups?,top_up_by_card_charge,top_up_by_card_charge,True,0.9986,top_up_by_card_charge,0.9986,top_up_by_bank_transfer_charge,0.0003,top_up_limits,0.0002
What are the fees of using an international card to add money?,top_up_by_card_charge,top_up_by_card_charge,True,0.9987,top_up_by_card_charge,0.9987,supported_cards_and_currencies,0.0005,top_up_by_bank_transfer_charge,1e-04
Is there a charge or discount if I use a European bank in a top up?,top_up_by_card_charge,top_up_by_card_charge,True,0.9979,top_up_by_card_charge,0.9979,supported_cards_and_currencies,0.0005,top_up_by_bank_transfer_charge,0.0003
Is their a fee for top ups?,top_up_by_card_charge,top_up_by_card_charge,True,0.9955,top_up_by_card_charge,0.9955,top_up_by_bank_transfer_charge,0.0031,top_up_limits,0.0003
Can I top up using an international card,top_up_by_card_charge,supported_cards_and_currencies,False,0.9653,supported_cards_and_currencies,0.9653,top_up_by_card_charge,0.0264,topping_up_by_card,0.002
What will happen if I want to add money using an international card? Will I run into any fees?,top_up_by_card_charge,top_up_by_card_charge,True,0.9988,top_up_by_card_charge,0.9988,top_up_by_bank_transfer_charge,0.0002,supported_cards_and_currencies,1e-04
Are there any extra fees for adding money into the international card?,top_up_by_card_charge,top_up_by_card_charge,True,0.9988,top_up_by_card_charge,0.9988,automatic_top_up,0.0002,top_up_by_bank_transfer_charge,0.0002
What are the fees for top ups?,top_up_by_card_charge,top_up_by_card_charge,True,0.9987,top_up_by_card_charge,0.9987,top_up_by_bank_transfer_charge,0.0003,top_up_limits,0.0002
What are the top up charges for US cards?,top_up_by_card_charge,top_up_by_card_charge,True,0.999,top_up_by_card_charge,0.999,top_up_by_bank_transfer_charge,0.0002,supported_cards_and_currencies,1e-04
Could you please activate my card,activate_my_card,activate_my_card,True,0.9995,activate_my_card,0.9995,card_linking,0.0,virtual_card_not_working,0.0
I need to activate my card can you do that now?,activate_my_card,activate_my_card,True,0.9995,activate_my_card,0.9995,card_linking,0.0,virtual_card_not_working,0.0
What do I need to do to activate my new card?,activate_my_card,activate_my_card,True,0.9995,activate_my_card,0.9995,card_linking,1e-04,card_arrival,0.0
Tell me how to go about activating my new card?,activate_my_card,activate_my_card,True,0.9995,activate_my_card,0.9995,card_linking,1e-04,contactless_not_working,0.0
How can I activate my card so I can start using it?,activate_my_card,activate_my_card,True,0.9994,activate_my_card,0.9994,card_linking,1e-04,automatic_top_up,0.0
How long will it take to activate my new card?,activate_my_card,activate_my_card,True,0.9994,activate_my_card,0.9994,card_arrival,1e-04,card_linking,1e-04
What's the right way to activate my card?,activate_my_card,activate_my_card,True,0.9995,activate_my_card,0.9995,card_linking,0.0,contactless_not_working,0.0
"I received my new card, how is it activated?",activate_my_card,activate_my_card,True,0.9994,activate_my_card,0.9994,card_linking,1e-04,contactless_not_working,0.0
Is there a way my new card can be renewed?,activate_my_card,activate_my_card,True,0.9984,activate_my_card,0.9984,card_not_working,0.0004,contactless_not_working,0.0003
How do I activate a card I received?,activate_my_card,activate_my_card,True,0.9973,activate_my_card,0.9973,card_linking,0.0015,get_disposable_virtual_card,0.0002
Why can't I activate my card?,activate_my_card,activate_my_card,True,0.9995,activate_my_card,0.9995,card_linking,0.0,virtual_card_not_working,0.0
What is the process of card activation?,activate_my_card,activate_my_card,True,0.9993,activate_my_card,0.9993,contactless_not_working,1e-04,card_not_working,1e-04
WHAT CAN I DO AFTER THE CARD MISSING,activate_my_card,lost_or_stolen_card,False,0.9965,lost_or_stolen_card,0.9965,card_arrival,0.0011,card_linking,0.0006
I got my new card where do I go to activate it?,activate_my_card,activate_my_card,True,0.9994,activate_my_card,0.9994,card_linking,1e-04,contactless_not_working,0.0
Would like to use my card and need to activate it first.  Can you help me do this?,activate_my_card,activate_my_card,True,0.9994,activate_my_card,0.9994,card_linking,0.0,contactless_not_working,0.0
I need help activating my new card.,activate_my_card,activate_my_card,True,0.9995,activate_my_card,0.9995,card_linking,0.0,virtual_card_not_working,0.0
how to activate card?,activate_my_card,activate_my_card,True,0.9994,activate_my_card,0.9994,card_linking,1e-04,contactless_not_working,0.0
"Please, activate my card",activate_my_card,activate_my_card,True,0.9995,activate_my_card,0.9995,card_linking,1e-04,contactless_not_working,0.0
I tried activating my bill of fare and it didn't workplace,activate_my_card,activate_my_card,True,0.9981,activate_my_card,0.9981,virtual_card_not_working,0.0004,contactless_not_working,0.0003
"I just got my card and want to use it, how do I activate my card?",activate_my_card,activate_my_card,True,0.9994,activate_my_card,0.9994,card_linking,1e-04,get_disposable_virtual_card,0.0
I have a new card and I want to activate it,activate_my_card,activate_my_card,True,0.9995,activate_my_card,0.9995,card_linking,1e-04,contactless_not_working,0.0
Assist me please with card activation.,activate_my_card,activate_my_card,True,0.9995,activate_my_card,0.9995,contactless_not_working,1e-04,card_linking,0.0
I need help with activating my card,activate_my_card,activate_my_card,True,0.9995,activate_my_card,0.9995,virtual_card_not_working,0.0,card_linking,0.0
How can I start using my card?,activate_my_card,activate_my_card,True,0.9674,activate_my_card,0.9674,get_disposable_virtual_card,0.0085,contactless_not_working,0.0054
Activating my card,activate_my_card,activate_my_card,True,0.9995,activate_my_card,0.9995,card_linking,0.0,virtual_card_not_working,0.0
When will my card be activated?,activate_my_card,activate_my_card,True,0.9994,activate_my_card,0.9994,card_linking,1e-04,card_arrival,0.0
How can I activate my card>,activate_my_card,activate_my_card,True,0.999,activate_my_card,0.999,card_linking,1e-04,contactless_not_working,1e-04
What are the steps in order to activate my new card?,activate_my_card,activate_my_card,True,0.9995,activate_my_card,0.9995,card_linking,1e-04,card_arrival,0.0
How do I go about activating my new card?,activate_my_card,activate_my_card,True,0.9995,activate_my_card,0.9995,card_linking,1e-04,contactless_not_working,0.0
What is the activation process on my new card?,activate_my_card,activate_my_card,True,0.9994,activate_my_card,0.9994,card_linking,1e-04,contactless_not_working,0.0
I would like to get help from someone with activating my card.,activate_my_card,activate_my_card,True,0.9994,activate_my_card,0.9994,contactless_not_working,0.0,virtual_card_not_working,0.0
What is the process for activating my card?,activate_my_card,activate_my_card,True,0.9995,activate_my_card,0.9995,card_linking,1e-04,contactless_not_working,0.0
How do I use my new card?,activate_my_card,activate_my_card,True,0.9986,activate_my_card,0.9986,card_linking,0.0005,contactless_not_working,0.0002
I got my new card but I am not sure if it need s activated and how?,activate_my_card,activate_my_card,True,0.9993,activate_my_card,0.9993,card_linking,1e-04,card_arrival,1e-04
What are the steps to activating a new card?,activate_my_card,activate_my_card,True,0.9994,activate_my_card,0.9994,card_linking,1e-04,contactless_not_working,0.0
"I would like to activate my card to use now, can you help me?",activate_my_card,activate_my_card,True,0.9995,activate_my_card,0.9995,card_linking,0.0,virtual_card_not_working,0.0
How do I activate a new card?,activate_my_card,activate_my_card,True,0.9988,activate_my_card,0.9988,card_linking,0.0006,contactless_not_working,1e-04
I just got this card & I don't know how to activate it.,activate_my_card,activate_my_card,True,0.9994,activate_my_card,0.9994,card_linking,1e-04,contactless_not_working,0.0
I got my new card. How do I activate it?,activate_my_card,activate_my_card,True,0.9995,activate_my_card,0.9995,card_linking,1e-04,contactless_not_working,0.0
What do I need to do to activate my card?,activate_my_card,activate_my_card,True,0.9995,activate_my_card,0.9995,card_linking,0.0,virtual_card_not_working,0.0
I see some fees for cash withdraw.,cash_withdrawal_charge,cash_withdrawal_charge,True,0.9988,cash_withdrawal_charge,0.9988,atm_support,0.0003,pending_cash_withdrawal,1e-04
How come I was charged extra when I withdrew cash?,cash_withdrawal_charge,cash_withdrawal_charge,True,0.9995,cash_withdrawal_charge,0.9995,pending_cash_withdrawal,1e-04,card_payment_fee_charged,1e-04
Why am I being charged when I withdraw cash?,cash_withdrawal_charge,cash_withdrawal_charge,True,0.9991,cash_withdrawal_charge,0.9991,declined_cash_withdrawal,0.0002,atm_support,1e-04
What is this charge on my account for a cash withdrawl?,cash_withdrawal_charge,cash_withdrawal_charge,True,0.9989,cash_withdrawal_charge,0.9989,card_payment_fee_charged,0.0002,top_up_by_bank_transfer_charge,1e-04
Why are fees charged on cash withdrawals? I went to withdraw some money earlier today after shopping. There's a fee that wasn't there before.,cash_withdrawal_charge,cash_withdrawal_charge,True,0.9995,cash_withdrawal_charge,0.9995,card_payment_fee_charged,1e-04,pending_cash_withdrawal,1e-04
"How come you charge for cash withdrawals? I withdrew cash after buying groceries today, and there seems to be a new fee",cash_withdrawal_charge,cash_withdrawal_charge,True,0.9992,cash_withdrawal_charge,0.9992,pending_cash_withdrawal,0.0003,card_payment_fee_charged,0.0002
It looks like I was charged a withdrawal fee for going to my ATM. Why is that because I haven't been charged previously for doing so?,cash_withdrawal_charge,cash_withdrawal_charge,True,0.9995,cash_withdrawal_charge,0.9995,declined_cash_withdrawal,1e-04,pending_cash_withdrawal,1e-04
"Do ATM cash withdrawals carry a charge now? They've been free in the past, but all of a sudden I have to pay to make ATM withdrawals?",cash_withdrawal_charge,cash_withdrawal_charge,True,0.9994,cash_withdrawal_charge,0.9994,pending_cash_withdrawal,1e-04,wrong_exchange_rate_for_cash_withdrawal,1e-04
Why is there an extra charge for money that was withdrawn?,cash_withdrawal_charge,cash_withdrawal_charge,True,0.9992,cash_withdrawal_charge,0.9992,card_payment_fee_charged,0.0002,top_up_by_card_charge,1e-04
Why was I charged a fee for withdrawing cash?,cash_withdrawal_charge,cash_withdrawal_charge,True,0.9995,cash_withdrawal_charge,0.9995,pending_cash_withdrawal,1e-04,declined_cash_withdrawal,1e-04
Why did I get a fee?,cash_withdrawal_charge,card_payment_fee_charged,False,0.9912,card_payment_fee_charged,0.9912,transfer_fee_charged,0.0046,cash_withdrawal_charge,0.0035
Why did my cash get charged a fee that should not be there.,cash_withdrawal_charge,cash_withdrawal_charge,True,0.9995,cash_withdrawal_charge,0.9995,pending_cash_withdrawal,1e-04,declined_cash_withdrawal,1e-04
Why did I have to pay a fee when I got cash?,cash_withdrawal_charge,cash_withdrawal_charge,True,0.999,cash_withdrawal_charge,0.999,declined_cash_withdrawal,0.0003,pending_cash_withdrawal,0.0002
"Hi, I am calling about a recent transaction that has happened on my account.  I recently went to the ATM, and tried to make a withdrawal on my account.  I just happened to check my transaction slip and noticed a fee for my withdrawal.  How can I resolve this, I didn't know fees were charged for this type of action.",cash_withdrawal_charge,cash_withdrawal_charge,True,0.9981,cash_withdrawal_charge,0.9981,pending_cash_withdrawal,0.0012,card_payment_fee_charged,1e-04
A fee was charged for my recent withdrawal.,cash_withdrawal_charge,cash_withdrawal_charge,True,0.9995,cash_withdrawal_charge,0.9995,pending_cash_withdrawal,1e-04,card_payment_fee_charged,1e-04
I got a fee for an ATM withdrawal.,cash_withdrawal_charge,cash_withdrawal_charge,True,0.9995,cash_withdrawal_charge,0.9995,wrong_exchange_rate_for_cash_withdrawal,1e-04,pending_cash_withdrawal,1e-04
What is the reason for this fee I got after a simple cash withdrawal?,cash_withdrawal_charge,cash_withdrawal_charge,True,0.9992,cash_withdrawal_charge,0.9992,pending_cash_withdrawal,0.0002,cash_withdrawal_not_recognised,1e-04
Did you start charging for cash withdrawals? I thought it was free so far but noticed suddendly there is a fee. How much do I need to pay?,cash_withdrawal_charge,cash_withdrawal_charge,True,0.9994,cash_withdrawal_charge,0.9994,card_payment_fee_charged,1e-04,pending_cash_withdrawal,1e-04
Is there a fee for withdrawing cash?,cash_withdrawal_charge,cash_withdrawal_charge,True,0.9993,cash_withdrawal_charge,0.9993,card_payment_fee_charged,1e-04,pending_cash_withdrawal,1e-04
"I've notice I was charged for withdrawing cash, can you explain why?",cash_withdrawal_charge,cash_withdrawal_charge,True,0.9996,cash_withdrawal_charge,0.9996,card_payment_fee_charged,1e-04,pending_cash_withdrawal,1e-04
Why was my account charged for using an ATM?,cash_withdrawal_charge,cash_withdrawal_charge,True,0.9992,cash_withdrawal_charge,0.9992,declined_cash_withdrawal,1e-04,atm_support,1e-04
Why is there a charge on my account for taking out cash?,cash_withdrawal_charge,cash_withdrawal_charge,True,0.999,cash_withdrawal_charge,0.999,card_payment_fee_charged,0.0003,extra_charge_on_statement,1e-04
An ATM fee was attached to my recent withdrawal.,cash_withdrawal_charge,cash_withdrawal_charge,True,0.9993,cash_withdrawal_charge,0.9993,wrong_exchange_rate_for_cash_withdrawal,0.0002,pending_cash_withdrawal,1e-04
I thought cash withdrawals didn't have a fee,cash_withdrawal_charge,cash_withdrawal_charge,True,0.9985,cash_withdrawal_charge,0.9985,declined_cash_withdrawal,0.0005,pending_cash_withdrawal,0.0003
Why did I get charged a fee when I tried to obtain cash?,cash_withdrawal_charge,cash_withdrawal_charge,True,0.9991,cash_withdrawal_charge,0.9991,declined_cash_withdrawal,0.0002,pending_cash_withdrawal,1e-04
"While I was checking out in the grocery store, I realized I needed cash so I requested some.  However, I noticed there was a fee for this transaction.  Why did I get charged a fee?",cash_withdrawal_charge,cash_withdrawal_charge,True,0.6579,cash_withdrawal_charge,0.6579,card_payment_fee_charged,0.3244,transfer_fee_charged,0.0132
Using an ATM caused me to incur an additional fee. Why?,cash_withdrawal_charge,cash_withdrawal_charge,True,0.9992,cash_withdrawal_charge,0.9992,wrong_exchange_rate_for_cash_withdrawal,0.0002,pending_cash_withdrawal,1e-04
I was charged extra for a withdrawal,cash_withdrawal_charge,cash_withdrawal_charge,True,0.9991,cash_withdrawal_charge,0.9991,card_payment_fee_charged,0.0002,extra_charge_on_statement,0.0002
Is there a limit on how much I can withdraw from my account without being charged?,cash_withdrawal_charge,cash_withdrawal_charge,True,0.9892,cash_withdrawal_charge,0.9892,atm_support,0.0048,declined_cash_withdrawal,0.0017
"I thought cash withdrawals were free? Why have I been charged a fee? Also, how much is this fee?",cash_withdrawal_charge,cash_withdrawal_charge,True,0.9995,cash_withdrawal_charge,0.9995,card_payment_fee_charged,1e-04,pending_cash_withdrawal,1e-04
"More fees, this time for withdrawing my own cash. Why are you robbing me?",cash_withdrawal_charge,cash_withdrawal_charge,True,0.9981,cash_withdrawal_charge,0.9981,declined_cash_withdrawal,0.0008,pending_cash_withdrawal,0.0002
I have never been charged a fee for cash withdrawal before. When did that change?,cash_withdrawal_charge,cash_withdrawal_charge,True,0.9995,cash_withdrawal_charge,0.9995,pending_cash_withdrawal,1e-04,card_payment_fee_charged,1e-04
I was charged for a cash withdrawal.,cash_withdrawal_charge,cash_withdrawal_charge,True,0.9995,cash_withdrawal_charge,0.9995,card_payment_fee_charged,1e-04,pending_cash_withdrawal,1e-04
Why did you charge me for a cash withdrawal?,cash_withdrawal_charge,cash_withdrawal_charge,True,0.9995,cash_withdrawal_charge,0.9995,pending_cash_withdrawal,1e-04,extra_charge_on_statement,1e-04
I took cash and got charged a fee,cash_withdrawal_charge,cash_withdrawal_charge,True,0.9995,cash_withdrawal_charge,0.9995,card_payment_fee_charged,1e-04,pending_cash_withdrawal,1e-04
Was charged an ATM fee despite it being a small withdrawal on the 1st day of the month. I thought I was allowed 200 per month?,cash_withdrawal_charge,cash_withdrawal_charge,True,0.9852,cash_withdrawal_charge,0.9852,wrong_exchange_rate_for_cash_withdrawal,0.0069,declined_cash_withdrawal,0.0034
I had a wrong fee charged at this ATM.,cash_withdrawal_charge,cash_withdrawal_charge,True,0.9845,cash_withdrawal_charge,0.9845,wrong_amount_of_cash_received,0.0112,extra_charge_on_statement,0.0016
"When I got cash, I'm pretty sure there was a glitch that overcharged me.",cash_withdrawal_charge,wrong_exchange_rate_for_cash_withdrawal,False,0.928,wrong_exchange_rate_for_cash_withdrawal,0.928,wrong_amount_of_cash_received,0.049,declined_cash_withdrawal,0.0092
"My account got charged for taking out cash, why did this happen?",cash_withdrawal_charge,cash_withdrawal_charge,True,0.9993,cash_withdrawal_charge,0.9993,card_payment_fee_charged,0.0002,extra_charge_on_statement,1e-04
Why is there a fee for withdrawing?,cash_withdrawal_charge,cash_withdrawal_charge,True,0.9993,cash_withdrawal_charge,0.9993,card_payment_fee_charged,1e-04,pending_cash_withdrawal,1e-04
Am I able to order a new card and have it sent to me in China?,card_about_to_expire,card_about_to_expire,True,0.999,card_about_to_expire,0.999,card_delivery_estimate,1e-04,pending_card_payment,1e-04
Will you be able to send the new card to China?,card_about_to_expire,card_about_to_expire,True,0.9971,card_about_to_expire,0.9971,card_delivery_estimate,0.0009,card_arrival,0.0008
When my card expires what happens to my account?,card_about_to_expire,card_about_to_expire,True,0.9994,card_about_to_expire,0.9994,card_delivery_estimate,1e-04,card_arrival,1e-04
What do I do when my card expires?,card_about_to_expire,card_about_to_expire,True,0.9994,card_about_to_expire,0.9994,card_arrival,1e-04,card_delivery_estimate,1e-04
The expiration date on my card is coming up,card_about_to_expire,card_about_to_expire,True,0.9991,card_about_to_expire,0.9991,card_arrival,0.0002,card_delivery_estimate,1e-04
"My card's expiring, what happens now?",card_about_to_expire,card_about_to_expire,True,0.9993,card_about_to_expire,0.9993,card_arrival,1e-04,card_not_working,1e-04
My card is about to expire. What do I need to do?,card_about_to_expire,card_about_to_expire,True,0.9993,card_about_to_expire,0.9993,card_arrival,1e-04,card_delivery_estimate,1e-04
how long and how much does it cost for new card,card_about_to_expire,card_about_to_expire,True,0.9146,card_about_to_expire,0.9146,contactless_not_working,0.0611,change_pin,0.0097
What do I do if my card is expiring soon?,card_about_to_expire,card_about_to_expire,True,0.9993,card_about_to_expire,0.9993,card_arrival,1e-04,card_not_working,1e-04
How much does it cost to get a new card?  Mine is almost expired.  How fast does it come?,card_about_to_expire,card_about_to_expire,True,0.9991,card_about_to_expire,0.9991,pending_card_payment,1e-04,card_delivery_estimate,1e-04
"Since my card is about to expire, what do I do to get a new one?",card_about_to_expire,card_about_to_expire,True,0.9993,card_about_to_expire,0.9993,getting_spare_card,1e-04,card_arrival,1e-04
My card is about to expire and I need to know how much it costs and how long it takes to get a new one.,card_about_to_expire,card_about_to_expire,True,0.9993,card_about_to_expire,0.9993,getting_spare_card,1e-04,card_delivery_estimate,0.0
When my card expires do you send a new card?,card_about_to_expire,card_about_to_expire,True,0.9994,card_about_to_expire,0.9994,card_arrival,1e-04,card_delivery_estimate,1e-04
What is the next step if my card is about to expire.,card_about_to_expire,card_about_to_expire,True,0.9993,card_about_to_expire,0.9993,card_delivery_estimate,1e-04,card_arrival,1e-04
"Once my card expires, what should I do?",card_about_to_expire,card_about_to_expire,True,0.9993,card_about_to_expire,0.9993,card_arrival,1e-04,card_delivery_estimate,1e-04
"I need a new card, my current card is nearly expired.",card_about_to_expire,card_about_to_expire,True,0.9993,card_about_to_expire,0.9993,getting_spare_card,1e-04,card_arrival,1e-04
"It appears my card expires next month, can I order a new one?",card_about_to_expire,card_about_to_expire,True,0.9994,card_about_to_expire,0.9994,card_arrival,1e-04,card_delivery_estimate,0.0
My card is about to expire. How much does it cost to order a new one and how fast will I get it?,card_about_to_expire,card_about_to_expire,True,0.9994,card_about_to_expire,0.9994,getting_spare_card,1e-04,card_delivery_estimate,0.0
What do I do when my card is about to expire?,card_about_to_expire,card_about_to_expire,True,0.9994,card_about_to_expire,0.9994,card_arrival,1e-04,card_delivery_estimate,1e-04
"I will need to get a new card soon, how do I order?",card_about_to_expire,card_about_to_expire,True,0.7063,card_about_to_expire,0.7063,order_physical_card,0.2699,card_delivery_estimate,0.0079
going to need a new card what are the fees and time it takes,card_about_to_expire,card_about_to_expire,True,0.9983,card_about_to_expire,0.9983,age_limit,0.0003,card_delivery_estimate,0.0002
Will I need to order a new card since mine expires next month?,card_about_to_expire,card_about_to_expire,True,0.9994,card_about_to_expire,0.9994,card_delivery_estimate,0.0,pending_card_payment,0.0
"When my card expires, will I get a new one mailed to me?",card_about_to_expire,card_about_to_expire,True,0.9994,card_about_to_expire,0.9994,card_delivery_estimate,1e-04,card_arrival,1e-04
Do you have to order a new card before your current card expires?,card_about_to_expire,card_about_to_expire,True,0.9994,card_about_to_expire,0.9994,card_arrival,1e-04,card_delivery_estimate,0.0
"Since my card is about to expire, I need a new one.",card_about_to_expire,card_about_to_expire,True,0.9993,card_about_to_expire,0.9993,getting_spare_card,1e-04,card_arrival,1e-04
My card is very close to expiring. When can I order a new one and how do I do so?,card_about_to_expire,card_about_to_expire,True,0.9994,card_about_to_expire,0.9994,getting_spare_card,1e-04,card_arrival,0.0
"I need to order a  new card, mine is about to expire and I need to know how much it will cost and how long until I receive it.",card_about_to_expire,card_about_to_expire,True,0.9993,card_about_to_expire,0.9993,card_delivery_estimate,1e-04,getting_spare_card,1e-04
How do I order a new card before It expires?,card_about_to_expire,card_about_to_expire,True,0.9994,card_about_to_expire,0.9994,card_delivery_estimate,0.0,card_arrival,0.0
Can I receive a new card while I am in China?,card_about_to_expire,card_about_to_expire,True,0.9988,card_about_to_expire,0.9988,card_delivery_estimate,1e-04,age_limit,1e-04
"Next month my card will expire, do I need to order a new one?",card_about_to_expire,card_about_to_expire,True,0.9994,card_about_to_expire,0.9994,card_arrival,1e-04,card_delivery_estimate,1e-04
The expiration date of my card is approaching .,card_about_to_expire,card_about_to_expire,True,0.9993,card_about_to_expire,0.9993,card_arrival,1e-04,card_delivery_estimate,1e-04
"How can I get a new card ASAP to replace an old, soon to expire one?",card_about_to_expire,card_about_to_expire,True,0.9993,card_about_to_expire,0.9993,getting_spare_card,0.0,card_arrival,0.0
I need a new card since my old one is about to expire.,card_about_to_expire,card_about_to_expire,True,0.9994,card_about_to_expire,0.9994,getting_spare_card,1e-04,card_arrival,1e-04
My card is about to expire.,card_about_to_expire,card_about_to_expire,True,0.9993,card_about_to_expire,0.9993,card_arrival,1e-04,card_delivery_estimate,1e-04
"My card is expiring shortly.  How much will it cost for a replacement, and how soon can I get it?",card_about_to_expire,card_about_to_expire,True,0.9992,card_about_to_expire,0.9992,pending_transfer,1e-04,card_not_working,1e-04
What would the price be for an expired card replacement and how long will it take me to get it?,card_about_to_expire,card_about_to_expire,True,0.9981,card_about_to_expire,0.9981,pending_card_payment,0.0004,pending_transfer,0.0003
"in china, need new card",card_about_to_expire,card_about_to_expire,True,0.9984,card_about_to_expire,0.9984,age_limit,1e-04,contactless_not_working,1e-04
"If my card is about to expire, do I need to order a new one?",card_about_to_expire,card_about_to_expire,True,0.9994,card_about_to_expire,0.9994,getting_spare_card,1e-04,card_delivery_estimate,1e-04
My card is about to expire. How do I get a new one?,card_about_to_expire,card_about_to_expire,True,0.9993,card_about_to_expire,0.9993,getting_spare_card,1e-04,card_arrival,1e-04
I need to know the cost and when I will receive a new card to replace an old one.,card_about_to_expire,card_about_to_expire,True,0.9971,card_about_to_expire,0.9971,getting_spare_card,0.0012,card_arrival,1e-04
Is the top up feature available on the Apple Watch?,apple_pay_or_google_pay,apple_pay_or_google_pay,True,0.999,apple_pay_or_google_pay,0.999,lost_or_stolen_phone,0.0002,automatic_top_up,0.0002
Can I use the system Google Pay for top-ups?,apple_pay_or_google_pay,apple_pay_or_google_pay,True,0.9992,apple_pay_or_google_pay,0.9992,automatic_top_up,1e-04,lost_or_stolen_phone,1e-04
My top-up for Google Pay isn't working,apple_pay_or_google_pay,apple_pay_or_google_pay,True,0.999,apple_pay_or_google_pay,0.999,top_up_failed,1e-04,automatic_top_up,1e-04
Can I add money with Apple Pay?,apple_pay_or_google_pay,apple_pay_or_google_pay,True,0.9991,apple_pay_or_google_pay,0.9991,automatic_top_up,1e-04,lost_or_stolen_phone,1e-04
Can I use my Apple Watch to to top up?,apple_pay_or_google_pay,apple_pay_or_google_pay,True,0.9991,apple_pay_or_google_pay,0.9991,automatic_top_up,1e-04,lost_or_stolen_phone,1e-04
Does Apple Pay give the option to top up?,apple_pay_or_google_pay,apple_pay_or_google_pay,True,0.9991,apple_pay_or_google_pay,0.9991,automatic_top_up,1e-04,lost_or_stolen_phone,1e-04
Top up on my Google Pay isn't working.,apple_pay_or_google_pay,apple_pay_or_google_pay,True,0.999,apple_pay_or_google_pay,0.999,top_up_failed,1e-04,lost_or_stolen_phone,1e-04
Is it possible to top up with Apple Pay?,apple_pay_or_google_pay,apple_pay_or_google_pay,True,0.9991,apple_pay_or_google_pay,0.9991,lost_or_stolen_phone,0.0002,automatic_top_up,1e-04
do i have to setup apple pay to use it,apple_pay_or_google_pay,apple_pay_or_google_pay,True,0.9991,apple_pay_or_google_pay,0.9991,lost_or_stolen_phone,1e-04,automatic_top_up,1e-04
Can I use Apple Pay to top up?,apple_pay_or_google_pay,apple_pay_or_google_pay,True,0.9992,apple_pay_or_google_pay,0.9992,automatic_top_up,1e-04,lost_or_stolen_phone,1e-04
How can I top up my Google Pay?,apple_pay_or_google_pay,apple_pay_or_google_pay,True,0.9991,apple_pay_or_google_pay,0.9991,automatic_top_up,0.0002,lost_or_stolen_phone,1e-04
Does Google Play have an app to Top up?,apple_pay_or_google_pay,apple_pay_or_google_pay,True,0.9991,apple_pay_or_google_pay,0.9991,lost_or_stolen_phone,1e-04,automatic_top_up,1e-04
"I received my American Express card, but I am having problems making it work with Apple pay.  Can you help me with this problem?",apple_pay_or_google_pay,apple_pay_or_google_pay,True,0.9985,apple_pay_or_google_pay,0.9985,lost_or_stolen_phone,0.0003,top_up_failed,0.0002
is apple pay eligible for top up,apple_pay_or_google_pay,apple_pay_or_google_pay,True,0.9991,apple_pay_or_google_pay,0.9991,automatic_top_up,0.0002,lost_or_stolen_phone,1e-04
Why can't I use my American Express with Apple Pay to top up my account?,apple_pay_or_google_pay,apple_pay_or_google_pay,True,0.9992,apple_pay_or_google_pay,0.9992,lost_or_stolen_phone,1e-04,automatic_top_up,1e-04
how do i add money with my apple watch,apple_pay_or_google_pay,apple_pay_or_google_pay,True,0.999,apple_pay_or_google_pay,0.999,lost_or_stolen_phone,0.0002,automatic_top_up,1e-04
"If I want to top up, can I use Apple Pay?",apple_pay_or_google_pay,apple_pay_or_google_pay,True,0.9992,apple_pay_or_google_pay,0.9992,automatic_top_up,1e-04,lost_or_stolen_phone,1e-04
can i top up with apple pay,apple_pay_or_google_pay,apple_pay_or_google_pay,True,0.9991,apple_pay_or_google_pay,0.9991,lost_or_stolen_phone,1e-04,automatic_top_up,1e-04
"My American express is experiencing a problem with apple play with top up, can you fix it?",apple_pay_or_google_pay,apple_pay_or_google_pay,True,0.9985,apple_pay_or_google_pay,0.9985,top_up_failed,0.0003,lost_or_stolen_phone,0.0003
My top up is not working in Apple Pay.,apple_pay_or_google_pay,apple_pay_or_google_pay,True,0.9991,apple_pay_or_google_pay,0.9991,top_up_failed,1e-04,lost_or_stolen_phone,1e-04
Is Apple Pay a possible top up option?,apple_pay_or_google_pay,apple_pay_or_google_pay,True,0.9991,apple_pay_or_google_pay,0.9991,automatic_top_up,0.0002,lost_or_stolen_phone,1e-04
I don't know how to top up my Google pay.,apple_pay_or_google_pay,apple_pay_or_google_pay,True,0.999,apple_pay_or_google_pay,0.999,lost_or_stolen_phone,0.0002,automatic_top_up,1e-04
Can I top up from my Apple Watch?,apple_pay_or_google_pay,apple_pay_or_google_pay,True,0.999,apple_pay_or_google_pay,0.999,lost_or_stolen_phone,0.0002,automatic_top_up,1e-04
Can I use my American Express stored in Apple Pay to top up?,apple_pay_or_google_pay,apple_pay_or_google_pay,True,0.9991,apple_pay_or_google_pay,0.9991,automatic_top_up,1e-04,lost_or_stolen_phone,1e-04
is apple pay costly?,apple_pay_or_google_pay,apple_pay_or_google_pay,True,0.9987,apple_pay_or_google_pay,0.9987,lost_or_stolen_phone,0.0002,top_up_failed,1e-04
How can I top up with Google Pay?,apple_pay_or_google_pay,apple_pay_or_google_pay,True,0.9991,apple_pay_or_google_pay,0.9991,automatic_top_up,1e-04,lost_or_stolen_phone,1e-04
I can't top up my account using my American Express with Apple Pay.,apple_pay_or_google_pay,apple_pay_or_google_pay,True,0.9991,apple_pay_or_google_pay,0.9991,automatic_top_up,1e-04,topping_up_by_card,1e-04
"I got my American Express in Apple Pay, why is top up not working?",apple_pay_or_google_pay,apple_pay_or_google_pay,True,0.9991,apple_pay_or_google_pay,0.9991,lost_or_stolen_phone,1e-04,automatic_top_up,1e-04
I got my American Express in Apple Bay but top up is not working,apple_pay_or_google_pay,apple_pay_or_google_pay,True,0.9987,apple_pay_or_google_pay,0.9987,top_up_failed,0.0003,automatic_top_up,0.0002
How do I top up? Can I use my apple watch?,apple_pay_or_google_pay,apple_pay_or_google_pay,True,0.9991,apple_pay_or_google_pay,0.9991,lost_or_stolen_phone,1e-04,automatic_top_up,1e-04
Is it possible to use Apple Pay to put money in my account?,apple_pay_or_google_pay,apple_pay_or_google_pay,True,0.9991,apple_pay_or_google_pay,0.9991,automatic_top_up,1e-04,lost_or_stolen_phone,1e-04
"My American Express is in my Apple Pay and the top up is failing, why?",apple_pay_or_google_pay,apple_pay_or_google_pay,True,0.9989,apple_pay_or_google_pay,0.9989,top_up_failed,0.0002,lost_or_stolen_phone,1e-04
How can I top-ff my account using my Apple Watch?,apple_pay_or_google_pay,apple_pay_or_google_pay,True,0.999,apple_pay_or_google_pay,0.999,automatic_top_up,0.0002,lost_or_stolen_phone,1e-04
can google pay be used to make a top-up,apple_pay_or_google_pay,apple_pay_or_google_pay,True,0.9992,apple_pay_or_google_pay,0.9992,automatic_top_up,1e-04,lost_or_stolen_phone,1e-04
How do I get the Top Up feature on my apple watch working?,apple_pay_or_google_pay,apple_pay_or_google_pay,True,0.9991,apple_pay_or_google_pay,0.9991,lost_or_stolen_phone,1e-04,automatic_top_up,1e-04
How do I troubleshoot Google pay top up?,apple_pay_or_google_pay,apple_pay_or_google_pay,True,0.999,apple_pay_or_google_pay,0.999,lost_or_stolen_phone,0.0002,automatic_top_up,1e-04
How do I top up with Apple Pay?,apple_pay_or_google_pay,apple_pay_or_google_pay,True,0.9991,apple_pay_or_google_pay,0.9991,lost_or_stolen_phone,0.0002,automatic_top_up,1e-04
Why isn't my top up working using my saved American Express in ApplePay?,apple_pay_or_google_pay,apple_pay_or_google_pay,True,0.9971,apple_pay_or_google_pay,0.9971,topping_up_by_card,0.0004,supported_cards_and_currencies,0.0003
How do I use the top up app with my apple watch?,apple_pay_or_google_pay,apple_pay_or_google_pay,True,0.9991,apple_pay_or_google_pay,0.9991,lost_or_stolen_phone,1e-04,automatic_top_up,1e-04
"Google pay and top up, I want it, can I get it?",apple_pay_or_google_pay,apple_pay_or_google_pay,True,0.9991,apple_pay_or_google_pay,0.9991,automatic_top_up,0.0002,lost_or_stolen_phone,1e-04
What can I use to verify my identify?,verify_my_identity,verify_my_identity,True,0.9973,verify_my_identity,0.9973,unable_to_verify_identity,0.0011,why_verify_identity,0.0007
What do you need to verify my identity?,verify_my_identity,verify_my_identity,True,0.9986,verify_my_identity,0.9986,why_verify_identity,0.0004,unable_to_verify_identity,1e-04
"I need to verify my identity, but how do I do that?",verify_my_identity,verify_my_identity,True,0.9984,verify_my_identity,0.9984,why_verify_identity,0.0003,verify_source_of_funds,1e-04
How can I verify my indentity?,verify_my_identity,verify_my_identity,True,0.9795,verify_my_identity,0.9795,why_verify_identity,0.0178,country_support,0.0004
What is needed to prove my identity?,verify_my_identity,verify_my_identity,True,0.9941,verify_my_identity,0.9941,unable_to_verify_identity,0.0036,why_verify_identity,0.0006
What do you need for my identity check?,verify_my_identity,verify_my_identity,True,0.9984,verify_my_identity,0.9984,why_verify_identity,0.0004,card_delivery_estimate,0.0002
How do you verify an identity?,verify_my_identity,verify_my_identity,True,0.9987,verify_my_identity,0.9987,why_verify_identity,0.0003,unable_to_verify_identity,1e-04
Is there a specific type you need for identity verification?,verify_my_identity,verify_my_identity,True,0.9981,verify_my_identity,0.9981,why_verify_identity,0.0007,unable_to_verify_identity,1e-04
I got a message that I need to verify my identity; what do I do?,verify_my_identity,verify_my_identity,True,0.9965,verify_my_identity,0.9965,edit_personal_details,0.0008,why_verify_identity,0.0006
Are there any documents needed for the identity check?,verify_my_identity,verify_my_identity,True,0.9982,verify_my_identity,0.9982,why_verify_identity,0.0002,country_support,0.0002
What are the steps I need to take to verify my identity?,verify_my_identity,verify_my_identity,True,0.9983,verify_my_identity,0.9983,unable_to_verify_identity,0.0002,why_verify_identity,0.0002
What do I need to verify my identity,verify_my_identity,verify_my_identity,True,0.9983,verify_my_identity,0.9983,why_verify_identity,0.0007,unable_to_verify_identity,1e-04
I need to verify my identity,verify_my_identity,verify_my_identity,True,0.8727,verify_my_identity,0.8727,why_verify_identity,0.1249,unable_to_verify_identity,0.0005
I need some help with identity verification.,verify_my_identity,unable_to_verify_identity,False,0.9876,unable_to_verify_identity,0.9876,verify_my_identity,0.0093,why_verify_identity,0.0015
What's the process for ID verification?,verify_my_identity,verify_my_identity,True,0.9982,verify_my_identity,0.9982,why_verify_identity,0.0005,unable_to_verify_identity,0.0002
I would like to know how I can verify my Identity.,verify_my_identity,verify_my_identity,True,0.9986,verify_my_identity,0.9986,why_verify_identity,0.0003,country_support,1e-04
What kind of documents do I need for the identity check?,verify_my_identity,verify_my_identity,True,0.998,verify_my_identity,0.998,country_support,0.0002,why_verify_identity,1e-04
Let me know the steps for the identity checks,verify_my_identity,verify_my_identity,True,0.998,verify_my_identity,0.998,country_support,0.0002,verify_source_of_funds,0.0002
What should I do to verify my identity?,verify_my_identity,verify_my_identity,True,0.9986,verify_my_identity,0.9986,why_verify_identity,0.0005,card_delivery_estimate,1e-04
What are the steps to verify my identity?,verify_my_identity,verify_my_identity,True,0.9985,verify_my_identity,0.9985,why_verify_identity,0.0003,unable_to_verify_identity,0.0002
How does my identity get verified?,verify_my_identity,verify_my_identity,True,0.8994,verify_my_identity,0.8994,unable_to_verify_identity,0.0626,why_verify_identity,0.0358
What things do I need to verify my identity?,verify_my_identity,verify_my_identity,True,0.9985,verify_my_identity,0.9985,why_verify_identity,0.0003,unable_to_verify_identity,1e-04
What steps do I take to verify my identity?,verify_my_identity,verify_my_identity,True,0.9981,verify_my_identity,0.9981,unable_to_verify_identity,0.0003,why_verify_identity,0.0002
Can I verify my identity online?,verify_my_identity,verify_my_identity,True,0.9984,verify_my_identity,0.9984,why_verify_identity,0.0005,country_support,1e-04
do the details of my profile have to match my documents,verify_my_identity,why_verify_identity,False,0.4752,why_verify_identity,0.4752,verify_my_identity,0.3806,edit_personal_details,0.1075
Where do I verify my identity?,verify_my_identity,verify_my_identity,True,0.9986,verify_my_identity,0.9986,why_verify_identity,0.0003,verify_source_of_funds,1e-04
"When getting my ID checked, what are the steps involved?",verify_my_identity,verify_my_identity,True,0.9939,verify_my_identity,0.9939,unable_to_verify_identity,0.0041,why_verify_identity,0.0004
do I need anything for the identity check?,verify_my_identity,verify_my_identity,True,0.9978,verify_my_identity,0.9978,why_verify_identity,0.0002,card_delivery_estimate,0.0002
which kind of documentation do I need for identity check?,verify_my_identity,verify_my_identity,True,0.9979,verify_my_identity,0.9979,verify_source_of_funds,0.0002,why_verify_identity,0.0002
How do I go forth on verifying my identity?,verify_my_identity,verify_my_identity,True,0.9987,verify_my_identity,0.9987,why_verify_identity,0.0004,unable_to_verify_identity,1e-04
What can I do to verify my identity?,verify_my_identity,verify_my_identity,True,0.9984,verify_my_identity,0.9984,why_verify_identity,0.0002,unable_to_verify_identity,1e-04
What do you need so I can verify my identity?,verify_my_identity,verify_my_identity,True,0.9984,verify_my_identity,0.9984,why_verify_identity,0.0002,unable_to_verify_identity,1e-04
What do I need to show who I am?,verify_my_identity,verify_my_identity,True,0.9966,verify_my_identity,0.9966,why_verify_identity,0.002,country_support,0.0002
Do I need any kind of documentation for the identity check?,verify_my_identity,verify_my_identity,True,0.998,verify_my_identity,0.998,verify_source_of_funds,0.0002,why_verify_identity,0.0002
What will I need for identity verification?,verify_my_identity,verify_my_identity,True,0.9982,verify_my_identity,0.9982,why_verify_identity,0.0002,country_support,1e-04
Is there any way to verify who I am?,verify_my_identity,verify_my_identity,True,0.5768,verify_my_identity,0.5768,why_verify_identity,0.414,unable_to_verify_identity,0.0055
Is there any documentation needed for the identity check?,verify_my_identity,verify_my_identity,True,0.9984,verify_my_identity,0.9984,why_verify_identity,0.0002,verify_source_of_funds,1e-04
What all am I required to show for the identity check?,verify_my_identity,verify_my_identity,True,0.9953,verify_my_identity,0.9953,why_verify_identity,0.0022,card_delivery_estimate,0.0003
What do I do for the identity check?,verify_my_identity,verify_my_identity,True,0.9975,verify_my_identity,0.9975,why_verify_identity,0.0013,card_delivery_estimate,1e-04
What do I need to do to verify my identity?,verify_my_identity,verify_my_identity,True,0.9986,verify_my_identity,0.9986,why_verify_identity,0.0004,unable_to_verify_identity,0.0002
I live in the US but want to get a card,country_support,country_support,True,0.9992,country_support,0.9992,supported_cards_and_currencies,0.0002,order_physical_card,1e-04
Are your cards available in Europe?,country_support,country_support,True,0.9985,country_support,0.9985,supported_cards_and_currencies,0.0005,order_physical_card,1e-04
Can I use your app if I am from the EU?,country_support,country_support,True,0.9973,country_support,0.9973,supported_cards_and_currencies,0.0004,fiat_currency_support,0.0004
What countries are supported?,country_support,country_support,True,0.9992,country_support,0.9992,fiat_currency_support,1e-04,supported_cards_and_currencies,1e-04
i live in the US can i still get a card?,country_support,country_support,True,0.9993,country_support,0.9993,supported_cards_and_currencies,1e-04,order_physical_card,1e-04
Can I get a card outside the UK?,country_support,country_support,True,0.9992,country_support,0.9992,supported_cards_and_currencies,1e-04,verify_my_identity,1e-04
"I'm not in the UK, can I still get a card?",country_support,country_support,True,0.9993,country_support,0.9993,order_physical_card,1e-04,supported_cards_and_currencies,1e-04
"I'm not in the UK, is it possible for me to still get a card?",country_support,country_support,True,0.9993,country_support,0.9993,supported_cards_and_currencies,1e-04,order_physical_card,1e-04
Now that I live in the US how can I get a card?,country_support,country_support,True,0.9992,country_support,0.9992,verify_my_identity,1e-04,order_physical_card,1e-04
Can I get one of your cards in the EU,country_support,country_support,True,0.9991,country_support,0.9991,supported_cards_and_currencies,0.0002,card_about_to_expire,1e-04
Can I get a card despite the fact I'm not in the UK?,country_support,country_support,True,0.9993,country_support,0.9993,supported_cards_and_currencies,1e-04,verify_my_identity,1e-04
Where do I need to live to get support?,country_support,country_support,True,0.9832,country_support,0.9832,verify_my_identity,0.0044,receiving_money,0.0032
Do you support the EU?,country_support,country_support,True,0.9362,country_support,0.9362,fiat_currency_support,0.0589,supported_cards_and_currencies,0.0009
how do i get a card if i am in the usa,country_support,country_support,True,0.9988,country_support,0.9988,supported_cards_and_currencies,0.0003,order_physical_card,1e-04
"Please help me get a new card, I reside in the United States.",country_support,country_support,True,0.9991,country_support,0.9991,supported_cards_and_currencies,1e-04,order_physical_card,1e-04
Is it possible to get a card if I'm not in the UK?,country_support,country_support,True,0.9993,country_support,0.9993,verify_my_identity,1e-04,supported_cards_and_currencies,1e-04
Is my country supported,country_support,country_support,True,0.9992,country_support,0.9992,fiat_currency_support,1e-04,supported_cards_and_currencies,1e-04
From what countries can I use this product?,country_support,country_support,True,0.9988,country_support,0.9988,supported_cards_and_currencies,0.0004,receiving_money,1e-04
Where can I find your locations?,country_support,card_acceptance,False,0.443,card_acceptance,0.443,order_physical_card,0.2258,country_support,0.2142
Can I get a card even if I live outside the UK?,country_support,country_support,True,0.9992,country_support,0.9992,verify_my_identity,1e-04,supported_cards_and_currencies,1e-04
"I am from the EU, can I sign up?",country_support,country_support,True,0.9974,country_support,0.9974,fiat_currency_support,0.0007,supported_cards_and_currencies,0.0003
"I would like to receive and use the card in Europe, is that possible?",country_support,country_support,True,0.9968,country_support,0.9968,supported_cards_and_currencies,0.0013,transfer_timing,0.0003
What countries do you support?,country_support,country_support,True,0.9993,country_support,0.9993,supported_cards_and_currencies,1e-04,fiat_currency_support,1e-04
What countries are you currently in?,country_support,country_support,True,0.9992,country_support,0.9992,supported_cards_and_currencies,1e-04,transfer_timing,1e-04
What locations are you in?,country_support,country_support,True,0.4385,country_support,0.4385,card_acceptance,0.2188,atm_support,0.2144
Can you tell me what countries you operate in?,country_support,country_support,True,0.9993,country_support,0.9993,supported_cards_and_currencies,1e-04,fiat_currency_support,1e-04
"I need a card, but I'm in the US at the moment.",country_support,country_support,True,0.9957,country_support,0.9957,card_delivery_estimate,0.0013,card_about_to_expire,0.0006
What countries will my card be supported in?,country_support,country_support,True,0.9991,country_support,0.9991,supported_cards_and_currencies,0.0002,visa_or_mastercard,1e-04
Do you have a list of countries you operate in?,country_support,country_support,True,0.9992,country_support,0.9992,supported_cards_and_currencies,1e-04,fiat_currency_support,0.0
In what countries do you do business?,country_support,country_support,True,0.9992,country_support,0.9992,supported_cards_and_currencies,0.0002,transfer_timing,0.0
I don't live in the UK.  Can I still get a card?,country_support,country_support,True,0.9993,country_support,0.9993,order_physical_card,1e-04,verify_my_identity,1e-04
Where do you support?,country_support,country_support,True,0.9963,country_support,0.9963,fiat_currency_support,0.0012,supported_cards_and_currencies,0.0004
Am I able to get a card in EU?,country_support,country_support,True,0.9988,country_support,0.9988,supported_cards_and_currencies,0.0002,card_about_to_expire,0.0002
What countries do you currently do business in?,country_support,country_support,True,0.9993,country_support,0.9993,supported_cards_and_currencies,1e-04,visa_or_mastercard,0.0
"I'm not in the UK, can I get a card?",country_support,country_support,True,0.9993,country_support,0.9993,verify_my_identity,1e-04,order_physical_card,1e-04
"If i'm not in the UK, can I still get a card?",country_support,country_support,True,0.9993,country_support,0.9993,order_physical_card,1e-04,supported_cards_and_currencies,1e-04
How many countries do you support?,country_support,country_support,True,0.999,country_support,0.999,fiat_currency_support,0.0002,supported_cards_and_currencies,1e-04
What countries do you do business in?,country_support,country_support,True,0.9993,country_support,0.9993,supported_cards_and_currencies,1e-04,visa_or_mastercard,0.0
What are the countries you operate in.,country_support,country_support,True,0.9992,country_support,0.9992,supported_cards_and_currencies,1e-04,fiat_currency_support,1e-04
Can the card be mailed and used in Europe?,country_support,country_support,True,0.9987,country_support,0.9987,supported_cards_and_currencies,0.0003,card_delivery_estimate,0.0002
