text,true,pred,correct,confidence,top1,top1_prob,top2,top2_prob,top3,top3_prob
How do I locate my card?,card_arrival,order_physical_card,False,0.1258,order_physical_card,0.1258,lost_or_stolen_card,0.1256,get_physical_card,0.1185
"I still have not received my new card, I ordered over a week ago.",card_arrival,card_arrival,True,0.9802,card_arrival,0.9802,request_refund,0.0028,card_delivery_estimate,0.0017
I ordered a card but it has not arrived. Help please!,card_arrival,card_arrival,True,0.4675,card_arrival,0.4675,transfer_not_received_by_recipient,0.1194,request_refund,0.0621
Is there a way to know when my card will arrive?,card_arrival,card_arrival,True,0.6894,card_arrival,0.6894,card_delivery_estimate,0.2102,card_payment_fee_charged,0.0204
My card has not arrived yet.,card_arrival,card_arrival,True,0.8732,card_arrival,0.8732,transfer_not_received_by_recipient,0.0418,card_delivery_estimate,0.0192
When will I get my card?,card_arrival,card_delivery_estimate,False,0.8002,card_delivery_estimate,0.8002,card_arrival,0.1077,order_physical_card,0.0215
Do you know if there is a tracking number for the new card you sent me?,card_arrival,card_arrival,True,0.9865,card_arrival,0.9865,transfer_not_received_by_recipient,0.0017,getting_spare_card,0.0009
i have not received my card,card_arrival,card_arrival,True,0.7347,card_arrival,0.7347,card_delivery_estimate,0.0554,declined_card_payment,0.0328
still waiting on that card,card_arrival,card_arrival,True,0.7803,card_arrival,0.7803,pending_cash_withdrawal,0.0439,pending_card_payment,0.0164
Is it normal to have to wait over a week for my new card?,card_arrival,card_arrival,True,0.6885,card_arrival,0.6885,card_delivery_estimate,0.0589,getting_spare_card,0.0221
How do I track my card?,card_arrival,card_arrival,True,0.9233,card_arrival,0.9233,lost_or_stolen_card,0.0082,card_linking,0.0071
How long does a card delivery take?,card_arrival,card_delivery_estimate,False,0.9297,card_delivery_estimate,0.9297,card_arrival,0.0393,order_physical_card,0.014
I still don't have my card after 2 weeks.  What should I do?,card_arrival,card_arrival,True,0.8579,card_arrival,0.8579,card_swallowed,0.0161,lost_or_stolen_phone,0.0104
still waiting on my new card,card_arrival,card_arrival,True,0.9878,card_arrival,0.9878,activate_my_card,0.0031,pending_top_up,0.0014
I am still waiting for my card after 1 week.  Is this ok?,card_arrival,card_arrival,True,0.953,card_arrival,0.953,card_delivery_estimate,0.0037,balance_not_updated_after_cheque_or_cash_deposit,0.0034
"I have been waiting longer than expected for my bank card, could you provide information on when it will arrive?",card_arrival,card_arrival,True,0.5175,card_arrival,0.5175,transfer_not_received_by_recipient,0.0729,card_delivery_estimate,0.0671
I've been waiting longer than expected for my card.,card_arrival,card_arrival,True,0.5288,card_arrival,0.5288,card_payment_fee_charged,0.057,transfer_timing,0.0319
Why hasn't my card been delivered?,card_arrival,card_arrival,True,0.8547,card_arrival,0.8547,card_delivery_estimate,0.0743,order_physical_card,0.0166
Where is my new card? I have been waiting a week!,card_arrival,card_arrival,True,0.9854,card_arrival,0.9854,balance_not_updated_after_cheque_or_cash_deposit,0.0045,get_physical_card,0.0008
My card still hasn't arrived after 2 weeks. Is it lost?,card_arrival,card_arrival,True,0.9778,card_arrival,0.9778,card_delivery_estimate,0.0028,transfer_not_received_by_recipient,0.0024
"I did not get my card yet, is it lost?",card_arrival,card_arrival,True,0.3414,card_arrival,0.3414,lost_or_stolen_card,0.0906,card_delivery_estimate,0.07
Status of the card I ordered.,card_arrival,card_arrival,True,0.5788,card_arrival,0.5788,lost_or_stolen_card,0.0753,compromised_card,0.032
How long should my new card take to arrive?,card_arrival,card_arrival,True,0.758,card_arrival,0.758,card_delivery_estimate,0.1751,activate_my_card,0.0167
I ordered my card 2 weeks ago and it still isn't here? What do I do?,card_arrival,card_arrival,True,0.9363,card_arrival,0.9363,card_delivery_estimate,0.0116,order_physical_card,0.0047
"My card has not arrived yet, where is it?",card_arrival,card_arrival,True,0.8417,card_arrival,0.8417,transfer_not_received_by_recipient,0.0472,card_delivery_estimate,0.0146
What is the tracking number for my card that was mailed?,card_arrival,card_arrival,True,0.9818,card_arrival,0.9818,card_not_working,0.0016,card_delivery_estimate,0.0014
I think something went wrong with my card delivery as I haven't received it yet.,card_arrival,card_arrival,True,0.5196,card_arrival,0.5196,card_delivery_estimate,0.2294,wrong_amount_of_cash_received,0.0324
"I'm still waiting for delivery of my new card, why is it taking so long?",card_arrival,card_arrival,True,0.9589,card_arrival,0.9589,pending_transfer,0.0061,pending_top_up,0.0056
"I ordered a card a week ago, and it's still not here. What do I do?",card_arrival,card_arrival,True,0.7206,card_arrival,0.7206,order_physical_card,0.0384,request_refund,0.0341
i want to track the card you sent,card_arrival,card_arrival,True,0.9926,card_arrival,0.9926,lost_or_stolen_card,0.0006,supported_cards_and_currencies,0.0005
My card hasn't arrived yet.,card_arrival,card_arrival,True,0.9762,card_arrival,0.9762,transfer_not_received_by_recipient,0.0047,card_delivery_estimate,0.0044
I was expecting my new card and am wondering why I haven't received it yet?,card_arrival,card_arrival,True,0.8896,card_arrival,0.8896,declined_card_payment,0.0088,card_delivery_estimate,0.0076
How do I know when my card will arrive?,card_arrival,card_delivery_estimate,False,0.5771,card_delivery_estimate,0.5771,card_arrival,0.2792,get_physical_card,0.0159
I'm still waiting on my card to be delivered.,card_arrival,card_arrival,True,0.8705,card_arrival,0.8705,card_delivery_estimate,0.0965,order_physical_card,0.0063
Does the card you sent have a way to track to it?,card_arrival,card_arrival,True,0.9848,card_arrival,0.9848,card_linking,0.0016,transfer_not_received_by_recipient,0.0011
I ordered a card and I still haven't received it. It's been two weeks. What can I do?,card_arrival,card_arrival,True,0.9229,card_arrival,0.9229,reverted_card_payment?,0.0139,request_refund,0.0104
"I'm starting to think my card is lost because it still hasn't arrived, can you help?",card_arrival,lost_or_stolen_card,False,0.3671,lost_or_stolen_card,0.3671,card_arrival,0.3556,card_linking,0.0326
Is there tracking info available?,card_arrival,card_arrival,True,0.4545,card_arrival,0.4545,verify_source_of_funds,0.1155,country_support,0.0219
What is the tracking number for the card you sent?,card_arrival,card_arrival,True,0.9905,card_arrival,0.9905,transfer_not_received_by_recipient,0.0029,lost_or_stolen_card,0.0004
Where is the tracking number for the card you sent me?,card_arrival,card_arrival,True,0.9927,card_arrival,0.9927,transfer_not_received_by_recipient,0.0027,get_physical_card,0.0003
Why won't my card show up on the app?,card_linking,card_linking,True,0.7174,card_linking,0.7174,card_not_working,0.0946,top_up_failed,0.0201
I would like to reactivate my card.,card_linking,card_linking,True,0.943,card_linking,0.943,activate_my_card,0.032,order_physical_card,0.0032
Where do I link the new card?,card_linking,card_linking,True,0.9968,card_linking,0.9968,order_physical_card,0.0008,card_arrival,0.0006
"I have received my card, can you help me put it in the app?",card_linking,card_linking,True,0.9499,card_linking,0.9499,card_arrival,0.009,cash_withdrawal_not_recognised,0.0038
How do I link a card that I already have?,card_linking,card_linking,True,0.9881,card_linking,0.9881,getting_spare_card,0.0011,reverted_card_payment?,0.0009
"I received my new card, but I don't see it in the app anywhere.  What do I do?",card_linking,card_linking,True,0.7077,card_linking,0.7077,card_arrival,0.1071,order_physical_card,0.0257
How do I re-add a card to the app?,card_linking,card_linking,True,0.9823,card_linking,0.9823,exchange_via_app,0.0024,order_physical_card,0.0014
How do I add the card to my account?,card_linking,card_linking,True,0.346,card_linking,0.346,topping_up_by_card,0.153,transfer_into_account,0.0936
Can I put my old card back into the system? I just found it/,card_linking,card_linking,True,0.7694,card_linking,0.7694,reverted_card_payment?,0.0323,card_swallowed,0.0164
"I have one of your cards already, how do I link it?",card_linking,card_linking,True,0.9527,card_linking,0.9527,getting_spare_card,0.0077,country_support,0.0053
How do I link a new card?,card_linking,card_linking,True,0.9964,card_linking,0.9964,card_about_to_expire,0.0006,order_physical_card,0.0005
Can I link an existing card?,card_linking,card_linking,True,0.9242,card_linking,0.9242,atm_support,0.0038,order_physical_card,0.0038
How do I link one your card if I have one already?,card_linking,card_linking,True,0.9512,card_linking,0.9512,country_support,0.0059,getting_spare_card,0.003
How do I add a card to the app?,card_linking,card_linking,True,0.9932,card_linking,0.9932,exchange_via_app,0.0012,supported_cards_and_currencies,0.0006
Can I link my new card?,card_linking,card_linking,True,0.9943,card_linking,0.9943,card_arrival,0.0031,activate_my_card,0.0006
"Hello, I found the card I misplaced and I need to reactive it, how do I do that?",card_linking,card_linking,True,0.8154,card_linking,0.8154,order_physical_card,0.0131,activate_my_card,0.0116
Can you tell me how to link one of your cards that I already have?,card_linking,card_linking,True,0.886,card_linking,0.886,getting_spare_card,0.0142,country_support,0.0098
How do I view the card I received in the app?,card_linking,card_linking,True,0.9449,card_linking,0.9449,country_support,0.0069,get_physical_card,0.0033
Where on the website do I go to link my card?,card_linking,card_linking,True,0.9599,card_linking,0.9599,card_acceptance,0.0048,card_arrival,0.0035
"I found my card, can I add it to the app?",card_linking,card_linking,True,0.9986,card_linking,0.9986,supported_cards_and_currencies,0.0002,top_up_failed,0.0001
How do I link to my credit card with you?,card_linking,card_linking,True,0.8465,card_linking,0.8465,topping_up_by_card,0.047,supported_cards_and_currencies,0.041
I've received my card so now I need to know how to sync it to the app.,card_linking,card_linking,True,0.3783,card_linking,0.3783,card_delivery_estimate,0.145,card_arrival,0.0431
"I found my card, I would like to reactivate it.",card_linking,card_linking,True,0.9962,card_linking,0.9962,activate_my_card,0.0014,getting_spare_card,0.0002
How do I link this new card?,card_linking,card_linking,True,0.9887,card_linking,0.9887,card_arrival,0.0023,getting_spare_card,0.0013
Can I reactivate my lost card that I found this morning in my jacket pocket?,card_linking,card_linking,True,0.9868,card_linking,0.9868,lost_or_stolen_card,0.002,activate_my_card,0.0008
how do I link an already existing card?,card_linking,card_linking,True,0.9784,card_linking,0.9784,order_physical_card,0.0015,reverted_card_payment?,0.0012
The app doesn't show the card I received.,card_linking,card_linking,True,0.3987,card_linking,0.3987,transfer_not_received_by_recipient,0.0674,unable_to_verify_identity,0.0615
how do I link a card I already have?,card_linking,card_linking,True,0.9912,card_linking,0.9912,getting_spare_card,0.0011,reverted_card_payment?,0.0009
I would like to link my card. How do I do it?,card_linking,card_linking,True,0.9934,card_linking,0.9934,order_physical_card,0.0011,getting_spare_card,0.0007
Can you please show me where I can find the location to link my card?,card_linking,card_linking,True,0.8829,card_linking,0.8829,lost_or_stolen_card,0.0498,atm_support,0.0098
Where do I go if I want to link my new card?,card_linking,card_linking,True,0.9934,card_linking,0.9934,card_arrival,0.0023,getting_spare_card,0.0005
Is there a way to make my old card usable with the app?,card_linking,card_linking,True,0.4822,card_linking,0.4822,card_payment_not_recognised,0.0744,card_not_working,0.0376
Can I reactivate a card I thought I lost?,card_linking,card_linking,True,0.9629,card_linking,0.9629,lost_or_stolen_card,0.0096,activate_my_card,0.0055
How do I link my card,card_linking,card_linking,True,0.9988,card_linking,0.9988,card_not_working,0.0002,lost_or_stolen_card,0.0001
Where do I need to go in the app to enter my card info?,card_linking,card_linking,True,0.5024,card_linking,0.5024,order_physical_card,0.057,card_payment_not_recognised,0.0332
I have found my lost or stolen card. Is there a way I can link the card with my account through my app again?,card_linking,card_linking,True,0.9481,card_linking,0.9481,lost_or_stolen_card,0.0309,cash_withdrawal_not_recognised,0.003
"Could you help me reactivate my card? It was previously lost, but I found it this morning in my jacket.",card_linking,card_linking,True,0.9806,card_linking,0.9806,lost_or_stolen_card,0.0031,top_up_failed,0.0012
"I already have one of your cards, how do I link them?",card_linking,card_linking,True,0.8773,card_linking,0.8773,getting_spare_card,0.0133,country_support,0.0129
How do I link my replacement card?,card_linking,card_linking,True,0.8178,card_linking,0.8178,compromised_card,0.0476,card_arrival,0.0234
Can I link another card to my account?,card_linking,getting_spare_card,False,0.6606,getting_spare_card,0.6606,card_linking,0.2641,transfer_into_account,0.0333
I need to know your exchange rates.,exchange_rate,exchange_rate,True,0.9887,exchange_rate,0.9887,card_payment_wrong_exchange_rate,0.0017,exchange_charge,0.0017
What exchange rates do you offer?,exchange_rate,exchange_rate,True,0.9654,exchange_rate,0.9654,exchange_charge,0.0144,wrong_exchange_rate_for_cash_withdrawal,0.0055
How did you come up with your exchange rates?,exchange_rate,exchange_rate,True,0.9537,exchange_rate,0.9537,wrong_exchange_rate_for_cash_withdrawal,0.0236,card_payment_wrong_exchange_rate,0.0041
Where do you guys acquire your exchange rate?,exchange_rate,exchange_rate,True,0.9653,exchange_rate,0.9653,card_payment_wrong_exchange_rate,0.0127,country_support,0.0025
How do I find the exchange rate?,exchange_rate,exchange_rate,True,0.9689,exchange_rate,0.9689,card_payment_wrong_exchange_rate,0.0153,wrong_exchange_rate_for_cash_withdrawal,0.0112
What are your international exchange rates?,exchange_rate,exchange_rate,True,0.9307,exchange_rate,0.9307,exchange_charge,0.026,wrong_exchange_rate_for_cash_withdrawal,0.0145
How often do your exchange rates change,exchange_rate,exchange_rate,True,0.9679,exchange_rate,0.9679,exchange_charge,0.0069,card_payment_wrong_exchange_rate,0.0065
Please advise what is the exchange rate,exchange_rate,exchange_rate,True,0.7168,exchange_rate,0.7168,wrong_exchange_rate_for_cash_withdrawal,0.1159,card_payment_wrong_exchange_rate,0.1119
How are exchange rates calculated?,exchange_rate,exchange_rate,True,0.9836,exchange_rate,0.9836,wrong_exchange_rate_for_cash_withdrawal,0.0028,exchange_charge,0.0023
what are exchange rates based on,exchange_rate,exchange_rate,True,0.9246,exchange_rate,0.9246,wrong_exchange_rate_for_cash_withdrawal,0.0308,card_payment_wrong_exchange_rate,0.0133
what are exchange rates,exchange_rate,exchange_rate,True,0.9831,exchange_rate,0.9831,wrong_exchange_rate_for_cash_withdrawal,0.0076,exchange_charge,0.0051
What are the most current exchange rates?,exchange_rate,exchange_rate,True,0.9248,exchange_rate,0.9248,exchange_charge,0.0353,wrong_exchange_rate_for_cash_withdrawal,0.0175
Can you explain your exchange rate policy to me?,exchange_rate,exchange_rate,True,0.9034,exchange_rate,0.9034,card_payment_wrong_exchange_rate,0.0432,wrong_exchange_rate_for_cash_withdrawal,0.0109
Is it a good time to exchange?,exchange_rate,exchange_charge,False,0.293,exchange_charge,0.293,exchange_via_app,0.1789,exchange_rate,0.0896
What is the exchange rate like on this app?,exchange_rate,exchange_rate,True,0.7913,exchange_rate,0.7913,card_payment_wrong_exchange_rate,0.0854,wrong_exchange_rate_for_cash_withdrawal,0.08
Do you have a list of exchange rates?,exchange_rate,exchange_rate,True,0.9348,exchange_rate,0.9348,wrong_exchange_rate_for_cash_withdrawal,0.0159,exchange_charge,0.0147
Can you tell me where you get your exchange rates?,exchange_rate,exchange_rate,True,0.9723,exchange_rate,0.9723,exchange_charge,0.0035,card_payment_wrong_exchange_rate,0.0031
Will I get a curreng foreign exchange rate?,exchange_rate,exchange_rate,True,0.8435,exchange_rate,0.8435,wrong_exchange_rate_for_cash_withdrawal,0.0718,card_payment_wrong_exchange_rate,0.0405
What currencies is an exchange rate calculated in?,exchange_rate,exchange_rate,True,0.6594,exchange_rate,0.6594,wrong_exchange_rate_for_cash_withdrawal,0.0936,fiat_currency_support,0.091
Where do you get your exchange rates from?,exchange_rate,exchange_rate,True,0.9872,exchange_rate,0.9872,card_payment_wrong_exchange_rate,0.0018,exchange_charge,0.0017
What is the base of the exchange rates?,exchange_rate,exchange_rate,True,0.9655,exchange_rate,0.9655,wrong_exchange_rate_for_cash_withdrawal,0.0158,exchange_charge,0.0106
What exchange rate do you use?,exchange_rate,exchange_rate,True,0.9812,exchange_rate,0.9812,card_payment_wrong_exchange_rate,0.0104,wrong_exchange_rate_for_cash_withdrawal,0.0052
The exchange rates are?,exchange_rate,exchange_rate,True,0.9716,exchange_rate,0.9716,wrong_exchange_rate_for_cash_withdrawal,0.0159,card_payment_wrong_exchange_rate,0.0068
What do you base your exchange rates on?,exchange_rate,exchange_rate,True,0.9815,exchange_rate,0.9815,card_payment_wrong_exchange_rate,0.0045,exchange_charge,0.0025
What foreign exchange rate will you use?,exchange_rate,exchange_rate,True,0.9605,exchange_rate,0.9605,card_payment_wrong_exchange_rate,0.0179,wrong_exchange_rate_for_cash_withdrawal,0.0115
How much will I get with the exchange rate?,exchange_rate,exchange_rate,True,0.8371,exchange_rate,0.8371,wrong_exchange_rate_for_cash_withdrawal,0.1116,card_payment_wrong_exchange_rate,0.0243
The exchange rate would be?,exchange_rate,wrong_exchange_rate_for_cash_withdrawal,False,0.4798,wrong_exchange_rate_for_cash_withdrawal,0.4798,exchange_rate,0.3972,card_payment_wrong_exchange_rate,0.118
What is the exchange rate like?,exchange_rate,exchange_rate,True,0.9434,exchange_rate,0.9434,wrong_exchange_rate_for_cash_withdrawal,0.0303,card_payment_wrong_exchange_rate,0.0242
How do your exchange rates work?,exchange_rate,exchange_rate,True,0.9971,exchange_rate,0.9971,wrong_exchange_rate_for_cash_withdrawal,0.0006,exchange_via_app,0.0005
what is the exchange rate?,exchange_rate,exchange_rate,True,0.9767,exchange_rate,0.9767,card_payment_wrong_exchange_rate,0.0111,wrong_exchange_rate_for_cash_withdrawal,0.0108
Where did your guys exchange rates come from?,exchange_rate,exchange_rate,True,0.8914,exchange_rate,0.8914,wrong_exchange_rate_for_cash_withdrawal,0.0271,verify_source_of_funds,0.0249
How are you determining your exchange rates?,exchange_rate,exchange_rate,True,0.993,exchange_rate,0.993,card_payment_wrong_exchange_rate,0.001,exchange_charge,0.0007
I'm trying to figure out the current exchange rate.,exchange_rate,exchange_rate,True,0.5713,exchange_rate,0.5713,wrong_exchange_rate_for_cash_withdrawal,0.1299,card_payment_wrong_exchange_rate,0.1138
From where are you getting your exchange rates?,exchange_rate,exchange_rate,True,0.9567,exchange_rate,0.9567,card_payment_wrong_exchange_rate,0.0079,wrong_exchange_rate_for_cash_withdrawal,0.0069
Can you tell me the foreign exchange rate?,exchange_rate,exchange_rate,True,0.8453,exchange_rate,0.8453,card_payment_wrong_exchange_rate,0.0971,wrong_exchange_rate_for_cash_withdrawal,0.0309
why do your exchange rates change,exchange_rate,exchange_rate,True,0.9681,exchange_rate,0.9681,card_payment_wrong_exchange_rate,0.0158,wrong_exchange_rate_for_cash_withdrawal,0.0043
What kind of foreign exchange rate will I get when I exchange my money?,exchange_rate,exchange_rate,True,0.7868,exchange_rate,0.7868,wrong_exchange_rate_for_cash_withdrawal,0.1234,exchange_charge,0.0494
What is my foreign exchange rate?,exchange_rate,exchange_rate,True,0.909,exchange_rate,0.909,card_payment_wrong_exchange_rate,0.0507,wrong_exchange_rate_for_cash_withdrawal,0.0198
when does the rate get determined,exchange_rate,exchange_rate,True,0.4079,exchange_rate,0.4079,wrong_exchange_rate_for_cash_withdrawal,0.129,card_delivery_estimate,0.0473
What is the current exchange rate for me?,exchange_rate,exchange_rate,True,0.7773,exchange_rate,0.7773,wrong_exchange_rate_for_cash_withdrawal,0.0818,exchange_charge,0.0711
I purchased something in a foreign currency but the rate applied is wrong,card_payment_wrong_exchange_rate,card_payment_wrong_exchange_rate,True,0.9908,card_payment_wrong_exchange_rate,0.9908,wrong_exchange_rate_for_cash_withdrawal,0.0033,exchange_charge,0.0006
I made a currency exchange and think I was charged more than I should of been.,card_payment_wrong_exchange_rate,wrong_exchange_rate_for_cash_withdrawal,False,0.2815,wrong_exchange_rate_for_cash_withdrawal,0.2815,card_payment_wrong_exchange_rate,0.2302,exchange_charge,0.1636
the card payment exchange rate is wrong,card_payment_wrong_exchange_rate,card_payment_wrong_exchange_rate,True,0.9842,card_payment_wrong_exchange_rate,0.9842,wrong_exchange_rate_for_cash_withdrawal,0.0109,exchange_rate,0.0021
The exchange rate was wrong when I bought something outside the country.,card_payment_wrong_exchange_rate,card_payment_wrong_exchange_rate,True,0.5321,card_payment_wrong_exchange_rate,0.5321,wrong_exchange_rate_for_cash_withdrawal,0.4347,exchange_rate,0.0081
The exchange rate on my purchase is wrong.,card_payment_wrong_exchange_rate,card_payment_wrong_exchange_rate,True,0.9973,card_payment_wrong_exchange_rate,0.9973,wrong_exchange_rate_for_cash_withdrawal,0.0015,exchange_rate,0.0008
This rate is too low. Are you sure your using the right exchange rate.,card_payment_wrong_exchange_rate,card_payment_wrong_exchange_rate,True,0.8189,card_payment_wrong_exchange_rate,0.8189,exchange_rate,0.0814,wrong_exchange_rate_for_cash_withdrawal,0.0766
"I bought something, but the exchange rate looks wrong.",card_payment_wrong_exchange_rate,card_payment_wrong_exchange_rate,True,0.9877,card_payment_wrong_exchange_rate,0.9877,exchange_rate,0.0044,wrong_exchange_rate_for_cash_withdrawal,0.0028
The rate applied to my foreign purchase was incorrect,card_payment_wrong_exchange_rate,card_payment_wrong_exchange_rate,True,0.9444,card_payment_wrong_exchange_rate,0.9444,wrong_exchange_rate_for_cash_withdrawal,0.029,request_refund,0.0024
I bought something in a foreign currency but the rate applied is wrong!,card_payment_wrong_exchange_rate,card_payment_wrong_exchange_rate,True,0.9875,card_payment_wrong_exchange_rate,0.9875,wrong_exchange_rate_for_cash_withdrawal,0.0053,exchange_charge,0.0009
My exchange went wrong. I swapped Russian Ruble for UK pounds and was charged too much.,card_payment_wrong_exchange_rate,card_payment_wrong_exchange_rate,True,0.9799,card_payment_wrong_exchange_rate,0.9799,wrong_exchange_rate_for_cash_withdrawal,0.0025,transaction_charged_twice,0.002
You did not apply the correct exchange rate for an item that I bought.,card_payment_wrong_exchange_rate,card_payment_wrong_exchange_rate,True,0.9821,card_payment_wrong_exchange_rate,0.9821,wrong_exchange_rate_for_cash_withdrawal,0.0078,exchange_rate,0.0026
The rate of exchange for my card payment is incorrect,card_payment_wrong_exchange_rate,card_payment_wrong_exchange_rate,True,0.9776,card_payment_wrong_exchange_rate,0.9776,wrong_exchange_rate_for_cash_withdrawal,0.0083,reverted_card_payment?,0.0022
The rate for a currency exchange was wrong when I bought something.,card_payment_wrong_exchange_rate,card_payment_wrong_exchange_rate,True,0.9802,card_payment_wrong_exchange_rate,0.9802,wrong_exchange_rate_for_cash_withdrawal,0.0117,exchange_charge,0.0049
Why is the exchange rate wrong when I purchase something abroad?,card_payment_wrong_exchange_rate,card_payment_wrong_exchange_rate,True,0.988,card_payment_wrong_exchange_rate,0.988,wrong_exchange_rate_for_cash_withdrawal,0.0046,exchange_rate,0.0045
I bought an item and noticed the exchange rate was not correct.,card_payment_wrong_exchange_rate,card_payment_wrong_exchange_rate,True,0.9877,card_payment_wrong_exchange_rate,0.9877,wrong_exchange_rate_for_cash_withdrawal,0.0064,request_refund,0.0017
I bought something overseas and the wrong exchange rate is on my statement.,card_payment_wrong_exchange_rate,card_payment_wrong_exchange_rate,True,0.9563,card_payment_wrong_exchange_rate,0.9563,wrong_exchange_rate_for_cash_withdrawal,0.025,extra_charge_on_statement,0.0057
The exchange rate for my transaction last Saturday seems to have been wrong I got charged extra.  Please fix.,card_payment_wrong_exchange_rate,card_payment_wrong_exchange_rate,True,0.8284,card_payment_wrong_exchange_rate,0.8284,wrong_exchange_rate_for_cash_withdrawal,0.0995,transaction_charged_twice,0.0136
Why is your exchange rate for my card payment wrong,card_payment_wrong_exchange_rate,card_payment_wrong_exchange_rate,True,0.9894,card_payment_wrong_exchange_rate,0.9894,exchange_rate,0.0044,wrong_exchange_rate_for_cash_withdrawal,0.0021
Why am I being charged more ?,card_payment_wrong_exchange_rate,card_payment_fee_charged,False,0.333,card_payment_fee_charged,0.333,transaction_charged_twice,0.3204,cash_withdrawal_charge,0.1086
I purchased an item and the exchange rate I was given was incorrect.,card_payment_wrong_exchange_rate,card_payment_wrong_exchange_rate,True,0.9634,card_payment_wrong_exchange_rate,0.9634,wrong_exchange_rate_for_cash_withdrawal,0.026,request_refund,0.0051
I don't think my card payment exchange rate is correct.,card_payment_wrong_exchange_rate,card_payment_wrong_exchange_rate,True,0.899,card_payment_wrong_exchange_rate,0.899,wrong_exchange_rate_for_cash_withdrawal,0.0339,card_payment_not_recognised,0.0313
"When I made a purchase last Saturday, I was charged extra. Did I receive the right exchange rate?",card_payment_wrong_exchange_rate,card_payment_wrong_exchange_rate,True,0.9356,card_payment_wrong_exchange_rate,0.9356,wrong_exchange_rate_for_cash_withdrawal,0.0237,transfer_fee_charged,0.0088
They charged me wrong for a currency exchange on a purchase.,card_payment_wrong_exchange_rate,card_payment_wrong_exchange_rate,True,0.9229,card_payment_wrong_exchange_rate,0.9229,exchange_charge,0.0551,exchange_via_app,0.0065
I believe my card payment exchange rate is incorrect.,card_payment_wrong_exchange_rate,card_payment_wrong_exchange_rate,True,0.8747,card_payment_wrong_exchange_rate,0.8747,wrong_exchange_rate_for_cash_withdrawal,0.0918,reverted_card_payment?,0.0073
"Hi, I have been overcharged for my payment last Saturday. I guess exchange rate was wrong.",card_payment_wrong_exchange_rate,card_payment_wrong_exchange_rate,True,0.9497,card_payment_wrong_exchange_rate,0.9497,wrong_exchange_rate_for_cash_withdrawal,0.0307,transaction_charged_twice,0.0047
The exchange rate seems off on this transaction,card_payment_wrong_exchange_rate,wrong_exchange_rate_for_cash_withdrawal,False,0.5609,wrong_exchange_rate_for_cash_withdrawal,0.5609,card_payment_wrong_exchange_rate,0.2831,exchange_rate,0.0994
"The exchange rate given to me wasn't correct, after i purchased an item",card_payment_wrong_exchange_rate,card_payment_wrong_exchange_rate,True,0.9531,card_payment_wrong_exchange_rate,0.9531,request_refund,0.0129,wrong_exchange_rate_for_cash_withdrawal,0.0088
"Hi, I don't think your exchange rate is right. I need you to check the official interbank exchange please.",card_payment_wrong_exchange_rate,card_payment_wrong_exchange_rate,True,0.8704,card_payment_wrong_exchange_rate,0.8704,exchange_rate,0.0606,wrong_exchange_rate_for_cash_withdrawal,0.0273
I'm pretty sure something went wrong with my exchange. I changed Russian Ruble to UK pounds and was charged way too much!,card_payment_wrong_exchange_rate,card_payment_wrong_exchange_rate,True,0.9715,card_payment_wrong_exchange_rate,0.9715,wrong_exchange_rate_for_cash_withdrawal,0.003,extra_charge_on_statement,0.0019
I wasn't applied the correct exchange rate for an item I bought,card_payment_wrong_exchange_rate,card_payment_wrong_exchange_rate,True,0.99,card_payment_wrong_exchange_rate,0.99,wrong_exchange_rate_for_cash_withdrawal,0.0058,exchange_rate,0.001
the conversion value for my card payments is incorrect.,card_payment_wrong_exchange_rate,card_payment_wrong_exchange_rate,True,0.097,card_payment_wrong_exchange_rate,0.097,reverted_card_payment?,0.0955,card_payment_not_recognised,0.0782
The wrong exchange rate was used when I bought something with a foriegn currency.,card_payment_wrong_exchange_rate,card_payment_wrong_exchange_rate,True,0.8917,card_payment_wrong_exchange_rate,0.8917,wrong_exchange_rate_for_cash_withdrawal,0.0988,exchange_via_app,0.0022
I paid for something in foreign currency but noticed the exchange rate is incorrect.,card_payment_wrong_exchange_rate,card_payment_wrong_exchange_rate,True,0.9496,card_payment_wrong_exchange_rate,0.9496,wrong_exchange_rate_for_cash_withdrawal,0.0372,exchange_charge,0.0061
The incorrect rate was used in my foreign purchase,card_payment_wrong_exchange_rate,card_payment_wrong_exchange_rate,True,0.8337,card_payment_wrong_exchange_rate,0.8337,wrong_exchange_rate_for_cash_withdrawal,0.1016,compromised_card,0.0058
Why was the exchange rate incorrect for an item I recently bought?,card_payment_wrong_exchange_rate,card_payment_wrong_exchange_rate,True,0.9823,card_payment_wrong_exchange_rate,0.9823,wrong_exchange_rate_for_cash_withdrawal,0.0096,exchange_rate,0.0017
Why is my exchange rate wrong for an item I bought?,card_payment_wrong_exchange_rate,card_payment_wrong_exchange_rate,True,0.9973,card_payment_wrong_exchange_rate,0.9973,wrong_exchange_rate_for_cash_withdrawal,0.0009,request_refund,0.0006
How can I check the exchange rate applied to my transaction?,card_payment_wrong_exchange_rate,wrong_exchange_rate_for_cash_withdrawal,False,0.6028,wrong_exchange_rate_for_cash_withdrawal,0.6028,card_payment_wrong_exchange_rate,0.159,exchange_rate,0.1179
Your exchange rate is totally wrong for my card payment,card_payment_wrong_exchange_rate,card_payment_wrong_exchange_rate,True,0.9598,card_payment_wrong_exchange_rate,0.9598,exchange_rate,0.0164,wrong_exchange_rate_for_cash_withdrawal,0.0086
The wrong rate was applied to an item I bought in a currency different from mine. Can this be changed?,card_payment_wrong_exchange_rate,card_payment_wrong_exchange_rate,True,0.9708,card_payment_wrong_exchange_rate,0.9708,wrong_exchange_rate_for_cash_withdrawal,0.0112,exchange_via_app,0.0047
I go the wrong exchange rate applied to my purchase in a foreign country.,card_payment_wrong_exchange_rate,card_payment_wrong_exchange_rate,True,0.9423,card_payment_wrong_exchange_rate,0.9423,wrong_exchange_rate_for_cash_withdrawal,0.048,exchange_rate,0.0032
My statement has a dollar I have been charged showing up on it.,extra_charge_on_statement,extra_charge_on_statement,True,0.8668,extra_charge_on_statement,0.8668,transaction_charged_twice,0.0668,Refund_not_showing_up,0.015
Why is there a fee for an extra pound in my statement?,extra_charge_on_statement,extra_charge_on_statement,True,0.999,extra_charge_on_statement,0.999,card_payment_fee_charged,0.0003,transfer_fee_charged,0.0002
I'm not okay with this fee on my statement.,extra_charge_on_statement,extra_charge_on_statement,True,0.7185,extra_charge_on_statement,0.7185,card_payment_fee_charged,0.0939,card_payment_not_recognised,0.0675
Why is there an extra dollar charged to my account?,extra_charge_on_statement,extra_charge_on_statement,True,0.9792,extra_charge_on_statement,0.9792,cash_withdrawal_charge,0.0064,card_payment_fee_charged,0.0046
There is a fee I don't recognize on my statement.,extra_charge_on_statement,card_payment_not_recognised,False,0.7199,card_payment_not_recognised,0.7199,extra_charge_on_statement,0.216,direct_debit_payment_not_recognised,0.0212
I would like a refund on the extra pound I was charged.,extra_charge_on_statement,extra_charge_on_statement,True,0.8162,extra_charge_on_statement,0.8162,request_refund,0.1073,Refund_not_showing_up,0.0311
Can you explain what this random $1 charge is?,extra_charge_on_statement,extra_charge_on_statement,True,0.9169,extra_charge_on_statement,0.9169,wrong_amount_of_cash_received,0.0186,failed_transfer,0.0048
What is this $1 charge on my statement?,extra_charge_on_statement,extra_charge_on_statement,True,0.9994,extra_charge_on_statement,0.9994,direct_debit_payment_not_recognised,0.0002,wrong_amount_of_cash_received,0.0001
Why does my statement have these extra charges?,extra_charge_on_statement,extra_charge_on_statement,True,0.8739,extra_charge_on_statement,0.8739,transfer_fee_charged,0.0238,card_payment_fee_charged,0.0211
"I do not remember purchasing anything for 1£, and it is on my statement. Can you please tell me what that is about?",extra_charge_on_statement,extra_charge_on_statement,True,0.9123,extra_charge_on_statement,0.9123,cash_withdrawal_not_recognised,0.0192,direct_debit_payment_not_recognised,0.0094
I can see an extra 1£ charge on my app. Why did you charge me extra?,extra_charge_on_statement,extra_charge_on_statement,True,0.9971,extra_charge_on_statement,0.9971,card_payment_fee_charged,0.0008,cash_withdrawal_charge,0.0004
Can you tell me why I noticed a $1 charge on my statement?,extra_charge_on_statement,extra_charge_on_statement,True,0.9961,extra_charge_on_statement,0.9961,direct_debit_payment_not_recognised,0.0007,wrong_amount_of_cash_received,0.0007
When will the $1 transaction be credited to me?,extra_charge_on_statement,extra_charge_on_statement,True,0.2813,extra_charge_on_statement,0.2813,wrong_amount_of_cash_received,0.2089,transfer_not_received_by_recipient,0.1171
Where did this fee come from?,extra_charge_on_statement,verify_source_of_funds,False,0.4701,verify_source_of_funds,0.4701,card_payment_fee_charged,0.1678,transfer_fee_charged,0.1557
"I noticed an extra $1 charge on my statement, can you tell me why that is?",extra_charge_on_statement,extra_charge_on_statement,True,0.9977,extra_charge_on_statement,0.9977,direct_debit_payment_not_recognised,0.0004,transfer_fee_charged,0.0003
There is an extra $1 charge,extra_charge_on_statement,extra_charge_on_statement,True,0.9988,extra_charge_on_statement,0.9988,wrong_amount_of_cash_received,0.0004,cash_withdrawal_charge,0.0001
I need information about an extra €1 fee in my statement.,extra_charge_on_statement,extra_charge_on_statement,True,0.9948,extra_charge_on_statement,0.9948,card_payment_fee_charged,0.0008,wrong_amount_of_cash_received,0.0007
Why is there an extra 1 pound charge on my card?,extra_charge_on_statement,extra_charge_on_statement,True,0.9993,extra_charge_on_statement,0.9993,card_payment_fee_charged,0.0003,transfer_fee_charged,0.0
Why are there so many fees on my statement?,extra_charge_on_statement,extra_charge_on_statement,True,0.5867,extra_charge_on_statement,0.5867,card_payment_fee_charged,0.0817,card_payment_not_recognised,0.0607
What would be the reason there's an extra fee on my statement?,extra_charge_on_statement,extra_charge_on_statement,True,0.973,extra_charge_on_statement,0.973,transfer_fee_charged,0.0076,card_payment_fee_charged,0.0036
Where did this 1 euro fee come from?,extra_charge_on_statement,extra_charge_on_statement,True,0.2852,extra_charge_on_statement,0.2852,verify_source_of_funds,0.2454,wrong_amount_of_cash_received,0.0701
I got a extra €1 fee in my statement,extra_charge_on_statement,extra_charge_on_statement,True,0.9989,extra_charge_on_statement,0.9989,wrong_amount_of_cash_received,0.0004,card_payment_fee_charged,0.0001
I have a 1 euro fee on my statement.,extra_charge_on_statement,extra_charge_on_statement,True,0.9807,extra_charge_on_statement,0.9807,card_payment_fee_charged,0.0028,card_payment_not_recognised,0.0017
Why was I overcharged a pound!?,extra_charge_on_statement,extra_charge_on_statement,True,0.9551,extra_charge_on_statement,0.9551,transaction_charged_twice,0.0098,card_payment_wrong_exchange_rate,0.005
"Something went wrong, I was charged an extra pound?",extra_charge_on_statement,extra_charge_on_statement,True,0.9542,extra_charge_on_statement,0.9542,card_payment_wrong_exchange_rate,0.0149,transfer_fee_charged,0.0061
Where did the extra fee on my statement come from?,extra_charge_on_statement,extra_charge_on_statement,True,0.8315,extra_charge_on_statement,0.8315,transfer_fee_charged,0.0508,card_payment_fee_charged,0.0245
There is an extra charge on my app that I was not told about or I was aware of!,extra_charge_on_statement,extra_charge_on_statement,True,0.5226,extra_charge_on_statement,0.5226,transfer_fee_charged,0.1531,direct_debit_payment_not_recognised,0.0766
I am seeing an extra fee on my statement what is that for?,extra_charge_on_statement,extra_charge_on_statement,True,0.9181,extra_charge_on_statement,0.9181,transfer_fee_charged,0.0416,card_payment_fee_charged,0.0144
What is this €1 fee in my statement?,extra_charge_on_statement,extra_charge_on_statement,True,0.9987,extra_charge_on_statement,0.9987,wrong_amount_of_cash_received,0.0003,cash_withdrawal_not_recognised,0.0003
"I am a new customer, and I happened to look at my app and there is a charge I am not familiar with.  Could you tell me why the extra charge is there?",extra_charge_on_statement,transfer_fee_charged,False,0.1486,transfer_fee_charged,0.1486,extra_charge_on_statement,0.1473,cash_withdrawal_charge,0.1345
For some reason my account's been charged an extra dollar.,extra_charge_on_statement,extra_charge_on_statement,True,0.8802,extra_charge_on_statement,0.8802,cash_withdrawal_charge,0.0285,transfer_fee_charged,0.0144
There is a transaction for $1 and I don't know why it was charged.,extra_charge_on_statement,extra_charge_on_statement,True,0.8413,extra_charge_on_statement,0.8413,card_payment_fee_charged,0.0347,transaction_charged_twice,0.0317
"Can you help me with a weird charge?  It's a pound charge that never goes away from the statement view on the app I'm using.  It's not described as anything but ""Pending"", and that status has never changed during the last two days.",extra_charge_on_statement,extra_charge_on_statement,True,0.5414,extra_charge_on_statement,0.5414,card_payment_not_recognised,0.0484,transaction_charged_twice,0.0351
What is the purpose of the extra fee that is showing up on my statement?,extra_charge_on_statement,extra_charge_on_statement,True,0.8588,extra_charge_on_statement,0.8588,card_payment_fee_charged,0.0421,direct_debit_payment_not_recognised,0.0124
"$1 extra has been charged on my statement, why is that?",extra_charge_on_statement,extra_charge_on_statement,True,0.9996,extra_charge_on_statement,0.9996,wrong_amount_of_cash_received,0.0001,card_payment_fee_charged,0.0
What is the extra  €1 fee in my statement,extra_charge_on_statement,extra_charge_on_statement,True,0.9993,extra_charge_on_statement,0.9993,wrong_amount_of_cash_received,0.0002,card_payment_fee_charged,0.0001
"It's been two weeks, why has the transaction for $1.00 not been reversed?",extra_charge_on_statement,reverted_card_payment?,False,0.3696,reverted_card_payment?,0.3696,extra_charge_on_statement,0.1718,transfer_not_received_by_recipient,0.159
What is the €1 fee for?,extra_charge_on_statement,extra_charge_on_statement,True,0.9388,extra_charge_on_statement,0.9388,wrong_amount_of_cash_received,0.0347,card_payment_fee_charged,0.0075
I'm quite confused as to what is going on. There is some odd extra pound charge on my statement in the app that's just listed as pending and doesn't go away since a couple days.,extra_charge_on_statement,extra_charge_on_statement,True,0.8885,extra_charge_on_statement,0.8885,card_payment_not_recognised,0.0405,pending_card_payment,0.014
Can you please check why I am having this extra fee on my statement.,extra_charge_on_statement,extra_charge_on_statement,True,0.7544,extra_charge_on_statement,0.7544,card_payment_fee_charged,0.1464,transfer_fee_charged,0.0404
My withdrawl is still pending.  Why?,pending_cash_withdrawal,pending_cash_withdrawal,True,0.879,pending_cash_withdrawal,0.879,pending_transfer,0.0378,pending_top_up,0.0351
My card was denied at an ATM earlier today but the transaction is pending. Please cancel it as I did not receive my money.,pending_cash_withdrawal,pending_cash_withdrawal,True,0.841,pending_cash_withdrawal,0.841,declined_cash_withdrawal,0.0337,cancel_transfer,0.0207
My transaction is still showing that is pending from my cash withdrawal.,pending_cash_withdrawal,pending_cash_withdrawal,True,0.9897,pending_cash_withdrawal,0.9897,cash_withdrawal_not_recognised,0.0043,pending_card_payment,0.0017
"Hey I tried to get some money out earlier but the machine didn't work. Now just saw the transaction still seems in progress! Can you please check what's going there, seems something is broken, I don't want to be charged for money that I haven't actually received!",pending_cash_withdrawal,pending_cash_withdrawal,True,0.8685,pending_cash_withdrawal,0.8685,transfer_not_received_by_recipient,0.0146,card_not_working,0.014
How long does the cash withdrawal take to pend?,pending_cash_withdrawal,pending_cash_withdrawal,True,0.9741,pending_cash_withdrawal,0.9741,cash_withdrawal_not_recognised,0.0069,cash_withdrawal_charge,0.0041
Why is it taking so long for my cash withdrawal to no longer show as pending?,pending_cash_withdrawal,pending_cash_withdrawal,True,0.9591,pending_cash_withdrawal,0.9591,pending_transfer,0.0146,pending_card_payment,0.0074
"I tried taking money from the ATM but no money came out, but the transaction is still pending? How is this possible?",pending_cash_withdrawal,pending_cash_withdrawal,True,0.7296,pending_cash_withdrawal,0.7296,pending_transfer,0.1192,pending_top_up,0.0348
"I got some cash of an ATM earlier but this shows up as pending in the app. How can this be still pending, I've got the cash already?",pending_cash_withdrawal,pending_cash_withdrawal,True,0.9682,pending_cash_withdrawal,0.9682,pending_card_payment,0.0065,wrong_amount_of_cash_received,0.0063
Why is my withdrawal still pending?,pending_cash_withdrawal,pending_cash_withdrawal,True,0.995,pending_cash_withdrawal,0.995,pending_transfer,0.0013,pending_card_payment,0.0013
Are you sure when the withdrawal will show?,pending_cash_withdrawal,pending_cash_withdrawal,True,0.8645,pending_cash_withdrawal,0.8645,cash_withdrawal_charge,0.0275,cash_withdrawal_not_recognised,0.023
"Hi! I was wondering if you can help me. I used the city centre ATM to get some cash, but the machine declined my card. My account shows that transaction is still pending. I didn't receive the money, so please cancel that transaction.",pending_cash_withdrawal,pending_cash_withdrawal,True,0.86,pending_cash_withdrawal,0.86,declined_cash_withdrawal,0.021,cash_withdrawal_not_recognised,0.0163
Why is a transaction showing as pending when I recieved cash from an ATM?,pending_cash_withdrawal,pending_cash_withdrawal,True,0.7719,pending_cash_withdrawal,0.7719,pending_card_payment,0.0869,cash_withdrawal_charge,0.0252
My cash in the ATM is still pending,pending_cash_withdrawal,pending_cash_withdrawal,True,0.9932,pending_cash_withdrawal,0.9932,pending_transfer,0.0015,declined_cash_withdrawal,0.0013
my atm cash out is still pending,pending_cash_withdrawal,pending_cash_withdrawal,True,0.9806,pending_cash_withdrawal,0.9806,pending_transfer,0.0068,pending_card_payment,0.0034
I am still waiting for a cash withdrawal to show,pending_cash_withdrawal,pending_cash_withdrawal,True,0.9692,pending_cash_withdrawal,0.9692,cash_withdrawal_charge,0.011,cash_withdrawal_not_recognised,0.0065
Is my pending cash withdrawal processed?,pending_cash_withdrawal,pending_cash_withdrawal,True,0.9565,pending_cash_withdrawal,0.9565,cash_withdrawal_not_recognised,0.0144,pending_card_payment,0.0073
how long til my cash out goes through?,pending_cash_withdrawal,pending_cash_withdrawal,True,0.2102,pending_cash_withdrawal,0.2102,pending_top_up,0.1135,wrong_amount_of_cash_received,0.0926
Why is my ATM cash withdrawal showing up as a pending transaction?,pending_cash_withdrawal,pending_cash_withdrawal,True,0.9894,pending_cash_withdrawal,0.9894,declined_cash_withdrawal,0.0037,pending_card_payment,0.002
"Hi,I tried to get some money out but the machine was not working .The transaction still seems in progress! Can you please check what's going on.I don't want to be charged for money that I did not received.",pending_cash_withdrawal,pending_cash_withdrawal,True,0.8813,pending_cash_withdrawal,0.8813,transfer_not_received_by_recipient,0.023,wrong_amount_of_cash_received,0.0078
"Hey, my card was declined at an ATM in the city centre theatre. My account says the transaction is pending, though. I didn't get the money, though, so what does that mean?",pending_cash_withdrawal,pending_cash_withdrawal,True,0.6397,pending_cash_withdrawal,0.6397,declined_cash_withdrawal,0.0381,declined_card_payment,0.0329
Why do I have a pending cash withdrawal?,pending_cash_withdrawal,pending_cash_withdrawal,True,0.9545,pending_cash_withdrawal,0.9545,cash_withdrawal_charge,0.0169,cash_withdrawal_not_recognised,0.0094
I have a pending cash withdrawal,pending_cash_withdrawal,pending_cash_withdrawal,True,0.9881,pending_cash_withdrawal,0.9881,cash_withdrawal_not_recognised,0.006,cash_withdrawal_charge,0.0019
I made a withdrawal from my account but it has not posted?,pending_cash_withdrawal,cash_withdrawal_not_recognised,False,0.658,cash_withdrawal_not_recognised,0.658,pending_cash_withdrawal,0.2413,declined_cash_withdrawal,0.0277
Is my cash withdrawal pending?,pending_cash_withdrawal,pending_cash_withdrawal,True,0.9927,pending_cash_withdrawal,0.9927,cash_withdrawal_not_recognised,0.0026,declined_cash_withdrawal,0.0015
I'm not quite understanding why my cash withdrawal is showing as pending.,pending_cash_withdrawal,pending_cash_withdrawal,True,0.9472,pending_cash_withdrawal,0.9472,cash_withdrawal_not_recognised,0.0094,pending_transfer,0.0088
I made a cash withdrawal but the pending status is taking forever.,pending_cash_withdrawal,pending_cash_withdrawal,True,0.9612,pending_cash_withdrawal,0.9612,cash_withdrawal_not_recognised,0.021,pending_card_payment,0.0038
My cash withdrawal is still showing as pending.,pending_cash_withdrawal,pending_cash_withdrawal,True,0.9984,pending_cash_withdrawal,0.9984,pending_card_payment,0.0006,cash_withdrawal_not_recognised,0.0005
Why am I unable to take money from my card but the statement says the transaction is still pending?,pending_cash_withdrawal,pending_transfer,False,0.487,pending_transfer,0.487,pending_cash_withdrawal,0.2821,pending_card_payment,0.0956
Why does my account have a pending cash withdrawal?,pending_cash_withdrawal,pending_cash_withdrawal,True,0.9675,pending_cash_withdrawal,0.9675,cash_withdrawal_not_recognised,0.0101,cash_withdrawal_charge,0.0073
I have a pending transaction in my app. How is it still pending if I pulled the cash out from the ATM earlier?,pending_cash_withdrawal,pending_cash_withdrawal,True,0.9855,pending_cash_withdrawal,0.9855,pending_card_payment,0.0052,pending_transfer,0.0051
Cash withdrawal still pending?,pending_cash_withdrawal,pending_cash_withdrawal,True,0.9987,pending_cash_withdrawal,0.9987,cash_withdrawal_not_recognised,0.0006,pending_transfer,0.0001
"I received cash from the ATM earlier, but this shows up as pending in the app.  I've got the cash already.  How can this be still pending?",pending_cash_withdrawal,pending_cash_withdrawal,True,0.9647,pending_cash_withdrawal,0.9647,wrong_amount_of_cash_received,0.0105,pending_card_payment,0.0056
"I tried to take money from my card, but it didn't work. Later I saw that the transaction is still in progress. What's goign on?",pending_cash_withdrawal,pending_cash_withdrawal,True,0.6088,pending_cash_withdrawal,0.6088,failed_transfer,0.0752,transfer_not_received_by_recipient,0.0574
Why does it say pending cash withdrawal on my statement?,pending_cash_withdrawal,pending_cash_withdrawal,True,0.9365,pending_cash_withdrawal,0.9365,cash_withdrawal_not_recognised,0.0407,extra_charge_on_statement,0.0071
How long with my cash withdrawal stay pending for?,pending_cash_withdrawal,pending_cash_withdrawal,True,0.9675,pending_cash_withdrawal,0.9675,cash_withdrawal_charge,0.007,pending_transfer,0.0037
Where's accounting for my cash withdrawal?,pending_cash_withdrawal,cash_withdrawal_charge,False,0.3461,cash_withdrawal_charge,0.3461,pending_cash_withdrawal,0.323,wrong_amount_of_cash_received,0.0948
My account was charged for a withdraw I tried to make that was decline.,pending_cash_withdrawal,cash_withdrawal_charge,False,0.2909,cash_withdrawal_charge,0.2909,declined_cash_withdrawal,0.2224,declined_card_payment,0.0934
how long does it take to post atm with drawl,pending_cash_withdrawal,pending_cash_withdrawal,True,0.2704,pending_cash_withdrawal,0.2704,card_delivery_estimate,0.1123,declined_cash_withdrawal,0.0814
Why is my cash withdrawal from the ATM still not yet showing as confirmed in my account?,pending_cash_withdrawal,pending_cash_withdrawal,True,0.8442,pending_cash_withdrawal,0.8442,declined_cash_withdrawal,0.0846,cash_withdrawal_not_recognised,0.0403
"What's a pending transaction? My card was declined at an ATM, but my account says it's still pending. Can I cancel the payment?",pending_cash_withdrawal,pending_cash_withdrawal,True,0.5627,pending_cash_withdrawal,0.5627,pending_card_payment,0.3668,pending_transfer,0.0217
"If I request that my funds be held, what currencies do you use?",fiat_currency_support,supported_cards_and_currencies,False,0.5986,supported_cards_and_currencies,0.5986,fiat_currency_support,0.1432,verify_source_of_funds,0.025
I want to know how many different currencies my money can be in,fiat_currency_support,fiat_currency_support,True,0.557,fiat_currency_support,0.557,receiving_money,0.1531,exchange_via_app,0.114
Do you support all fiat currencies?,fiat_currency_support,fiat_currency_support,True,0.9919,fiat_currency_support,0.9919,supported_cards_and_currencies,0.0036,exchange_via_app,0.0011
Does your system support multiple currency.,fiat_currency_support,fiat_currency_support,True,0.7638,fiat_currency_support,0.7638,exchange_via_app,0.0412,supported_cards_and_currencies,0.0184
What currencies can I hold money in?,fiat_currency_support,fiat_currency_support,True,0.9975,fiat_currency_support,0.9975,transfer_into_account,0.0005,supported_cards_and_currencies,0.0005
Do you support any currency?,fiat_currency_support,fiat_currency_support,True,0.6812,fiat_currency_support,0.6812,supported_cards_and_currencies,0.2013,exchange_via_app,0.0463
"There is an incoming payment into my account, but it is deactivated. Will they still be processed?",fiat_currency_support,pending_card_payment,False,0.3583,pending_card_payment,0.3583,balance_not_updated_after_cheque_or_cash_deposit,0.1132,reverted_card_payment?,0.0631
What currencies do you do exchanges for?,fiat_currency_support,fiat_currency_support,True,0.7191,fiat_currency_support,0.7191,exchange_charge,0.1451,exchange_rate,0.0529
"In terms of holding and exchange, what fiat currencies do you use.",fiat_currency_support,fiat_currency_support,True,0.9941,fiat_currency_support,0.9941,exchange_via_app,0.001,exchange_rate,0.0008
What fiat currencies are used for holding transactions?,fiat_currency_support,fiat_currency_support,True,0.9871,fiat_currency_support,0.9871,compromised_card,0.0021,supported_cards_and_currencies,0.0018
Where can I exchange my money for EUR?,fiat_currency_support,fiat_currency_support,True,0.8422,fiat_currency_support,0.8422,exchange_via_app,0.0422,exchange_rate,0.0282
Is it permissible to hold money in multiple currencies?,fiat_currency_support,fiat_currency_support,True,0.9914,fiat_currency_support,0.9914,receiving_money,0.0008,exchange_via_app,0.0008
Can I exchange to EUR?,fiat_currency_support,fiat_currency_support,True,0.9807,fiat_currency_support,0.9807,exchange_via_app,0.0048,exchange_rate,0.0043
Can someone assist me with the details explaining which fiat currencies that you support?,fiat_currency_support,fiat_currency_support,True,0.92,fiat_currency_support,0.92,supported_cards_and_currencies,0.0215,edit_personal_details,0.0076
Do you offer additional currency options?,fiat_currency_support,supported_cards_and_currencies,False,0.508,supported_cards_and_currencies,0.508,fiat_currency_support,0.0855,exchange_charge,0.0604
How do I change currencies to euros?,fiat_currency_support,fiat_currency_support,True,0.619,fiat_currency_support,0.619,exchange_via_app,0.3147,supported_cards_and_currencies,0.0097
What fiat currencies are supported for holding and exchange?,fiat_currency_support,fiat_currency_support,True,0.9988,fiat_currency_support,0.9988,supported_cards_and_currencies,0.0003,exchange_via_app,0.0002
"When considering currency holdings and exchanges, what fiat currencies are supported?",fiat_currency_support,fiat_currency_support,True,0.9886,fiat_currency_support,0.9886,exchange_charge,0.0025,exchange_via_app,0.0024
Will you handle EUR?,fiat_currency_support,fiat_currency_support,True,0.6613,fiat_currency_support,0.6613,supported_cards_and_currencies,0.0386,country_support,0.0195
Can I hold money in other currencies?,fiat_currency_support,fiat_currency_support,True,0.9932,fiat_currency_support,0.9932,exchange_via_app,0.0019,receiving_money,0.0017
What options do I have for holding currencies?,fiat_currency_support,fiat_currency_support,True,0.8538,fiat_currency_support,0.8538,supported_cards_and_currencies,0.0524,exchange_charge,0.0212
Do you happen to do exchanges of EUR?,fiat_currency_support,fiat_currency_support,True,0.9119,fiat_currency_support,0.9119,exchange_rate,0.026,exchange_charge,0.0119
Do you accept exchanges to EUR?,fiat_currency_support,fiat_currency_support,True,0.9551,fiat_currency_support,0.9551,supported_cards_and_currencies,0.0101,exchange_charge,0.0081
Can you tell me what currency I can have?,fiat_currency_support,fiat_currency_support,True,0.6535,fiat_currency_support,0.6535,supported_cards_and_currencies,0.1586,exchange_via_app,0.0584
Am I able to exchange currencies?,fiat_currency_support,exchange_via_app,False,0.8722,exchange_via_app,0.8722,exchange_charge,0.1049,fiat_currency_support,0.0155
What currencies are used in your exchange?,fiat_currency_support,fiat_currency_support,True,0.7772,fiat_currency_support,0.7772,exchange_via_app,0.123,exchange_rate,0.0421
Which fiat currencies do you support?,fiat_currency_support,fiat_currency_support,True,0.9873,fiat_currency_support,0.9873,supported_cards_and_currencies,0.011,country_support,0.0005
Which country's currency do you support?,fiat_currency_support,fiat_currency_support,True,0.7319,fiat_currency_support,0.7319,supported_cards_and_currencies,0.1452,country_support,0.0639
I want to make a currency exchange to EU.,fiat_currency_support,exchange_via_app,False,0.5438,exchange_via_app,0.5438,exchange_charge,0.2143,fiat_currency_support,0.1252
Can I exchange and hold all fiat currencies?,fiat_currency_support,fiat_currency_support,True,0.9959,fiat_currency_support,0.9959,exchange_via_app,0.0021,exchange_charge,0.0013
What kind of currency can I hold money in?,fiat_currency_support,fiat_currency_support,True,0.9715,fiat_currency_support,0.9715,supported_cards_and_currencies,0.0057,exchange_via_app,0.0049
Can I exchange currencies?,fiat_currency_support,exchange_via_app,False,0.7434,exchange_via_app,0.7434,exchange_charge,0.1257,fiat_currency_support,0.1227
Do you work with all fiat currencies?,fiat_currency_support,fiat_currency_support,True,0.945,fiat_currency_support,0.945,supported_cards_and_currencies,0.016,exchange_via_app,0.0062
Can I hold money in multiple currencies?,fiat_currency_support,fiat_currency_support,True,0.9989,fiat_currency_support,0.9989,receiving_money,0.0002,exchange_via_app,0.0002
How man currencies can I hold?,fiat_currency_support,fiat_currency_support,True,0.994,fiat_currency_support,0.994,exchange_via_app,0.002,receiving_money,0.0009
Besides USD what other currencies can I have?,fiat_currency_support,fiat_currency_support,True,0.6554,fiat_currency_support,0.6554,exchange_via_app,0.105,supported_cards_and_currencies,0.0676
How do I accept exchanges to EU?,fiat_currency_support,exchange_charge,False,0.241,exchange_charge,0.241,exchange_rate,0.2049,fiat_currency_support,0.0955
What kind of fiat currency can I used for holding and exchange?,fiat_currency_support,fiat_currency_support,True,0.9637,fiat_currency_support,0.9637,exchange_charge,0.0108,exchange_via_app,0.0085
Do you support the exchange of EUR from my currency.,fiat_currency_support,fiat_currency_support,True,0.918,fiat_currency_support,0.918,exchange_via_app,0.0361,supported_cards_and_currencies,0.0124
What countries can I travel to and have access to their currencies?,fiat_currency_support,country_support,False,0.4218,country_support,0.4218,fiat_currency_support,0.1306,supported_cards_and_currencies,0.0606
I need my card now!,card_delivery_estimate,card_delivery_estimate,True,0.877,card_delivery_estimate,0.877,card_not_working,0.0153,lost_or_stolen_card,0.0107
my card was not in the mail again can you advise?,card_delivery_estimate,declined_card_payment,False,0.2574,declined_card_payment,0.2574,card_arrival,0.1143,country_support,0.0967
i need my card quick,card_delivery_estimate,card_delivery_estimate,True,0.9262,card_delivery_estimate,0.9262,card_not_working,0.0075,card_arrival,0.0072
How long will it take to get to me?,card_delivery_estimate,card_delivery_estimate,True,0.8688,card_delivery_estimate,0.8688,transfer_not_received_by_recipient,0.0195,transfer_timing,0.0187
I'm just wondering when my card will get here.,card_delivery_estimate,card_delivery_estimate,True,0.5358,card_delivery_estimate,0.5358,card_arrival,0.0487,card_about_to_expire,0.0396
Can you get me my card fast?,card_delivery_estimate,card_delivery_estimate,True,0.5996,card_delivery_estimate,0.5996,order_physical_card,0.0493,lost_or_stolen_card,0.0429
How long will it take to deliver something to US?,card_delivery_estimate,card_delivery_estimate,True,0.9513,card_delivery_estimate,0.9513,transfer_timing,0.0178,pending_top_up,0.0048
"I live in the US, how long will it take for delivery?",card_delivery_estimate,card_delivery_estimate,True,0.7566,card_delivery_estimate,0.7566,country_support,0.0789,card_arrival,0.071
When can I expect my card to be delivered to the US?,card_delivery_estimate,card_delivery_estimate,True,0.9976,card_delivery_estimate,0.9976,card_arrival,0.0005,order_physical_card,0.0004
I need my card quickly,card_delivery_estimate,card_delivery_estimate,True,0.961,card_delivery_estimate,0.961,card_not_working,0.0031,card_swallowed,0.0031
Does delivery to the US take long?,card_delivery_estimate,card_delivery_estimate,True,0.9105,card_delivery_estimate,0.9105,card_arrival,0.0207,transfer_timing,0.0139
How long will it take to arrive?,card_delivery_estimate,card_delivery_estimate,True,0.7696,card_delivery_estimate,0.7696,transfer_not_received_by_recipient,0.1441,card_arrival,0.0355
Can I have my card delivered on a specific day?,card_delivery_estimate,card_delivery_estimate,True,0.9809,card_delivery_estimate,0.9809,card_arrival,0.0063,order_physical_card,0.002
What is the difference between standard and express delivery?,card_delivery_estimate,card_delivery_estimate,True,0.2869,card_delivery_estimate,0.2869,card_arrival,0.1272,order_physical_card,0.0341
Can it be delivered by a specific date?,card_delivery_estimate,card_delivery_estimate,True,0.9739,card_delivery_estimate,0.9739,card_arrival,0.0046,order_physical_card,0.0019
May I choose when it's delivered?,card_delivery_estimate,card_delivery_estimate,True,0.8894,card_delivery_estimate,0.8894,visa_or_mastercard,0.0196,card_arrival,0.014
I need it delivered on a certain date.,card_delivery_estimate,card_delivery_estimate,True,0.9897,card_delivery_estimate,0.9897,card_arrival,0.0012,order_physical_card,0.001
When should I expect my card?,card_delivery_estimate,card_delivery_estimate,True,0.803,card_delivery_estimate,0.803,card_payment_fee_charged,0.0345,card_arrival,0.0235
How long does it take to get my card? Can I choose when to receive it?,card_delivery_estimate,card_delivery_estimate,True,0.9162,card_delivery_estimate,0.9162,visa_or_mastercard,0.0212,card_arrival,0.0124
How long will it take for the card to arrive?,card_delivery_estimate,card_delivery_estimate,True,0.7864,card_delivery_estimate,0.7864,card_arrival,0.1476,transfer_not_received_by_recipient,0.0458
How fast can you deliver?,card_delivery_estimate,card_delivery_estimate,True,0.7708,card_delivery_estimate,0.7708,order_physical_card,0.0477,card_arrival,0.0091
"Ordered awhile back, what is the ETA in the US?",card_delivery_estimate,country_support,False,0.2222,country_support,0.2222,request_refund,0.1641,card_delivery_estimate,0.0775
How long should I expect for the card to arrive?,card_delivery_estimate,card_delivery_estimate,True,0.964,card_delivery_estimate,0.964,card_arrival,0.0181,transfer_not_received_by_recipient,0.0026
Whats the delivery time to the United States?,card_delivery_estimate,card_delivery_estimate,True,0.7442,card_delivery_estimate,0.7442,country_support,0.0354,card_arrival,0.0245
When will the card arrive?,card_delivery_estimate,card_delivery_estimate,True,0.7919,card_delivery_estimate,0.7919,card_arrival,0.1574,transfer_not_received_by_recipient,0.0093
Send my card as soon as you are able to.,card_delivery_estimate,card_delivery_estimate,True,0.5059,card_delivery_estimate,0.5059,lost_or_stolen_card,0.0929,card_not_working,0.0257
When are cards delivered?,card_delivery_estimate,card_delivery_estimate,True,0.6046,card_delivery_estimate,0.6046,order_physical_card,0.3396,card_arrival,0.0149
How long does shipping take to get to a US destination?,card_delivery_estimate,card_delivery_estimate,True,0.7685,card_delivery_estimate,0.7685,transfer_timing,0.0416,unable_to_verify_identity,0.0171
Can I get my card expedited?,card_delivery_estimate,card_arrival,False,0.4566,card_arrival,0.4566,card_delivery_estimate,0.2196,order_physical_card,0.0353
How long until my card is delivered?,card_delivery_estimate,card_delivery_estimate,True,0.9036,card_delivery_estimate,0.9036,card_arrival,0.0829,order_physical_card,0.0025
I need my card to come as soon as possible.,card_delivery_estimate,card_delivery_estimate,True,0.9621,card_delivery_estimate,0.9621,getting_spare_card,0.0029,lost_or_stolen_card,0.0024
When can I expect to receive my new card?,card_delivery_estimate,card_delivery_estimate,True,0.7916,card_delivery_estimate,0.7916,card_arrival,0.0693,order_physical_card,0.029
I am waiting for my card to arrive.,card_delivery_estimate,card_arrival,False,0.6873,card_arrival,0.6873,card_delivery_estimate,0.2007,transfer_not_received_by_recipient,0.0192
I need my card as soon as possible.,card_delivery_estimate,card_delivery_estimate,True,0.9031,card_delivery_estimate,0.9031,lost_or_stolen_card,0.0087,getting_spare_card,0.0087
I need it delivered by Saturday.,card_delivery_estimate,card_delivery_estimate,True,0.9205,card_delivery_estimate,0.9205,order_physical_card,0.0074,card_arrival,0.0069
What's the U.S. Delivery time?,card_delivery_estimate,card_delivery_estimate,True,0.7535,card_delivery_estimate,0.7535,card_arrival,0.0769,order_physical_card,0.0123
When will my card arrive?,card_delivery_estimate,card_delivery_estimate,True,0.8124,card_delivery_estimate,0.8124,card_arrival,0.1553,transfer_not_received_by_recipient,0.0052
can I choose a date for delivery?,card_delivery_estimate,card_delivery_estimate,True,0.6087,card_delivery_estimate,0.6087,visa_or_mastercard,0.1181,card_arrival,0.0865
Can I make sure my card is delivered on a specific day?,card_delivery_estimate,card_delivery_estimate,True,0.9651,card_delivery_estimate,0.9651,card_arrival,0.0073,order_physical_card,0.0028
Can I have it be delivered at a certain time?,card_delivery_estimate,card_delivery_estimate,True,0.9065,card_delivery_estimate,0.9065,card_arrival,0.0123,order_physical_card,0.0078
"When traveling, can I auto top-up my card at certain times?",automatic_top_up,automatic_top_up,True,0.9887,automatic_top_up,0.9887,card_delivery_estimate,0.0024,top_up_failed,0.0009
Is there a limit when using auto top-up?,automatic_top_up,automatic_top_up,True,0.9842,automatic_top_up,0.9842,top_up_limits,0.0113,pending_top_up,0.0007
Will it automatically top-up or do I need to do that manually if there isn't much cash left?,automatic_top_up,automatic_top_up,True,0.9558,automatic_top_up,0.9558,top_up_limits,0.0056,top_up_by_bank_transfer_charge,0.0041
"I'm running out of money, can I  auto top up?",automatic_top_up,automatic_top_up,True,0.9558,automatic_top_up,0.9558,topping_up_by_card,0.0049,top_up_by_cash_or_cheque,0.004
How do I use auto top up?,automatic_top_up,automatic_top_up,True,0.9917,automatic_top_up,0.9917,topping_up_by_card,0.0023,top_up_by_cash_or_cheque,0.0016
Can it automatically top-up money if there isn't much left?,automatic_top_up,automatic_top_up,True,0.9622,automatic_top_up,0.9622,top_up_limits,0.0051,top_up_failed,0.0042
If there isn't much money left can it automatically top-up?,automatic_top_up,automatic_top_up,True,0.9747,automatic_top_up,0.9747,top_up_limits,0.0052,pending_top_up,0.0028
"I read about the auto-top up function, but can't find it in the app.",automatic_top_up,automatic_top_up,True,0.8534,automatic_top_up,0.8534,card_linking,0.0198,top_up_failed,0.0179
Can I have it add money at certain time intervals when I travel?,automatic_top_up,automatic_top_up,True,0.7116,automatic_top_up,0.7116,card_delivery_estimate,0.0393,transfer_timing,0.0106
"I'm going to be away for awhile, can I have it add money automatically in certain intervals?",automatic_top_up,automatic_top_up,True,0.9723,automatic_top_up,0.9723,transfer_not_received_by_recipient,0.0016,card_delivery_estimate,0.0015
"Where can I find the ""auto-top"" feature?",automatic_top_up,automatic_top_up,True,0.9468,automatic_top_up,0.9468,verify_source_of_funds,0.0069,atm_support,0.0049
"I just activated auto top-up, but it is not letting me enable it. Why not?",automatic_top_up,automatic_top_up,True,0.2846,automatic_top_up,0.2846,top_up_failed,0.1987,pending_top_up,0.1388
Is there an auto top-up option?,automatic_top_up,automatic_top_up,True,0.9986,automatic_top_up,0.9986,top_up_failed,0.0003,pending_top_up,0.0002
where is theft-top option?,automatic_top_up,automatic_top_up,True,0.3111,automatic_top_up,0.3111,top_up_by_cash_or_cheque,0.078,verify_source_of_funds,0.074
Are there limits on auto top-up?,automatic_top_up,automatic_top_up,True,0.9574,automatic_top_up,0.9574,top_up_limits,0.0346,disposable_card_limits,0.0016
can you assist me with the auto top up ?,automatic_top_up,automatic_top_up,True,0.9444,automatic_top_up,0.9444,top_up_failed,0.0105,top_up_by_cash_or_cheque,0.0062
Do you have any limit on the auto top-up?,automatic_top_up,automatic_top_up,True,0.9806,automatic_top_up,0.9806,top_up_limits,0.0152,top_up_failed,0.0007
Why are there limits on auto top-up?,automatic_top_up,automatic_top_up,True,0.9485,automatic_top_up,0.9485,top_up_limits,0.038,disposable_card_limits,0.0022
How can I top up automatically?,automatic_top_up,automatic_top_up,True,0.9936,automatic_top_up,0.9936,top_up_limits,0.0017,top_up_by_cash_or_cheque,0.0012
How do I make sure I don't run out of money on my card while traveling?,automatic_top_up,card_payment_not_recognised,False,0.0897,card_payment_not_recognised,0.0897,direct_debit_payment_not_recognised,0.0864,card_not_working,0.0519
What's the limit on automatic top-up?,automatic_top_up,automatic_top_up,True,0.8429,automatic_top_up,0.8429,top_up_limits,0.1401,top_up_reverted,0.0046
"If I will be traveling, is there a way to auto top-up my card on certain days?",automatic_top_up,automatic_top_up,True,0.9581,automatic_top_up,0.9581,card_delivery_estimate,0.0077,top_up_failed,0.0053
Where is the auto top-up option?,automatic_top_up,automatic_top_up,True,0.9986,automatic_top_up,0.9986,verify_top_up,0.0003,pending_top_up,0.0002
Can I have a auto top-up when my account is short?,automatic_top_up,automatic_top_up,True,0.9787,automatic_top_up,0.9787,pending_top_up,0.0032,top_up_reverted,0.0024
Do you have an auto top-up option?,automatic_top_up,automatic_top_up,True,0.998,automatic_top_up,0.998,top_up_failed,0.0003,top_up_reverted,0.0003
Can I space out how often money is transferred along my travels?,automatic_top_up,balance_not_updated_after_bank_transfer,False,0.2255,balance_not_updated_after_bank_transfer,0.2255,pending_transfer,0.0711,receiving_money,0.0652
Will it automatically top-up money if there isn't a lot left?,automatic_top_up,automatic_top_up,True,0.9448,automatic_top_up,0.9448,pending_top_up,0.0172,top_up_failed,0.0058
Can I have it add money automatically in certain intervals?,automatic_top_up,automatic_top_up,True,0.9938,automatic_top_up,0.9938,card_delivery_estimate,0.0004,supported_cards_and_currencies,0.0003
Can I set up an automatic top-up for travel.,automatic_top_up,automatic_top_up,True,0.971,automatic_top_up,0.971,top_up_reverted,0.0047,pending_top_up,0.0041
I've tried looking for the auto-top up option on your website and I can't seem to find it. Can you help me?,automatic_top_up,automatic_top_up,True,0.6696,automatic_top_up,0.6696,top_up_failed,0.0467,pending_top_up,0.0212
how do I top up my money automatically,automatic_top_up,automatic_top_up,True,0.9828,automatic_top_up,0.9828,topping_up_by_card,0.0076,transfer_into_account,0.0038
Can I be topped up once I hit a certain balance?,automatic_top_up,pending_top_up,False,0.2107,pending_top_up,0.2107,automatic_top_up,0.1954,top_up_reverted,0.1244
Will it automatically top-up if there isn't much money left?,automatic_top_up,automatic_top_up,True,0.9548,automatic_top_up,0.9548,pending_top_up,0.0095,top_up_by_bank_transfer_charge,0.0053
Is there any way to Auto top-up?,automatic_top_up,automatic_top_up,True,0.9908,automatic_top_up,0.9908,top_up_failed,0.0038,verify_top_up,0.0012
Can you explain where I can find the auto-top option?,automatic_top_up,automatic_top_up,True,0.9679,automatic_top_up,0.9679,top_up_by_cash_or_cheque,0.0027,verify_source_of_funds,0.0025
What is the auto top up function and where can I find that at?,automatic_top_up,automatic_top_up,True,0.9573,automatic_top_up,0.9573,top_up_reverted,0.0054,top_up_by_cash_or_cheque,0.0034
Is there a way to top-up automatically?,automatic_top_up,automatic_top_up,True,0.9944,automatic_top_up,0.9944,top_up_failed,0.0016,verify_top_up,0.0008
"Is there a top-up feature, if there isn't a lot of money left?",automatic_top_up,top_up_by_bank_transfer_charge,False,0.1685,top_up_by_bank_transfer_charge,0.1685,automatic_top_up,0.1302,top_up_failed,0.1094
What is the highest limit for Auto Top?,automatic_top_up,automatic_top_up,True,0.9268,automatic_top_up,0.9268,top_up_limits,0.0348,age_limit,0.0066
How do I enable auto-top up?,automatic_top_up,automatic_top_up,True,0.9742,automatic_top_up,0.9742,top_up_by_cash_or_cheque,0.0022,topping_up_by_card,0.0022
I've tried my card a bunch of times and it never worked.,card_not_working,card_not_working,True,0.2042,card_not_working,0.2042,declined_card_payment,0.1274,top_up_failed,0.0699
I can't get my card to work.,card_not_working,card_not_working,True,0.9708,card_not_working,0.9708,declined_cash_withdrawal,0.0058,declined_card_payment,0.0046
My card appears to be broken how can I fix it?,card_not_working,card_not_working,True,0.6722,card_not_working,0.6722,card_linking,0.0401,card_delivery_estimate,0.0233
How do I know why my card isn't working?,card_not_working,card_not_working,True,0.8423,card_not_working,0.8423,declined_card_payment,0.05,card_arrival,0.0136
My card broke.,card_not_working,card_not_working,True,0.9742,card_not_working,0.9742,card_arrival,0.0036,card_delivery_estimate,0.0031
My card won't work.,card_not_working,card_not_working,True,0.9478,card_not_working,0.9478,declined_card_payment,0.0241,virtual_card_not_working,0.0089
Why is my card not working?,card_not_working,card_not_working,True,0.8402,card_not_working,0.8402,declined_card_payment,0.0828,declined_cash_withdrawal,0.0255
Can you please identify the problem with my bank card?,card_not_working,unable_to_verify_identity,False,0.2044,unable_to_verify_identity,0.2044,why_verify_identity,0.0788,card_not_working,0.0618
How do I unblock my card using the app?,card_not_working,pin_blocked,False,0.5639,pin_blocked,0.5639,card_linking,0.2666,card_not_working,0.0279
My card does not work,card_not_working,card_not_working,True,0.6137,card_not_working,0.6137,declined_card_payment,0.1796,top_up_failed,0.0642
How can I get my physical card to work?,card_not_working,card_not_working,True,0.789,card_not_working,0.789,order_physical_card,0.1659,card_delivery_estimate,0.0065
Can someone assist me by explaining why my card is not working?,card_not_working,card_not_working,True,0.2516,card_not_working,0.2516,declined_card_payment,0.1246,top_up_failed,0.0756
Help me.  My card doesn't work.,card_not_working,card_not_working,True,0.8336,card_not_working,0.8336,declined_card_payment,0.0424,unable_to_verify_identity,0.0245
Can a card stop working?,card_not_working,card_not_working,True,0.6243,card_not_working,0.6243,declined_card_payment,0.042,virtual_card_not_working,0.0313
I think my card is broken,card_not_working,card_not_working,True,0.9781,card_not_working,0.9781,lost_or_stolen_card,0.0049,compromised_card,0.0028
Why isn't my card working?,card_not_working,card_not_working,True,0.8488,card_not_working,0.8488,declined_cash_withdrawal,0.0304,declined_card_payment,0.0293
My card isn't working anymore.,card_not_working,card_not_working,True,0.9789,card_not_working,0.9789,top_up_failed,0.0029,declined_card_payment,0.0021
My card was declined today when eating and I need to know what's wrong.,card_not_working,card_not_working,True,0.6355,card_not_working,0.6355,declined_card_payment,0.1979,declined_transfer,0.0546
My card doesn't work.,card_not_working,card_not_working,True,0.9205,card_not_working,0.9205,declined_card_payment,0.0423,top_up_failed,0.0083
How can I resolve a problem where my card won't go through at all?,card_not_working,card_not_working,True,0.4804,card_not_working,0.4804,declined_card_payment,0.0706,top_up_failed,0.0512
My actual card isn't working.,card_not_working,card_not_working,True,0.9538,card_not_working,0.9538,virtual_card_not_working,0.0104,order_physical_card,0.0062
Is my card broken?,card_not_working,card_not_working,True,0.9664,card_not_working,0.9664,card_arrival,0.0103,card_delivery_estimate,0.003
I broke my card,card_not_working,card_not_working,True,0.959,card_not_working,0.959,card_arrival,0.0047,card_delivery_estimate,0.0043
My card stopped working,card_not_working,card_not_working,True,0.9254,card_not_working,0.9254,declined_card_payment,0.0114,top_up_failed,0.0103
"My card is broke, what do I do?",card_not_working,card_not_working,True,0.9272,card_not_working,0.9272,card_arrival,0.0104,lost_or_stolen_card,0.0078
"I tried using my card today and it's not working, can you help me?",card_not_working,card_not_working,True,0.6973,card_not_working,0.6973,declined_card_payment,0.088,top_up_failed,0.0612
My card stopped working when I use it,card_not_working,card_not_working,True,0.93,card_not_working,0.93,declined_card_payment,0.0109,top_up_failed,0.0073
I can't use my card.,card_not_working,card_not_working,True,0.9005,card_not_working,0.9005,card_acceptance,0.0554,activate_my_card,0.0098
Need help with my card. It's not working.,card_not_working,card_not_working,True,0.9347,card_not_working,0.9347,declined_card_payment,0.0147,top_up_failed,0.0118
I cannot use my card.,card_not_working,card_not_working,True,0.506,card_not_working,0.506,activate_my_card,0.1165,card_acceptance,0.0602
The card I've got seems to be broken.,card_not_working,card_not_working,True,0.7657,card_not_working,0.7657,card_arrival,0.0169,card_linking,0.0092
My card isn't working,card_not_working,card_not_working,True,0.9636,card_not_working,0.9636,declined_card_payment,0.007,top_up_failed,0.0068
My card suddenly quit working.,card_not_working,card_not_working,True,0.7354,card_not_working,0.7354,declined_card_payment,0.0391,declined_cash_withdrawal,0.0318
I have tried to use my card several times and it does not work.,card_not_working,card_not_working,True,0.4894,card_not_working,0.4894,declined_card_payment,0.3141,activate_my_card,0.0203
The card I have doesn't work.,card_not_working,card_not_working,True,0.7375,card_not_working,0.7375,declined_card_payment,0.0602,card_arrival,0.0328
My card doesn't accept any transaction at all. What's wrong??,card_not_working,card_not_working,True,0.8236,card_not_working,0.8236,cancel_transfer,0.0162,card_acceptance,0.0158
How can i check if my card is working?,card_not_working,card_not_working,True,0.887,card_not_working,0.887,card_arrival,0.0268,top_up_by_cash_or_cheque,0.01
Nothing goes through on my card.,card_not_working,card_not_working,True,0.2845,card_not_working,0.2845,declined_card_payment,0.0738,compromised_card,0.048
How do I find out why my card won't work?,card_not_working,card_not_working,True,0.7668,card_not_working,0.7668,declined_card_payment,0.0453,virtual_card_not_working,0.026
"Could it be that I deactivated my card, its not working?",card_not_working,card_not_working,True,0.2618,card_not_working,0.2618,activate_my_card,0.2573,card_linking,0.0995
May I exchange currencies with this?,exchange_via_app,exchange_via_app,True,0.8837,exchange_via_app,0.8837,fiat_currency_support,0.0483,exchange_charge,0.0447
Tell me how I can exchange between different currency.,exchange_via_app,exchange_via_app,True,0.9163,exchange_via_app,0.9163,exchange_charge,0.0229,fiat_currency_support,0.0175
Can I change from one currency to another?,exchange_via_app,exchange_via_app,True,0.94,exchange_via_app,0.94,fiat_currency_support,0.0134,supported_cards_and_currencies,0.0088
How do I change GBP to AUD?,exchange_via_app,exchange_via_app,True,0.9832,exchange_via_app,0.9832,edit_personal_details,0.0029,change_pin,0.0024
Will this app exchange currencies?,exchange_via_app,exchange_via_app,True,0.9497,exchange_via_app,0.9497,exchange_charge,0.0314,fiat_currency_support,0.0113
How do I convert currencies with the app?,exchange_via_app,exchange_via_app,True,0.9631,exchange_via_app,0.9631,fiat_currency_support,0.0126,card_linking,0.0041
How are currencies exchanged?,exchange_via_app,exchange_via_app,True,0.7899,exchange_via_app,0.7899,fiat_currency_support,0.1195,exchange_charge,0.0488
Can I exchange currencies with this app?,exchange_via_app,exchange_via_app,True,0.9931,exchange_via_app,0.9931,fiat_currency_support,0.0043,exchange_charge,0.0011
How do I make an exchange from one currency to another?,exchange_via_app,exchange_via_app,True,0.9489,exchange_via_app,0.9489,exchange_charge,0.0172,exchange_rate,0.0067
How do I interconvert between AUD and GBP?,exchange_via_app,exchange_via_app,True,0.9797,exchange_via_app,0.9797,receiving_money,0.0037,verify_my_identity,0.0008
What all currencies can be exchanged?,exchange_via_app,exchange_via_app,True,0.5161,exchange_via_app,0.5161,fiat_currency_support,0.3142,exchange_charge,0.0972
What is the best way to exchange currency between USD and GBP using your app?,exchange_via_app,exchange_via_app,True,0.9898,exchange_via_app,0.9898,exchange_charge,0.0021,card_payment_wrong_exchange_rate,0.0016
If I wanted to make a change from GBP to AUD what is the process?,exchange_via_app,exchange_via_app,True,0.71,exchange_via_app,0.71,change_pin,0.0231,direct_debit_payment_not_recognised,0.0138
Can I get some money exchanged?,exchange_via_app,exchange_via_app,True,0.5005,exchange_via_app,0.5005,exchange_rate,0.0681,wrong_exchange_rate_for_cash_withdrawal,0.0585
Is it possible to change to another currency?,exchange_via_app,exchange_via_app,True,0.9469,exchange_via_app,0.9469,receiving_money,0.0085,getting_spare_card,0.0072
How do I exchange my GBP to AUD?,exchange_via_app,exchange_via_app,True,0.9918,exchange_via_app,0.9918,exchange_rate,0.0024,exchange_charge,0.001
How would I use my money in a different country?,exchange_via_app,wrong_exchange_rate_for_cash_withdrawal,False,0.1782,wrong_exchange_rate_for_cash_withdrawal,0.1782,receiving_money,0.1477,fiat_currency_support,0.0643
"If I receive foreign currencies, am I able to exchange them on the app?",exchange_via_app,exchange_charge,False,0.3938,exchange_charge,0.3938,exchange_via_app,0.373,wrong_exchange_rate_for_cash_withdrawal,0.0516
Can I change to another currency?,exchange_via_app,exchange_via_app,True,0.9519,exchange_via_app,0.9519,receiving_money,0.0172,change_pin,0.0051
"I need AUD not GBP, how do I change it?",exchange_via_app,exchange_via_app,True,0.9648,exchange_via_app,0.9648,edit_personal_details,0.0058,receiving_money,0.0036
What is the best way to exchange currency?,exchange_via_app,exchange_charge,False,0.5225,exchange_charge,0.5225,exchange_via_app,0.3305,exchange_rate,0.0587
If I need GBP instead of AUD what do I do?,exchange_via_app,exchange_via_app,True,0.8203,exchange_via_app,0.8203,verify_my_identity,0.0173,compromised_card,0.01
I was wondering whether exchanging currencies can be done on this app.,exchange_via_app,exchange_via_app,True,0.5667,exchange_via_app,0.5667,exchange_charge,0.1362,fiat_currency_support,0.06
"I might need AUD instead of GBP, how to change?",exchange_via_app,exchange_via_app,True,0.9494,exchange_via_app,0.9494,edit_personal_details,0.0076,change_pin,0.0041
How do I go through the process of currency exchange?,exchange_via_app,exchange_via_app,True,0.7311,exchange_via_app,0.7311,exchange_rate,0.0635,exchange_charge,0.0544
Change currency,exchange_via_app,exchange_via_app,True,0.9146,exchange_via_app,0.9146,exchange_charge,0.0365,fiat_currency_support,0.0202
Can am I able to exchange currencies?,exchange_via_app,exchange_via_app,True,0.9196,exchange_via_app,0.9196,exchange_charge,0.0572,fiat_currency_support,0.017
Where do I go to change GBP?,exchange_via_app,exchange_via_app,True,0.8005,exchange_via_app,0.8005,change_pin,0.0628,edit_personal_details,0.0411
What currency's can i exchange for?,exchange_via_app,exchange_via_app,True,0.5335,exchange_via_app,0.5335,exchange_charge,0.2374,fiat_currency_support,0.1287
What currencies will this app exchange?,exchange_via_app,exchange_via_app,True,0.7748,exchange_via_app,0.7748,fiat_currency_support,0.1538,exchange_charge,0.0351
Can this app help me exchange currencies?,exchange_via_app,exchange_via_app,True,0.9557,exchange_via_app,0.9557,exchange_charge,0.0247,fiat_currency_support,0.0108
I would like to exchange some currency.,exchange_via_app,exchange_via_app,True,0.9095,exchange_via_app,0.9095,exchange_charge,0.0605,wrong_exchange_rate_for_cash_withdrawal,0.0071
Can I exchange between GBP and USD on the app?,exchange_via_app,exchange_via_app,True,0.9842,exchange_via_app,0.9842,card_payment_wrong_exchange_rate,0.0032,card_linking,0.0019
Is there currency exchange on this app?,exchange_via_app,exchange_via_app,True,0.8998,exchange_via_app,0.8998,exchange_charge,0.0764,card_payment_wrong_exchange_rate,0.011
Can I change my currency from USD to EUR?,exchange_via_app,fiat_currency_support,False,0.6561,fiat_currency_support,0.6561,exchange_via_app,0.2795,change_pin,0.0155
"I think I want AUD and not GBP, can you help?",exchange_via_app,exchange_via_app,True,0.3834,exchange_via_app,0.3834,request_refund,0.0651,lost_or_stolen_card,0.047
How do I exchange currency?,exchange_via_app,exchange_via_app,True,0.8519,exchange_via_app,0.8519,exchange_charge,0.1033,exchange_rate,0.0254
Can I use this app to change dollars into euros?,exchange_via_app,exchange_via_app,True,0.7121,exchange_via_app,0.7121,change_pin,0.0343,edit_personal_details,0.0229
Can I exchange currencies with my account?,exchange_via_app,exchange_via_app,True,0.7744,exchange_via_app,0.7744,fiat_currency_support,0.1474,exchange_charge,0.0498
I would like to exchange currencies,exchange_via_app,exchange_via_app,True,0.9471,exchange_via_app,0.9471,exchange_charge,0.034,fiat_currency_support,0.0126
"My entire gym bag, including my wallet, was stolen out of my locker today. Everything in my wallet is gone - how do I block the card to make it can't be used?",lost_or_stolen_card,lost_or_stolen_card,True,0.3179,lost_or_stolen_card,0.3179,topping_up_by_card,0.1498,cash_withdrawal_not_recognised,0.0801
I can't find my card and think it may have been stolen.,lost_or_stolen_card,lost_or_stolen_card,True,0.9454,lost_or_stolen_card,0.9454,lost_or_stolen_phone,0.0084,compromised_card,0.0082
"Someone stole my card. I need to report it stolen. I made a police report already, but how do I report it with you?",lost_or_stolen_card,lost_or_stolen_card,True,0.7929,lost_or_stolen_card,0.7929,compromised_card,0.0504,cash_withdrawal_not_recognised,0.0218
"I cant find my card, it's gone.",lost_or_stolen_card,lost_or_stolen_card,True,0.5392,lost_or_stolen_card,0.5392,card_arrival,0.0422,card_linking,0.0385
My card is lost! What can I do?,lost_or_stolen_card,lost_or_stolen_card,True,0.8896,lost_or_stolen_card,0.8896,card_arrival,0.0208,card_not_working,0.0108
I lost my card,lost_or_stolen_card,lost_or_stolen_card,True,0.9944,lost_or_stolen_card,0.9944,card_linking,0.0015,card_swallowed,0.0011
Oh no!  I lost my card!  Help!,lost_or_stolen_card,lost_or_stolen_card,True,0.963,lost_or_stolen_card,0.963,card_swallowed,0.0044,lost_or_stolen_phone,0.0025
"I believe my card has been stolen, what can I do about this situation? It's urgent.",lost_or_stolen_card,lost_or_stolen_card,True,0.555,lost_or_stolen_card,0.555,compromised_card,0.1142,cash_withdrawal_not_recognised,0.041
Help! Someone stole my card!,lost_or_stolen_card,lost_or_stolen_card,True,0.8867,lost_or_stolen_card,0.8867,cash_withdrawal_not_recognised,0.0703,compromised_card,0.013
Help.  I have a stolen card!,lost_or_stolen_card,lost_or_stolen_card,True,0.9564,lost_or_stolen_card,0.9564,lost_or_stolen_phone,0.0099,cash_withdrawal_not_recognised,0.004
"card is lost, please help",lost_or_stolen_card,lost_or_stolen_card,True,0.7785,lost_or_stolen_card,0.7785,card_linking,0.0268,card_arrival,0.0198
How do I report my card stolen?,lost_or_stolen_card,lost_or_stolen_card,True,0.8936,lost_or_stolen_card,0.8936,compromised_card,0.0502,lost_or_stolen_phone,0.0082
My card is gone I think it was stolen,lost_or_stolen_card,lost_or_stolen_card,True,0.8874,lost_or_stolen_card,0.8874,compromised_card,0.0355,lost_or_stolen_phone,0.0278
Is a copy of the police report necessary for completing the report process?,lost_or_stolen_card,transaction_charged_twice,False,0.0463,transaction_charged_twice,0.0463,request_refund,0.0444,lost_or_stolen_card,0.0437
I lost my wallet today with all my credit cards. Will you please block the card and send a replacement?,lost_or_stolen_card,lost_or_stolen_card,True,0.5598,lost_or_stolen_card,0.5598,supported_cards_and_currencies,0.0465,topping_up_by_card,0.0404
How do I deal with a stolen card?,lost_or_stolen_card,lost_or_stolen_card,True,0.8183,lost_or_stolen_card,0.8183,order_physical_card,0.0437,compromised_card,0.02
Can you freeze my card it was stolen,lost_or_stolen_card,lost_or_stolen_card,True,0.9675,lost_or_stolen_card,0.9675,compromised_card,0.0126,cash_withdrawal_not_recognised,0.0037
Help!  I can't find my card.,lost_or_stolen_card,lost_or_stolen_card,True,0.7571,lost_or_stolen_card,0.7571,card_not_working,0.0577,get_physical_card,0.0155
What should I do if I lost my card?,lost_or_stolen_card,lost_or_stolen_card,True,0.9441,lost_or_stolen_card,0.9441,lost_or_stolen_phone,0.0104,card_swallowed,0.0089
I need help with a lost card,lost_or_stolen_card,lost_or_stolen_card,True,0.8333,lost_or_stolen_card,0.8333,card_linking,0.0271,order_physical_card,0.015
I think my card was stolen.,lost_or_stolen_card,lost_or_stolen_card,True,0.9709,lost_or_stolen_card,0.9709,compromised_card,0.0171,lost_or_stolen_phone,0.0037
"Someone stole my wallet earlier today, not sure exactly when, probably on Piccadilly circus. Can you check if there were any attempts to use the card and obviously block it?",lost_or_stolen_card,lost_or_stolen_card,True,0.1865,lost_or_stolen_card,0.1865,card_not_working,0.1349,compromised_card,0.0546
I think I lost my card . I dont know how long it has been missing. Can you see if maybe someone else has been using it?,lost_or_stolen_card,lost_or_stolen_card,True,0.5401,lost_or_stolen_card,0.5401,compromised_card,0.2398,lost_or_stolen_phone,0.0298
How can I freeze a stolen card?,lost_or_stolen_card,lost_or_stolen_card,True,0.9534,lost_or_stolen_card,0.9534,compromised_card,0.0158,order_physical_card,0.0037
What should I do if my card is missing?,lost_or_stolen_card,lost_or_stolen_card,True,0.8438,lost_or_stolen_card,0.8438,card_not_working,0.035,card_arrival,0.0212
My bags were stolen. I need a new card but need to cancel the stolen one.,lost_or_stolen_card,lost_or_stolen_card,True,0.5706,lost_or_stolen_card,0.5706,lost_or_stolen_phone,0.1592,cancel_transfer,0.0875
Somehow I am missing my card.  What should I do?,lost_or_stolen_card,lost_or_stolen_card,True,0.5176,lost_or_stolen_card,0.5176,compromised_card,0.1399,card_swallowed,0.0306
My card was taken from me,lost_or_stolen_card,cash_withdrawal_not_recognised,False,0.2464,cash_withdrawal_not_recognised,0.2464,card_arrival,0.1163,card_not_working,0.0803
My card got lost.,lost_or_stolen_card,lost_or_stolen_card,True,0.8487,lost_or_stolen_card,0.8487,card_arrival,0.0347,card_linking,0.0318
Some idiot stole my card.,lost_or_stolen_card,lost_or_stolen_card,True,0.7795,lost_or_stolen_card,0.7795,compromised_card,0.0553,cash_withdrawal_not_recognised,0.0275
How do I report my card lost or stolen?,lost_or_stolen_card,lost_or_stolen_card,True,0.9469,lost_or_stolen_card,0.9469,lost_or_stolen_phone,0.016,card_linking,0.0077
My card is lost! What do I do now?,lost_or_stolen_card,lost_or_stolen_card,True,0.8164,lost_or_stolen_card,0.8164,card_not_working,0.0372,card_swallowed,0.0238
I'm in Spain and my stuff has been stolen. My card was with it and I need a new one shipped and the old one frozen.,lost_or_stolen_card,lost_or_stolen_card,True,0.6503,lost_or_stolen_card,0.6503,declined_card_payment,0.0335,compromised_card,0.0268
I believe my credit card was stolen.,lost_or_stolen_card,lost_or_stolen_card,True,0.4342,lost_or_stolen_card,0.4342,compromised_card,0.2652,topping_up_by_card,0.0539
How do I report a stolen card?,lost_or_stolen_card,lost_or_stolen_card,True,0.8788,lost_or_stolen_card,0.8788,compromised_card,0.0433,order_physical_card,0.0207
"Somebody has stolen my card, I need help please.",lost_or_stolen_card,lost_or_stolen_card,True,0.4529,lost_or_stolen_card,0.4529,cash_withdrawal_not_recognised,0.159,compromised_card,0.1376
I cannot find my credit card.,lost_or_stolen_card,topping_up_by_card,False,0.5343,topping_up_by_card,0.5343,supported_cards_and_currencies,0.0736,top_up_failed,0.0377
Are you able to locate my card?,lost_or_stolen_card,lost_or_stolen_card,True,0.3455,lost_or_stolen_card,0.3455,country_support,0.1306,order_physical_card,0.0642
My card got stolen!,lost_or_stolen_card,lost_or_stolen_card,True,0.9337,lost_or_stolen_card,0.9337,lost_or_stolen_phone,0.0114,compromised_card,0.0078
Help me please!  My card was stolen!,lost_or_stolen_card,lost_or_stolen_card,True,0.9331,lost_or_stolen_card,0.9331,lost_or_stolen_phone,0.0116,compromised_card,0.0078
how old do i need to be to get an account for myself,age_limit,age_limit,True,0.9788,age_limit,0.9788,terminate_account,0.0022,order_physical_card,0.0017
How young can I be to open my own account?,age_limit,age_limit,True,0.8525,age_limit,0.8525,terminate_account,0.02,transfer_into_account,0.0089
How old do I have to be?,age_limit,age_limit,True,0.9694,age_limit,0.9694,verify_my_identity,0.0015,automatic_top_up,0.0013
Can I open an account for a child?,age_limit,age_limit,True,0.9944,age_limit,0.9944,terminate_account,0.0005,receiving_money,0.0003
How old do we have to be?,age_limit,age_limit,True,0.9348,age_limit,0.9348,verify_my_identity,0.0025,fiat_currency_support,0.0021
How do I go about setting up an account for my daughter?,age_limit,age_limit,True,0.9367,age_limit,0.9367,getting_spare_card,0.0124,terminate_account,0.0048
Is there an age minimum?,age_limit,age_limit,True,0.9007,age_limit,0.9007,card_payment_not_recognised,0.0066,extra_charge_on_statement,0.0056
What is the youngest age in order to have an account?,age_limit,age_limit,True,0.9327,age_limit,0.9327,request_refund,0.008,terminate_account,0.003
What age do I have to be?,age_limit,age_limit,True,0.9651,age_limit,0.9651,visa_or_mastercard,0.002,verify_my_identity,0.0015
Can my daughter open an account?,age_limit,age_limit,True,0.9876,age_limit,0.9876,getting_spare_card,0.006,receiving_money,0.0008
What is the minimum age to open an account?,age_limit,age_limit,True,0.9933,age_limit,0.9933,terminate_account,0.0006,transfer_timing,0.0004
What is the minimum age?,age_limit,age_limit,True,0.8006,age_limit,0.8006,exchange_rate,0.0089,direct_debit_payment_not_recognised,0.0073
I am only 17. Can I make an account?,age_limit,wrong_amount_of_cash_received,False,0.3683,wrong_amount_of_cash_received,0.3683,age_limit,0.286,terminate_account,0.0505
Could I open an account for my children?,age_limit,age_limit,True,0.9977,age_limit,0.9977,terminate_account,0.0003,beneficiary_not_allowed,0.0001
What is the age to open an account?,age_limit,age_limit,True,0.9973,age_limit,0.9973,terminate_account,0.0003,transfer_timing,0.0003
How do I open up an account for my child?,age_limit,age_limit,True,0.9836,age_limit,0.9836,terminate_account,0.0018,transfer_into_account,0.0014
Can I open a bank account for my newborn baby?,age_limit,age_limit,True,0.6641,age_limit,0.6641,transfer_into_account,0.1413,balance_not_updated_after_bank_transfer,0.0358
How old do I have to be to open an account?,age_limit,age_limit,True,0.9976,age_limit,0.9976,terminate_account,0.0004,transfer_into_account,0.0002
Do you offer services for children to have money saving experience?,age_limit,age_limit,True,0.727,age_limit,0.727,fiat_currency_support,0.0318,visa_or_mastercard,0.0139
If my kids wanted to use your service how old would they have to be?,age_limit,age_limit,True,0.9669,age_limit,0.9669,lost_or_stolen_phone,0.0022,terminate_account,0.002
Can my 19 year old daughter open a savings account at the bank?,age_limit,age_limit,True,0.9322,age_limit,0.9322,wrong_amount_of_cash_received,0.0066,transfer_into_account,0.0046
How old do you have to be to get an account?,age_limit,age_limit,True,0.9945,age_limit,0.9945,terminate_account,0.0009,country_support,0.0004
What's the minimum age for opening an account?,age_limit,age_limit,True,0.9689,age_limit,0.9689,terminate_account,0.003,transfer_timing,0.0016
"I would like an account for my children, how do I go about doing this?",age_limit,age_limit,True,0.8221,age_limit,0.8221,terminate_account,0.0265,request_refund,0.0195
Can my children have their own account?,age_limit,age_limit,True,0.9539,age_limit,0.9539,terminate_account,0.0028,transfer_timing,0.0018
Is it possible to open an account for my children?,age_limit,age_limit,True,0.996,age_limit,0.996,beneficiary_not_allowed,0.0004,terminate_account,0.0003
Do my kids have to be a certain age to use this service?,age_limit,age_limit,True,0.9747,age_limit,0.9747,automatic_top_up,0.0011,card_not_working,0.0011
How old do you have to be to be able to open an account?,age_limit,age_limit,True,0.9965,age_limit,0.9965,terminate_account,0.0004,why_verify_identity,0.0002
Is there an age limit?,age_limit,age_limit,True,0.9715,age_limit,0.9715,top_up_limits,0.0094,disposable_card_limits,0.0033
What are the age requirements for opening an account?,age_limit,age_limit,True,0.9825,age_limit,0.9825,terminate_account,0.0011,verify_my_identity,0.0007
will i be able to open an account for my daughter,age_limit,age_limit,True,0.9928,age_limit,0.9928,getting_spare_card,0.0021,terminate_account,0.0004
How old do I need to be to open an account?,age_limit,age_limit,True,0.9958,age_limit,0.9958,terminate_account,0.0006,receiving_money,0.0004
What age can sign up for services?,age_limit,age_limit,True,0.6971,age_limit,0.6971,country_support,0.0326,apple_pay_or_google_pay,0.0205
How old do my kids have to be to use your service?,age_limit,age_limit,True,0.9909,age_limit,0.9909,country_support,0.0005,terminate_account,0.0005
What age do my kids need to be to use your service?,age_limit,age_limit,True,0.9855,age_limit,0.9855,terminate_account,0.0008,lost_or_stolen_phone,0.0006
How old do my children need to be to open an account?,age_limit,age_limit,True,0.9994,age_limit,0.9994,terminate_account,0.0001,receiving_money,0.0
How old does my kids need to be to open an account?,age_limit,age_limit,True,0.9964,age_limit,0.9964,terminate_account,0.0003,transfer_timing,0.0002
How young can someone be in order to open an account?,age_limit,age_limit,True,0.7093,age_limit,0.7093,compromised_card,0.0521,request_refund,0.0201
What is the youngest someone can be to open an account?,age_limit,age_limit,True,0.8803,age_limit,0.8803,compromised_card,0.0081,cash_withdrawal_not_recognised,0.0079
How old does one have to be to have an account with the bank?,age_limit,age_limit,True,0.9351,age_limit,0.9351,transfer_into_account,0.0177,terminate_account,0.0046
How do I get my PIN unlocked?,pin_blocked,pin_blocked,True,0.9519,pin_blocked,0.9519,get_physical_card,0.0418,change_pin,0.0022
Where can I view my PIN?,pin_blocked,get_physical_card,False,0.5685,get_physical_card,0.5685,change_pin,0.344,pin_blocked,0.056
Will you reinstate my PIN?,pin_blocked,get_physical_card,False,0.7465,get_physical_card,0.7465,change_pin,0.1217,pin_blocked,0.0977
I accidentally blocked my PIN. How do I reset it?,pin_blocked,pin_blocked,True,0.9683,pin_blocked,0.9683,change_pin,0.0073,get_physical_card,0.0051
How do I unblock my pin after entering it wrong too many times?,pin_blocked,pin_blocked,True,0.9982,pin_blocked,0.9982,get_physical_card,0.0002,change_pin,0.0001
I used the wrong ping too many times and now the account is blocked.  How do I unblock?,pin_blocked,pin_blocked,True,0.9957,pin_blocked,0.9957,cancel_transfer,0.0006,terminate_account,0.0002
I need help because I drunken blocked my card?,pin_blocked,pin_blocked,True,0.9028,pin_blocked,0.9028,lost_or_stolen_card,0.0153,card_delivery_estimate,0.0078
"How do I reset my PIN, I can't seem to use my card?",pin_blocked,card_not_working,False,0.6005,card_not_working,0.6005,pin_blocked,0.1736,change_pin,0.0573
"When I put the wrong pin too much, I got blocked, so can you help me unblock my pin",pin_blocked,pin_blocked,True,0.9989,pin_blocked,0.9989,get_physical_card,0.0004,change_pin,0.0001
"My pin was blocked, how do I make it so I can use it?",pin_blocked,pin_blocked,True,0.983,pin_blocked,0.983,get_physical_card,0.0034,change_pin,0.0022
How many tries do I have to enter my pin before I'm blocked?,pin_blocked,pin_blocked,True,0.9732,pin_blocked,0.9732,get_physical_card,0.0067,declined_cash_withdrawal,0.0041
What should I do if I've tried to enter my PIN too often?,pin_blocked,pin_blocked,True,0.7428,pin_blocked,0.7428,get_physical_card,0.0508,change_pin,0.028
I have exceeded the number of times I can try my PIN,pin_blocked,pin_blocked,True,0.9333,pin_blocked,0.9333,get_physical_card,0.0184,change_pin,0.0122
How can I unblock a blocked pin number for my account?,pin_blocked,pin_blocked,True,0.9986,pin_blocked,0.9986,get_physical_card,0.0002,change_pin,0.0002
What do I do if the bank machine won't accept my PIN attempts anymore?,pin_blocked,card_not_working,False,0.5113,card_not_working,0.5113,pin_blocked,0.285,change_pin,0.0267
Can you unlock my pin? I think I entered the wrong pin too many times.,pin_blocked,pin_blocked,True,0.9973,pin_blocked,0.9973,change_pin,0.0008,get_physical_card,0.0007
How do I deal with a blocked PIN?,pin_blocked,pin_blocked,True,0.9594,pin_blocked,0.9594,get_physical_card,0.018,change_pin,0.0054
"I attempted to use my card while I was intoxicated, and I failed to input my PIN, and the machine kept my card. How soon can I have it back?",pin_blocked,card_swallowed,False,0.1334,card_swallowed,0.1334,pin_blocked,0.1258,declined_card_payment,0.1114
Can I unblock my card using the app?,pin_blocked,pin_blocked,True,0.5327,pin_blocked,0.5327,card_linking,0.226,card_not_working,0.037
I'v exhausted all the of times I can try my PIN,pin_blocked,pin_blocked,True,0.65,pin_blocked,0.65,get_physical_card,0.1322,change_pin,0.0922
How can I unlock my pin from too many tries?,pin_blocked,pin_blocked,True,0.9848,pin_blocked,0.9848,change_pin,0.0038,get_physical_card,0.0021
Help! I forgot my PIN and have been locked out of using my card.,pin_blocked,pin_blocked,True,0.8618,pin_blocked,0.8618,get_physical_card,0.0202,card_payment_fee_charged,0.0193
"My account is blocked, how do I log in now",pin_blocked,pin_blocked,True,0.8553,pin_blocked,0.8553,terminate_account,0.0281,passcode_forgotten,0.0131
Why did I get blocked?,pin_blocked,pin_blocked,True,0.8301,pin_blocked,0.8301,wrong_amount_of_cash_received,0.0146,beneficiary_not_allowed,0.0143
Are you able to unblock my pin?,pin_blocked,pin_blocked,True,0.9843,pin_blocked,0.9843,get_physical_card,0.0053,change_pin,0.0043
Can you assist me with unblocking my PIN? I put it in wrong too many times.,pin_blocked,pin_blocked,True,0.9801,pin_blocked,0.9801,change_pin,0.0022,get_physical_card,0.0014
I entered the wrong pin too many times and now I am blocked.  Help me unblock!,pin_blocked,pin_blocked,True,0.9993,pin_blocked,0.9993,cancel_transfer,0.0001,declined_cash_withdrawal,0.0001
"My pins seems to be blocked, can you unblock it please",pin_blocked,pin_blocked,True,0.9784,pin_blocked,0.9784,lost_or_stolen_card,0.0009,change_pin,0.0007
Can you unblock my pin after too many wrong pin attempts?,pin_blocked,pin_blocked,True,0.9973,pin_blocked,0.9973,get_physical_card,0.0009,change_pin,0.0006
What can you do to unblock my pin?,pin_blocked,pin_blocked,True,0.9912,pin_blocked,0.9912,change_pin,0.0038,get_physical_card,0.0026
"My PIN is blocked, what do I do?",pin_blocked,pin_blocked,True,0.9958,pin_blocked,0.9958,get_physical_card,0.0025,change_pin,0.0006
Can I reactivate my PIN?,pin_blocked,card_linking,False,0.4068,card_linking,0.4068,get_physical_card,0.2463,change_pin,0.2278
How do I reset my PIN?,pin_blocked,pin_blocked,True,0.502,pin_blocked,0.502,change_pin,0.323,get_physical_card,0.1509
Can I unblock my pin?,pin_blocked,pin_blocked,True,0.9952,pin_blocked,0.9952,change_pin,0.0026,get_physical_card,0.0018
How do I unblock my PIN?,pin_blocked,pin_blocked,True,0.9965,pin_blocked,0.9965,get_physical_card,0.0023,change_pin,0.0008
"My card's frozen, what can I do?",pin_blocked,card_not_working,False,0.4587,card_not_working,0.4587,lost_or_stolen_card,0.0702,compromised_card,0.0513
How can I unlock the pin?,pin_blocked,pin_blocked,True,0.6698,pin_blocked,0.6698,get_physical_card,0.2615,change_pin,0.0438
"Since my pin is blocked, would you help me unblock it?",pin_blocked,pin_blocked,True,0.9979,pin_blocked,0.9979,get_physical_card,0.0004,change_pin,0.0002
My PIN is not working and I need assistance.,pin_blocked,pin_blocked,True,0.4581,pin_blocked,0.4581,get_physical_card,0.1494,card_not_working,0.0838
"
Where can I get my PIN unblocked?",pin_blocked,pin_blocked,True,0.9799,pin_blocked,0.9799,get_physical_card,0.0158,change_pin,0.0022
Are contactless payments enabled on my new card?,contactless_not_working,contactless_not_working,True,0.9874,contactless_not_working,0.9874,card_arrival,0.0024,activate_my_card,0.0017
My contanctless has stopped working,contactless_not_working,contactless_not_working,True,0.5442,contactless_not_working,0.5442,card_not_working,0.1093,top_up_failed,0.0304
what is required documents for new card process ?,contactless_not_working,card_arrival,False,0.1314,card_arrival,0.1314,order_physical_card,0.1196,verify_my_identity,0.1183
"I don't know what's wrong, my contactless stopped working. Tried it in a few different places today and it didn't work in any of them.",contactless_not_working,contactless_not_working,True,0.4624,contactless_not_working,0.4624,card_not_working,0.1784,top_up_failed,0.0391
How do I get the contactless feature to work for my card?,contactless_not_working,contactless_not_working,True,0.9553,contactless_not_working,0.9553,card_not_working,0.0043,order_physical_card,0.0042
I tried to pay contactless at the bus today and it didn't work. Any ideas why?,contactless_not_working,contactless_not_working,True,0.8675,contactless_not_working,0.8675,failed_transfer,0.0158,top_up_failed,0.0145
I've been unable to pay contactless with my card for over a week now. Is there a way to fix this issue?,contactless_not_working,contactless_not_working,True,0.3828,contactless_not_working,0.3828,card_arrival,0.0991,card_payment_fee_charged,0.0509
Do you know why my contactless won't work?,contactless_not_working,contactless_not_working,True,0.9462,contactless_not_working,0.9462,declined_card_payment,0.0056,card_not_working,0.0051
My contactless payments have not been completed successfully.,contactless_not_working,contactless_not_working,True,0.8153,contactless_not_working,0.8153,reverted_card_payment?,0.018,pending_card_payment,0.0146
Do I need to replace my card if it didn't work when I tried to pay contactless at the shop today?,contactless_not_working,contactless_not_working,True,0.6655,contactless_not_working,0.6655,declined_card_payment,0.104,top_up_failed,0.0184
For some reason my contactless has stopped working. I don't know what the problem is. What can I do?,contactless_not_working,contactless_not_working,True,0.7023,contactless_not_working,0.7023,card_not_working,0.1208,top_up_reverted,0.0209
"I couldn't use my contactless this morning, it wasn't accepted.",contactless_not_working,contactless_not_working,True,0.8577,contactless_not_working,0.8577,declined_card_payment,0.0194,card_acceptance,0.0102
Contactless isn't working for me,contactless_not_working,contactless_not_working,True,0.9761,contactless_not_working,0.9761,card_not_working,0.0022,unable_to_verify_identity,0.0019
Why wouldn't the contactless payment work when I tried to pay at the bus today?,contactless_not_working,contactless_not_working,True,0.8877,contactless_not_working,0.8877,declined_cash_withdrawal,0.0248,declined_card_payment,0.0156
How do I check my security settings to allow contactless pay?,contactless_not_working,contactless_not_working,True,0.6426,contactless_not_working,0.6426,card_not_working,0.0781,verify_source_of_funds,0.0164
What can I do if contactless doesn't work?,contactless_not_working,contactless_not_working,True,0.913,contactless_not_working,0.913,card_not_working,0.02,virtual_card_not_working,0.0067
Fix my contactless,contactless_not_working,contactless_not_working,True,0.9983,contactless_not_working,0.9983,top_up_failed,0.0001,edit_personal_details,0.0001
How can I make my contactless work for the metro?,contactless_not_working,contactless_not_working,True,0.9849,contactless_not_working,0.9849,activate_my_card,0.001,card_not_working,0.0006
My contactless is not working,contactless_not_working,contactless_not_working,True,0.9963,contactless_not_working,0.9963,card_not_working,0.0005,top_up_failed,0.0003
Can you help my fix my contactless?,contactless_not_working,contactless_not_working,True,0.9776,contactless_not_working,0.9776,lost_or_stolen_card,0.0018,top_up_failed,0.0016
For some reason my contactless won't work for me.,contactless_not_working,contactless_not_working,True,0.9339,contactless_not_working,0.9339,card_not_working,0.0097,declined_card_payment,0.0054
I'm unable to use contactless payments for purchases.,contactless_not_working,contactless_not_working,True,0.8775,contactless_not_working,0.8775,reverted_card_payment?,0.0154,pending_card_payment,0.0113
"When I tried to pay for my bus ride, the contactless payment wouldn't work. How can I prevent this in the future?",contactless_not_working,contactless_not_working,True,0.7357,contactless_not_working,0.7357,card_payment_fee_charged,0.0396,reverted_card_payment?,0.0246
The NFC payment wouldn't work on the bus today. Help?,contactless_not_working,reverted_card_payment?,False,0.1288,reverted_card_payment?,0.1288,declined_card_payment,0.1253,card_payment_not_recognised,0.0826
"I wanted to use my card contactless but it doesn't seem to be working, what could be the problem?",contactless_not_working,contactless_not_working,True,0.5778,contactless_not_working,0.5778,card_not_working,0.2356,top_up_failed,0.0399
How do I make contactless work,contactless_not_working,contactless_not_working,True,0.9886,contactless_not_working,0.9886,card_not_working,0.0007,activate_my_card,0.0006
what is the charges for new card?,contactless_not_working,card_arrival,False,0.2258,card_arrival,0.2258,top_up_by_card_charge,0.1595,contactless_not_working,0.1153
The contactless I have won't work.,contactless_not_working,contactless_not_working,True,0.9749,contactless_not_working,0.9749,card_not_working,0.0037,virtual_card_not_working,0.0017
Why isn't my contactless not working?,contactless_not_working,contactless_not_working,True,0.9782,contactless_not_working,0.9782,card_not_working,0.0028,unable_to_verify_identity,0.0024
I wanted to use my contactless at the metro today but it didn't accept it!,contactless_not_working,contactless_not_working,True,0.8815,contactless_not_working,0.8815,wrong_amount_of_cash_received,0.0152,supported_cards_and_currencies,0.0068
It didnt work when I tried to pay contactless at the bus today. Why?,contactless_not_working,contactless_not_working,True,0.9152,contactless_not_working,0.9152,declined_cash_withdrawal,0.0121,failed_transfer,0.0064
I am not able to do contactless.,contactless_not_working,contactless_not_working,True,0.9431,contactless_not_working,0.9431,unable_to_verify_identity,0.0128,beneficiary_not_allowed,0.0047
How do I use contactless payments?,contactless_not_working,contactless_not_working,True,0.9859,contactless_not_working,0.9859,card_payment_not_recognised,0.0016,card_payment_fee_charged,0.0011
Help me with my contactless which isn't working.,contactless_not_working,contactless_not_working,True,0.9291,contactless_not_working,0.9291,card_not_working,0.0178,unable_to_verify_identity,0.0077
How can I fix a problem where contactless isn't working?,contactless_not_working,contactless_not_working,True,0.9802,contactless_not_working,0.9802,card_not_working,0.0036,top_up_failed,0.0022
How do I use contactless pay?,contactless_not_working,contactless_not_working,True,0.9842,contactless_not_working,0.9842,apple_pay_or_google_pay,0.0029,receiving_money,0.001
How do I enable contactless pay?,contactless_not_working,contactless_not_working,True,0.9665,contactless_not_working,0.9665,apple_pay_or_google_pay,0.0044,receiving_money,0.0018
Do I need to make a regular payment before a contactless one?,contactless_not_working,contactless_not_working,True,0.7093,contactless_not_working,0.7093,card_payment_not_recognised,0.0818,pending_card_payment,0.0156
How can I find out where my contactless works?,contactless_not_working,contactless_not_working,True,0.9701,contactless_not_working,0.9701,verify_source_of_funds,0.0078,top_up_by_cash_or_cheque,0.0014
Should i reinstall the payment app?,contactless_not_working,reverted_card_payment?,False,0.2461,reverted_card_payment?,0.2461,card_payment_not_recognised,0.1788,pending_card_payment,0.1763
how much do you charge to accept transfers,top_up_by_bank_transfer_charge,top_up_by_bank_transfer_charge,True,0.8563,top_up_by_bank_transfer_charge,0.8563,exchange_charge,0.0434,transfer_fee_charged,0.0341
I would like to make a transfer. How much does it cost?,top_up_by_bank_transfer_charge,top_up_by_bank_transfer_charge,True,0.7956,top_up_by_bank_transfer_charge,0.7956,cancel_transfer,0.0243,declined_transfer,0.0218
"I need to make a transfer, what will the fee be?",top_up_by_bank_transfer_charge,top_up_by_bank_transfer_charge,True,0.7523,top_up_by_bank_transfer_charge,0.7523,transfer_fee_charged,0.0908,transfer_timing,0.0324
If I make a top-up are there charges applied?,top_up_by_bank_transfer_charge,top_up_by_bank_transfer_charge,True,0.6678,top_up_by_bank_transfer_charge,0.6678,top_up_by_card_charge,0.0605,pending_top_up,0.0306
Can I also transfer with SWIFT?,top_up_by_bank_transfer_charge,top_up_by_bank_transfer_charge,True,0.7156,top_up_by_bank_transfer_charge,0.7156,declined_transfer,0.0364,pending_transfer,0.0304
Are SWIFT transfers accepted?,top_up_by_bank_transfer_charge,top_up_by_bank_transfer_charge,True,0.9631,top_up_by_bank_transfer_charge,0.9631,declined_transfer,0.0056,card_acceptance,0.003
I would like to refill my account using SWIFT.,top_up_by_bank_transfer_charge,top_up_by_bank_transfer_charge,True,0.2634,top_up_by_bank_transfer_charge,0.2634,terminate_account,0.2378,top_up_by_cash_or_cheque,0.0446
Do I have to pay for topping up by transfer?,top_up_by_bank_transfer_charge,top_up_by_bank_transfer_charge,True,0.6754,top_up_by_bank_transfer_charge,0.6754,topping_up_by_card,0.0864,transfer_into_account,0.0793
Are there any sort of fees involved for top of transfers?,top_up_by_bank_transfer_charge,top_up_by_bank_transfer_charge,True,0.3744,top_up_by_bank_transfer_charge,0.3744,transfer_fee_charged,0.1587,top_up_by_card_charge,0.0805
Is it possible to get a transfer from SWIFT?,top_up_by_bank_transfer_charge,top_up_by_bank_transfer_charge,True,0.5686,top_up_by_bank_transfer_charge,0.5686,transfer_timing,0.0776,cancel_transfer,0.0516
Do I have to pay any fees in order to receive money?,top_up_by_bank_transfer_charge,top_up_by_bank_transfer_charge,True,0.2175,top_up_by_bank_transfer_charge,0.2175,receiving_money,0.209,order_physical_card,0.1
How much am I charged to receive money?,top_up_by_bank_transfer_charge,top_up_by_bank_transfer_charge,True,0.8801,top_up_by_bank_transfer_charge,0.8801,cash_withdrawal_charge,0.0439,receiving_money,0.0177
Will you deal with SWIFT transfers?,top_up_by_bank_transfer_charge,top_up_by_bank_transfer_charge,True,0.9594,top_up_by_bank_transfer_charge,0.9594,pending_transfer,0.0071,declined_transfer,0.0041
Will there be any charges for money received?,top_up_by_bank_transfer_charge,top_up_by_bank_transfer_charge,True,0.559,top_up_by_bank_transfer_charge,0.559,top_up_by_card_charge,0.1214,cash_withdrawal_charge,0.0389
Will a transfer incur a fee?,top_up_by_bank_transfer_charge,transfer_fee_charged,False,0.5304,transfer_fee_charged,0.5304,top_up_by_bank_transfer_charge,0.137,pending_transfer,0.079
Are there charges for receiving a SEPA transfer?,top_up_by_bank_transfer_charge,top_up_by_bank_transfer_charge,True,0.9963,top_up_by_bank_transfer_charge,0.9963,transfer_fee_charged,0.0013,transfer_not_received_by_recipient,0.0002
If I transfer money from my bank to top-up my account will I be charged?,top_up_by_bank_transfer_charge,top_up_by_bank_transfer_charge,True,0.5589,top_up_by_bank_transfer_charge,0.5589,transfer_into_account,0.3621,balance_not_updated_after_bank_transfer,0.0332
Will I be charged if someone needs to send me money?,top_up_by_bank_transfer_charge,top_up_by_bank_transfer_charge,True,0.6666,top_up_by_bank_transfer_charge,0.6666,receiving_money,0.1649,transfer_fee_charged,0.0153
What are the fees for top-ups?,top_up_by_bank_transfer_charge,top_up_by_card_charge,False,0.797,top_up_by_card_charge,0.797,top_up_limits,0.0794,supported_cards_and_currencies,0.0318
Will topping up by transfer lead to a charge on my account?,top_up_by_bank_transfer_charge,top_up_by_bank_transfer_charge,True,0.7753,top_up_by_bank_transfer_charge,0.7753,top_up_by_card_charge,0.0513,transfer_into_account,0.0504
What are the charges for receiving money?,top_up_by_bank_transfer_charge,top_up_by_bank_transfer_charge,True,0.9587,top_up_by_bank_transfer_charge,0.9587,top_up_by_card_charge,0.0053,cash_withdrawal_charge,0.0041
What is the fee to receive money?,top_up_by_bank_transfer_charge,top_up_by_bank_transfer_charge,True,0.9387,top_up_by_bank_transfer_charge,0.9387,receiving_money,0.0168,transfer_fee_charged,0.0103
How much am I charged for a SEPA transfer?,top_up_by_bank_transfer_charge,top_up_by_bank_transfer_charge,True,0.984,top_up_by_bank_transfer_charge,0.984,transfer_fee_charged,0.0077,cash_withdrawal_charge,0.0016
How much is the fee for a SEPA transfer?,top_up_by_bank_transfer_charge,top_up_by_bank_transfer_charge,True,0.9865,top_up_by_bank_transfer_charge,0.9865,transfer_fee_charged,0.0078,exchange_charge,0.0012
What'll it charge me for a SEPA transfer?,top_up_by_bank_transfer_charge,top_up_by_bank_transfer_charge,True,0.9668,top_up_by_bank_transfer_charge,0.9668,transfer_fee_charged,0.011,failed_transfer,0.0018
Is there a charge for topping up by transfer?,top_up_by_bank_transfer_charge,top_up_by_bank_transfer_charge,True,0.9751,top_up_by_bank_transfer_charge,0.9751,top_up_by_card_charge,0.0172,transfer_fee_charged,0.0031
Do you do SWIFT transfers?,top_up_by_bank_transfer_charge,top_up_by_bank_transfer_charge,True,0.9923,top_up_by_bank_transfer_charge,0.9923,balance_not_updated_after_bank_transfer,0.0008,pending_transfer,0.0007
Should I expect to be charged for topping up by transfer?,top_up_by_bank_transfer_charge,top_up_by_bank_transfer_charge,True,0.8899,top_up_by_bank_transfer_charge,0.8899,transfer_fee_charged,0.0399,top_up_by_card_charge,0.0393
Will I be charged for a SEPA transfer?,top_up_by_bank_transfer_charge,top_up_by_bank_transfer_charge,True,0.9947,top_up_by_bank_transfer_charge,0.9947,transfer_fee_charged,0.0022,pending_transfer,0.0007
is there a fee for a transfer? if so how much will it be?,top_up_by_bank_transfer_charge,top_up_by_bank_transfer_charge,True,0.8764,top_up_by_bank_transfer_charge,0.8764,transfer_fee_charged,0.0911,exchange_charge,0.008
Please tell me about SWIFT transfers at this bank.,top_up_by_bank_transfer_charge,top_up_by_bank_transfer_charge,True,0.7279,top_up_by_bank_transfer_charge,0.7279,balance_not_updated_after_bank_transfer,0.0523,transfer_into_account,0.0338
Is there a fee for transfer top-up?,top_up_by_bank_transfer_charge,top_up_by_bank_transfer_charge,True,0.7358,top_up_by_bank_transfer_charge,0.7358,transfer_fee_charged,0.2215,top_up_by_card_charge,0.0109
Can you tell me what the transfer policy is?,top_up_by_bank_transfer_charge,pending_transfer,False,0.1966,pending_transfer,0.1966,failed_transfer,0.1276,transfer_timing,0.0781
Is a SWIFT transfer okay?,top_up_by_bank_transfer_charge,top_up_by_bank_transfer_charge,True,0.9349,top_up_by_bank_transfer_charge,0.9349,pending_transfer,0.0095,failed_transfer,0.0079
Will I be charged a fee if I receive a SEPA transfer,top_up_by_bank_transfer_charge,top_up_by_bank_transfer_charge,True,0.9635,top_up_by_bank_transfer_charge,0.9635,transfer_fee_charged,0.0294,pending_transfer,0.002
"When topping up by transfer, will I be charged?",top_up_by_bank_transfer_charge,top_up_by_bank_transfer_charge,True,0.9102,top_up_by_bank_transfer_charge,0.9102,top_up_by_card_charge,0.0357,pending_transfer,0.0087
What us the fee to transfer money from my bank?,top_up_by_bank_transfer_charge,transfer_into_account,False,0.4438,transfer_into_account,0.4438,transfer_fee_charged,0.3053,failed_transfer,0.0796
Do I get charged if i am getting money?,top_up_by_bank_transfer_charge,top_up_by_bank_transfer_charge,True,0.6229,top_up_by_bank_transfer_charge,0.6229,cash_withdrawal_charge,0.0751,card_payment_fee_charged,0.0353
Can you tell me the total cost of a transfer?,top_up_by_bank_transfer_charge,top_up_by_bank_transfer_charge,True,0.6941,top_up_by_bank_transfer_charge,0.6941,transfer_fee_charged,0.0291,failed_transfer,0.0278
can i do a transfer with swift,top_up_by_bank_transfer_charge,top_up_by_bank_transfer_charge,True,0.9355,top_up_by_bank_transfer_charge,0.9355,declined_transfer,0.0084,pending_transfer,0.0073
"new customer and filling gas today, it's not working, the thing shows pending half an hour!",pending_top_up,pending_top_up,True,0.9379,pending_top_up,0.9379,pending_cash_withdrawal,0.0084,pending_transfer,0.006
My card was topped this morning but I can't see the funds. Why didn't it complete?,pending_top_up,pending_top_up,True,0.2451,pending_top_up,0.2451,top_up_failed,0.1764,top_up_reverted,0.0669
What would lead to my top up still pending?,pending_top_up,pending_top_up,True,0.9715,pending_top_up,0.9715,pending_card_payment,0.0073,top_up_reverted,0.004
there's a delay in my top-up,pending_top_up,top_up_failed,False,0.255,top_up_failed,0.255,pending_top_up,0.2546,top_up_reverted,0.2409
Is there a reason my top up hasn't gone through,pending_top_up,pending_top_up,True,0.9415,pending_top_up,0.9415,top_up_reverted,0.0195,top_up_failed,0.0084
The top-up is pending.,pending_top_up,pending_top_up,True,0.9904,pending_top_up,0.9904,top_up_failed,0.0038,verify_top_up,0.0017
Could you explain why my top-up has gone through yet?,pending_top_up,pending_top_up,True,0.6666,pending_top_up,0.6666,top_up_reverted,0.2389,top_up_failed,0.0347
"I've already topped up, but I cannot see the funds being available. What happened?",pending_top_up,pending_top_up,True,0.3208,pending_top_up,0.3208,top_up_reverted,0.1642,top_up_failed,0.115
What is going on? My top-up is still pending. I use your system all the time but now it is just showing as pending.,pending_top_up,pending_top_up,True,0.908,pending_top_up,0.908,pending_card_payment,0.0368,pending_transfer,0.0169
I  do not see a top-up processed.,pending_top_up,top_up_failed,False,0.3224,top_up_failed,0.3224,pending_top_up,0.2467,topping_up_by_card,0.1316
I topped up but it didn't complete,pending_top_up,pending_top_up,True,0.9421,pending_top_up,0.9421,top_up_reverted,0.0381,top_up_failed,0.0086
"So, I am a new customer and attempted to top up for the very first time today. It's already been pending for half an hour and doesn't seem to be working. I need to please get this fixed.",pending_top_up,pending_top_up,True,0.9533,pending_top_up,0.9533,top_up_failed,0.0054,card_not_working,0.0035
My top up is pending.,pending_top_up,pending_top_up,True,0.9964,pending_top_up,0.9964,top_up_failed,0.0008,pending_card_payment,0.0007
Can you look into my top up please.  I made it over three hours ago and yet it's still pending.,pending_top_up,pending_top_up,True,0.8954,pending_top_up,0.8954,pending_transfer,0.0159,pending_card_payment,0.0143
Can you please make my top up go through as soon as possible. I really need the money and it has been pending for an hour already.,pending_top_up,pending_top_up,True,0.9405,pending_top_up,0.9405,top_up_reverted,0.0094,pending_transfer,0.0068
"What's going on with the top-up? All it says is pending, pending, pending! I use your service several times a week and have never had a problem before! What's going on here?",pending_top_up,pending_top_up,True,0.4983,pending_top_up,0.4983,pending_card_payment,0.154,pending_cash_withdrawal,0.0664
why hasn't my top up gone through yet,pending_top_up,pending_top_up,True,0.9682,pending_top_up,0.9682,top_up_reverted,0.0099,topping_up_by_card,0.0061
top-up is slow to process,pending_top_up,pending_top_up,True,0.3721,pending_top_up,0.3721,top_up_failed,0.271,verify_top_up,0.0851
"Is there something wrong with your website? I tried topping up my account and it's been close to two hours now and it's still at ""pending"" for some reason. I just joined with you guys and this is the first attempt at this, so maybe I'm wrong, but shouldn't this be instant?",pending_top_up,pending_top_up,True,0.4693,pending_top_up,0.4693,declined_cash_withdrawal,0.0486,top_up_reverted,0.0439
"I topped up by card a while ago and it's still pending, surely it should be done by now?",pending_top_up,pending_top_up,True,0.7349,pending_top_up,0.7349,pending_card_payment,0.0584,pending_cash_withdrawal,0.0395
Why hasn't my top-up been completed?,pending_top_up,pending_top_up,True,0.9056,pending_top_up,0.9056,top_up_reverted,0.0416,top_up_failed,0.0273
top up did not complete,pending_top_up,pending_top_up,True,0.8564,pending_top_up,0.8564,top_up_failed,0.0452,top_up_reverted,0.025
So I just put my top-up into the card and it hasn't changed.,pending_top_up,pending_top_up,True,0.7105,pending_top_up,0.7105,top_up_failed,0.0885,top_up_reverted,0.041
Why is my top up still pending?,pending_top_up,pending_top_up,True,0.9883,pending_top_up,0.9883,pending_cash_withdrawal,0.0032,pending_card_payment,0.0032
"Your top-up function isn't working, it still says pending even though I know my card works.",pending_top_up,pending_top_up,True,0.7474,pending_top_up,0.7474,card_not_working,0.0594,top_up_failed,0.0527
"Hi I'm a new customer and tried topping up for the first time today, seems it's not working, the thing shows up as pending since half an hour already! Please fix it!",pending_top_up,pending_top_up,True,0.9694,pending_top_up,0.9694,pending_cash_withdrawal,0.0044,top_up_failed,0.0024
"OMG!  I'm trying to load my card and it wont top up!  I desperately need the money either on my card or in my bank, where is it?",pending_top_up,top_up_failed,False,0.2353,top_up_failed,0.2353,topping_up_by_card,0.1038,pending_top_up,0.0547
I'm attempting to top-up my account but it has been pending for an hour.,pending_top_up,pending_top_up,True,0.9373,pending_top_up,0.9373,top_up_failed,0.0214,topping_up_by_card,0.0058
Why is my top-up still outstanding?,pending_top_up,pending_top_up,True,0.9096,pending_top_up,0.9096,top_up_reverted,0.0387,top_up_failed,0.0282
What does it mean when my top up is saying  still pending?,pending_top_up,pending_top_up,True,0.9377,pending_top_up,0.9377,pending_card_payment,0.0324,pending_cash_withdrawal,0.0123
"My top up hasn't worked, it's been stuck in pending for the last couple hours",pending_top_up,pending_top_up,True,0.7266,pending_top_up,0.7266,top_up_failed,0.074,pending_card_payment,0.0654
It doesn't look like the top-up completed.,pending_top_up,pending_top_up,True,0.6675,pending_top_up,0.6675,top_up_failed,0.1824,verify_top_up,0.0201
Why does my top up say still pending when I used my card to do it.,pending_top_up,pending_top_up,True,0.8066,pending_top_up,0.8066,pending_card_payment,0.0543,topping_up_by_card,0.0363
Where is the money I topped off with?,pending_top_up,top_up_reverted,False,0.2359,top_up_reverted,0.2359,topping_up_by_card,0.2285,pending_top_up,0.1108
"Hi. I'm a new customer to your system and I think something isn't working right - or maybe it is. Maybe you can confirm. I tried to top up today (my first time ever) and it's been stuck at ""pending"" for over an hour now. Is it supposed to do this or is there something wrong in the system?",pending_top_up,pending_top_up,True,0.6194,pending_top_up,0.6194,failed_transfer,0.1042,top_up_reverted,0.026
Why is my top-up still pending?,pending_top_up,pending_top_up,True,0.9936,pending_top_up,0.9936,pending_cash_withdrawal,0.0014,pending_card_payment,0.0013
Topping up my card is not working because I believe the top up is pending,pending_top_up,top_up_failed,False,0.778,top_up_failed,0.778,pending_top_up,0.085,topping_up_by_card,0.0548
When will my top-up process?,pending_top_up,pending_top_up,True,0.8575,pending_top_up,0.8575,top_up_failed,0.0854,verify_top_up,0.0146
"The top-up has a definite problem! I regularly use your service and haven't had a problem before, but now the top-up just shows pending. Please tell my why it continues to show pending.",pending_top_up,pending_top_up,True,0.7718,pending_top_up,0.7718,top_up_reverted,0.046,top_up_failed,0.0444
"I tried topping up but my funds seem to be pending. I want to buy something right now, what do I do?",pending_top_up,pending_top_up,True,0.626,pending_top_up,0.626,topping_up_by_card,0.0442,top_up_reverted,0.0394
I made a transaction this morning and would like to revert it.,cancel_transfer,cancel_transfer,True,0.9787,cancel_transfer,0.9787,request_refund,0.0049,transaction_charged_twice,0.0014
Can i cancel a charge?,cancel_transfer,cancel_transfer,True,0.8641,cancel_transfer,0.8641,request_refund,0.0473,direct_debit_payment_not_recognised,0.0141
Can I cancel my transaction?,cancel_transfer,cancel_transfer,True,0.9822,cancel_transfer,0.9822,request_refund,0.0063,transfer_not_received_by_recipient,0.0036
I made a transaction but did it to the wrong account.,cancel_transfer,cancel_transfer,True,0.9959,cancel_transfer,0.9959,transfer_not_received_by_recipient,0.0011,transaction_charged_twice,0.0003
Tell me how to cancel a transfer.,cancel_transfer,cancel_transfer,True,0.9747,cancel_transfer,0.9747,pending_transfer,0.0045,declined_transfer,0.0042
I need you to cancel a transfer that I made.  It is the wrong account number and the app won't let me stop the transaction.  Please stop it!,cancel_transfer,cancel_transfer,True,0.9991,cancel_transfer,0.9991,transfer_not_received_by_recipient,0.0002,beneficiary_not_allowed,0.0001
"I need to cancel my recent transfer immediately, I made a mistake there, please help quickly before it goes through",cancel_transfer,cancel_transfer,True,0.9853,cancel_transfer,0.9853,declined_transfer,0.0021,request_refund,0.0013
I would like to revert a transaction I did this morning,cancel_transfer,cancel_transfer,True,0.9712,cancel_transfer,0.9712,request_refund,0.0033,failed_transfer,0.002
If I make a transaction can I cancel it?,cancel_transfer,cancel_transfer,True,0.9776,cancel_transfer,0.9776,request_refund,0.0057,direct_debit_payment_not_recognised,0.0047
How can I cancel a transfer?,cancel_transfer,cancel_transfer,True,0.9871,cancel_transfer,0.9871,transfer_into_account,0.0019,declined_transfer,0.0018
Is there any way to cancel a transfer?,cancel_transfer,cancel_transfer,True,0.9754,cancel_transfer,0.9754,top_up_by_bank_transfer_charge,0.0106,declined_transfer,0.0018
I accidentally made a transaction to the wrong account.,cancel_transfer,cancel_transfer,True,0.9968,cancel_transfer,0.9968,transfer_not_received_by_recipient,0.0013,transaction_charged_twice,0.0002
I want to cancel a transfer right away! Can you help?,cancel_transfer,cancel_transfer,True,0.9428,cancel_transfer,0.9428,request_refund,0.0158,failed_transfer,0.0048
Help me cancel my transaction,cancel_transfer,cancel_transfer,True,0.9803,cancel_transfer,0.9803,request_refund,0.0054,transfer_not_received_by_recipient,0.0034
"This is URGENT, I typed the wrong payment information for a payment I needed to make and have clicked send, I need to reverse the transaction immediately.",cancel_transfer,cancel_transfer,True,0.7696,cancel_transfer,0.7696,card_payment_not_recognised,0.0465,transaction_charged_twice,0.02
Can I cancel a transfer,cancel_transfer,cancel_transfer,True,0.9919,cancel_transfer,0.9919,declined_transfer,0.0011,balance_not_updated_after_bank_transfer,0.001
I want to reverse my transaction from earlier,cancel_transfer,cancel_transfer,True,0.8332,cancel_transfer,0.8332,transaction_charged_twice,0.026,request_refund,0.024
Is there a way to revert my transaction from this morning?,cancel_transfer,cancel_transfer,True,0.9189,cancel_transfer,0.9189,failed_transfer,0.0097,card_payment_not_recognised,0.0061
I'd like to cancel a transfer,cancel_transfer,cancel_transfer,True,0.9914,cancel_transfer,0.9914,request_refund,0.0021,declined_transfer,0.0008
Can I cancel a transfer if is already processed?,cancel_transfer,cancel_transfer,True,0.736,cancel_transfer,0.736,pending_transfer,0.0319,request_refund,0.0225
I transferred the wrong amount and would like to cancel the transaction.,cancel_transfer,cancel_transfer,True,0.9906,cancel_transfer,0.9906,request_refund,0.0018,transfer_not_received_by_recipient,0.0014
I made a mistake when I did a transfer so now what can I do to fix that?,cancel_transfer,cancel_transfer,True,0.4762,cancel_transfer,0.4762,balance_not_updated_after_bank_transfer,0.1207,transfer_fee_charged,0.0969
I need to cancel an incorrect transaction.,cancel_transfer,cancel_transfer,True,0.9951,cancel_transfer,0.9951,request_refund,0.002,transfer_not_received_by_recipient,0.0004
How do I cancel my transfer?,cancel_transfer,cancel_transfer,True,0.8825,cancel_transfer,0.8825,declined_transfer,0.0522,transfer_into_account,0.0128
I made a mistake with a transaction!,cancel_transfer,cancel_transfer,True,0.8446,cancel_transfer,0.8446,transaction_charged_twice,0.0154,transfer_not_received_by_recipient,0.0151
I submitted a transaction to the incorrect account.,cancel_transfer,cancel_transfer,True,0.9183,cancel_transfer,0.9183,transfer_not_received_by_recipient,0.0142,transaction_charged_twice,0.006
The transfer I just made needs to be cancelled right now. It was my mistake. Please help me cancel it before it goes through!,cancel_transfer,cancel_transfer,True,0.9967,cancel_transfer,0.9967,top_up_reverted,0.0006,request_refund,0.0005
I want to go back on what I did this morning,cancel_transfer,request_refund,False,0.1387,request_refund,0.1387,cancel_transfer,0.1315,balance_not_updated_after_cheque_or_cash_deposit,0.0641
Can a transaction be cancelled?,cancel_transfer,cancel_transfer,True,0.9308,cancel_transfer,0.9308,request_refund,0.0118,reverted_card_payment?,0.0102
How do i cancel my transaction?,cancel_transfer,cancel_transfer,True,0.9769,cancel_transfer,0.9769,request_refund,0.0069,transfer_not_received_by_recipient,0.0037
My transaction needs to be canceled.,cancel_transfer,cancel_transfer,True,0.945,cancel_transfer,0.945,transfer_not_received_by_recipient,0.0179,request_refund,0.0128
I need to make an immediate cancellation related to a transfer. This was a mistake. Please assist quickly so this does not actually go through.,cancel_transfer,cancel_transfer,True,0.7756,cancel_transfer,0.7756,failed_transfer,0.0437,declined_transfer,0.0139
I made a mistake and need to cancel a transaction,cancel_transfer,cancel_transfer,True,0.9991,cancel_transfer,0.9991,request_refund,0.0004,transaction_charged_twice,0.0001
I made an error in payment yesterday and I need it fixed asap because it's for my rent tomorrow.,cancel_transfer,cancel_transfer,True,0.4271,cancel_transfer,0.4271,card_payment_not_recognised,0.0498,card_payment_wrong_exchange_rate,0.0421
Cancel my last transfer,cancel_transfer,cancel_transfer,True,0.848,cancel_transfer,0.848,declined_transfer,0.0325,balance_not_updated_after_bank_transfer,0.0228
"My recent transfer needs to be cancelled immediately; it was a mistake, please can you cancel it before it goes through?",cancel_transfer,cancel_transfer,True,0.9908,cancel_transfer,0.9908,top_up_reverted,0.0012,request_refund,0.001
I need help cancelling a transaction.,cancel_transfer,cancel_transfer,True,0.9739,cancel_transfer,0.9739,request_refund,0.0058,transfer_not_received_by_recipient,0.0027
I don't want the transaction to go through now,cancel_transfer,transfer_not_received_by_recipient,False,0.437,transfer_not_received_by_recipient,0.437,cancel_transfer,0.2369,failed_transfer,0.0436
Can I change the amount I made on a payment that I made to the payment is correct.,cancel_transfer,card_payment_wrong_exchange_rate,False,0.3132,card_payment_wrong_exchange_rate,0.3132,card_payment_not_recognised,0.2426,pending_card_payment,0.2031
Please help me!  I need to cancel a transaction.,cancel_transfer,cancel_transfer,True,0.9959,cancel_transfer,0.9959,request_refund,0.0016,direct_debit_payment_not_recognised,0.0004
can you limit my top up?,top_up_limits,top_up_limits,True,0.9776,top_up_limits,0.9776,top_up_failed,0.0042,pending_top_up,0.0031
Am I free to top-up as much as I want?,top_up_limits,top_up_limits,True,0.6843,top_up_limits,0.6843,top_up_by_card_charge,0.0594,top_up_failed,0.0426
Is there a top up limit for my account?,top_up_limits,top_up_limits,True,0.8443,top_up_limits,0.8443,age_limit,0.0462,top_up_by_bank_transfer_charge,0.0244
What is the limit to top up?,top_up_limits,top_up_limits,True,0.9939,top_up_limits,0.9939,automatic_top_up,0.0014,top_up_by_cash_or_cheque,0.0006
How much money can i top up?,top_up_limits,top_up_limits,True,0.94,top_up_limits,0.94,top_up_by_card_charge,0.0157,transfer_into_account,0.0095
What are the restrictions to top-offs?,top_up_limits,disposable_card_limits,False,0.1968,disposable_card_limits,0.1968,top_up_limits,0.0607,country_support,0.055
Are the top-ups limited?,top_up_limits,top_up_limits,True,0.968,top_up_limits,0.968,verify_top_up,0.0054,pending_top_up,0.0051
what is the top up limit,top_up_limits,top_up_limits,True,0.9935,top_up_limits,0.9935,pending_top_up,0.0011,automatic_top_up,0.0009
I need to find out what is the limit for top-ups.,top_up_limits,top_up_limits,True,0.9712,top_up_limits,0.9712,automatic_top_up,0.0026,pending_top_up,0.0025
Do you have a limit to top ups?,top_up_limits,top_up_limits,True,0.922,top_up_limits,0.922,age_limit,0.0131,supported_cards_and_currencies,0.0122
What is maximum top up?,top_up_limits,top_up_limits,True,0.9282,top_up_limits,0.9282,automatic_top_up,0.01,pending_top_up,0.0079
How can I tell what the limit is to top-ups?,top_up_limits,top_up_limits,True,0.9831,top_up_limits,0.9831,automatic_top_up,0.003,supported_cards_and_currencies,0.0023
Is there a limit to top-up amounts?,top_up_limits,top_up_limits,True,0.9794,top_up_limits,0.9794,automatic_top_up,0.0057,top_up_failed,0.0037
Is there any limit to the amount I can add to a card at a time?,top_up_limits,top_up_limits,True,0.7165,top_up_limits,0.7165,disposable_card_limits,0.0582,card_linking,0.0251
I want to know if there is a maximum I can top up.,top_up_limits,top_up_limits,True,0.8341,top_up_limits,0.8341,automatic_top_up,0.0239,supported_cards_and_currencies,0.0155
What is the limit to a top-up?,top_up_limits,top_up_limits,True,0.9956,top_up_limits,0.9956,automatic_top_up,0.0014,top_up_failed,0.0007
Tell me if there are any top-up limits?,top_up_limits,top_up_limits,True,0.9459,top_up_limits,0.9459,top_up_failed,0.0133,automatic_top_up,0.0051
How can I top-up my limit?,top_up_limits,top_up_limits,True,0.9943,top_up_limits,0.9943,automatic_top_up,0.0015,top_up_failed,0.0008
Is there a limit to top-ups?,top_up_limits,top_up_limits,True,0.9913,top_up_limits,0.9913,automatic_top_up,0.0021,top_up_by_card_charge,0.0012
Can I top-up as much as I want?,top_up_limits,top_up_limits,True,0.9654,top_up_limits,0.9654,automatic_top_up,0.0045,top_up_failed,0.0044
Can you tell me the limits for top ups?,top_up_limits,top_up_limits,True,0.941,top_up_limits,0.941,top_up_by_card_charge,0.0103,supported_cards_and_currencies,0.0055
When I top up what are the amoutn limits.,top_up_limits,top_up_limits,True,0.9157,top_up_limits,0.9157,automatic_top_up,0.0114,disposable_card_limits,0.0112
Is there a limit on top-ups?,top_up_limits,top_up_limits,True,0.9876,top_up_limits,0.9876,automatic_top_up,0.0036,disposable_card_limits,0.001
What is the top-ups limit?,top_up_limits,top_up_limits,True,0.9963,top_up_limits,0.9963,verify_top_up,0.001,automatic_top_up,0.0005
Are there limits to top-ups?,top_up_limits,top_up_limits,True,0.9698,top_up_limits,0.9698,disposable_card_limits,0.0061,top_up_by_card_charge,0.0048
Is there a maximum amount of top-ups?,top_up_limits,top_up_limits,True,0.974,top_up_limits,0.974,wrong_amount_of_cash_received,0.0045,automatic_top_up,0.0032
Do you have a top-up limit?,top_up_limits,top_up_limits,True,0.9264,top_up_limits,0.9264,automatic_top_up,0.0177,age_limit,0.0095
What's the top up limit?,top_up_limits,top_up_limits,True,0.9649,top_up_limits,0.9649,topping_up_by_card,0.0056,pending_top_up,0.005
What is the limit to top-up?,top_up_limits,top_up_limits,True,0.9958,top_up_limits,0.9958,automatic_top_up,0.0014,top_up_failed,0.0007
How much can I top-up to my card at a time?,top_up_limits,top_up_limits,True,0.9337,top_up_limits,0.9337,pending_top_up,0.0075,automatic_top_up,0.0068
how much can i top up?,top_up_limits,top_up_limits,True,0.9921,top_up_limits,0.9921,top_up_by_card_charge,0.0022,top_up_by_cash_or_cheque,0.0014
what is the most i can top up?,top_up_limits,top_up_limits,True,0.9312,top_up_limits,0.9312,supported_cards_and_currencies,0.0073,top_up_by_cash_or_cheque,0.0072
Is there a limit to how high I can top-up?,top_up_limits,top_up_limits,True,0.992,top_up_limits,0.992,automatic_top_up,0.0027,pending_top_up,0.0006
Is there an amount limit to my top-up?,top_up_limits,top_up_limits,True,0.9888,top_up_limits,0.9888,pending_top_up,0.0028,automatic_top_up,0.0023
Is there a limit for top-ups?,top_up_limits,top_up_limits,True,0.9873,top_up_limits,0.9873,top_up_by_card_charge,0.003,automatic_top_up,0.0019
Is there a maximum i can top up?,top_up_limits,top_up_limits,True,0.9688,top_up_limits,0.9688,automatic_top_up,0.0072,top_up_by_cash_or_cheque,0.0034
How can I tell if there is a top-up limit?,top_up_limits,top_up_limits,True,0.9462,top_up_limits,0.9462,automatic_top_up,0.0133,top_up_failed,0.0068
Do you have any restrictions to my top-up?,top_up_limits,top_up_failed,False,0.2594,top_up_failed,0.2594,pending_top_up,0.1412,top_up_limits,0.1033
As for limits are top ups included?,top_up_limits,top_up_limits,True,0.8617,top_up_limits,0.8617,top_up_by_card_charge,0.0168,disposable_card_limits,0.0132
What are the top-up limits?,top_up_limits,top_up_limits,True,0.972,top_up_limits,0.972,pending_top_up,0.0044,verify_top_up,0.0041
"I don't know if this is an issue with the ATM or my account, but I just tried withdrawing 30 pounds from the ATM I'm at now and it only gave me 10. Is this a glitch or what exactly is going on?",wrong_amount_of_cash_received,wrong_amount_of_cash_received,True,0.7662,wrong_amount_of_cash_received,0.7662,declined_cash_withdrawal,0.1097,cash_withdrawal_charge,0.0148
I didn't get all the cash I requested for at the ATM,wrong_amount_of_cash_received,wrong_amount_of_cash_received,True,0.965,wrong_amount_of_cash_received,0.965,declined_cash_withdrawal,0.0134,wrong_exchange_rate_for_cash_withdrawal,0.0098
How come the ATM gave me less cash than what I asked for?,wrong_amount_of_cash_received,wrong_amount_of_cash_received,True,0.9928,wrong_amount_of_cash_received,0.9928,declined_cash_withdrawal,0.0011,wrong_exchange_rate_for_cash_withdrawal,0.0011
Why did I not get my cash back after I withdrew?,wrong_amount_of_cash_received,wrong_amount_of_cash_received,True,0.4586,wrong_amount_of_cash_received,0.4586,cash_withdrawal_charge,0.1699,pending_cash_withdrawal,0.129
I got less cash than the one I specified in the ATM,wrong_amount_of_cash_received,wrong_amount_of_cash_received,True,0.869,wrong_amount_of_cash_received,0.869,declined_cash_withdrawal,0.0376,wrong_exchange_rate_for_cash_withdrawal,0.023
The amount of cash I received was incorrect,wrong_amount_of_cash_received,wrong_amount_of_cash_received,True,0.9842,wrong_amount_of_cash_received,0.9842,wrong_exchange_rate_for_cash_withdrawal,0.0135,card_payment_wrong_exchange_rate,0.0001
I'm at an ATM and withdrew 30 pounds and was only given 10. What should I do?,wrong_amount_of_cash_received,wrong_amount_of_cash_received,True,0.9615,wrong_amount_of_cash_received,0.9615,extra_charge_on_statement,0.0073,wrong_exchange_rate_for_cash_withdrawal,0.0051
The ATM gave me the wrong amount of cash today when I went to withdraw. The app says it was more.,wrong_amount_of_cash_received,wrong_amount_of_cash_received,True,0.9722,wrong_amount_of_cash_received,0.9722,wrong_exchange_rate_for_cash_withdrawal,0.01,declined_cash_withdrawal,0.0056
The amount of cash I received was different than what I requested.,wrong_amount_of_cash_received,wrong_amount_of_cash_received,True,0.9909,wrong_amount_of_cash_received,0.9909,wrong_exchange_rate_for_cash_withdrawal,0.0059,transfer_fee_charged,0.0003
"Hi. I just withdrew cash from an ATM and received the wrong amount. However, my app shows the correct amount I withdrew. How do I get the rest of the cash?",wrong_amount_of_cash_received,wrong_amount_of_cash_received,True,0.9202,wrong_amount_of_cash_received,0.9202,wrong_exchange_rate_for_cash_withdrawal,0.0268,cash_withdrawal_not_recognised,0.0197
"The wrong amount of cash came out of the ATM today when I went to withdraw. When I looked at the app, it was showing it was much more.",wrong_amount_of_cash_received,wrong_amount_of_cash_received,True,0.8591,wrong_amount_of_cash_received,0.8591,wrong_exchange_rate_for_cash_withdrawal,0.0572,cash_withdrawal_charge,0.0268
I did not get as much cash as I requested at the ATM.,wrong_amount_of_cash_received,wrong_amount_of_cash_received,True,0.9649,wrong_amount_of_cash_received,0.9649,wrong_exchange_rate_for_cash_withdrawal,0.0114,declined_cash_withdrawal,0.0092
"How can I request cash back? The ATM just gave me the wrong amount, the app shows the amount that I've been actually charged though...",wrong_amount_of_cash_received,wrong_amount_of_cash_received,True,0.9897,wrong_amount_of_cash_received,0.9897,card_swallowed,0.0007,wrong_exchange_rate_for_cash_withdrawal,0.0007
Where is the money I pushed it's on my mobile app as being withdrawn.,wrong_amount_of_cash_received,cash_withdrawal_not_recognised,False,0.2055,cash_withdrawal_not_recognised,0.2055,transfer_not_received_by_recipient,0.0578,cash_withdrawal_charge,0.0535
Why did I not get all the cash I asked for?,wrong_amount_of_cash_received,wrong_amount_of_cash_received,True,0.9851,wrong_amount_of_cash_received,0.9851,declined_cash_withdrawal,0.0019,wrong_exchange_rate_for_cash_withdrawal,0.0019
My cash withdrawal was partly declined,wrong_amount_of_cash_received,declined_cash_withdrawal,False,0.8686,declined_cash_withdrawal,0.8686,pending_cash_withdrawal,0.0544,wrong_amount_of_cash_received,0.0406
Why did I only get $20 when I tried to get $100,wrong_amount_of_cash_received,wrong_amount_of_cash_received,True,0.9672,wrong_amount_of_cash_received,0.9672,extra_charge_on_statement,0.023,failed_transfer,0.0029
I have withdrawn cash from ATM but i received the wrong amount. I want cash back as in app its showing actual amount which i got. Please help me in this.,wrong_amount_of_cash_received,wrong_amount_of_cash_received,True,0.8696,wrong_amount_of_cash_received,0.8696,cash_withdrawal_not_recognised,0.0436,wrong_exchange_rate_for_cash_withdrawal,0.0294
"I went to withdraw some cash earlier today, but seems the ATM gave me the wrong amount of cash! The amount showing up in the app is a lot more",wrong_amount_of_cash_received,wrong_amount_of_cash_received,True,0.9881,wrong_amount_of_cash_received,0.9881,pending_cash_withdrawal,0.0045,wrong_exchange_rate_for_cash_withdrawal,0.0024
I tried to get $100 but I just got $20,wrong_amount_of_cash_received,wrong_amount_of_cash_received,True,0.9328,wrong_amount_of_cash_received,0.9328,extra_charge_on_statement,0.0482,failed_transfer,0.0045
I have not received the amount of cash i was supposed to.,wrong_amount_of_cash_received,wrong_amount_of_cash_received,True,0.8903,wrong_amount_of_cash_received,0.8903,wrong_exchange_rate_for_cash_withdrawal,0.0575,transfer_fee_charged,0.0071
I asked for $100 cash but only got $20?,wrong_amount_of_cash_received,wrong_amount_of_cash_received,True,0.9978,wrong_amount_of_cash_received,0.9978,extra_charge_on_statement,0.0015,cash_withdrawal_not_recognised,0.0001
Where is the money that I asked for? I asked for more than I got!,wrong_amount_of_cash_received,wrong_amount_of_cash_received,True,0.8549,wrong_amount_of_cash_received,0.8549,verify_source_of_funds,0.011,getting_spare_card,0.0061
I withdrew money but the full amount wasn't dispensed.,wrong_amount_of_cash_received,wrong_amount_of_cash_received,True,0.7895,wrong_amount_of_cash_received,0.7895,pending_cash_withdrawal,0.0243,declined_cash_withdrawal,0.0187
Something went wrong with my withdrawal. The amount of money isn't right.,wrong_amount_of_cash_received,wrong_amount_of_cash_received,True,0.876,wrong_amount_of_cash_received,0.876,declined_cash_withdrawal,0.0262,wrong_exchange_rate_for_cash_withdrawal,0.0249
I have got out the wrong amount from an ATM. Please tell me the process to get the cash back as in app its showing the amount i have been actually received.,wrong_amount_of_cash_received,wrong_amount_of_cash_received,True,0.9599,wrong_amount_of_cash_received,0.9599,wrong_exchange_rate_for_cash_withdrawal,0.0092,pending_cash_withdrawal,0.003
I asked for 100 but only got 20.,wrong_amount_of_cash_received,wrong_amount_of_cash_received,True,0.9966,wrong_amount_of_cash_received,0.9966,extra_charge_on_statement,0.0005,failed_transfer,0.0002
I didn't receive the right amount of cash back,wrong_amount_of_cash_received,wrong_amount_of_cash_received,True,0.9763,wrong_amount_of_cash_received,0.9763,wrong_exchange_rate_for_cash_withdrawal,0.0132,transfer_fee_charged,0.0014
The ATM gave me less cash than I requested,wrong_amount_of_cash_received,wrong_amount_of_cash_received,True,0.9959,wrong_amount_of_cash_received,0.9959,declined_cash_withdrawal,0.0011,wrong_exchange_rate_for_cash_withdrawal,0.0009
"I didn't get as much cash as I asked for from the ATM, why?",wrong_amount_of_cash_received,wrong_amount_of_cash_received,True,0.8462,wrong_amount_of_cash_received,0.8462,declined_cash_withdrawal,0.0608,wrong_exchange_rate_for_cash_withdrawal,0.0296
What do I do if the ATM didn't give me the correct amount I withdrew? I pulled out 30 pounds and the ATM gave me 10 pounds.,wrong_amount_of_cash_received,wrong_amount_of_cash_received,True,0.9973,wrong_amount_of_cash_received,0.9973,card_swallowed,0.0006,declined_cash_withdrawal,0.0005
"I tried to take out cash but the amount isn't right, so what do I do?",wrong_amount_of_cash_received,wrong_amount_of_cash_received,True,0.7133,wrong_amount_of_cash_received,0.7133,declined_cash_withdrawal,0.0455,cash_withdrawal_not_recognised,0.0273
I didn't receive all the cash I asked for,wrong_amount_of_cash_received,wrong_amount_of_cash_received,True,0.9867,wrong_amount_of_cash_received,0.9867,wrong_exchange_rate_for_cash_withdrawal,0.0032,cash_withdrawal_not_recognised,0.0016
I just got $20 when I tried to get $100,wrong_amount_of_cash_received,wrong_amount_of_cash_received,True,0.9238,wrong_amount_of_cash_received,0.9238,extra_charge_on_statement,0.0552,failed_transfer,0.0043
The right amount of cash was not sent to me.,wrong_amount_of_cash_received,wrong_amount_of_cash_received,True,0.9562,wrong_amount_of_cash_received,0.9562,wrong_exchange_rate_for_cash_withdrawal,0.0175,transfer_fee_charged,0.0032
The ATM didn't give me the the withdraw amount requested.,wrong_amount_of_cash_received,wrong_amount_of_cash_received,True,0.9855,wrong_amount_of_cash_received,0.9855,declined_cash_withdrawal,0.0072,wrong_exchange_rate_for_cash_withdrawal,0.0032
Why did I get less money than I asked for?,wrong_amount_of_cash_received,wrong_amount_of_cash_received,True,0.9779,wrong_amount_of_cash_received,0.9779,transfer_fee_charged,0.0029,top_up_reverted,0.0016
I didn't get the right amount at the ATM.,wrong_amount_of_cash_received,wrong_amount_of_cash_received,True,0.988,wrong_amount_of_cash_received,0.988,wrong_exchange_rate_for_cash_withdrawal,0.0041,card_swallowed,0.0025
did not receive correct cash upon withdrawal,wrong_amount_of_cash_received,cash_withdrawal_not_recognised,False,0.5526,cash_withdrawal_not_recognised,0.5526,wrong_amount_of_cash_received,0.1816,wrong_exchange_rate_for_cash_withdrawal,0.1173
Will declined funds I tried to withdraw be returned to me?,wrong_amount_of_cash_received,declined_cash_withdrawal,False,0.8359,declined_cash_withdrawal,0.8359,declined_transfer,0.0257,pending_cash_withdrawal,0.0227
I payed with a card and was charged an extra fee,card_payment_fee_charged,card_payment_fee_charged,True,0.9698,card_payment_fee_charged,0.9698,cash_withdrawal_charge,0.016,transfer_fee_charged,0.0062
I was charged a fee after using my card and I shouldn't have been.,card_payment_fee_charged,card_payment_fee_charged,True,0.9674,card_payment_fee_charged,0.9674,transfer_fee_charged,0.0118,cash_withdrawal_charge,0.0069
Is there a reason I was charged a fee for using my card as payment? I've never had an extra fee before.,card_payment_fee_charged,card_payment_fee_charged,True,0.9404,card_payment_fee_charged,0.9404,transfer_fee_charged,0.0297,cash_withdrawal_charge,0.0217
"I show another charge on my card from when I used it, why?",card_payment_fee_charged,card_payment_fee_charged,True,0.4487,card_payment_fee_charged,0.4487,getting_spare_card,0.0633,direct_debit_payment_not_recognised,0.062
"Why do I get charged additional fees on some payments, but not others?",card_payment_fee_charged,card_payment_fee_charged,True,0.9652,card_payment_fee_charged,0.9652,transfer_fee_charged,0.0159,card_payment_not_recognised,0.0024
I used my card for a purchase and was charged a fee,card_payment_fee_charged,card_payment_fee_charged,True,0.9752,card_payment_fee_charged,0.9752,transfer_fee_charged,0.0087,cash_withdrawal_charge,0.0069
Why was I charged for card payment?,card_payment_fee_charged,card_payment_fee_charged,True,0.927,card_payment_fee_charged,0.927,reverted_card_payment?,0.0223,transaction_charged_twice,0.0169
There is an unauthorized fee.,card_payment_fee_charged,cash_withdrawal_not_recognised,False,0.2455,cash_withdrawal_not_recognised,0.2455,direct_debit_payment_not_recognised,0.2034,card_payment_fee_charged,0.0583
I would appreciate that someone let me know when there is an extra charge for payments. I was checking the app earlier and saying a charge on one of my payments that was additional that no one made me aware of before.,card_payment_fee_charged,card_payment_fee_charged,True,0.7449,card_payment_fee_charged,0.7449,card_payment_not_recognised,0.0578,direct_debit_payment_not_recognised,0.0355
Why was I charged an extra fee when paying with my card?,card_payment_fee_charged,card_payment_fee_charged,True,0.9978,card_payment_fee_charged,0.9978,cash_withdrawal_charge,0.0015,extra_charge_on_statement,0.0003
Why did I have to pay extra because I paid with card?,card_payment_fee_charged,card_payment_fee_charged,True,0.9367,card_payment_fee_charged,0.9367,reverted_card_payment?,0.0072,getting_spare_card,0.0045
Why are there fees for card usage?,card_payment_fee_charged,card_payment_fee_charged,True,0.5441,card_payment_fee_charged,0.5441,top_up_by_card_charge,0.2001,transfer_fee_charged,0.04
im not sure what this charge is for,card_payment_fee_charged,direct_debit_payment_not_recognised,False,0.6958,direct_debit_payment_not_recognised,0.6958,extra_charge_on_statement,0.066,card_payment_not_recognised,0.034
What is the fee charged with this card payment?,card_payment_fee_charged,card_payment_fee_charged,True,0.9846,card_payment_fee_charged,0.9846,card_payment_not_recognised,0.0042,extra_charge_on_statement,0.002
When would my card be charged an extra fee for a transaction?,card_payment_fee_charged,card_payment_fee_charged,True,0.8205,card_payment_fee_charged,0.8205,cash_withdrawal_charge,0.1007,transfer_fee_charged,0.0439
Why did I have to pay more when I do it with my card?,card_payment_fee_charged,card_payment_fee_charged,True,0.8312,card_payment_fee_charged,0.8312,declined_card_payment,0.0254,getting_spare_card,0.0124
I made a card payment and a fee is showing up?,card_payment_fee_charged,card_payment_fee_charged,True,0.609,card_payment_fee_charged,0.609,pending_card_payment,0.1416,reverted_card_payment?,0.0871
I have been charged a fee for paying with card,card_payment_fee_charged,card_payment_fee_charged,True,0.997,card_payment_fee_charged,0.997,cash_withdrawal_charge,0.0016,transfer_fee_charged,0.0007
What is the fee on my card payment?,card_payment_fee_charged,card_payment_fee_charged,True,0.8904,card_payment_fee_charged,0.8904,reverted_card_payment?,0.0338,pending_card_payment,0.025
Why would I be charged a fee for card payment?,card_payment_fee_charged,card_payment_fee_charged,True,0.986,card_payment_fee_charged,0.986,transfer_fee_charged,0.0036,cash_withdrawal_charge,0.0031
Will I always be charged a fee for using my card?,card_payment_fee_charged,card_payment_fee_charged,True,0.9199,card_payment_fee_charged,0.9199,cash_withdrawal_charge,0.0356,top_up_by_card_charge,0.0256
"Can I check somewhere if there will be a fee on my payment or not? Seems you are charging in some cases, what's the pattern there?",card_payment_fee_charged,card_payment_fee_charged,True,0.5145,card_payment_fee_charged,0.5145,card_payment_not_recognised,0.0626,transfer_fee_charged,0.0338
Paying in card resulted in a fee,card_payment_fee_charged,card_payment_fee_charged,True,0.837,card_payment_fee_charged,0.837,country_support,0.0208,transfer_fee_charged,0.015
I paid with card and I think there was a fee applied.,card_payment_fee_charged,card_payment_fee_charged,True,0.9454,card_payment_fee_charged,0.9454,transfer_fee_charged,0.0065,card_linking,0.0037
So what items  actually come  with  extra  fees,card_payment_fee_charged,card_payment_fee_charged,True,0.3056,card_payment_fee_charged,0.3056,transfer_fee_charged,0.2219,cash_withdrawal_charge,0.0601
How do I avoid getting charged a fee on my card?,card_payment_fee_charged,card_payment_fee_charged,True,0.9796,card_payment_fee_charged,0.9796,cash_withdrawal_charge,0.0044,transfer_fee_charged,0.0034
Is there a fee when you pay with your card?,card_payment_fee_charged,card_payment_fee_charged,True,0.962,card_payment_fee_charged,0.962,cash_withdrawal_charge,0.0091,card_acceptance,0.0072
I have been charged with a fee for paying with my card.,card_payment_fee_charged,card_payment_fee_charged,True,0.9987,card_payment_fee_charged,0.9987,cash_withdrawal_charge,0.0007,transfer_fee_charged,0.0002
For the first time I got a fee on my account. How do I know when you charge these fees?,card_payment_fee_charged,card_payment_fee_charged,True,0.8485,card_payment_fee_charged,0.8485,cash_withdrawal_charge,0.0851,transfer_fee_charged,0.0197
Someone needs to make me aware when there are extra charges for payments. I happened to be looking at the app earlier and noticed a charge associated to a payment that was extra that no one made me aware of before at all.,card_payment_fee_charged,card_payment_fee_charged,True,0.314,card_payment_fee_charged,0.314,card_payment_not_recognised,0.2367,transfer_fee_charged,0.0842
Is using my card free?,card_payment_fee_charged,compromised_card,False,0.2991,compromised_card,0.2991,card_payment_fee_charged,0.2957,top_up_by_card_charge,0.0953
Why was I charged an extra fee when using a card?,card_payment_fee_charged,card_payment_fee_charged,True,0.9535,card_payment_fee_charged,0.9535,cash_withdrawal_charge,0.035,transfer_fee_charged,0.0063
What fees apply when using a card?,card_payment_fee_charged,card_payment_fee_charged,True,0.7573,card_payment_fee_charged,0.7573,top_up_by_card_charge,0.0655,order_physical_card,0.0291
Why do you charge for payments? Why aren't your charges clearly laid out in the agreement?,card_payment_fee_charged,card_payment_fee_charged,True,0.3689,card_payment_fee_charged,0.3689,card_payment_not_recognised,0.1378,transaction_charged_twice,0.1005
Why was I charged a fee when I paid with card?,card_payment_fee_charged,card_payment_fee_charged,True,0.9978,card_payment_fee_charged,0.9978,cash_withdrawal_charge,0.0015,transfer_fee_charged,0.0005
There is a fee on my account. Why?,card_payment_fee_charged,card_payment_fee_charged,True,0.2684,card_payment_fee_charged,0.2684,transfer_fee_charged,0.2587,extra_charge_on_statement,0.2363
Why do you charge fees on card payments?,card_payment_fee_charged,card_payment_fee_charged,True,0.9863,card_payment_fee_charged,0.9863,order_physical_card,0.004,card_payment_not_recognised,0.0027
I was charged a fee for a card payment. Why?,card_payment_fee_charged,card_payment_fee_charged,True,0.9854,card_payment_fee_charged,0.9854,transfer_fee_charged,0.0074,cash_withdrawal_charge,0.0044
Why was a charged a fee for using the card?,card_payment_fee_charged,card_payment_fee_charged,True,0.9769,card_payment_fee_charged,0.9769,cash_withdrawal_charge,0.0179,transfer_fee_charged,0.0038
They charged me for paying with my card.,card_payment_fee_charged,card_payment_fee_charged,True,0.9772,card_payment_fee_charged,0.9772,cash_withdrawal_charge,0.0035,transaction_charged_twice,0.003
"I completed an in country transfer a few days ago and was sure to check the account information several times since the transaction was completed, but the funds are still not available. What is the problem?",transfer_not_received_by_recipient,transfer_not_received_by_recipient,True,0.9098,transfer_not_received_by_recipient,0.9098,pending_transfer,0.0264,failed_transfer,0.0053
My money transfer has not arrived.,transfer_not_received_by_recipient,transfer_not_received_by_recipient,True,0.8647,transfer_not_received_by_recipient,0.8647,pending_transfer,0.083,balance_not_updated_after_bank_transfer,0.014
I am still waiting for a transaction to be completed,transfer_not_received_by_recipient,transfer_not_received_by_recipient,True,0.7708,transfer_not_received_by_recipient,0.7708,pending_transfer,0.0841,pending_top_up,0.0359
I made a money transaction but the recipient can't see it,transfer_not_received_by_recipient,transfer_not_received_by_recipient,True,0.9934,transfer_not_received_by_recipient,0.9934,cancel_transfer,0.0026,topping_up_by_card,0.0004
I tried to send someone money but they haven't received it.,transfer_not_received_by_recipient,transfer_not_received_by_recipient,True,0.5194,transfer_not_received_by_recipient,0.5194,wrong_amount_of_cash_received,0.0833,receiving_money,0.0551
How long does it take for a transfer to get to a recipient?,transfer_not_received_by_recipient,transfer_not_received_by_recipient,True,0.9573,transfer_not_received_by_recipient,0.9573,transfer_timing,0.0167,balance_not_updated_after_bank_transfer,0.0081
How can the recipient see my money transaction?,transfer_not_received_by_recipient,transfer_not_received_by_recipient,True,0.9957,transfer_not_received_by_recipient,0.9957,cancel_transfer,0.0005,verify_source_of_funds,0.0003
I transferred money but the recipient says it has not arrived. Why would this be?,transfer_not_received_by_recipient,transfer_not_received_by_recipient,True,0.9907,transfer_not_received_by_recipient,0.9907,balance_not_updated_after_bank_transfer,0.0017,pending_transfer,0.0008
The transfer I did hasn't arrived,transfer_not_received_by_recipient,transfer_not_received_by_recipient,True,0.7905,transfer_not_received_by_recipient,0.7905,balance_not_updated_after_bank_transfer,0.1606,failed_transfer,0.0087
how long do money transfers take?,transfer_not_received_by_recipient,balance_not_updated_after_bank_transfer,False,0.5094,balance_not_updated_after_bank_transfer,0.5094,pending_transfer,0.28,transfer_timing,0.1296
I transferred some money and it didint arrive,transfer_not_received_by_recipient,transfer_not_received_by_recipient,True,0.9372,transfer_not_received_by_recipient,0.9372,balance_not_updated_after_bank_transfer,0.032,transfer_fee_charged,0.0091
Where is the transfer I started?,transfer_not_received_by_recipient,balance_not_updated_after_bank_transfer,False,0.3089,balance_not_updated_after_bank_transfer,0.3089,transfer_timing,0.1549,transfer_not_received_by_recipient,0.101
transaction failed?,transfer_not_received_by_recipient,failed_transfer,False,0.8447,failed_transfer,0.8447,transfer_not_received_by_recipient,0.0423,cancel_transfer,0.0376
"I just finished sending money, but it's not logging on the recipient side.",transfer_not_received_by_recipient,transfer_not_received_by_recipient,True,0.9419,transfer_not_received_by_recipient,0.9419,pending_top_up,0.0134,pending_transfer,0.0036
I completed a money transaction but the recipient hasn't received it,transfer_not_received_by_recipient,transfer_not_received_by_recipient,True,0.9992,transfer_not_received_by_recipient,0.9992,pending_transfer,0.0001,wrong_amount_of_cash_received,0.0001
The receipient doesn't see my money transfer.,transfer_not_received_by_recipient,transfer_not_received_by_recipient,True,0.8652,transfer_not_received_by_recipient,0.8652,pending_transfer,0.0487,balance_not_updated_after_bank_transfer,0.0223
"I transferred the rent payment for my new place a couple days ago but the landlord says it's not there yet, despite showing up as done on my side. I checked the account number I sent it to and it's definitely correct. Can you please verify if the transaction really went through or not?",transfer_not_received_by_recipient,transfer_not_received_by_recipient,True,0.9811,transfer_not_received_by_recipient,0.9811,pending_transfer,0.0028,cancel_transfer,0.0026
I need to find out why my transfer didn't get there.,transfer_not_received_by_recipient,failed_transfer,False,0.6074,failed_transfer,0.6074,declined_transfer,0.0696,transfer_not_received_by_recipient,0.0494
"I've just moved address from a place in Durham to a place in Walton-On-The-Naze.  I have a new landlord at my new house and they haven't got my payment but I know I sent it on time, can you check they got it please?",transfer_not_received_by_recipient,transfer_not_received_by_recipient,True,0.5706,transfer_not_received_by_recipient,0.5706,edit_personal_details,0.0414,card_arrival,0.0342
I sent money.  They haven't received it.,transfer_not_received_by_recipient,transfer_not_received_by_recipient,True,0.9188,transfer_not_received_by_recipient,0.9188,card_arrival,0.0155,pending_transfer,0.0102
"Hey, I need some help figuring out way my transfer is not complete yet. My Landlord hasn't got the money yet.She should have received it by now.",transfer_not_received_by_recipient,transfer_not_received_by_recipient,True,0.8962,transfer_not_received_by_recipient,0.8962,pending_transfer,0.0183,balance_not_updated_after_bank_transfer,0.0107
"The day before yesterday, I performed a transfer which was within this country. It still hasn't gone through. Can you check on that? The account number is definitely correct, as I've checked and double checked.",transfer_not_received_by_recipient,transfer_not_received_by_recipient,True,0.9213,transfer_not_received_by_recipient,0.9213,declined_transfer,0.0083,pending_transfer,0.0082
"I'm having a problem with a money transfer.  I sent some money to a friend a couple of hours ago, and they haven't received it yet.  Why hasn't it gotten to them? How long do transfers need to go through?",transfer_not_received_by_recipient,transfer_not_received_by_recipient,True,0.9426,transfer_not_received_by_recipient,0.9426,pending_transfer,0.0252,balance_not_updated_after_bank_transfer,0.0143
I transferred some money but the receiver can't pick it up for some reason.,transfer_not_received_by_recipient,transfer_not_received_by_recipient,True,0.312,transfer_not_received_by_recipient,0.312,balance_not_updated_after_bank_transfer,0.1894,transfer_fee_charged,0.1413
Where is the transaction I made to a friend?,transfer_not_received_by_recipient,transfer_not_received_by_recipient,True,0.9664,transfer_not_received_by_recipient,0.9664,cancel_transfer,0.0139,receiving_money,0.0023
My friend still hasn't gotten a transaction I made.,transfer_not_received_by_recipient,transfer_not_received_by_recipient,True,0.9543,transfer_not_received_by_recipient,0.9543,pending_card_payment,0.0069,cancel_transfer,0.0039
Im waiting for my transaction to go through.,transfer_not_received_by_recipient,transfer_not_received_by_recipient,True,0.8132,transfer_not_received_by_recipient,0.8132,failed_transfer,0.0545,cancel_transfer,0.0189
I made a transaction and it is taking a very long time to go through.,transfer_not_received_by_recipient,transfer_not_received_by_recipient,True,0.4287,transfer_not_received_by_recipient,0.4287,cancel_transfer,0.1208,pending_transfer,0.1069
Is there a reason why my transaction is taking so long?,transfer_not_received_by_recipient,transfer_not_received_by_recipient,True,0.6671,transfer_not_received_by_recipient,0.6671,pending_transfer,0.0435,failed_transfer,0.0408
How long will it take for my transaction to be completed?,transfer_not_received_by_recipient,transfer_not_received_by_recipient,True,0.9611,transfer_not_received_by_recipient,0.9611,pending_top_up,0.0201,pending_transfer,0.0054
I sent some money and the receiver can't access it.,transfer_not_received_by_recipient,transfer_not_received_by_recipient,True,0.6111,transfer_not_received_by_recipient,0.6111,lost_or_stolen_phone,0.0569,passcode_forgotten,0.0214
I sent my friend some money a few hours ago but she has not received it yet. She really needs it. How long does this take?,transfer_not_received_by_recipient,transfer_not_received_by_recipient,True,0.9771,transfer_not_received_by_recipient,0.9771,pending_transfer,0.0031,balance_not_updated_after_cheque_or_cash_deposit,0.0026
The person I sent money to hasn't gotten it yet!,transfer_not_received_by_recipient,transfer_not_received_by_recipient,True,0.9437,transfer_not_received_by_recipient,0.9437,card_arrival,0.0078,pending_top_up,0.005
When will my funds transfer?,transfer_not_received_by_recipient,transfer_timing,False,0.3184,transfer_timing,0.3184,balance_not_updated_after_bank_transfer,0.2161,transfer_fee_charged,0.0791
"How long does it take for transfers to finish?  I sent funds to my pal, and she says that she has not gotten anything.",transfer_not_received_by_recipient,transfer_not_received_by_recipient,True,0.5315,transfer_not_received_by_recipient,0.5315,pending_transfer,0.1324,balance_not_updated_after_bank_transfer,0.0759
"How long do transfers need to come through? I sent some money to a friend, she needs it urgently, but seems it's still not there yet after a couple hours.",transfer_not_received_by_recipient,transfer_not_received_by_recipient,True,0.8623,transfer_not_received_by_recipient,0.8623,balance_not_updated_after_bank_transfer,0.0794,pending_transfer,0.012
How long until my friend receives my transaction?,transfer_not_received_by_recipient,transfer_not_received_by_recipient,True,0.915,transfer_not_received_by_recipient,0.915,receiving_money,0.0289,card_delivery_estimate,0.0101
Why hasn't my recipient received their money?,transfer_not_received_by_recipient,transfer_not_received_by_recipient,True,0.9581,transfer_not_received_by_recipient,0.9581,wrong_amount_of_cash_received,0.0042,balance_not_updated_after_cheque_or_cash_deposit,0.0028
I am still awaiting the completion of the transaction.,transfer_not_received_by_recipient,transfer_not_received_by_recipient,True,0.8326,transfer_not_received_by_recipient,0.8326,pending_transfer,0.0255,pending_cash_withdrawal,0.0252
I transferred some money but the recipient is having trouble withdrawing.,transfer_not_received_by_recipient,transfer_not_received_by_recipient,True,0.8662,transfer_not_received_by_recipient,0.8662,declined_cash_withdrawal,0.0298,balance_not_updated_after_bank_transfer,0.0245
"To add money to my account, what currencies can I use?",supported_cards_and_currencies,supported_cards_and_currencies,True,0.8801,supported_cards_and_currencies,0.8801,transfer_into_account,0.0876,fiat_currency_support,0.0095
"I need support options, I want to top my card",supported_cards_and_currencies,supported_cards_and_currencies,True,0.6795,supported_cards_and_currencies,0.6795,topping_up_by_card,0.0313,top_up_by_cash_or_cheque,0.0267
I have 1 other US card.  Can you take that?,supported_cards_and_currencies,supported_cards_and_currencies,True,0.1717,supported_cards_and_currencies,0.1717,card_arrival,0.1094,extra_charge_on_statement,0.0552
What are the cards and currencies that are supported?,supported_cards_and_currencies,supported_cards_and_currencies,True,0.9702,supported_cards_and_currencies,0.9702,fiat_currency_support,0.0167,country_support,0.0023
What currencies are accepted for adding money?,supported_cards_and_currencies,supported_cards_and_currencies,True,0.9131,supported_cards_and_currencies,0.9131,fiat_currency_support,0.0614,exchange_via_app,0.0045
What kind of currencies can I use to add money?,supported_cards_and_currencies,supported_cards_and_currencies,True,0.9658,supported_cards_and_currencies,0.9658,fiat_currency_support,0.0128,exchange_via_app,0.0059
I only own one other credit card from the USA. Will it be accepted?,supported_cards_and_currencies,supported_cards_and_currencies,True,0.9602,supported_cards_and_currencies,0.9602,card_acceptance,0.0074,topping_up_by_card,0.0035
"If I only have 1 other US card, can you take it?",supported_cards_and_currencies,supported_cards_and_currencies,True,0.4269,supported_cards_and_currencies,0.4269,wrong_amount_of_cash_received,0.0908,card_arrival,0.0642
Can I use my American Express to add money to my account?,supported_cards_and_currencies,supported_cards_and_currencies,True,0.994,supported_cards_and_currencies,0.994,apple_pay_or_google_pay,0.001,transfer_into_account,0.0007
can you tell me what cards and currencies you take?,supported_cards_and_currencies,supported_cards_and_currencies,True,0.8874,supported_cards_and_currencies,0.8874,fiat_currency_support,0.0454,exchange_via_app,0.0077
Can I use American Express to add money into my account?,supported_cards_and_currencies,supported_cards_and_currencies,True,0.9924,supported_cards_and_currencies,0.9924,top_up_by_cash_or_cheque,0.0024,transfer_into_account,0.0015
Will you accept my other card from the U.S.?,supported_cards_and_currencies,supported_cards_and_currencies,True,0.9647,supported_cards_and_currencies,0.9647,card_acceptance,0.0051,atm_support,0.0022
What is accepted in regards to cards and currencies?,supported_cards_and_currencies,supported_cards_and_currencies,True,0.8822,supported_cards_and_currencies,0.8822,order_physical_card,0.0131,fiat_currency_support,0.013
Will you accept my other card?,supported_cards_and_currencies,supported_cards_and_currencies,True,0.791,supported_cards_and_currencies,0.791,card_acceptance,0.0931,atm_support,0.0134
I would like to add money to my account through my American Express.,supported_cards_and_currencies,supported_cards_and_currencies,True,0.89,supported_cards_and_currencies,0.89,transfer_into_account,0.009,apple_pay_or_google_pay,0.0079
Which cards do you guys support? I want to top up using my credit card.,supported_cards_and_currencies,supported_cards_and_currencies,True,0.9733,supported_cards_and_currencies,0.9733,topping_up_by_card,0.016,top_up_failed,0.0019
What credit cards are supported?,supported_cards_and_currencies,supported_cards_and_currencies,True,0.9415,supported_cards_and_currencies,0.9415,visa_or_mastercard,0.0113,country_support,0.0101
What cards and currencies do you support?,supported_cards_and_currencies,supported_cards_and_currencies,True,0.9856,supported_cards_and_currencies,0.9856,fiat_currency_support,0.0107,country_support,0.0009
How do I transfer funds from my American Express into my account?,supported_cards_and_currencies,supported_cards_and_currencies,True,0.6318,supported_cards_and_currencies,0.6318,transfer_into_account,0.2535,transfer_timing,0.0169
How can I use American Express to add money to my account?,supported_cards_and_currencies,supported_cards_and_currencies,True,0.9941,supported_cards_and_currencies,0.9941,transfer_into_account,0.0013,top_up_by_cash_or_cheque,0.001
"When adding money, what are the currencies you take?",supported_cards_and_currencies,supported_cards_and_currencies,True,0.4513,supported_cards_and_currencies,0.4513,fiat_currency_support,0.3377,exchange_via_app,0.0193
Which forms of currency are accepted?,supported_cards_and_currencies,supported_cards_and_currencies,True,0.8501,supported_cards_and_currencies,0.8501,fiat_currency_support,0.0678,card_acceptance,0.0169
Are US credit cards accepted?,supported_cards_and_currencies,supported_cards_and_currencies,True,0.9668,supported_cards_and_currencies,0.9668,card_acceptance,0.0064,top_up_by_card_charge,0.0027
"I want to add money but don't know what currencies you accept, can you tell me?",supported_cards_and_currencies,supported_cards_and_currencies,True,0.9543,supported_cards_and_currencies,0.9543,fiat_currency_support,0.026,transfer_into_account,0.0027
why wouldn't you support american express? its a card i like and use often and i don't want to get a different one,supported_cards_and_currencies,supported_cards_and_currencies,True,0.816,supported_cards_and_currencies,0.816,country_support,0.0349,visa_or_mastercard,0.0106
Tell me which cards and what currency is supported.,supported_cards_and_currencies,supported_cards_and_currencies,True,0.9471,supported_cards_and_currencies,0.9471,fiat_currency_support,0.0172,exchange_via_app,0.003
Do you support all cards and currencies?,supported_cards_and_currencies,supported_cards_and_currencies,True,0.8808,supported_cards_and_currencies,0.8808,fiat_currency_support,0.0815,country_support,0.0101
Which credit or debit cards can I use to top up?,supported_cards_and_currencies,supported_cards_and_currencies,True,0.9602,supported_cards_and_currencies,0.9602,top_up_by_card_charge,0.0099,topping_up_by_card,0.0077
What options do I have in regards to payment?,supported_cards_and_currencies,supported_cards_and_currencies,True,0.1621,supported_cards_and_currencies,0.1621,card_payment_not_recognised,0.1305,pending_card_payment,0.0496
I just have one other card from the US. Is that okay?,supported_cards_and_currencies,supported_cards_and_currencies,True,0.7563,supported_cards_and_currencies,0.7563,country_support,0.0178,cash_withdrawal_not_recognised,0.0146
What are all the currencies and cards supported to use this?,supported_cards_and_currencies,supported_cards_and_currencies,True,0.9508,supported_cards_and_currencies,0.9508,fiat_currency_support,0.0179,country_support,0.0085
What cards to do you support to top up.,supported_cards_and_currencies,supported_cards_and_currencies,True,0.9084,supported_cards_and_currencies,0.9084,top_up_by_cash_or_cheque,0.0123,country_support,0.0101
Do you accept other currencies besides US Dollars?,supported_cards_and_currencies,supported_cards_and_currencies,True,0.6107,supported_cards_and_currencies,0.6107,fiat_currency_support,0.1681,exchange_via_app,0.0435
Can I use any currency to add money?,supported_cards_and_currencies,supported_cards_and_currencies,True,0.8125,supported_cards_and_currencies,0.8125,exchange_via_app,0.1206,receiving_money,0.0196
Is my currency okay to add money with?,supported_cards_and_currencies,supported_cards_and_currencies,True,0.6967,supported_cards_and_currencies,0.6967,exchange_via_app,0.0762,fiat_currency_support,0.0455
What cards and currencies will suffice?,supported_cards_and_currencies,supported_cards_and_currencies,True,0.8259,supported_cards_and_currencies,0.8259,fiat_currency_support,0.0326,exchange_via_app,0.0152
How can I use American Express to add funds to my account?,supported_cards_and_currencies,supported_cards_and_currencies,True,0.9937,supported_cards_and_currencies,0.9937,apple_pay_or_google_pay,0.0009,transfer_into_account,0.0008
What cards and currencies are supported?,supported_cards_and_currencies,supported_cards_and_currencies,True,0.9837,supported_cards_and_currencies,0.9837,fiat_currency_support,0.0105,exchange_via_app,0.0009
What currencies or cards do you support for topping up?,supported_cards_and_currencies,supported_cards_and_currencies,True,0.8591,supported_cards_and_currencies,0.8591,fiat_currency_support,0.0903,top_up_by_card_charge,0.0102
Which cards and currencies do you support?,supported_cards_and_currencies,supported_cards_and_currencies,True,0.9828,supported_cards_and_currencies,0.9828,fiat_currency_support,0.0131,country_support,0.0015
Where can I obtain my virtual card?,getting_virtual_card,getting_virtual_card,True,0.9524,getting_virtual_card,0.9524,virtual_card_not_working,0.0193,get_disposable_virtual_card,0.0058
How do you get a virtual card?,getting_virtual_card,getting_virtual_card,True,0.8377,getting_virtual_card,0.8377,get_disposable_virtual_card,0.1516,virtual_card_not_working,0.0033
Where can I find a virtual card?,getting_virtual_card,getting_virtual_card,True,0.9816,getting_virtual_card,0.9816,get_disposable_virtual_card,0.0047,virtual_card_not_working,0.0029
Is there an option to have a virtual card?,getting_virtual_card,getting_virtual_card,True,0.9711,getting_virtual_card,0.9711,virtual_card_not_working,0.0065,disposable_card_limits,0.0042
If I don't want a physical card can i get a virtual version?,getting_virtual_card,order_physical_card,False,0.4499,order_physical_card,0.4499,getting_virtual_card,0.3062,get_disposable_virtual_card,0.072
I requested a virtual card but it is not showing up. Why?,getting_virtual_card,getting_virtual_card,True,0.4448,getting_virtual_card,0.4448,virtual_card_not_working,0.1672,Refund_not_showing_up,0.1028
Can you tell me how to order a virtual card?,getting_virtual_card,getting_virtual_card,True,0.984,getting_virtual_card,0.984,order_physical_card,0.0062,get_disposable_virtual_card,0.0062
Where is the virtual card?,getting_virtual_card,getting_virtual_card,True,0.9922,getting_virtual_card,0.9922,virtual_card_not_working,0.0034,get_disposable_virtual_card,0.0021
what is the virtual card,getting_virtual_card,getting_virtual_card,True,0.9318,getting_virtual_card,0.9318,virtual_card_not_working,0.0495,get_disposable_virtual_card,0.0153
how do i get a virtual card?,getting_virtual_card,getting_virtual_card,True,0.9145,getting_virtual_card,0.9145,get_disposable_virtual_card,0.079,virtual_card_not_working,0.0028
Where do I order a virtual card from?,getting_virtual_card,getting_virtual_card,True,0.9749,getting_virtual_card,0.9749,order_physical_card,0.0074,get_disposable_virtual_card,0.0064
Why did I not get a virtual card yet?,getting_virtual_card,getting_virtual_card,True,0.9365,getting_virtual_card,0.9365,get_disposable_virtual_card,0.0253,virtual_card_not_working,0.0215
How can I order virtual cards?,getting_virtual_card,getting_virtual_card,True,0.9781,getting_virtual_card,0.9781,get_disposable_virtual_card,0.0083,disposable_card_limits,0.0038
Can you tell me where I can order a virtual card?,getting_virtual_card,getting_virtual_card,True,0.9498,getting_virtual_card,0.9498,order_physical_card,0.0326,get_disposable_virtual_card,0.0084
Is it possible for me to get a virtual card?,getting_virtual_card,getting_virtual_card,True,0.6676,getting_virtual_card,0.6676,get_disposable_virtual_card,0.2155,virtual_card_not_working,0.0407
Is this where I order a virtual card?,getting_virtual_card,getting_virtual_card,True,0.9881,getting_virtual_card,0.9881,order_physical_card,0.0037,virtual_card_not_working,0.0024
What are the steps to getting a virtual card?,getting_virtual_card,getting_virtual_card,True,0.8939,getting_virtual_card,0.8939,get_disposable_virtual_card,0.0279,virtual_card_not_working,0.017
help me obtain a virtual card,getting_virtual_card,getting_virtual_card,True,0.8669,getting_virtual_card,0.8669,virtual_card_not_working,0.056,get_disposable_virtual_card,0.0291
Where is the virtual card located?,getting_virtual_card,getting_virtual_card,True,0.928,getting_virtual_card,0.928,virtual_card_not_working,0.0249,get_disposable_virtual_card,0.0107
Where can I order a virtual card?,getting_virtual_card,getting_virtual_card,True,0.9882,getting_virtual_card,0.9882,order_physical_card,0.0073,get_disposable_virtual_card,0.0016
Where do I obtain my virtual card?,getting_virtual_card,getting_virtual_card,True,0.9571,getting_virtual_card,0.9571,virtual_card_not_working,0.0205,get_disposable_virtual_card,0.0084
I want a virtual card!,getting_virtual_card,getting_virtual_card,True,0.9388,getting_virtual_card,0.9388,virtual_card_not_working,0.0263,get_disposable_virtual_card,0.0236
I want one of those virtual cards!,getting_virtual_card,getting_virtual_card,True,0.939,getting_virtual_card,0.939,disposable_card_limits,0.0113,get_disposable_virtual_card,0.0095
Are virtual cards available to get?,getting_virtual_card,getting_virtual_card,True,0.679,getting_virtual_card,0.679,disposable_card_limits,0.0771,get_disposable_virtual_card,0.0731
Can you help me sign up for a virtual card?,getting_virtual_card,getting_virtual_card,True,0.8883,getting_virtual_card,0.8883,get_disposable_virtual_card,0.0328,virtual_card_not_working,0.0192
Can I get a copy of the card by email?,getting_virtual_card,card_delivery_estimate,False,0.1139,card_delivery_estimate,0.1139,card_arrival,0.0968,country_support,0.0819
Where do I find the virtual card?,getting_virtual_card,getting_virtual_card,True,0.9872,getting_virtual_card,0.9872,get_disposable_virtual_card,0.0045,virtual_card_not_working,0.0029
why do i not have a virtual card,getting_virtual_card,getting_virtual_card,True,0.9428,getting_virtual_card,0.9428,virtual_card_not_working,0.0455,get_disposable_virtual_card,0.0057
How do I order a virtual card?,getting_virtual_card,getting_virtual_card,True,0.9909,getting_virtual_card,0.9909,get_disposable_virtual_card,0.0056,order_physical_card,0.0017
"I thought I was going to get a virtual card but I haven't received it yet, how can we resolve this?",getting_virtual_card,getting_virtual_card,True,0.5246,getting_virtual_card,0.5246,card_arrival,0.0618,virtual_card_not_working,0.0401
Please help me get a virtual card.,getting_virtual_card,getting_virtual_card,True,0.8491,getting_virtual_card,0.8491,get_disposable_virtual_card,0.0797,virtual_card_not_working,0.0427
Can I order a virtual card?,getting_virtual_card,getting_virtual_card,True,0.9887,getting_virtual_card,0.9887,get_disposable_virtual_card,0.0039,order_physical_card,0.0036
Where can I go to get a virtual card?,getting_virtual_card,getting_virtual_card,True,0.9664,getting_virtual_card,0.9664,get_disposable_virtual_card,0.0163,order_physical_card,0.005
Where are the virtual cards located?,getting_virtual_card,getting_virtual_card,True,0.8934,getting_virtual_card,0.8934,disposable_card_limits,0.0344,country_support,0.014
I would like a virtual card- where can I purchase one?,getting_virtual_card,getting_virtual_card,True,0.8866,getting_virtual_card,0.8866,get_disposable_virtual_card,0.0251,request_refund,0.0189
When should I receive my virtual card?,getting_virtual_card,getting_virtual_card,True,0.9359,getting_virtual_card,0.9359,virtual_card_not_working,0.03,get_disposable_virtual_card,0.0081
I need to reorder my virtual card!,getting_virtual_card,getting_virtual_card,True,0.9613,getting_virtual_card,0.9613,virtual_card_not_working,0.0312,get_disposable_virtual_card,0.0044
Where can I get a virtual card?,getting_virtual_card,getting_virtual_card,True,0.8617,getting_virtual_card,0.8617,get_disposable_virtual_card,0.1108,order_physical_card,0.0074
Is there a way to obtain a virtual card?,getting_virtual_card,getting_virtual_card,True,0.9469,getting_virtual_card,0.9469,get_disposable_virtual_card,0.0124,virtual_card_not_working,0.0074
Can I have one of the virtual cards?,getting_virtual_card,getting_virtual_card,True,0.9532,getting_virtual_card,0.9532,disposable_card_limits,0.0283,getting_spare_card,0.0057
Will my card be accepted all over the world?,card_acceptance,card_acceptance,True,0.6868,card_acceptance,0.6868,country_support,0.1045,supported_cards_and_currencies,0.0233
Who accepts this card?,card_acceptance,card_acceptance,True,0.894,card_acceptance,0.894,atm_support,0.0491,card_not_working,0.0035
Can I use my card for payment all over the world?,card_acceptance,card_acceptance,True,0.3813,card_acceptance,0.3813,country_support,0.2058,declined_card_payment,0.0902
It will be fine to use at any establishment that accepts Mastercard.,card_acceptance,card_acceptance,True,0.5593,card_acceptance,0.5593,atm_support,0.1906,visa_or_mastercard,0.0407
Where can the card be used?,card_acceptance,card_acceptance,True,0.7537,card_acceptance,0.7537,atm_support,0.0355,order_physical_card,0.0299
Can my card be used everywhere?,card_acceptance,card_acceptance,True,0.7724,card_acceptance,0.7724,compromised_card,0.028,order_physical_card,0.0137
Are there any limits on where I can use my card?,card_acceptance,card_acceptance,True,0.9465,card_acceptance,0.9465,disposable_card_limits,0.0249,atm_support,0.0078
What stores can I sue my card?,card_acceptance,card_acceptance,True,0.345,card_acceptance,0.345,declined_card_payment,0.1276,lost_or_stolen_card,0.0983
Can I use my card anywhere I want?,card_acceptance,card_acceptance,True,0.9164,card_acceptance,0.9164,order_physical_card,0.0132,card_not_working,0.011
Is there anywhere my card will not be accepted?,card_acceptance,card_acceptance,True,0.9463,card_acceptance,0.9463,card_arrival,0.0058,atm_support,0.0035
What are the rules to where I can use my card?,card_acceptance,card_acceptance,True,0.7717,card_acceptance,0.7717,atm_support,0.0474,card_not_working,0.0234
Do you know where my card will be accepted?,card_acceptance,card_acceptance,True,0.8652,card_acceptance,0.8652,supported_cards_and_currencies,0.0349,card_arrival,0.0163
What places can I use my card?,card_acceptance,card_acceptance,True,0.922,card_acceptance,0.922,card_not_working,0.026,atm_support,0.0133
Is my card accepted everywhere?,card_acceptance,card_acceptance,True,0.8982,card_acceptance,0.8982,declined_card_payment,0.0185,card_arrival,0.0097
What places will accept my card for payment?,card_acceptance,card_acceptance,True,0.6569,card_acceptance,0.6569,supported_cards_and_currencies,0.0979,declined_card_payment,0.0535
Does this card work everywhere?,card_acceptance,card_acceptance,True,0.7686,card_acceptance,0.7686,card_not_working,0.0364,order_physical_card,0.0197
"

What businesses accept this card?",card_acceptance,card_acceptance,True,0.9771,card_acceptance,0.9771,atm_support,0.0057,supported_cards_and_currencies,0.0022
Where can I use my card?,card_acceptance,card_acceptance,True,0.9858,card_acceptance,0.9858,atm_support,0.0084,card_not_working,0.0016
Which outlets accept my card?,card_acceptance,card_acceptance,True,0.7146,card_acceptance,0.7146,supported_cards_and_currencies,0.148,atm_support,0.0295
"I am traveling to Germany, Will I be able to use my card there?",card_acceptance,card_not_working,False,0.2478,card_not_working,0.2478,card_acceptance,0.0845,card_delivery_estimate,0.035
What stores will take my credit card as payment?,card_acceptance,pending_card_payment,False,0.2573,pending_card_payment,0.2573,declined_card_payment,0.1817,supported_cards_and_currencies,0.1665
Is there any place I cannot use my card?,card_acceptance,card_acceptance,True,0.784,card_acceptance,0.784,card_not_working,0.044,lost_or_stolen_card,0.0167
Will I be able to use my card anywhere?,card_acceptance,card_acceptance,True,0.7169,card_acceptance,0.7169,card_not_working,0.1136,order_physical_card,0.0356
Is my card usable anywhere?,card_acceptance,card_acceptance,True,0.611,card_acceptance,0.611,card_not_working,0.0655,card_arrival,0.0601
Is it acceptable to use my card anywhere?,card_acceptance,card_acceptance,True,0.7678,card_acceptance,0.7678,card_not_working,0.0564,supported_cards_and_currencies,0.0246
Can I use my card everywhere?,card_acceptance,card_acceptance,True,0.9647,card_acceptance,0.9647,card_not_working,0.0088,declined_card_payment,0.0025
Where is my card accepted?,card_acceptance,card_acceptance,True,0.8466,card_acceptance,0.8466,card_arrival,0.0542,declined_card_payment,0.0189
Where can I pay with my debit or credit card?,card_acceptance,card_acceptance,True,0.8517,card_acceptance,0.8517,supported_cards_and_currencies,0.0388,direct_debit_payment_not_recognised,0.0332
Where should my card work?,card_acceptance,card_not_working,False,0.3873,card_not_working,0.3873,card_acceptance,0.142,declined_card_payment,0.1065
areas card is accpeted,card_acceptance,card_not_working,False,0.1181,card_not_working,0.1181,card_arrival,0.1027,order_physical_card,0.0991
places i can use the card,card_acceptance,card_acceptance,True,0.7188,card_acceptance,0.7188,card_not_working,0.0553,atm_support,0.0478
Can I make online purchases with my card?,card_acceptance,card_acceptance,True,0.2581,card_acceptance,0.2581,reverted_card_payment?,0.1195,card_payment_fee_charged,0.0861
Does every place of business accept this card?,card_acceptance,card_acceptance,True,0.9477,card_acceptance,0.9477,atm_support,0.0092,supported_cards_and_currencies,0.0028
What places will accept my card?,card_acceptance,card_acceptance,True,0.9212,card_acceptance,0.9212,supported_cards_and_currencies,0.0209,atm_support,0.0142
Can I use my card anywere?,card_acceptance,card_acceptance,True,0.8783,card_acceptance,0.8783,card_not_working,0.082,activate_my_card,0.0062
Will any business take this card?,card_acceptance,card_acceptance,True,0.8496,card_acceptance,0.8496,atm_support,0.0571,card_delivery_estimate,0.0065
Will filling stations accept my card?,card_acceptance,card_acceptance,True,0.2895,card_acceptance,0.2895,atm_support,0.2022,supported_cards_and_currencies,0.0663
Where am I able to use the card?,card_acceptance,card_acceptance,True,0.2166,card_acceptance,0.2166,card_not_working,0.1853,card_linking,0.0705
What can I use my card to pay for?,card_acceptance,card_acceptance,True,0.2765,card_acceptance,0.2765,supported_cards_and_currencies,0.2594,card_not_working,0.1475
Who accepts my card?,card_acceptance,card_acceptance,True,0.8996,card_acceptance,0.8996,atm_support,0.012,card_not_working,0.0076
My top-up was cancelled; will I receive a refund?,top_up_reverted,top_up_reverted,True,0.7713,top_up_reverted,0.7713,request_refund,0.1435,Refund_not_showing_up,0.0336
How do I fix a reverted top up?,top_up_reverted,top_up_reverted,True,0.7126,top_up_reverted,0.7126,reverted_card_payment?,0.0347,top_up_failed,0.0273
Is it possible to tell if my top up has reverted?,top_up_reverted,top_up_reverted,True,0.8487,top_up_reverted,0.8487,pending_top_up,0.0303,reverted_card_payment?,0.0251
"My top-up showed as complete, but it's no longer there! What's going on here?",top_up_reverted,pending_top_up,False,0.4941,pending_top_up,0.4941,top_up_reverted,0.2125,top_up_failed,0.091
"Hi, i don't know what's going on i've just paid for my top up twice by accident can you help me get a refund please.",top_up_reverted,request_refund,False,0.2804,request_refund,0.2804,Refund_not_showing_up,0.1381,top_up_failed,0.1189
It seems my top up is reverted?,top_up_reverted,top_up_reverted,True,0.9751,top_up_reverted,0.9751,pending_top_up,0.0109,top_up_failed,0.0056
The app wouldn't accept my top up.,top_up_reverted,top_up_failed,False,0.6454,top_up_failed,0.6454,top_up_reverted,0.1903,pending_top_up,0.0299
"I topped up my account and even though it was confirmed at first, the money isn't there anymore! why did this happen, and where did my money go?",top_up_reverted,top_up_reverted,True,0.867,top_up_reverted,0.867,topping_up_by_card,0.0241,pending_top_up,0.0164
"I believe my money did not go through with my top up, was there a problem on your end?",top_up_reverted,top_up_failed,False,0.6885,top_up_failed,0.6885,top_up_reverted,0.145,pending_top_up,0.081
"My top-up was reverted, why did this happen?",top_up_reverted,top_up_reverted,True,0.9932,top_up_reverted,0.9932,top_up_failed,0.0027,reverted_card_payment?,0.0018
I put money into my account for the minimum balance but the application didn't accept.,top_up_reverted,balance_not_updated_after_cheque_or_cash_deposit,False,0.3627,balance_not_updated_after_cheque_or_cash_deposit,0.3627,balance_not_updated_after_bank_transfer,0.0488,top_up_reverted,0.0462
Can you tell me if my top-up has been cancelled?,top_up_reverted,top_up_reverted,True,0.8352,top_up_reverted,0.8352,top_up_failed,0.1027,pending_top_up,0.0163
I got topped up but the application reverted it.,top_up_reverted,top_up_reverted,True,0.9364,top_up_reverted,0.9364,reverted_card_payment?,0.0162,pending_top_up,0.0139
Why would my top up be cancelled?,top_up_reverted,top_up_reverted,True,0.968,top_up_reverted,0.968,top_up_failed,0.0061,pending_top_up,0.005
There appears to have been a reversion in my top up,top_up_reverted,top_up_reverted,True,0.7538,top_up_reverted,0.7538,topping_up_by_card,0.0574,pending_top_up,0.0444
The application reverted my top-up.,top_up_reverted,top_up_reverted,True,0.9249,top_up_reverted,0.9249,top_up_failed,0.0219,verify_top_up,0.0143
I think my top-up was cancelled.,top_up_reverted,top_up_reverted,True,0.9944,top_up_reverted,0.9944,top_up_failed,0.0026,pending_top_up,0.0009
I believed crypto top up with something you offered. This does not seem to be working. The money has been removed from my account though so what's going on?,top_up_reverted,top_up_reverted,True,0.8226,top_up_reverted,0.8226,top_up_failed,0.0509,reverted_card_payment?,0.0116
I topped up but the app reverted it,top_up_reverted,top_up_reverted,True,0.9788,top_up_reverted,0.9788,reverted_card_payment?,0.01,pending_top_up,0.004
I went to top up and it is no longer there.  Was it sent back?,top_up_reverted,top_up_reverted,True,0.2471,top_up_reverted,0.2471,pending_top_up,0.1317,top_up_failed,0.0968
What happened to my top-up?,top_up_reverted,top_up_reverted,True,0.7295,top_up_reverted,0.7295,pending_top_up,0.1747,top_up_failed,0.0477
Can you tell me why my top up was reverted?,top_up_reverted,top_up_reverted,True,0.9853,top_up_reverted,0.9853,top_up_failed,0.0058,reverted_card_payment?,0.0044
For what reason would a top up be reverted and returned to my account?,top_up_reverted,top_up_reverted,True,0.9021,top_up_reverted,0.9021,reverted_card_payment?,0.0586,Refund_not_showing_up,0.0049
"When I topped up, the app reverted my funds.",top_up_reverted,top_up_reverted,True,0.8843,top_up_reverted,0.8843,reverted_card_payment?,0.0292,pending_top_up,0.0267
What happened to where my top-up was canceled?,top_up_reverted,top_up_reverted,True,0.9958,top_up_reverted,0.9958,pending_top_up,0.001,top_up_failed,0.0008
I tryed to make a top-up with cryptocurrency but the payment was referted.,top_up_reverted,reverted_card_payment?,False,0.2803,reverted_card_payment?,0.2803,top_up_reverted,0.275,top_up_failed,0.051
The app reverted my top off.,top_up_reverted,top_up_reverted,True,0.9533,top_up_reverted,0.9533,reverted_card_payment?,0.0152,top_up_failed,0.0056
The app reverted my action when I topped up.,top_up_reverted,top_up_reverted,True,0.9397,top_up_reverted,0.9397,reverted_card_payment?,0.0247,top_up_failed,0.0048
Was my top up reversed?,top_up_reverted,top_up_reverted,True,0.9759,top_up_reverted,0.9759,top_up_failed,0.0079,topping_up_by_card,0.0052
"I see my top-up was canceled, but why?",top_up_reverted,top_up_reverted,True,0.9798,top_up_reverted,0.9798,top_up_failed,0.0074,pending_top_up,0.0039
Do you know if my top-up has been cancelled?,top_up_reverted,top_up_reverted,True,0.9316,top_up_reverted,0.9316,top_up_failed,0.0301,pending_top_up,0.015
has my top-up has been cancelled,top_up_reverted,top_up_reverted,True,0.9388,top_up_reverted,0.9388,top_up_failed,0.0413,pending_top_up,0.0084
My top-up was revoked.,top_up_reverted,top_up_reverted,True,0.8199,top_up_reverted,0.8199,top_up_failed,0.1536,pending_top_up,0.0194
Causes of top-up cancellation,top_up_reverted,top_up_reverted,True,0.8895,top_up_reverted,0.8895,top_up_limits,0.0189,verify_top_up,0.0127
The app reverted what I topped up.,top_up_reverted,top_up_reverted,True,0.9804,top_up_reverted,0.9804,reverted_card_payment?,0.0099,top_up_failed,0.0016
Has my top up been reverted?,top_up_reverted,top_up_reverted,True,0.9918,top_up_reverted,0.9918,reverted_card_payment?,0.0036,top_up_failed,0.0014
Im very upset as my top-up was canceled and I have no idea why.,top_up_reverted,top_up_reverted,True,0.8688,top_up_reverted,0.8688,top_up_failed,0.0214,pending_top_up,0.0135
My top-up has been cancelled.,top_up_reverted,top_up_reverted,True,0.9519,top_up_reverted,0.9519,top_up_failed,0.0286,pending_top_up,0.0112
On my last transaction it seem that my top-up was not successful.,top_up_reverted,top_up_failed,False,0.4314,top_up_failed,0.4314,top_up_reverted,0.2582,pending_top_up,0.0835
I'd like to know why my top-up was canceled please.,top_up_reverted,top_up_reverted,True,0.9544,top_up_reverted,0.9544,top_up_failed,0.0172,pending_top_up,0.0079
I tried making an update to my balance using cheque just yesterday but it doesn't appear to have worked. Should this not be a faster process? I need you to please check over my account because something has went wrong.,balance_not_updated_after_cheque_or_cash_deposit,balance_not_updated_after_cheque_or_cash_deposit,True,0.9154,balance_not_updated_after_cheque_or_cash_deposit,0.9154,balance_not_updated_after_bank_transfer,0.0207,top_up_failed,0.0078
How come I don't see my deposit in my account yet?,balance_not_updated_after_cheque_or_cash_deposit,balance_not_updated_after_cheque_or_cash_deposit,True,0.8595,balance_not_updated_after_cheque_or_cash_deposit,0.8595,terminate_account,0.0138,pending_cash_withdrawal,0.0127
Is there a reason why my account isn't updating because I used a check to  balance my account?,balance_not_updated_after_cheque_or_cash_deposit,balance_not_updated_after_cheque_or_cash_deposit,True,0.541,balance_not_updated_after_cheque_or_cash_deposit,0.541,balance_not_updated_after_bank_transfer,0.2026,why_verify_identity,0.0477
"I don't know why the deposit I made a week ago still hasn't showed up, I really need the money now.",balance_not_updated_after_cheque_or_cash_deposit,balance_not_updated_after_cheque_or_cash_deposit,True,0.826,balance_not_updated_after_cheque_or_cash_deposit,0.826,Refund_not_showing_up,0.025,pending_top_up,0.0178
I made a cash deposit almost a week ago but it's still not there!! please sort this out asap I need the money,balance_not_updated_after_cheque_or_cash_deposit,balance_not_updated_after_cheque_or_cash_deposit,True,0.963,balance_not_updated_after_cheque_or_cash_deposit,0.963,cash_withdrawal_not_recognised,0.0057,pending_cash_withdrawal,0.0039
Where is my cash deposit?,balance_not_updated_after_cheque_or_cash_deposit,balance_not_updated_after_cheque_or_cash_deposit,True,0.9779,balance_not_updated_after_cheque_or_cash_deposit,0.9779,top_up_by_cash_or_cheque,0.0165,wrong_amount_of_cash_received,0.0007
How can I get the cash deposit to show up on my account?,balance_not_updated_after_cheque_or_cash_deposit,balance_not_updated_after_cheque_or_cash_deposit,True,0.7139,balance_not_updated_after_cheque_or_cash_deposit,0.7139,top_up_by_cash_or_cheque,0.1984,pending_cash_withdrawal,0.0395
When will I see the cash I deposited this morning as available?,balance_not_updated_after_cheque_or_cash_deposit,balance_not_updated_after_cheque_or_cash_deposit,True,0.9275,balance_not_updated_after_cheque_or_cash_deposit,0.9275,pending_cash_withdrawal,0.0144,wrong_amount_of_cash_received,0.0044
cash from this morning has not deposited,balance_not_updated_after_cheque_or_cash_deposit,balance_not_updated_after_cheque_or_cash_deposit,True,0.9932,balance_not_updated_after_cheque_or_cash_deposit,0.9932,declined_cash_withdrawal,0.0014,cash_withdrawal_not_recognised,0.0011
Where is the cash from my cheque I recently deposited?,balance_not_updated_after_cheque_or_cash_deposit,balance_not_updated_after_cheque_or_cash_deposit,True,0.9943,balance_not_updated_after_cheque_or_cash_deposit,0.9943,top_up_by_cash_or_cheque,0.0038,verify_source_of_funds,0.0002
Cash deposit to my account but it has not appeared.,balance_not_updated_after_cheque_or_cash_deposit,balance_not_updated_after_cheque_or_cash_deposit,True,0.967,balance_not_updated_after_cheque_or_cash_deposit,0.967,pending_cash_withdrawal,0.0064,top_up_by_cash_or_cheque,0.0064
"When I deposit cheques and cash, my balance does not update.",balance_not_updated_after_cheque_or_cash_deposit,balance_not_updated_after_cheque_or_cash_deposit,True,0.9872,balance_not_updated_after_cheque_or_cash_deposit,0.9872,top_up_by_cash_or_cheque,0.0035,balance_not_updated_after_bank_transfer,0.0034
I made a deposit this morning but it is still pending?,balance_not_updated_after_cheque_or_cash_deposit,balance_not_updated_after_cheque_or_cash_deposit,True,0.8625,balance_not_updated_after_cheque_or_cash_deposit,0.8625,pending_card_payment,0.0487,pending_top_up,0.0334
cash deposit to my account has shown a red flag.,balance_not_updated_after_cheque_or_cash_deposit,balance_not_updated_after_cheque_or_cash_deposit,True,0.8824,balance_not_updated_after_cheque_or_cash_deposit,0.8824,top_up_by_cash_or_cheque,0.0402,pending_cash_withdrawal,0.0214
I have paid money into my account but it doesn't show.,balance_not_updated_after_cheque_or_cash_deposit,balance_not_updated_after_cheque_or_cash_deposit,True,0.3237,balance_not_updated_after_cheque_or_cash_deposit,0.3237,balance_not_updated_after_bank_transfer,0.0919,transfer_into_account,0.0874
The balance on my account wasn't updated after I made a depost.,balance_not_updated_after_cheque_or_cash_deposit,balance_not_updated_after_bank_transfer,False,0.53,balance_not_updated_after_bank_transfer,0.53,balance_not_updated_after_cheque_or_cash_deposit,0.4155,pending_top_up,0.0059
Are cheques accepted to my account? Mine didn't seem to work.,balance_not_updated_after_cheque_or_cash_deposit,top_up_by_cash_or_cheque,False,0.3541,top_up_by_cash_or_cheque,0.3541,balance_not_updated_after_cheque_or_cash_deposit,0.1629,declined_card_payment,0.0463
I deposited a check but my balance is still the same.,balance_not_updated_after_cheque_or_cash_deposit,balance_not_updated_after_cheque_or_cash_deposit,True,0.9916,balance_not_updated_after_cheque_or_cash_deposit,0.9916,pending_top_up,0.0018,balance_not_updated_after_bank_transfer,0.0018
IM still waiting for my account to update from a cash deposit?,balance_not_updated_after_cheque_or_cash_deposit,balance_not_updated_after_cheque_or_cash_deposit,True,0.9602,balance_not_updated_after_cheque_or_cash_deposit,0.9602,pending_cash_withdrawal,0.0081,top_up_by_cash_or_cheque,0.0077
"I Submitted a cheque couple days ago, nothing happened to my account yet.Would you please check What could be the possible issue?",balance_not_updated_after_cheque_or_cash_deposit,balance_not_updated_after_cheque_or_cash_deposit,True,0.5118,balance_not_updated_after_cheque_or_cash_deposit,0.5118,top_up_by_cash_or_cheque,0.1098,beneficiary_not_allowed,0.0281
Where is my deposit?,balance_not_updated_after_cheque_or_cash_deposit,balance_not_updated_after_cheque_or_cash_deposit,True,0.973,balance_not_updated_after_cheque_or_cash_deposit,0.973,top_up_by_cash_or_cheque,0.008,verify_source_of_funds,0.0032
My bank statement doesn't show the cash deposit I made recently.,balance_not_updated_after_cheque_or_cash_deposit,balance_not_updated_after_cheque_or_cash_deposit,True,0.8584,balance_not_updated_after_cheque_or_cash_deposit,0.8584,cash_withdrawal_not_recognised,0.0145,balance_not_updated_after_bank_transfer,0.0133
My cash deposit from a week ago hasn't shown up. I need the money - how quickly can you sort this out?,balance_not_updated_after_cheque_or_cash_deposit,balance_not_updated_after_cheque_or_cash_deposit,True,0.8635,balance_not_updated_after_cheque_or_cash_deposit,0.8635,wrong_amount_of_cash_received,0.0097,card_delivery_estimate,0.0091
Why didn't my balance update after my cash or checque deposit?,balance_not_updated_after_cheque_or_cash_deposit,balance_not_updated_after_cheque_or_cash_deposit,True,0.9603,balance_not_updated_after_cheque_or_cash_deposit,0.9603,balance_not_updated_after_bank_transfer,0.0086,top_up_by_cash_or_cheque,0.0053
Why is the cash deposit not showing up in my account?,balance_not_updated_after_cheque_or_cash_deposit,balance_not_updated_after_cheque_or_cash_deposit,True,0.9833,balance_not_updated_after_cheque_or_cash_deposit,0.9833,pending_cash_withdrawal,0.0063,top_up_by_cash_or_cheque,0.0034
I made a deposit of cash and check that has not been added to my balance.,balance_not_updated_after_cheque_or_cash_deposit,balance_not_updated_after_cheque_or_cash_deposit,True,0.9468,balance_not_updated_after_cheque_or_cash_deposit,0.9468,top_up_by_cash_or_cheque,0.0152,pending_top_up,0.0071
Why hasn't my balance increased after depositing a check?,balance_not_updated_after_cheque_or_cash_deposit,balance_not_updated_after_cheque_or_cash_deposit,True,0.9363,balance_not_updated_after_cheque_or_cash_deposit,0.9363,balance_not_updated_after_bank_transfer,0.0229,pending_top_up,0.0066
Why does my account not accept cash deposits?,balance_not_updated_after_cheque_or_cash_deposit,balance_not_updated_after_cheque_or_cash_deposit,True,0.7132,balance_not_updated_after_cheque_or_cash_deposit,0.7132,top_up_by_cash_or_cheque,0.1313,terminate_account,0.0176
What happened to the cash that I tried to deposit into my account? It's gone!,balance_not_updated_after_cheque_or_cash_deposit,balance_not_updated_after_cheque_or_cash_deposit,True,0.4139,balance_not_updated_after_cheque_or_cash_deposit,0.4139,top_up_by_cash_or_cheque,0.1659,top_up_reverted,0.08
"I had a cheque deposited, but I still haven't seen the cash.",balance_not_updated_after_cheque_or_cash_deposit,balance_not_updated_after_cheque_or_cash_deposit,True,0.9912,balance_not_updated_after_cheque_or_cash_deposit,0.9912,top_up_by_cash_or_cheque,0.0034,pending_cash_withdrawal,0.0021
"A cheque deposit hasn't posted to my account, when will my balance update?",balance_not_updated_after_cheque_or_cash_deposit,balance_not_updated_after_cheque_or_cash_deposit,True,0.9952,balance_not_updated_after_cheque_or_cash_deposit,0.9952,balance_not_updated_after_bank_transfer,0.0025,top_up_by_cash_or_cheque,0.0008
I submitted a cash deposit to my account but it hasn't posted yet.,balance_not_updated_after_cheque_or_cash_deposit,balance_not_updated_after_cheque_or_cash_deposit,True,0.9492,balance_not_updated_after_cheque_or_cash_deposit,0.9492,pending_top_up,0.0065,top_up_by_cash_or_cheque,0.0064
I sent a cheque  a few days ago and nothing has happened to my account yet. Can you please check on this for me?,balance_not_updated_after_cheque_or_cash_deposit,balance_not_updated_after_cheque_or_cash_deposit,True,0.8487,balance_not_updated_after_cheque_or_cash_deposit,0.8487,top_up_by_cash_or_cheque,0.0346,transfer_not_received_by_recipient,0.0279
Has the check I deposited cleared to I can get the cash?,balance_not_updated_after_cheque_or_cash_deposit,balance_not_updated_after_cheque_or_cash_deposit,True,0.6085,balance_not_updated_after_cheque_or_cash_deposit,0.6085,top_up_by_cash_or_cheque,0.2366,pending_cash_withdrawal,0.0336
How long does it take to process cheque deposits?,balance_not_updated_after_cheque_or_cash_deposit,balance_not_updated_after_cheque_or_cash_deposit,True,0.9588,balance_not_updated_after_cheque_or_cash_deposit,0.9588,top_up_by_cash_or_cheque,0.0107,card_delivery_estimate,0.0066
How come my cash deposit is not showing up. This can't be right. There must be some mistake. Where did my cash go. You better not have lost it as I need this money asap.,balance_not_updated_after_cheque_or_cash_deposit,balance_not_updated_after_cheque_or_cash_deposit,True,0.5169,balance_not_updated_after_cheque_or_cash_deposit,0.5169,wrong_amount_of_cash_received,0.0667,cash_withdrawal_not_recognised,0.0508
I deposited cash this morning and I am still waiting,balance_not_updated_after_cheque_or_cash_deposit,balance_not_updated_after_cheque_or_cash_deposit,True,0.9912,balance_not_updated_after_cheque_or_cash_deposit,0.9912,pending_cash_withdrawal,0.0016,pending_top_up,0.0007
Balance hasn't been updated following a cheque or cash deposit,balance_not_updated_after_cheque_or_cash_deposit,balance_not_updated_after_cheque_or_cash_deposit,True,0.9956,balance_not_updated_after_cheque_or_cash_deposit,0.9956,top_up_by_cash_or_cheque,0.0022,balance_not_updated_after_bank_transfer,0.0008
I tired to deposit some cash into my account but it's not there,balance_not_updated_after_cheque_or_cash_deposit,balance_not_updated_after_cheque_or_cash_deposit,True,0.869,balance_not_updated_after_cheque_or_cash_deposit,0.869,top_up_by_cash_or_cheque,0.0612,cash_withdrawal_not_recognised,0.0139
"I sent you a cheque couple days ago, nothing happened to my account yet! This is unacceptable, where is my money??",balance_not_updated_after_cheque_or_cash_deposit,balance_not_updated_after_cheque_or_cash_deposit,True,0.8327,balance_not_updated_after_cheque_or_cash_deposit,0.8327,transfer_not_received_by_recipient,0.0262,top_up_by_cash_or_cheque,0.0184
I have a strange payment in my statement,card_payment_not_recognised,card_payment_not_recognised,True,0.9885,card_payment_not_recognised,0.9885,extra_charge_on_statement,0.0037,direct_debit_payment_not_recognised,0.0012
There is a charge on my card that I did not make,card_payment_not_recognised,card_payment_not_recognised,True,0.7387,card_payment_not_recognised,0.7387,direct_debit_payment_not_recognised,0.1717,cash_withdrawal_not_recognised,0.0546
I saw a payment i did not do,card_payment_not_recognised,card_payment_not_recognised,True,0.8723,card_payment_not_recognised,0.8723,declined_card_payment,0.0416,reverted_card_payment?,0.0285
There is a payment that is not mine in the app.  Please advise/,card_payment_not_recognised,card_payment_not_recognised,True,0.8363,card_payment_not_recognised,0.8363,direct_debit_payment_not_recognised,0.046,cash_withdrawal_not_recognised,0.0194
An unauthorized payment is in my app,card_payment_not_recognised,card_payment_not_recognised,True,0.4557,card_payment_not_recognised,0.4557,cash_withdrawal_not_recognised,0.2022,direct_debit_payment_not_recognised,0.1844
I did not make this card payment.,card_payment_not_recognised,card_payment_not_recognised,True,0.8817,card_payment_not_recognised,0.8817,declined_card_payment,0.0793,reverted_card_payment?,0.0235
What should I do if I see a payment I didn't make?,card_payment_not_recognised,card_payment_not_recognised,True,0.9463,card_payment_not_recognised,0.9463,direct_debit_payment_not_recognised,0.0132,pending_card_payment,0.0081
I found an unauthorized card payment,card_payment_not_recognised,card_payment_not_recognised,True,0.2864,card_payment_not_recognised,0.2864,direct_debit_payment_not_recognised,0.2044,reverted_card_payment?,0.1357
there is a transaction on my account that i didnt make,card_payment_not_recognised,card_payment_not_recognised,True,0.5907,card_payment_not_recognised,0.5907,direct_debit_payment_not_recognised,0.2596,cash_withdrawal_not_recognised,0.063
I don't recall making that payment?,card_payment_not_recognised,card_payment_not_recognised,True,0.9096,card_payment_not_recognised,0.9096,direct_debit_payment_not_recognised,0.0163,pending_card_payment,0.0145
There are some payments with my card that I don't know where they are coming from. Just checked today and it's been since a couple days as well! What to I do? Can I revert this retrospectively? My card needs to be frozen immediately as well!,card_payment_not_recognised,card_payment_not_recognised,True,0.7145,card_payment_not_recognised,0.7145,card_payment_fee_charged,0.0308,reverted_card_payment?,0.0206
Has someone accessed my card there are payments I did not make that are showing up on the app.,card_payment_not_recognised,card_payment_not_recognised,True,0.8775,card_payment_not_recognised,0.8775,cash_withdrawal_not_recognised,0.0603,compromised_card,0.0134
There are some strange charges on my card that I didn't make from a few days ago.  Is my card stolen and if so should I cancel it?  Will I get refunded the charges?,card_payment_not_recognised,card_payment_not_recognised,True,0.5622,card_payment_not_recognised,0.5622,compromised_card,0.0704,direct_debit_payment_not_recognised,0.066
Why would there be a payment on my account I don't recognize?,card_payment_not_recognised,card_payment_not_recognised,True,0.9607,card_payment_not_recognised,0.9607,direct_debit_payment_not_recognised,0.0103,reverted_card_payment?,0.0042
I have a payment I didn't do,card_payment_not_recognised,card_payment_not_recognised,True,0.9774,card_payment_not_recognised,0.9774,reverted_card_payment?,0.0073,declined_card_payment,0.005
There is a payment that is not mine.,card_payment_not_recognised,card_payment_not_recognised,True,0.9411,card_payment_not_recognised,0.9411,pending_card_payment,0.0205,direct_debit_payment_not_recognised,0.0187
Can you freeze my account?  I just saw there are transactions on my account that I don't recognize.  How can I fix this?,card_payment_not_recognised,card_payment_not_recognised,True,0.6315,card_payment_not_recognised,0.6315,compromised_card,0.166,cash_withdrawal_not_recognised,0.091
There is a card payment I do not recognise.,card_payment_not_recognised,card_payment_not_recognised,True,0.9726,card_payment_not_recognised,0.9726,direct_debit_payment_not_recognised,0.01,declined_card_payment,0.0044
I don't recognise a card payment,card_payment_not_recognised,card_payment_not_recognised,True,0.8705,card_payment_not_recognised,0.8705,direct_debit_payment_not_recognised,0.0514,declined_card_payment,0.027
Payment i did not do,card_payment_not_recognised,card_payment_not_recognised,True,0.8581,card_payment_not_recognised,0.8581,declined_card_payment,0.0564,reverted_card_payment?,0.0536
"Please put a freeze on my card,  I am worried there has been some payments on it and I don't know what for.",card_payment_not_recognised,card_payment_not_recognised,True,0.5557,card_payment_not_recognised,0.5557,card_payment_fee_charged,0.0745,compromised_card,0.0493
I think my statement has a fraudulent charge,card_payment_not_recognised,compromised_card,False,0.3916,compromised_card,0.3916,card_payment_not_recognised,0.2363,extra_charge_on_statement,0.1522
"I'm concerned about a payment that has recently been made on my card.  I do not recognize the name that the transaction went to, can you help me?",card_payment_not_recognised,card_payment_not_recognised,True,0.6573,card_payment_not_recognised,0.6573,direct_debit_payment_not_recognised,0.0462,cancel_transfer,0.0298
What should I do to get transactions off of my account if I didn't make them?  My card must have been compromised and I need to freeze it asap!,card_payment_not_recognised,compromised_card,False,0.4631,compromised_card,0.4631,card_payment_not_recognised,0.2039,cash_withdrawal_not_recognised,0.0785
I have a payment listed in error.,card_payment_not_recognised,card_payment_not_recognised,True,0.6726,card_payment_not_recognised,0.6726,pending_card_payment,0.0679,reverted_card_payment?,0.0396
What can I do about some payments on my card I didn't make.  Please put a freeze on my card till we can figure this out.,card_payment_not_recognised,card_payment_not_recognised,True,0.7986,card_payment_not_recognised,0.7986,direct_debit_payment_not_recognised,0.0581,cash_withdrawal_not_recognised,0.0288
I'm not familiar with a card payment.,card_payment_not_recognised,card_payment_not_recognised,True,0.6721,card_payment_not_recognised,0.6721,declined_card_payment,0.1161,card_payment_fee_charged,0.0576
I have an unauthorized transaction on my statement,card_payment_not_recognised,direct_debit_payment_not_recognised,False,0.5309,direct_debit_payment_not_recognised,0.5309,card_payment_not_recognised,0.2059,extra_charge_on_statement,0.0874
There is a payment in the App that is not mine.,card_payment_not_recognised,card_payment_not_recognised,True,0.9877,card_payment_not_recognised,0.9877,direct_debit_payment_not_recognised,0.0038,cash_withdrawal_not_recognised,0.0022
I don't know where this transaction came from?,card_payment_not_recognised,card_payment_not_recognised,True,0.7567,card_payment_not_recognised,0.7567,verify_source_of_funds,0.0861,direct_debit_payment_not_recognised,0.0275
I see a charge on my account that I don't recall making. I feel like my account may have been compromised.,card_payment_not_recognised,card_payment_not_recognised,True,0.1873,card_payment_not_recognised,0.1873,compromised_card,0.1565,direct_debit_payment_not_recognised,0.1028
"I know I didn't make this payment showing up on my card, I don't remember this person at all.",card_payment_not_recognised,card_payment_not_recognised,True,0.7207,card_payment_not_recognised,0.7207,direct_debit_payment_not_recognised,0.2322,declined_card_payment,0.008
Somebody used my card to make a purchase,card_payment_not_recognised,compromised_card,False,0.6152,compromised_card,0.6152,reverted_card_payment?,0.0485,card_payment_not_recognised,0.0319
There's a recent charge on my card that I know I didn't make because I've never seen the name before. Can we investigate this?,card_payment_not_recognised,card_payment_not_recognised,True,0.7433,card_payment_not_recognised,0.7433,direct_debit_payment_not_recognised,0.0773,card_payment_fee_charged,0.0262
Some of my card payments look different than where I purchased products from. Why is that?,card_payment_not_recognised,card_payment_not_recognised,True,0.2471,card_payment_not_recognised,0.2471,reverted_card_payment?,0.117,card_payment_fee_charged,0.1098
There is a strange payment on my statement. What should I do?,card_payment_not_recognised,card_payment_not_recognised,True,0.9522,card_payment_not_recognised,0.9522,extra_charge_on_statement,0.0262,direct_debit_payment_not_recognised,0.0058
I think there has been a purchase made that wasn't by me.,card_payment_not_recognised,request_refund,False,0.169,request_refund,0.169,cash_withdrawal_not_recognised,0.1418,compromised_card,0.1106
There is a fraudulent charge on my statement.,card_payment_not_recognised,card_payment_not_recognised,True,0.4464,card_payment_not_recognised,0.4464,extra_charge_on_statement,0.2835,direct_debit_payment_not_recognised,0.1217
What is the payment in my account that I did not do?,card_payment_not_recognised,card_payment_not_recognised,True,0.8319,card_payment_not_recognised,0.8319,direct_debit_payment_not_recognised,0.055,cash_withdrawal_not_recognised,0.0411
In my statement there is a payment that is I do not recognize,card_payment_not_recognised,card_payment_not_recognised,True,0.9882,card_payment_not_recognised,0.9882,direct_debit_payment_not_recognised,0.008,extra_charge_on_statement,0.0016
"I no longer live at my address on file, how do I change it?",edit_personal_details,edit_personal_details,True,0.843,edit_personal_details,0.843,exchange_via_app,0.015,change_pin,0.0118
How to change my address.,edit_personal_details,edit_personal_details,True,0.9971,edit_personal_details,0.9971,change_pin,0.0016,exchange_via_app,0.0004
How do I update my details?,edit_personal_details,edit_personal_details,True,0.9911,edit_personal_details,0.9911,compromised_card,0.0007,receiving_money,0.0004
My address needs to be revised.,edit_personal_details,edit_personal_details,True,0.7414,edit_personal_details,0.7414,cancel_transfer,0.0308,age_limit,0.0156
"got married, need to change account name",edit_personal_details,edit_personal_details,True,0.9624,edit_personal_details,0.9624,change_pin,0.0039,terminate_account,0.0029
My address has changed.,edit_personal_details,edit_personal_details,True,0.9698,edit_personal_details,0.9698,card_payment_wrong_exchange_rate,0.0031,change_pin,0.0016
got married and need to change name,edit_personal_details,edit_personal_details,True,0.9826,edit_personal_details,0.9826,change_pin,0.0024,exchange_via_app,0.0018
I want to change my personal details.,edit_personal_details,edit_personal_details,True,0.9975,edit_personal_details,0.9975,change_pin,0.0015,why_verify_identity,0.0002
I moved.  I need to update my details.,edit_personal_details,edit_personal_details,True,0.9964,edit_personal_details,0.9964,why_verify_identity,0.0003,card_delivery_estimate,0.0002
I need to edit the personal details section of my account,edit_personal_details,edit_personal_details,True,0.9539,edit_personal_details,0.9539,why_verify_identity,0.0126,terminate_account,0.0037
Where can I change my personal information after I move?,edit_personal_details,edit_personal_details,True,0.9588,edit_personal_details,0.9588,change_pin,0.0103,verify_source_of_funds,0.0029
Where can I go to modify my detail?,edit_personal_details,edit_personal_details,True,0.8047,edit_personal_details,0.8047,verify_source_of_funds,0.0182,card_acceptance,0.0137
How do I change my information?,edit_personal_details,edit_personal_details,True,0.9461,edit_personal_details,0.9461,change_pin,0.02,exchange_via_app,0.0052
I need to change my account details,edit_personal_details,edit_personal_details,True,0.9952,edit_personal_details,0.9952,change_pin,0.0026,why_verify_identity,0.0005
I moved.  Where do I update my details?,edit_personal_details,edit_personal_details,True,0.9819,edit_personal_details,0.9819,verify_source_of_funds,0.0012,compromised_card,0.0011
I relocated and need to change my personal details.,edit_personal_details,edit_personal_details,True,0.9973,edit_personal_details,0.9973,change_pin,0.001,why_verify_identity,0.0003
I need to update my personal details,edit_personal_details,edit_personal_details,True,0.9986,edit_personal_details,0.9986,why_verify_identity,0.0003,compromised_card,0.0001
My address has changed. How do I report it?,edit_personal_details,edit_personal_details,True,0.8442,edit_personal_details,0.8442,compromised_card,0.0136,exchange_via_app,0.0083
I need to update my info.,edit_personal_details,edit_personal_details,True,0.6904,edit_personal_details,0.6904,why_verify_identity,0.0295,card_delivery_estimate,0.0153
How can I modify my details?,edit_personal_details,edit_personal_details,True,0.9899,edit_personal_details,0.9899,receiving_money,0.0005,compromised_card,0.0005
What do i have to do to change my name?,edit_personal_details,edit_personal_details,True,0.9367,edit_personal_details,0.9367,change_pin,0.027,exchange_via_app,0.0055
My address has updated and I need to change it.,edit_personal_details,edit_personal_details,True,0.986,edit_personal_details,0.986,change_pin,0.0036,balance_not_updated_after_cheque_or_cash_deposit,0.0008
Where can I go to update my personal profile?,edit_personal_details,edit_personal_details,True,0.8426,edit_personal_details,0.8426,verify_source_of_funds,0.0106,card_acceptance,0.009
Is it possible to edit my personal details on the app?,edit_personal_details,edit_personal_details,True,0.9503,edit_personal_details,0.9503,card_linking,0.0068,why_verify_identity,0.0032
how can i change my details,edit_personal_details,edit_personal_details,True,0.9955,edit_personal_details,0.9955,change_pin,0.0036,exchange_via_app,0.0003
I need help changing my last name on my account.,edit_personal_details,edit_personal_details,True,0.5554,edit_personal_details,0.5554,terminate_account,0.047,card_payment_not_recognised,0.03
How do I update my current residence details?,edit_personal_details,edit_personal_details,True,0.8749,edit_personal_details,0.8749,receiving_money,0.0098,exchange_via_app,0.0092
how do i change name?,edit_personal_details,edit_personal_details,True,0.9642,edit_personal_details,0.9642,exchange_via_app,0.0088,change_pin,0.0057
I need to change my name since I got married,edit_personal_details,edit_personal_details,True,0.9854,edit_personal_details,0.9854,change_pin,0.0038,exchange_via_app,0.001
I want to change my address.,edit_personal_details,edit_personal_details,True,0.9913,edit_personal_details,0.9913,change_pin,0.0069,exchange_via_app,0.0002
how to change name,edit_personal_details,edit_personal_details,True,0.9782,edit_personal_details,0.9782,exchange_via_app,0.0078,change_pin,0.0076
Can I change my information?,edit_personal_details,edit_personal_details,True,0.9143,edit_personal_details,0.9143,change_pin,0.0608,exchange_via_app,0.0025
I need to update my current address,edit_personal_details,edit_personal_details,True,0.9722,edit_personal_details,0.9722,receiving_money,0.0023,exchange_via_app,0.0022
I have moved.  Where can I update my details?,edit_personal_details,edit_personal_details,True,0.9777,edit_personal_details,0.9777,card_arrival,0.0014,card_acceptance,0.0012
I want to change my name.,edit_personal_details,edit_personal_details,True,0.9592,edit_personal_details,0.9592,change_pin,0.035,exchange_via_app,0.0007
Should I just wait until the post office sends a change of address form?,edit_personal_details,edit_personal_details,True,0.488,edit_personal_details,0.488,pending_transfer,0.032,card_delivery_estimate,0.0208
I need to change my name what do I do?,edit_personal_details,edit_personal_details,True,0.9549,edit_personal_details,0.9549,change_pin,0.0277,exchange_via_app,0.0051
How can I edit my personal details?,edit_personal_details,edit_personal_details,True,0.9978,edit_personal_details,0.9978,compromised_card,0.0001,receiving_money,0.0001
How do I change my address?,edit_personal_details,edit_personal_details,True,0.9959,edit_personal_details,0.9959,change_pin,0.0016,exchange_via_app,0.0006
What do I need to do to change the address on my account?,edit_personal_details,edit_personal_details,True,0.9033,edit_personal_details,0.9033,change_pin,0.0197,exchange_via_app,0.0112
Why do you require so many details about my identity?,why_verify_identity,why_verify_identity,True,0.9691,why_verify_identity,0.9691,verify_my_identity,0.0167,edit_personal_details,0.0036
I'd rather not verify my identity.,why_verify_identity,unable_to_verify_identity,False,0.5645,unable_to_verify_identity,0.5645,verify_my_identity,0.2341,why_verify_identity,0.1785
do I need to verify my identity every time I log into my account?,why_verify_identity,why_verify_identity,True,0.8,why_verify_identity,0.8,unable_to_verify_identity,0.1086,verify_my_identity,0.0708
Why am I required to verify my identity?,why_verify_identity,why_verify_identity,True,0.9039,why_verify_identity,0.9039,verify_my_identity,0.0715,unable_to_verify_identity,0.0204
Can I make transfers before identity verification?,why_verify_identity,why_verify_identity,True,0.9012,why_verify_identity,0.9012,verify_my_identity,0.05,unable_to_verify_identity,0.0232
What is the need to verify my identity?,why_verify_identity,why_verify_identity,True,0.5259,why_verify_identity,0.5259,verify_my_identity,0.4523,unable_to_verify_identity,0.0178
Do I have to do the identity check?,why_verify_identity,why_verify_identity,True,0.8443,why_verify_identity,0.8443,verify_my_identity,0.1422,unable_to_verify_identity,0.0035
Can I use my account without verifying my identity?,why_verify_identity,why_verify_identity,True,0.9773,why_verify_identity,0.9773,verify_my_identity,0.011,unable_to_verify_identity,0.0069
Why is identity verification mandatory?,why_verify_identity,why_verify_identity,True,0.8999,why_verify_identity,0.8999,unable_to_verify_identity,0.0558,verify_my_identity,0.0367
Do I have to do an identity check?,why_verify_identity,why_verify_identity,True,0.8489,why_verify_identity,0.8489,verify_my_identity,0.1215,unable_to_verify_identity,0.0089
I would like to not have to do the identity verification.,why_verify_identity,why_verify_identity,True,0.5465,why_verify_identity,0.5465,unable_to_verify_identity,0.2446,verify_my_identity,0.1841
"Can I still use my account, even though the identity verification has not passed yet?",why_verify_identity,why_verify_identity,True,0.9582,why_verify_identity,0.9582,verify_my_identity,0.0145,unable_to_verify_identity,0.0092
Why do you require all my identity details?,why_verify_identity,why_verify_identity,True,0.9762,why_verify_identity,0.9762,verify_my_identity,0.0118,edit_personal_details,0.0034
Why do you need so much information to verify my identity?,why_verify_identity,why_verify_identity,True,0.9861,why_verify_identity,0.9861,verify_my_identity,0.0085,unable_to_verify_identity,0.0044
What is the purpose for the identity check,why_verify_identity,why_verify_identity,True,0.8839,why_verify_identity,0.8839,verify_my_identity,0.0681,transfer_not_received_by_recipient,0.0034
I don't like that I have to fill out so much information about my identity.,why_verify_identity,why_verify_identity,True,0.6143,why_verify_identity,0.6143,unable_to_verify_identity,0.1061,verify_my_identity,0.0832
What is the point of an identity check?,why_verify_identity,why_verify_identity,True,0.6243,why_verify_identity,0.6243,verify_my_identity,0.2745,top_up_by_cash_or_cheque,0.0101
How come you need to know my identity?,why_verify_identity,why_verify_identity,True,0.5504,why_verify_identity,0.5504,verify_my_identity,0.4107,unable_to_verify_identity,0.0138
"May I use my account now, even though the identity verification has not gone through yet?",why_verify_identity,why_verify_identity,True,0.9489,why_verify_identity,0.9489,unable_to_verify_identity,0.0133,verify_my_identity,0.0125
Do I need to verify my identity to use my account?,why_verify_identity,why_verify_identity,True,0.9915,why_verify_identity,0.9915,verify_my_identity,0.0063,unable_to_verify_identity,0.0017
Why am I required to do an identity check?,why_verify_identity,why_verify_identity,True,0.9602,why_verify_identity,0.9602,verify_my_identity,0.0235,top_up_by_cash_or_cheque,0.0024
Why am I being asked to have an identity check,why_verify_identity,why_verify_identity,True,0.9469,why_verify_identity,0.9469,unable_to_verify_identity,0.0122,verify_my_identity,0.0094
Can i make transactions before identity verification is complete?,why_verify_identity,why_verify_identity,True,0.912,why_verify_identity,0.912,verify_my_identity,0.0285,unable_to_verify_identity,0.0164
Do I really need to verify my identity?,why_verify_identity,why_verify_identity,True,0.6166,why_verify_identity,0.6166,verify_my_identity,0.3209,unable_to_verify_identity,0.0553
Why do I have to give you all of my identification details?,why_verify_identity,why_verify_identity,True,0.9723,why_verify_identity,0.9723,unable_to_verify_identity,0.009,edit_personal_details,0.0044
Why do you require so many identity details?,why_verify_identity,why_verify_identity,True,0.9814,why_verify_identity,0.9814,verify_my_identity,0.007,edit_personal_details,0.0032
"Since my id hasn't been verified, when can I use my account?",why_verify_identity,why_verify_identity,True,0.2263,why_verify_identity,0.2263,unable_to_verify_identity,0.1705,transfer_timing,0.05
I won't verify my identity.,why_verify_identity,unable_to_verify_identity,False,0.6109,unable_to_verify_identity,0.6109,verify_my_identity,0.217,why_verify_identity,0.167
I want to skip verification of my identity.,why_verify_identity,why_verify_identity,True,0.8513,why_verify_identity,0.8513,verify_my_identity,0.0816,unable_to_verify_identity,0.0602
I do not wish to verify my identity.,why_verify_identity,unable_to_verify_identity,False,0.4949,unable_to_verify_identity,0.4949,verify_my_identity,0.2468,why_verify_identity,0.2443
Why do I have to verify my identity?,why_verify_identity,why_verify_identity,True,0.9096,why_verify_identity,0.9096,verify_my_identity,0.0645,unable_to_verify_identity,0.0242
what is the identity check?,why_verify_identity,why_verify_identity,True,0.7367,why_verify_identity,0.7367,verify_my_identity,0.2522,top_up_by_cash_or_cheque,0.0016
What other methods are there to verify my identity?,why_verify_identity,verify_my_identity,False,0.5813,verify_my_identity,0.5813,why_verify_identity,0.2543,unable_to_verify_identity,0.1007
Do I need to verify my identity?,why_verify_identity,verify_my_identity,False,0.6819,verify_my_identity,0.6819,why_verify_identity,0.2881,unable_to_verify_identity,0.0277
Do I need to verify my identity each time I wish to use my account?,why_verify_identity,why_verify_identity,True,0.9543,why_verify_identity,0.9543,verify_my_identity,0.0256,unable_to_verify_identity,0.0108
Can I use my account if the identity verification is not complete?,why_verify_identity,why_verify_identity,True,0.9509,why_verify_identity,0.9509,verify_my_identity,0.0308,unable_to_verify_identity,0.0112
Why is it asking me to verify my identity,why_verify_identity,why_verify_identity,True,0.9622,why_verify_identity,0.9622,unable_to_verify_identity,0.0313,verify_my_identity,0.0046
Do I have to verify my identity?,why_verify_identity,why_verify_identity,True,0.5177,why_verify_identity,0.5177,verify_my_identity,0.3783,unable_to_verify_identity,0.1008
Why do you need to know so much about me,why_verify_identity,why_verify_identity,True,0.921,why_verify_identity,0.921,order_physical_card,0.0056,top_up_limits,0.004
Why did I need to verfiy my identity?,why_verify_identity,why_verify_identity,True,0.7759,why_verify_identity,0.7759,verify_my_identity,0.1843,unable_to_verify_identity,0.0295
I cannot verify my identity,unable_to_verify_identity,why_verify_identity,False,0.4369,why_verify_identity,0.4369,unable_to_verify_identity,0.303,verify_my_identity,0.2525
I do not have what is required to prove my identity,unable_to_verify_identity,unable_to_verify_identity,True,0.5541,unable_to_verify_identity,0.5541,why_verify_identity,0.3146,verify_my_identity,0.0842
Why doesn't the app believe I am who I say I am?,unable_to_verify_identity,unable_to_verify_identity,True,0.4242,unable_to_verify_identity,0.4242,why_verify_identity,0.0353,top_up_failed,0.0274
I am having trouble verifying my identity.,unable_to_verify_identity,unable_to_verify_identity,True,0.9512,unable_to_verify_identity,0.9512,why_verify_identity,0.0324,verify_my_identity,0.0095
what do i do if my verification failed,unable_to_verify_identity,verify_top_up,False,0.2913,verify_top_up,0.2913,verify_my_identity,0.1711,unable_to_verify_identity,0.1633
It is impossible to verify my identity,unable_to_verify_identity,why_verify_identity,False,0.7628,why_verify_identity,0.7628,unable_to_verify_identity,0.1796,verify_my_identity,0.0515
The app doesn't know it's me.,unable_to_verify_identity,unable_to_verify_identity,True,0.8318,unable_to_verify_identity,0.8318,transfer_not_received_by_recipient,0.0097,card_payment_not_recognised,0.0097
I'm having trouble verifying my ID.,unable_to_verify_identity,unable_to_verify_identity,True,0.9712,unable_to_verify_identity,0.9712,verify_top_up,0.0032,why_verify_identity,0.0028
app does not recognize me,unable_to_verify_identity,unable_to_verify_identity,True,0.8353,unable_to_verify_identity,0.8353,card_payment_not_recognised,0.0767,cash_withdrawal_not_recognised,0.019
Help my verify my id.,unable_to_verify_identity,unable_to_verify_identity,True,0.951,unable_to_verify_identity,0.951,verify_my_identity,0.0178,verify_top_up,0.0135
The app failed to verify my identity.,unable_to_verify_identity,unable_to_verify_identity,True,0.7585,unable_to_verify_identity,0.7585,verify_my_identity,0.1476,why_verify_identity,0.0793
I can't verify my ID.,unable_to_verify_identity,unable_to_verify_identity,True,0.9239,unable_to_verify_identity,0.9239,verify_my_identity,0.0499,verify_top_up,0.0096
I can't prove my identity.,unable_to_verify_identity,unable_to_verify_identity,True,0.9755,unable_to_verify_identity,0.9755,verify_my_identity,0.0176,why_verify_identity,0.0048
I am not being recognized by the app.,unable_to_verify_identity,unable_to_verify_identity,True,0.8349,unable_to_verify_identity,0.8349,card_payment_not_recognised,0.0237,cash_withdrawal_not_recognised,0.021
Why isn't my ID being verified?,unable_to_verify_identity,unable_to_verify_identity,True,0.9697,unable_to_verify_identity,0.9697,verify_top_up,0.0087,why_verify_identity,0.0026
The app will not let me into my account.,unable_to_verify_identity,unable_to_verify_identity,True,0.2141,unable_to_verify_identity,0.2141,terminate_account,0.1949,beneficiary_not_allowed,0.113
I am having trouble proving my identity.,unable_to_verify_identity,unable_to_verify_identity,True,0.9864,unable_to_verify_identity,0.9864,verify_my_identity,0.003,why_verify_identity,0.0016
I cannot prove my own identity.,unable_to_verify_identity,unable_to_verify_identity,True,0.8503,unable_to_verify_identity,0.8503,verify_my_identity,0.083,why_verify_identity,0.0249
My ID won't be verified!,unable_to_verify_identity,unable_to_verify_identity,True,0.949,unable_to_verify_identity,0.949,verify_my_identity,0.0122,verify_top_up,0.0097
I can not get the app to know it is me.,unable_to_verify_identity,unable_to_verify_identity,True,0.3266,unable_to_verify_identity,0.3266,card_payment_not_recognised,0.0424,direct_debit_payment_not_recognised,0.0414
I can't verify my identity.,unable_to_verify_identity,unable_to_verify_identity,True,0.5098,unable_to_verify_identity,0.5098,verify_my_identity,0.4018,why_verify_identity,0.0842
The app doesn't recognize me.,unable_to_verify_identity,unable_to_verify_identity,True,0.8821,unable_to_verify_identity,0.8821,card_payment_not_recognised,0.0569,cash_withdrawal_not_recognised,0.0156
I am having difficulties to verify my identity.,unable_to_verify_identity,unable_to_verify_identity,True,0.8794,unable_to_verify_identity,0.8794,why_verify_identity,0.0562,verify_my_identity,0.0489
The app doesn't believe that I am me,unable_to_verify_identity,unable_to_verify_identity,True,0.8378,unable_to_verify_identity,0.8378,cash_withdrawal_not_recognised,0.0166,top_up_failed,0.0102
What's with not verifying my Id?,unable_to_verify_identity,unable_to_verify_identity,True,0.7131,unable_to_verify_identity,0.7131,why_verify_identity,0.1027,verify_my_identity,0.04
What do i need to verify my id?,unable_to_verify_identity,verify_my_identity,False,0.7606,verify_my_identity,0.7606,unable_to_verify_identity,0.1811,verify_top_up,0.0266
"I tried verifying my ID, but it won't let me.",unable_to_verify_identity,unable_to_verify_identity,True,0.8532,unable_to_verify_identity,0.8532,declined_cash_withdrawal,0.0468,why_verify_identity,0.0116
How do I show this stupid system that this is really my identity?,unable_to_verify_identity,verify_my_identity,False,0.5117,verify_my_identity,0.5117,why_verify_identity,0.0647,unable_to_verify_identity,0.0621
I am experiencing difficulty providing my identity.,unable_to_verify_identity,unable_to_verify_identity,True,0.7748,unable_to_verify_identity,0.7748,verify_my_identity,0.055,why_verify_identity,0.0387
I a having trouble proving my identity,unable_to_verify_identity,unable_to_verify_identity,True,0.9787,unable_to_verify_identity,0.9787,why_verify_identity,0.0043,verify_my_identity,0.0034
How long will it take for my ID to verify?,unable_to_verify_identity,unable_to_verify_identity,True,0.9068,unable_to_verify_identity,0.9068,verify_my_identity,0.0186,card_delivery_estimate,0.0158
Why am I not able to verify my id?,unable_to_verify_identity,unable_to_verify_identity,True,0.9765,unable_to_verify_identity,0.9765,why_verify_identity,0.0092,verify_my_identity,0.0045
It doesn't let me verify my identity.,unable_to_verify_identity,unable_to_verify_identity,True,0.9471,unable_to_verify_identity,0.9471,why_verify_identity,0.0268,verify_my_identity,0.0216
app doesnt think its me,unable_to_verify_identity,unable_to_verify_identity,True,0.4457,unable_to_verify_identity,0.4457,card_linking,0.0397,card_payment_not_recognised,0.0281
Why am I having trouble verifying my id?,unable_to_verify_identity,unable_to_verify_identity,True,0.9688,unable_to_verify_identity,0.9688,why_verify_identity,0.006,declined_cash_withdrawal,0.0045
I am having issues with identity verification,unable_to_verify_identity,unable_to_verify_identity,True,0.7533,unable_to_verify_identity,0.7533,why_verify_identity,0.1436,verify_my_identity,0.0814
The app won't let me log in as myself.,unable_to_verify_identity,unable_to_verify_identity,True,0.5237,unable_to_verify_identity,0.5237,passcode_forgotten,0.058,beneficiary_not_allowed,0.0315
Why can't I verify my identity?,unable_to_verify_identity,verify_my_identity,False,0.432,verify_my_identity,0.432,why_verify_identity,0.3413,unable_to_verify_identity,0.2205
Why can't I verify my id?,unable_to_verify_identity,unable_to_verify_identity,True,0.8794,unable_to_verify_identity,0.8794,verify_my_identity,0.0574,verify_top_up,0.02
for some reason I am having a problem with verifying my identity.,unable_to_verify_identity,unable_to_verify_identity,True,0.9422,unable_to_verify_identity,0.9422,why_verify_identity,0.0254,verify_my_identity,0.0088
What do I do with my card PIN?,get_physical_card,get_physical_card,True,0.8011,get_physical_card,0.8011,change_pin,0.0516,card_not_working,0.05
Is the PIN delivered separately?,get_physical_card,get_physical_card,True,0.953,get_physical_card,0.953,card_delivery_estimate,0.0113,pin_blocked,0.0047
I do not have my pin,get_physical_card,get_physical_card,True,0.9341,get_physical_card,0.9341,pin_blocked,0.0468,change_pin,0.0163
Are PIN separately?,get_physical_card,get_physical_card,True,0.8864,get_physical_card,0.8864,pin_blocked,0.0232,change_pin,0.0216
I cannot seem to find my PIN. Where is it?,get_physical_card,get_physical_card,True,0.8876,get_physical_card,0.8876,pin_blocked,0.0369,change_pin,0.009
How do I set-up my PIN for the new card?,get_physical_card,get_physical_card,True,0.6044,get_physical_card,0.6044,pin_blocked,0.1317,change_pin,0.1087
How do I find my card PIN?,get_physical_card,get_physical_card,True,0.9935,get_physical_card,0.9935,pin_blocked,0.0024,lost_or_stolen_card,0.0013
is my card PIN saved in the app,get_physical_card,get_physical_card,True,0.9761,get_physical_card,0.9761,card_linking,0.012,pin_blocked,0.0024
I don't know where to look to find my PIN.,get_physical_card,get_physical_card,True,0.9652,get_physical_card,0.9652,verify_source_of_funds,0.005,pin_blocked,0.0045
where in the app can i find out about my new pin,get_physical_card,get_physical_card,True,0.6371,get_physical_card,0.6371,card_linking,0.1041,change_pin,0.068
Where in the app can I find my PIN?,get_physical_card,get_physical_card,True,0.9678,get_physical_card,0.9678,change_pin,0.0092,card_linking,0.0074
I just got my new card but am not sure how to check its PIN.,get_physical_card,activate_my_card,False,0.2939,activate_my_card,0.2939,card_arrival,0.191,get_physical_card,0.0812
do i need a pin,get_physical_card,get_physical_card,True,0.7608,get_physical_card,0.7608,pin_blocked,0.1566,change_pin,0.0786
"If I need a PIN for my card, where is it located?",get_physical_card,get_physical_card,True,0.5414,get_physical_card,0.5414,pin_blocked,0.2121,card_arrival,0.0336
what is my card PIN,get_physical_card,get_physical_card,True,0.982,get_physical_card,0.982,pin_blocked,0.0068,change_pin,0.004
And what about the Card's PIN?,get_physical_card,get_physical_card,True,0.8489,get_physical_card,0.8489,change_pin,0.0286,pin_blocked,0.0155
About this card PIN?,get_physical_card,get_physical_card,True,0.9087,get_physical_card,0.9087,change_pin,0.043,pin_blocked,0.0103
I received my card but not my PIN.,get_physical_card,get_physical_card,True,0.6779,get_physical_card,0.6779,change_pin,0.0637,pin_blocked,0.0625
Why can't I see my PIN?,get_physical_card,get_physical_card,True,0.6527,get_physical_card,0.6527,change_pin,0.1815,pin_blocked,0.1104
what is the process for setting up a pin,get_physical_card,get_physical_card,True,0.2262,get_physical_card,0.2262,pin_blocked,0.1891,change_pin,0.0455
Does my PIN come with my card?,get_physical_card,get_physical_card,True,0.7879,get_physical_card,0.7879,pin_blocked,0.078,change_pin,0.0371
Where can I find the card PIN?,get_physical_card,get_physical_card,True,0.9904,get_physical_card,0.9904,change_pin,0.0021,card_acceptance,0.0013
Why isn't my PIN available yet?,get_physical_card,get_physical_card,True,0.7153,get_physical_card,0.7153,pin_blocked,0.114,change_pin,0.0315
Is my PIN located on my account somewhere?,get_physical_card,get_physical_card,True,0.7436,get_physical_card,0.7436,pin_blocked,0.0832,change_pin,0.0329
"Please help in finding my card PIN, thank you!",get_physical_card,get_physical_card,True,0.3518,get_physical_card,0.3518,lost_or_stolen_card,0.1358,change_pin,0.063
Where is my PIN number located?,get_physical_card,get_physical_card,True,0.8868,get_physical_card,0.8868,pin_blocked,0.0923,change_pin,0.0119
I still don't have my pin.,get_physical_card,get_physical_card,True,0.8876,get_physical_card,0.8876,change_pin,0.0443,pin_blocked,0.0301
So what about the card PIN?,get_physical_card,get_physical_card,True,0.9215,get_physical_card,0.9215,change_pin,0.0221,pin_blocked,0.0081
I cannot locate the card PIN.,get_physical_card,get_physical_card,True,0.931,get_physical_card,0.931,pin_blocked,0.0198,change_pin,0.0057
I need my PIN,get_physical_card,get_physical_card,True,0.7238,get_physical_card,0.7238,pin_blocked,0.1873,change_pin,0.0879
Where can I find my PIN?,get_physical_card,get_physical_card,True,0.9855,get_physical_card,0.9855,change_pin,0.008,pin_blocked,0.003
When do I receive my PIN,get_physical_card,get_physical_card,True,0.9625,get_physical_card,0.9625,pin_blocked,0.0193,change_pin,0.0067
Help me find my card pin!,get_physical_card,get_physical_card,True,0.8599,get_physical_card,0.8599,lost_or_stolen_card,0.0862,pin_blocked,0.0131
Is PIN delivered separately?,get_physical_card,get_physical_card,True,0.8473,get_physical_card,0.8473,card_delivery_estimate,0.0366,pin_blocked,0.0212
I can not find my card pin.,get_physical_card,get_physical_card,True,0.9428,get_physical_card,0.9428,lost_or_stolen_card,0.0143,change_pin,0.0115
What do I need to do for a PIN?,get_physical_card,get_physical_card,True,0.3384,get_physical_card,0.3384,change_pin,0.2729,pin_blocked,0.2165
Why can't I find my PIN?,get_physical_card,get_physical_card,True,0.9663,get_physical_card,0.9663,pin_blocked,0.0154,change_pin,0.01
Where is the card PIN?,get_physical_card,get_physical_card,True,0.9945,get_physical_card,0.9945,card_arrival,0.0017,change_pin,0.0014
What is my card's PIN?,get_physical_card,get_physical_card,True,0.9038,get_physical_card,0.9038,change_pin,0.0248,pin_blocked,0.0176
where can user find pin?,get_physical_card,get_physical_card,True,0.5303,get_physical_card,0.5303,pin_blocked,0.1873,change_pin,0.0892
I like to Mastercard rather than Visa.,visa_or_mastercard,visa_or_mastercard,True,0.9836,visa_or_mastercard,0.9836,atm_support,0.0015,getting_spare_card,0.0009
Do I qualify for a visa card?,visa_or_mastercard,visa_or_mastercard,True,0.9679,visa_or_mastercard,0.9679,order_physical_card,0.0072,getting_spare_card,0.0018
How do I get a visa card?,visa_or_mastercard,visa_or_mastercard,True,0.9732,visa_or_mastercard,0.9732,order_physical_card,0.0177,getting_spare_card,0.0009
Do you guys accept Visa or Mastercard?,visa_or_mastercard,visa_or_mastercard,True,0.9599,visa_or_mastercard,0.9599,supported_cards_and_currencies,0.0171,card_acceptance,0.0041
Are both Visa and Mastercard accepted?,visa_or_mastercard,visa_or_mastercard,True,0.9809,visa_or_mastercard,0.9809,supported_cards_and_currencies,0.0065,card_acceptance,0.0038
Do you guys accept mastercard or visa?,visa_or_mastercard,visa_or_mastercard,True,0.816,visa_or_mastercard,0.816,supported_cards_and_currencies,0.1004,card_acceptance,0.01
Are both Visa and Mastercard offered?,visa_or_mastercard,visa_or_mastercard,True,0.9975,visa_or_mastercard,0.9975,atm_support,0.0002,supported_cards_and_currencies,0.0002
Can you give me a visa?,visa_or_mastercard,visa_or_mastercard,True,0.7075,visa_or_mastercard,0.7075,request_refund,0.063,country_support,0.0166
How to decide if I get a Visa or Mastercard?,visa_or_mastercard,visa_or_mastercard,True,0.993,visa_or_mastercard,0.993,atm_support,0.0005,order_physical_card,0.0004
Can I get a mastercard?,visa_or_mastercard,visa_or_mastercard,True,0.9735,visa_or_mastercard,0.9735,atm_support,0.0112,order_physical_card,0.0044
What steps must I follow to get a Visa credit card?,visa_or_mastercard,visa_or_mastercard,True,0.8299,visa_or_mastercard,0.8299,topping_up_by_card,0.0156,supported_cards_and_currencies,0.012
I'd rather get a Mastercard,visa_or_mastercard,visa_or_mastercard,True,0.9528,visa_or_mastercard,0.9528,atm_support,0.0053,getting_spare_card,0.0029
Do I get a choice between Visa and Mastercard?,visa_or_mastercard,visa_or_mastercard,True,0.9962,visa_or_mastercard,0.9962,order_physical_card,0.0005,atm_support,0.0002
What do I have to do to get a Visa credit card?,visa_or_mastercard,visa_or_mastercard,True,0.9506,visa_or_mastercard,0.9506,topping_up_by_card,0.0203,supported_cards_and_currencies,0.0067
I would prefer a visa card,visa_or_mastercard,visa_or_mastercard,True,0.9912,visa_or_mastercard,0.9912,getting_spare_card,0.0008,order_physical_card,0.0007
May I choose between Visa and Mastercard?,visa_or_mastercard,visa_or_mastercard,True,0.9984,visa_or_mastercard,0.9984,atm_support,0.0001,exchange_via_app,0.0001
Am I allowed to use any card to make a payment?,visa_or_mastercard,declined_card_payment,False,0.1812,declined_card_payment,0.1812,card_payment_not_recognised,0.1473,reverted_card_payment?,0.1263
What are the available cards?,visa_or_mastercard,order_physical_card,False,0.1908,order_physical_card,0.1908,country_support,0.1365,disposable_card_limits,0.1106
I want to get Visa and Mastercard,visa_or_mastercard,visa_or_mastercard,True,0.9996,visa_or_mastercard,0.9996,supported_cards_and_currencies,0.0,request_refund,0.0
Am I able to choose my card?,visa_or_mastercard,visa_or_mastercard,True,0.4636,visa_or_mastercard,0.4636,card_delivery_estimate,0.0628,card_not_working,0.0597
are both visa and mastercard available to me?,visa_or_mastercard,visa_or_mastercard,True,0.9881,visa_or_mastercard,0.9881,atm_support,0.0007,country_support,0.0007
Do you do Visa or Mastercard?,visa_or_mastercard,visa_or_mastercard,True,0.9992,visa_or_mastercard,0.9992,order_physical_card,0.0001,supported_cards_and_currencies,0.0001
How do I select a Mastercard instead of a Visa?,visa_or_mastercard,visa_or_mastercard,True,0.9832,visa_or_mastercard,0.9832,atm_support,0.001,exchange_via_app,0.0009
I would like to apply for a visa card.,visa_or_mastercard,visa_or_mastercard,True,0.9158,visa_or_mastercard,0.9158,getting_spare_card,0.0136,order_physical_card,0.012
Do I get to choose between Visa and Mastercard?,visa_or_mastercard,visa_or_mastercard,True,0.9983,visa_or_mastercard,0.9983,order_physical_card,0.0001,atm_support,0.0001
We need both a visa and a Mastercard.,visa_or_mastercard,visa_or_mastercard,True,0.9968,visa_or_mastercard,0.9968,atm_support,0.0003,getting_spare_card,0.0001
Hello. Can you tell me if you use Visa or Mastercard?,visa_or_mastercard,visa_or_mastercard,True,0.9755,visa_or_mastercard,0.9755,atm_support,0.0026,supported_cards_and_currencies,0.0018
I'd like more information about choosing a Visa or Mastercard.,visa_or_mastercard,visa_or_mastercard,True,0.9794,visa_or_mastercard,0.9794,getting_spare_card,0.0023,edit_personal_details,0.0014
Do you have Visa or Matercard?,visa_or_mastercard,visa_or_mastercard,True,0.9901,visa_or_mastercard,0.9901,country_support,0.0009,order_physical_card,0.0007
Is it possible to have both a Visa and a Mastercard from you?,visa_or_mastercard,visa_or_mastercard,True,0.9894,visa_or_mastercard,0.9894,getting_spare_card,0.0007,why_verify_identity,0.0006
I like Mastercard better.,visa_or_mastercard,visa_or_mastercard,True,0.852,visa_or_mastercard,0.852,atm_support,0.0143,card_acceptance,0.0068
Do you offer Visa or Mastercard?,visa_or_mastercard,visa_or_mastercard,True,0.9996,visa_or_mastercard,0.9996,country_support,0.0,supported_cards_and_currencies,0.0
I would rather the Mastercard.,visa_or_mastercard,visa_or_mastercard,True,0.8389,visa_or_mastercard,0.8389,atm_support,0.0108,getting_spare_card,0.0093
Please give me both a visa and a master card.,visa_or_mastercard,visa_or_mastercard,True,0.9785,visa_or_mastercard,0.9785,request_refund,0.0016,order_physical_card,0.0013
Is it possible to receive a Visa and a MasterCard?,visa_or_mastercard,visa_or_mastercard,True,0.9856,visa_or_mastercard,0.9856,order_physical_card,0.0015,card_delivery_estimate,0.0013
What major card payments are accepted?,visa_or_mastercard,supported_cards_and_currencies,False,0.5848,supported_cards_and_currencies,0.5848,card_acceptance,0.1442,declined_card_payment,0.0637
Is Visa or Mastercard available?,visa_or_mastercard,visa_or_mastercard,True,0.9969,visa_or_mastercard,0.9969,atm_support,0.0002,verify_source_of_funds,0.0001
Can you let me know if Visa is among the card scheme assignments?,visa_or_mastercard,visa_or_mastercard,True,0.5666,visa_or_mastercard,0.5666,card_arrival,0.0374,card_payment_fee_charged,0.0286
Do you use Mastercard or Visa?,visa_or_mastercard,visa_or_mastercard,True,0.9921,visa_or_mastercard,0.9921,supported_cards_and_currencies,0.0013,atm_support,0.0006
Is it possible to get a Visa here?,visa_or_mastercard,visa_or_mastercard,True,0.8098,visa_or_mastercard,0.8098,country_support,0.024,card_delivery_estimate,0.0228
How can I top up my account with a card?,topping_up_by_card,topping_up_by_card,True,0.5419,topping_up_by_card,0.5419,top_up_by_cash_or_cheque,0.1544,supported_cards_and_currencies,0.1445
WHERE IS MY MONEY I WAS USING MY CARD AND IT DISAPPEARED,topping_up_by_card,topping_up_by_card,True,0.3078,topping_up_by_card,0.3078,top_up_reverted,0.1525,card_arrival,0.0686
How can I top up by card?,topping_up_by_card,topping_up_by_card,True,0.8628,topping_up_by_card,0.8628,supported_cards_and_currencies,0.046,top_up_by_card_charge,0.028
What is the process for using my credit card to transfer money?,topping_up_by_card,topping_up_by_card,True,0.9132,topping_up_by_card,0.9132,top_up_by_bank_transfer_charge,0.015,transfer_into_account,0.015
How do I top up my card using your app? I'm new to this.,topping_up_by_card,topping_up_by_card,True,0.2135,topping_up_by_card,0.2135,card_linking,0.1891,transfer_into_account,0.1332
Can friends add to my account,topping_up_by_card,topping_up_by_card,True,0.7245,topping_up_by_card,0.7245,receiving_money,0.046,supported_cards_and_currencies,0.0301
Can I top up using my car?,topping_up_by_card,topping_up_by_card,True,0.4581,topping_up_by_card,0.4581,top_up_by_cash_or_cheque,0.1517,top_up_limits,0.0901
Why can't I see my topup in my wallet anymore?,topping_up_by_card,topping_up_by_card,True,0.7714,topping_up_by_card,0.7714,top_up_failed,0.0327,cash_withdrawal_not_recognised,0.025
Use credit card to transfer money,topping_up_by_card,topping_up_by_card,True,0.9538,topping_up_by_card,0.9538,supported_cards_and_currencies,0.012,transfer_into_account,0.0096
How do my friends top up my account,topping_up_by_card,topping_up_by_card,True,0.9866,topping_up_by_card,0.9866,transfer_into_account,0.0054,top_up_by_cash_or_cheque,0.0011
"I followed the instructions to transfer money using my card, but then the money disappeared and I don't know what happened.",topping_up_by_card,topping_up_by_card,True,0.4921,topping_up_by_card,0.4921,top_up_reverted,0.1048,transfer_not_received_by_recipient,0.0357
Where's the money that got charged to my card? It's not showing up in my account balance,topping_up_by_card,balance_not_updated_after_bank_transfer,False,0.5997,balance_not_updated_after_bank_transfer,0.5997,topping_up_by_card,0.1176,balance_not_updated_after_cheque_or_cash_deposit,0.1165
how can i top up?,topping_up_by_card,top_up_limits,False,0.7978,top_up_limits,0.7978,top_up_by_cash_or_cheque,0.0869,supported_cards_and_currencies,0.0317
"I am missing some funds from my account - I tried to transfer them using my credit card number, and it disappeared.",topping_up_by_card,topping_up_by_card,True,0.6373,topping_up_by_card,0.6373,failed_transfer,0.0462,compromised_card,0.0353
I have friends that would like to top-up my account is that possible?,topping_up_by_card,topping_up_by_card,True,0.8102,topping_up_by_card,0.8102,top_up_failed,0.0276,top_up_by_cash_or_cheque,0.0162
How do I transfer money using a credit card?,topping_up_by_card,topping_up_by_card,True,0.9606,topping_up_by_card,0.9606,transfer_into_account,0.016,supported_cards_and_currencies,0.0025
Can I give my friends access to my account so they can top it up for me?,topping_up_by_card,topping_up_by_card,True,0.8535,topping_up_by_card,0.8535,receiving_money,0.0131,top_up_by_cash_or_cheque,0.0093
"I did a top-up, but I'm not seeing it in my wallet yet.",topping_up_by_card,topping_up_by_card,True,0.3721,topping_up_by_card,0.3721,pending_top_up,0.1826,cash_withdrawal_not_recognised,0.1217
"i know i entered the right info, but my top up isn't in my balance",topping_up_by_card,pending_top_up,False,0.3347,pending_top_up,0.3347,topping_up_by_card,0.2178,top_up_reverted,0.106
Will my friend be able to top off my account?,topping_up_by_card,topping_up_by_card,True,0.5778,topping_up_by_card,0.5778,receiving_money,0.1238,top_up_by_cash_or_cheque,0.0718
Is there a way to transfer funds directly from my card?,topping_up_by_card,verify_source_of_funds,False,0.1616,verify_source_of_funds,0.1616,transfer_fee_charged,0.1382,failed_transfer,0.0978
Why isn't my top up showing on my wallet?,topping_up_by_card,topping_up_by_card,True,0.9008,topping_up_by_card,0.9008,pending_top_up,0.0219,top_up_reverted,0.0153
"I tried to top up using my card, but now the money just disappeared!",topping_up_by_card,topping_up_by_card,True,0.9397,topping_up_by_card,0.9397,top_up_reverted,0.0369,top_up_failed,0.005
Help me transfer money to my credit card.,topping_up_by_card,topping_up_by_card,True,0.8741,topping_up_by_card,0.8741,failed_transfer,0.0231,transfer_into_account,0.0146
I tried to use my card to top up but all of the money has disappeared.,topping_up_by_card,topping_up_by_card,True,0.9008,topping_up_by_card,0.9008,top_up_reverted,0.0762,top_up_failed,0.0042
Is it possible to use my credit card to transfer money?,topping_up_by_card,topping_up_by_card,True,0.9404,topping_up_by_card,0.9404,supported_cards_and_currencies,0.011,beneficiary_not_allowed,0.0066
How can someone add money to my account?,topping_up_by_card,transfer_into_account,False,0.4183,transfer_into_account,0.4183,top_up_by_cash_or_cheque,0.1226,topping_up_by_card,0.0996
Cannot access my top up.,topping_up_by_card,top_up_failed,False,0.3297,top_up_failed,0.3297,top_up_reverted,0.1408,topping_up_by_card,0.1371
Are my friends able to add funds to my account?,topping_up_by_card,topping_up_by_card,True,0.452,topping_up_by_card,0.452,supported_cards_and_currencies,0.1378,verify_source_of_funds,0.0709
Can I transfer money to my credit card?,topping_up_by_card,topping_up_by_card,True,0.9747,topping_up_by_card,0.9747,transfer_into_account,0.0081,supported_cards_and_currencies,0.0043
Who else can top up my account,topping_up_by_card,topping_up_by_card,True,0.8474,topping_up_by_card,0.8474,top_up_by_cash_or_cheque,0.0406,top_up_limits,0.0252
Why is my money gone right when I attempted to top up,topping_up_by_card,topping_up_by_card,True,0.5232,topping_up_by_card,0.5232,top_up_reverted,0.1424,pending_top_up,0.0888
How do i transfer money using my credit card?,topping_up_by_card,topping_up_by_card,True,0.9873,topping_up_by_card,0.9873,transfer_into_account,0.0047,compromised_card,0.0012
My friends want to top up my account,topping_up_by_card,topping_up_by_card,True,0.9905,topping_up_by_card,0.9905,transfer_into_account,0.0017,top_up_by_cash_or_cheque,0.0016
Who can top up my accounts?,topping_up_by_card,topping_up_by_card,True,0.3696,topping_up_by_card,0.3696,transfer_into_account,0.1462,top_up_by_cash_or_cheque,0.1187
show me how to top up with my card,topping_up_by_card,topping_up_by_card,True,0.8297,topping_up_by_card,0.8297,top_up_by_cash_or_cheque,0.0368,top_up_failed,0.0263
I topped up my card but the money disappeared.,topping_up_by_card,topping_up_by_card,True,0.9325,topping_up_by_card,0.9325,top_up_reverted,0.0572,pending_top_up,0.003
Why don't I see my top up in my wallet?,topping_up_by_card,topping_up_by_card,True,0.9803,topping_up_by_card,0.9803,top_up_reverted,0.0034,pending_top_up,0.0033
Why can't I see the top-up amount I just added to my account?,topping_up_by_card,pending_top_up,False,0.5015,pending_top_up,0.5015,top_up_failed,0.3144,topping_up_by_card,0.0368
Are my friends able to top up my account?,topping_up_by_card,topping_up_by_card,True,0.9754,topping_up_by_card,0.9754,top_up_by_cash_or_cheque,0.0082,top_up_failed,0.0027
How can i get multiple disposble cards.,disposable_card_limits,get_disposable_virtual_card,False,0.3626,get_disposable_virtual_card,0.3626,disposable_card_limits,0.2332,getting_spare_card,0.0912
Can I make many disposable cards per day?,disposable_card_limits,disposable_card_limits,True,0.9957,disposable_card_limits,0.9957,get_disposable_virtual_card,0.0024,virtual_card_not_working,0.0002
"I need to use my disposable card multiple times a day, is there a cutoff limit?",disposable_card_limits,disposable_card_limits,True,0.8341,disposable_card_limits,0.8341,virtual_card_not_working,0.0221,card_not_working,0.0178
How do I make more than one disposable card in a day?,disposable_card_limits,disposable_card_limits,True,0.8562,disposable_card_limits,0.8562,get_disposable_virtual_card,0.0744,getting_spare_card,0.0104
Can I have more than one disposable card?,disposable_card_limits,disposable_card_limits,True,0.9404,disposable_card_limits,0.9404,get_disposable_virtual_card,0.02,getting_spare_card,0.0199
what is the disposable cards limit?,disposable_card_limits,disposable_card_limits,True,0.9504,disposable_card_limits,0.9504,get_disposable_virtual_card,0.0457,top_up_limits,0.0016
What's the most disposable cards I can have?,disposable_card_limits,disposable_card_limits,True,0.8346,disposable_card_limits,0.8346,get_disposable_virtual_card,0.1041,getting_spare_card,0.0264
Do these virtual cards have any caps on using them?,disposable_card_limits,getting_virtual_card,False,0.5052,getting_virtual_card,0.5052,disposable_card_limits,0.2801,get_disposable_virtual_card,0.0413
How many disposable cards can I have?,disposable_card_limits,disposable_card_limits,True,0.9904,disposable_card_limits,0.9904,getting_spare_card,0.0042,get_disposable_virtual_card,0.0037
What is the amount of disposable cards I can have each day?,disposable_card_limits,disposable_card_limits,True,0.925,disposable_card_limits,0.925,get_disposable_virtual_card,0.0365,wrong_amount_of_cash_received,0.0067
How many disposable cards per day am I allowed to have?,disposable_card_limits,disposable_card_limits,True,0.9849,disposable_card_limits,0.9849,getting_spare_card,0.0056,get_disposable_virtual_card,0.0026
How many card payments can I use on a disposable card?,disposable_card_limits,disposable_card_limits,True,0.9338,disposable_card_limits,0.9338,get_disposable_virtual_card,0.0227,card_acceptance,0.0056
What if I need multiple disposable cards?,disposable_card_limits,disposable_card_limits,True,0.6423,disposable_card_limits,0.6423,get_disposable_virtual_card,0.2952,getting_spare_card,0.0126
"If I have more than one disposable card, can I make five payments on each of them?",disposable_card_limits,disposable_card_limits,True,0.7642,disposable_card_limits,0.7642,card_payment_not_recognised,0.0347,transaction_charged_twice,0.0285
Are you able to explain the restrictions of the disposable cards?,disposable_card_limits,disposable_card_limits,True,0.9558,disposable_card_limits,0.9558,get_disposable_virtual_card,0.0191,country_support,0.0067
What is the maximum number of transactions I can make with one card?,disposable_card_limits,disposable_card_limits,True,0.5544,disposable_card_limits,0.5544,top_up_limits,0.074,card_not_working,0.039
What is the limit to number of transactions I can do with a disposable card?,disposable_card_limits,disposable_card_limits,True,0.9878,disposable_card_limits,0.9878,top_up_limits,0.0034,get_disposable_virtual_card,0.001
How many disposable cards is the limit?,disposable_card_limits,disposable_card_limits,True,0.9955,disposable_card_limits,0.9955,top_up_limits,0.0016,get_disposable_virtual_card,0.0014
Tell me how many transactions I can do with a disposable card.,disposable_card_limits,disposable_card_limits,True,0.9763,disposable_card_limits,0.9763,get_disposable_virtual_card,0.0069,card_not_working,0.0019
I have to have several disposable cards per day.,disposable_card_limits,disposable_card_limits,True,0.9909,disposable_card_limits,0.9909,get_disposable_virtual_card,0.0047,getting_spare_card,0.0005
I would like to know any restrictions for the disposable cards.,disposable_card_limits,disposable_card_limits,True,0.9585,disposable_card_limits,0.9585,get_disposable_virtual_card,0.0155,getting_spare_card,0.0036
How can I create many temporary cards daily?,disposable_card_limits,getting_spare_card,False,0.2589,getting_spare_card,0.2589,disposable_card_limits,0.1439,supported_cards_and_currencies,0.0607
Is it possible to make several disposable cards in a day?,disposable_card_limits,disposable_card_limits,True,0.9231,disposable_card_limits,0.9231,get_disposable_virtual_card,0.0447,getting_spare_card,0.0033
How many disposable cards can I make in a single day?,disposable_card_limits,disposable_card_limits,True,0.9584,disposable_card_limits,0.9584,get_disposable_virtual_card,0.0286,getting_spare_card,0.0017
Is there a limit to how many transactions I can make on one disposable card?,disposable_card_limits,disposable_card_limits,True,0.9969,disposable_card_limits,0.9969,top_up_limits,0.001,compromised_card,0.0003
Are there any limits to how many disposable cards I can use?,disposable_card_limits,disposable_card_limits,True,0.9976,disposable_card_limits,0.9976,top_up_limits,0.0009,card_acceptance,0.0003
Can you explain the virtual cards limit?,disposable_card_limits,getting_virtual_card,False,0.6521,getting_virtual_card,0.6521,disposable_card_limits,0.2251,get_disposable_virtual_card,0.0207
How many disposable virtual cards can I have?,disposable_card_limits,disposable_card_limits,True,0.956,disposable_card_limits,0.956,get_disposable_virtual_card,0.0353,getting_virtual_card,0.0036
I need to create several disposable cards per day.,disposable_card_limits,disposable_card_limits,True,0.9754,disposable_card_limits,0.9754,get_disposable_virtual_card,0.0178,getting_spare_card,0.0007
Are there any hindrances to using a disposable virtual card?,disposable_card_limits,disposable_card_limits,True,0.6023,disposable_card_limits,0.6023,get_disposable_virtual_card,0.3402,virtual_card_not_working,0.0358
How many disposable cards can I own?,disposable_card_limits,disposable_card_limits,True,0.982,disposable_card_limits,0.982,get_disposable_virtual_card,0.0118,getting_spare_card,0.0015
How many virtual cards do I get?,disposable_card_limits,getting_virtual_card,False,0.8415,getting_virtual_card,0.8415,disposable_card_limits,0.1007,get_disposable_virtual_card,0.0132
What is the limit to disposable cards you can have?,disposable_card_limits,disposable_card_limits,True,0.9764,disposable_card_limits,0.9764,get_disposable_virtual_card,0.0092,top_up_limits,0.0044
How many times can I use a disposable card?,disposable_card_limits,disposable_card_limits,True,0.9867,disposable_card_limits,0.9867,get_disposable_virtual_card,0.0076,virtual_card_not_working,0.0004
What can I use a virtual disposable card for?,disposable_card_limits,get_disposable_virtual_card,False,0.8832,get_disposable_virtual_card,0.8832,virtual_card_not_working,0.0649,disposable_card_limits,0.0494
Do you know what the restriction of the disposable cards are?,disposable_card_limits,disposable_card_limits,True,0.7376,disposable_card_limits,0.7376,get_disposable_virtual_card,0.1913,country_support,0.0124
What are the limits for disposable virtual cards?,disposable_card_limits,disposable_card_limits,True,0.8587,disposable_card_limits,0.8587,get_disposable_virtual_card,0.1353,virtual_card_not_working,0.0035
What are the limits to using disposable virtual cards?,disposable_card_limits,disposable_card_limits,True,0.99,disposable_card_limits,0.99,get_disposable_virtual_card,0.0082,virtual_card_not_working,0.0009
How many transactions can I do with one disposable card?,disposable_card_limits,disposable_card_limits,True,0.9932,disposable_card_limits,0.9932,get_disposable_virtual_card,0.0015,compromised_card,0.0005
How many times can I use the disposable virtual card I have?,disposable_card_limits,disposable_card_limits,True,0.8631,disposable_card_limits,0.8631,get_disposable_virtual_card,0.1141,virtual_card_not_working,0.0181
I think someone is using my card to make transactions I don't remember.,compromised_card,compromised_card,True,0.9225,compromised_card,0.9225,cash_withdrawal_not_recognised,0.017,card_payment_not_recognised,0.0129
someone is using my account,compromised_card,compromised_card,True,0.7974,compromised_card,0.7974,cash_withdrawal_not_recognised,0.0997,terminate_account,0.0451
Someone I don't know has used my card without permission.,compromised_card,compromised_card,True,0.7818,compromised_card,0.7818,lost_or_stolen_card,0.1007,cash_withdrawal_not_recognised,0.0225
My card was used without my permission.,compromised_card,compromised_card,True,0.7223,compromised_card,0.7223,lost_or_stolen_card,0.1188,card_payment_fee_charged,0.0176
Can I freeze my card right now?,compromised_card,lost_or_stolen_card,False,0.3461,lost_or_stolen_card,0.3461,compromised_card,0.0831,card_not_working,0.0722
Freeze my account it's been hacked.,compromised_card,compromised_card,True,0.3231,compromised_card,0.3231,terminate_account,0.0784,lost_or_stolen_card,0.0423
"There are transactions I didn't make, someone else must have used my card.",compromised_card,compromised_card,True,0.9149,compromised_card,0.9149,card_payment_not_recognised,0.025,direct_debit_payment_not_recognised,0.0231
Can you freeze my card because someone used it while I was out of town. I did not make these purchases.,compromised_card,compromised_card,True,0.4439,compromised_card,0.4439,cash_withdrawal_not_recognised,0.2036,card_payment_not_recognised,0.1093
Someone is using my account to do online shopping! Please freeze it asap,compromised_card,compromised_card,True,0.6517,compromised_card,0.6517,cash_withdrawal_not_recognised,0.0874,terminate_account,0.0315
Someone else may be using my card.  There are transactions I don't recognize.,compromised_card,compromised_card,True,0.9741,compromised_card,0.9741,card_payment_not_recognised,0.0166,direct_debit_payment_not_recognised,0.0027
What do I do to stop unauthorized transactions on my card? I was never in the place from which the transactions on my bill were made and I never made them. Please help!,compromised_card,compromised_card,True,0.788,compromised_card,0.788,cancel_transfer,0.047,cash_withdrawal_not_recognised,0.0298
What do I do if I think my card was improperly used?,compromised_card,compromised_card,True,0.538,compromised_card,0.538,card_not_working,0.1642,lost_or_stolen_card,0.0726
How can I stop fraud on my account right now?,compromised_card,compromised_card,True,0.6334,compromised_card,0.6334,terminate_account,0.0456,cancel_transfer,0.0152
"I think my identity has been stolen, can you check on unauthorized charges?",compromised_card,compromised_card,True,0.3796,compromised_card,0.3796,lost_or_stolen_card,0.1592,why_verify_identity,0.1202
I think someone else is using my card.  There are transactions I didn't make.,compromised_card,compromised_card,True,0.9756,compromised_card,0.9756,card_payment_not_recognised,0.0111,cash_withdrawal_not_recognised,0.0061
"I don't recognize some of the transactions on my card, I think someone must have gotten my card info and used it.",compromised_card,compromised_card,True,0.9605,compromised_card,0.9605,card_payment_not_recognised,0.011,cash_withdrawal_not_recognised,0.0068
Can I use app to freeze account and dispute fraud?,compromised_card,compromised_card,True,0.2244,compromised_card,0.2244,direct_debit_payment_not_recognised,0.1055,card_payment_not_recognised,0.0892
My card is being used online to make a bunch of purchases! Someone else is using it fraudulently. Can you help me freeze it?,compromised_card,compromised_card,True,0.9605,compromised_card,0.9605,cash_withdrawal_not_recognised,0.0054,card_payment_not_recognised,0.0033
"Someone has my card number, freeze my account.",compromised_card,compromised_card,True,0.6085,compromised_card,0.6085,cash_withdrawal_not_recognised,0.1586,lost_or_stolen_card,0.0947
"I see random purchases to my account, was it hacked?",compromised_card,compromised_card,True,0.076,compromised_card,0.076,reverted_card_payment?,0.0752,extra_charge_on_statement,0.0699
It seems someone used my card! There are a few transactions from a small town in the middle of nowhere that I definitely have not made! Please prevent them from using it immediately!,compromised_card,compromised_card,True,0.4054,compromised_card,0.4054,cash_withdrawal_not_recognised,0.1371,direct_debit_payment_not_recognised,0.0688
How do I freeze my card using the app?,compromised_card,card_linking,False,0.4439,card_linking,0.4439,card_payment_not_recognised,0.1289,compromised_card,0.1144
My card has been compromised,compromised_card,compromised_card,True,0.6859,compromised_card,0.6859,cash_withdrawal_not_recognised,0.0999,lost_or_stolen_card,0.0389
What should I do if I think that someone else may be using my card.,compromised_card,compromised_card,True,0.9855,compromised_card,0.9855,card_not_working,0.002,cash_withdrawal_not_recognised,0.0019
"The transactions showing up are strange, I think my card was used without me knowing.",compromised_card,compromised_card,True,0.5824,compromised_card,0.5824,transaction_charged_twice,0.0467,card_not_working,0.0461
How do I freeze my account?,compromised_card,terminate_account,False,0.3008,terminate_account,0.3008,card_payment_not_recognised,0.2071,compromised_card,0.0948
"I'm not certain, but someone may be using my card.",compromised_card,compromised_card,True,0.8065,compromised_card,0.8065,cash_withdrawal_not_recognised,0.0203,card_payment_fee_charged,0.0136
How do I freeze my card? I think someone is using it to make a bunch of online transactions.,compromised_card,compromised_card,True,0.9703,compromised_card,0.9703,card_not_working,0.006,card_payment_not_recognised,0.0037
I think someone got my card details and used it because there are transactions i don't recognize. What do I do now?,compromised_card,compromised_card,True,0.9578,compromised_card,0.9578,card_payment_not_recognised,0.0155,cash_withdrawal_not_recognised,0.0065
Someone else used my card!,compromised_card,compromised_card,True,0.826,compromised_card,0.826,cash_withdrawal_not_recognised,0.0564,direct_debit_payment_not_recognised,0.034
I believe someone is using my card without my agreement!,compromised_card,compromised_card,True,0.9363,compromised_card,0.9363,cash_withdrawal_not_recognised,0.0236,lost_or_stolen_card,0.0051
"If I feel someone has my card information, can I get a new card?",compromised_card,compromised_card,True,0.37,compromised_card,0.37,card_arrival,0.0833,lost_or_stolen_card,0.0793
"There are a few transaction that I don't recognize, I think someone managed to get my card details and use it.",compromised_card,compromised_card,True,0.8865,compromised_card,0.8865,card_payment_not_recognised,0.0515,direct_debit_payment_not_recognised,0.0106
I think someone has access to my card numbers that shouldn't.,compromised_card,compromised_card,True,0.6044,compromised_card,0.6044,cash_withdrawal_not_recognised,0.0671,lost_or_stolen_card,0.0468
I think my child used my card while I wasn't home.,compromised_card,compromised_card,True,0.2469,compromised_card,0.2469,card_not_working,0.0799,card_arrival,0.048
What do I do if I think someone managed to get my card information?,compromised_card,compromised_card,True,0.7825,compromised_card,0.7825,card_not_working,0.0477,lost_or_stolen_card,0.0165
I think someone copied the numbers on my card and is using them.,compromised_card,compromised_card,True,0.7634,compromised_card,0.7634,cash_withdrawal_not_recognised,0.0485,lost_or_stolen_card,0.0166
What should I do if I think someone is using my card.,compromised_card,compromised_card,True,0.9819,compromised_card,0.9819,cash_withdrawal_not_recognised,0.0038,card_not_working,0.0031
Can I use app to freeze my card and dispute fraud?,compromised_card,compromised_card,True,0.3307,compromised_card,0.3307,card_not_working,0.1127,card_payment_not_recognised,0.0855
"Someone else is using my card, freeze it.",compromised_card,compromised_card,True,0.9476,compromised_card,0.9476,cash_withdrawal_not_recognised,0.0192,card_payment_not_recognised,0.0055
Do all ATMs take this card?,atm_support,atm_support,True,0.9795,atm_support,0.9795,card_acceptance,0.0035,declined_cash_withdrawal,0.0013
Which ATMs accept this card?,atm_support,atm_support,True,0.9856,atm_support,0.9856,card_acceptance,0.0096,supported_cards_and_currencies,0.0017
Where is the closest Mastercard ATM?,atm_support,atm_support,True,0.9861,atm_support,0.9861,visa_or_mastercard,0.0033,card_acceptance,0.0012
Is there a list of ATM machines?,atm_support,atm_support,True,0.5757,atm_support,0.5757,card_swallowed,0.0731,declined_cash_withdrawal,0.0534
Are there any specific ATMs that this card can be used at?,atm_support,atm_support,True,0.8621,atm_support,0.8621,card_acceptance,0.0214,card_delivery_estimate,0.0161
How do I know which ATMs will accept this card?,atm_support,atm_support,True,0.9545,atm_support,0.9545,card_acceptance,0.0274,supported_cards_and_currencies,0.0064
Which ATM's accept my card?,atm_support,atm_support,True,0.7694,atm_support,0.7694,card_acceptance,0.1106,supported_cards_and_currencies,0.0469
Is there any nearby ATM's?,atm_support,atm_support,True,0.7341,atm_support,0.7341,declined_cash_withdrawal,0.0169,cash_withdrawal_charge,0.0138
Where are the locations of ATMs that accept this card?,atm_support,atm_support,True,0.9839,atm_support,0.9839,card_acceptance,0.0083,country_support,0.0012
Which ATMs accept this placard ?,atm_support,atm_support,True,0.9726,atm_support,0.9726,card_acceptance,0.01,supported_cards_and_currencies,0.0053
Help me locate the nearest ATM.,atm_support,atm_support,True,0.4338,atm_support,0.4338,wrong_amount_of_cash_received,0.0937,card_swallowed,0.0477
What ATMs is the card okay to use at?,atm_support,atm_support,True,0.7301,atm_support,0.7301,card_not_working,0.0875,declined_cash_withdrawal,0.0197
How can I find the nearest ATM?,atm_support,atm_support,True,0.8469,atm_support,0.8469,wrong_amount_of_cash_received,0.0118,card_swallowed,0.0108
What kind of ATM's can I use?,atm_support,atm_support,True,0.8619,atm_support,0.8619,supported_cards_and_currencies,0.029,verify_my_identity,0.0073
How can I withdraw money?,atm_support,atm_support,True,0.817,atm_support,0.817,declined_cash_withdrawal,0.1051,cash_withdrawal_charge,0.0171
How many miles away is the ATM?,atm_support,declined_cash_withdrawal,False,0.213,declined_cash_withdrawal,0.213,atm_support,0.1763,card_swallowed,0.1012
From where can I withdraw?,atm_support,atm_support,True,0.7735,atm_support,0.7735,declined_cash_withdrawal,0.05,cash_withdrawal_not_recognised,0.0285
Which ATM's will accept my card?,atm_support,atm_support,True,0.7324,atm_support,0.7324,card_acceptance,0.1483,supported_cards_and_currencies,0.0505
At what ATMS am I able to use the card?,atm_support,atm_support,True,0.7881,atm_support,0.7881,card_not_working,0.0773,declined_cash_withdrawal,0.0215
Can I use my card at any ATMs?,atm_support,atm_support,True,0.9492,atm_support,0.9492,card_acceptance,0.019,card_not_working,0.0154
Can I get cash with this card anywhere?,atm_support,card_acceptance,False,0.5379,card_acceptance,0.5379,order_physical_card,0.1733,atm_support,0.0678
"
Which ATMs accept this card?",atm_support,atm_support,True,0.9856,atm_support,0.9856,card_acceptance,0.0096,supported_cards_and_currencies,0.0017
Can someone please assist me with finding my nearest ATM?,atm_support,atm_support,True,0.6559,atm_support,0.6559,lost_or_stolen_card,0.0254,declined_cash_withdrawal,0.0172
Are there any ATM machines near me?,atm_support,atm_support,True,0.8881,atm_support,0.8881,declined_cash_withdrawal,0.0162,card_swallowed,0.0147
Where is the nearest bank machine?,atm_support,atm_support,True,0.64,atm_support,0.64,balance_not_updated_after_bank_transfer,0.0639,card_swallowed,0.0209
What type of ATMs accept this card?,atm_support,atm_support,True,0.9432,atm_support,0.9432,card_acceptance,0.0157,supported_cards_and_currencies,0.0128
Where can I use this card at an ATM?,atm_support,atm_support,True,0.9512,atm_support,0.9512,card_acceptance,0.0428,declined_cash_withdrawal,0.0008
"If I have this card, which ATMs can I go to?",atm_support,atm_support,True,0.8518,atm_support,0.8518,supported_cards_and_currencies,0.0117,card_arrival,0.0074
What ATMs can I withdraw money from?,atm_support,atm_support,True,0.9903,atm_support,0.9903,declined_cash_withdrawal,0.0078,wrong_exchange_rate_for_cash_withdrawal,0.0006
"I want to withdraw money, where can I go?",atm_support,atm_support,True,0.7456,atm_support,0.7456,declined_cash_withdrawal,0.0606,cash_withdrawal_charge,0.0209
Where can I withdrawal my money?,atm_support,atm_support,True,0.4048,atm_support,0.4048,cash_withdrawal_not_recognised,0.1924,cash_withdrawal_charge,0.1005
What are the ATMs that will accept this card?,atm_support,atm_support,True,0.9562,atm_support,0.9562,card_acceptance,0.0234,supported_cards_and_currencies,0.0074
What ATMs will accept this type of card?,atm_support,atm_support,True,0.8578,atm_support,0.8578,supported_cards_and_currencies,0.0449,card_acceptance,0.0336
Where can I find an ATM to use this card?,atm_support,atm_support,True,0.9686,atm_support,0.9686,card_acceptance,0.0212,declined_cash_withdrawal,0.001
At which ATMs can I use this card?,atm_support,atm_support,True,0.9878,atm_support,0.9878,card_acceptance,0.0074,supported_cards_and_currencies,0.0006
Are there certain ATMs that I can use this card at?,atm_support,atm_support,True,0.9418,atm_support,0.9418,card_acceptance,0.0144,card_not_working,0.0049
Do you know the closest ATM?,atm_support,atm_support,True,0.8515,atm_support,0.8515,card_swallowed,0.0193,country_support,0.0086
Can I use this card at an ATM?,atm_support,atm_support,True,0.97,atm_support,0.97,card_acceptance,0.0106,declined_cash_withdrawal,0.0044
Is there places where I can't withdraw money?,atm_support,atm_support,True,0.8031,atm_support,0.8031,declined_cash_withdrawal,0.0558,card_acceptance,0.0448
locations to withdraw money,atm_support,atm_support,True,0.8487,atm_support,0.8487,declined_cash_withdrawal,0.0777,wrong_exchange_rate_for_cash_withdrawal,0.0136
Help me.  There is a Direct Debit that I didn't make.,direct_debit_payment_not_recognised,direct_debit_payment_not_recognised,True,0.9986,direct_debit_payment_not_recognised,0.9986,cash_withdrawal_not_recognised,0.0006,card_payment_not_recognised,0.0004
There is a direct debit that's not mine.,direct_debit_payment_not_recognised,direct_debit_payment_not_recognised,True,0.995,direct_debit_payment_not_recognised,0.995,card_payment_not_recognised,0.0007,cash_withdrawal_not_recognised,0.0004
I have a strange direct debit in my statement,direct_debit_payment_not_recognised,direct_debit_payment_not_recognised,True,0.9883,direct_debit_payment_not_recognised,0.9883,extra_charge_on_statement,0.0051,card_payment_not_recognised,0.0014
I don't understand where this debit came from and want it removed.,direct_debit_payment_not_recognised,direct_debit_payment_not_recognised,True,0.5472,direct_debit_payment_not_recognised,0.5472,card_payment_not_recognised,0.0379,request_refund,0.0263
what is this charge on my account,direct_debit_payment_not_recognised,direct_debit_payment_not_recognised,True,0.5867,direct_debit_payment_not_recognised,0.5867,extra_charge_on_statement,0.2988,card_payment_not_recognised,0.0338
"im so mad right now. theres several charges that I think my x boyfriend made on my card. the companys on the website wouldn't refund me my money, they told me to contact my bank. DO something please.",direct_debit_payment_not_recognised,request_refund,False,0.173,request_refund,0.173,Refund_not_showing_up,0.1344,transfer_fee_charged,0.0904
someone stole my money,direct_debit_payment_not_recognised,cash_withdrawal_not_recognised,False,0.4892,cash_withdrawal_not_recognised,0.4892,lost_or_stolen_card,0.1841,lost_or_stolen_phone,0.0747
There's a Direct Debit payment in my account that I didn't make,direct_debit_payment_not_recognised,direct_debit_payment_not_recognised,True,0.9897,direct_debit_payment_not_recognised,0.9897,card_payment_not_recognised,0.0098,cash_withdrawal_not_recognised,0.0001
There's a debit on my account that I didn't do.,direct_debit_payment_not_recognised,direct_debit_payment_not_recognised,True,0.9344,direct_debit_payment_not_recognised,0.9344,cash_withdrawal_not_recognised,0.0297,card_payment_not_recognised,0.0217
I may have a fraud charge on my debit statement.,direct_debit_payment_not_recognised,direct_debit_payment_not_recognised,True,0.9638,direct_debit_payment_not_recognised,0.9638,extra_charge_on_statement,0.0224,compromised_card,0.0034
Why is there a direct debit payment on my app that is not from me?,direct_debit_payment_not_recognised,direct_debit_payment_not_recognised,True,0.9974,direct_debit_payment_not_recognised,0.9974,card_payment_not_recognised,0.0016,cash_withdrawal_not_recognised,0.0002
Weird charges are appearing in my debit account.,direct_debit_payment_not_recognised,direct_debit_payment_not_recognised,True,0.4141,direct_debit_payment_not_recognised,0.4141,transaction_charged_twice,0.1619,terminate_account,0.0272
"Even though it's late, I wanted to see about disputing a charge. I was just looking through my transactions over the past couple of months and noticed a pretty large amount that was not completed by me. Is this possibly something I can still do.",direct_debit_payment_not_recognised,direct_debit_payment_not_recognised,True,0.6817,direct_debit_payment_not_recognised,0.6817,pending_top_up,0.0297,transfer_fee_charged,0.0258
"There was a transaction from two weeks ago from a business that I don't know. I'm fairly certain it wasn't me who made it, but is it an option to trace it to confirm?",direct_debit_payment_not_recognised,direct_debit_payment_not_recognised,True,0.2996,direct_debit_payment_not_recognised,0.2996,cancel_transfer,0.0837,transfer_not_received_by_recipient,0.0689
What is this direct debit I am seeing?,direct_debit_payment_not_recognised,direct_debit_payment_not_recognised,True,0.997,direct_debit_payment_not_recognised,0.997,extra_charge_on_statement,0.0002,cash_withdrawal_not_recognised,0.0002
There is a Direct Debit that I don't recognize.,direct_debit_payment_not_recognised,direct_debit_payment_not_recognised,True,0.9982,direct_debit_payment_not_recognised,0.9982,card_payment_not_recognised,0.001,cash_withdrawal_not_recognised,0.0002
Unknown direct deposit,direct_debit_payment_not_recognised,direct_debit_payment_not_recognised,True,0.7852,direct_debit_payment_not_recognised,0.7852,balance_not_updated_after_cheque_or_cash_deposit,0.0681,top_up_by_cash_or_cheque,0.0131
There is a suspicious direct debit payment.,direct_debit_payment_not_recognised,direct_debit_payment_not_recognised,True,0.9923,direct_debit_payment_not_recognised,0.9923,card_payment_not_recognised,0.0012,reverted_card_payment?,0.0007
There is a transaction from my account that I don't recognize can you trace back the information so I can make sure it's something I did or not?,direct_debit_payment_not_recognised,direct_debit_payment_not_recognised,True,0.5923,direct_debit_payment_not_recognised,0.5923,card_payment_not_recognised,0.1668,cash_withdrawal_not_recognised,0.0563
"A couple weeks ago some money was deducted from my account by some seller that I don't remember. I'm pretty sure I didn't do that, but is it possible to trace back who that is just to make sure?",direct_debit_payment_not_recognised,direct_debit_payment_not_recognised,True,0.9099,direct_debit_payment_not_recognised,0.9099,reverted_card_payment?,0.0234,cash_withdrawal_not_recognised,0.0195
I found a charge for a direct debit that was not made by me.,direct_debit_payment_not_recognised,direct_debit_payment_not_recognised,True,0.9977,direct_debit_payment_not_recognised,0.9977,transfer_fee_charged,0.0004,extra_charge_on_statement,0.0002
"I am seeing a weird payment showing up that I know I did not make, how can I get it cancelled?",direct_debit_payment_not_recognised,direct_debit_payment_not_recognised,True,0.3816,direct_debit_payment_not_recognised,0.3816,reverted_card_payment?,0.2079,card_payment_not_recognised,0.1218
This Direct Debit payment may not be right.,direct_debit_payment_not_recognised,direct_debit_payment_not_recognised,True,0.9914,direct_debit_payment_not_recognised,0.9914,reverted_card_payment?,0.0018,card_payment_not_recognised,0.0009
why does the app show a direct debit payment that I did not authorize,direct_debit_payment_not_recognised,direct_debit_payment_not_recognised,True,0.9871,direct_debit_payment_not_recognised,0.9871,card_payment_not_recognised,0.0062,cash_withdrawal_not_recognised,0.0012
Can I dispute a payment even if I notice it several weeks after it was made?,direct_debit_payment_not_recognised,direct_debit_payment_not_recognised,True,0.3773,direct_debit_payment_not_recognised,0.3773,reverted_card_payment?,0.3529,transaction_charged_twice,0.0302
It seems there is an incorrect listing of a direct debit payment on my app that I did not make,direct_debit_payment_not_recognised,direct_debit_payment_not_recognised,True,0.9849,direct_debit_payment_not_recognised,0.9849,card_payment_not_recognised,0.0094,cash_withdrawal_not_recognised,0.0024
I don't think I made this charge on my debit statement.,direct_debit_payment_not_recognised,direct_debit_payment_not_recognised,True,0.9663,direct_debit_payment_not_recognised,0.9663,card_payment_not_recognised,0.0165,extra_charge_on_statement,0.0119
I have a direct debit charge that I do not recognize,direct_debit_payment_not_recognised,direct_debit_payment_not_recognised,True,0.9968,direct_debit_payment_not_recognised,0.9968,card_payment_not_recognised,0.0017,extra_charge_on_statement,0.0002
I didn't make this direct debit transaction,direct_debit_payment_not_recognised,direct_debit_payment_not_recognised,True,0.9991,direct_debit_payment_not_recognised,0.9991,transfer_not_received_by_recipient,0.0002,card_payment_not_recognised,0.0001
There's a direct debit on my account that I didn't authorize,direct_debit_payment_not_recognised,direct_debit_payment_not_recognised,True,0.9938,direct_debit_payment_not_recognised,0.9938,cash_withdrawal_not_recognised,0.0026,card_payment_not_recognised,0.0014
I understand that this is extremely late. After going over my transactions for the last couple of months I noticed a large charge that I'm sure I did not make. Is there anyway I can still dispute this?,direct_debit_payment_not_recognised,direct_debit_payment_not_recognised,True,0.8114,direct_debit_payment_not_recognised,0.8114,card_payment_not_recognised,0.0573,transfer_fee_charged,0.0164
I don't recognize a debit payment that was made and would like to find out about the payment.,direct_debit_payment_not_recognised,direct_debit_payment_not_recognised,True,0.6842,direct_debit_payment_not_recognised,0.6842,card_payment_not_recognised,0.241,reverted_card_payment?,0.0341
I am concerned about the security in my account and would like to make a dispute.,direct_debit_payment_not_recognised,terminate_account,False,0.1412,terminate_account,0.1412,direct_debit_payment_not_recognised,0.1152,why_verify_identity,0.044
Why is there a direct debit I didn't make showing in the app?,direct_debit_payment_not_recognised,direct_debit_payment_not_recognised,True,0.9963,direct_debit_payment_not_recognised,0.9963,cash_withdrawal_not_recognised,0.0011,card_payment_not_recognised,0.0005
There is a direct debit I do not recognise in my statement,direct_debit_payment_not_recognised,direct_debit_payment_not_recognised,True,0.9962,direct_debit_payment_not_recognised,0.9962,card_payment_not_recognised,0.0019,cash_withdrawal_not_recognised,0.0007
"I have a direct debit transaction I have not set up, but would like to .",direct_debit_payment_not_recognised,direct_debit_payment_not_recognised,True,0.9667,direct_debit_payment_not_recognised,0.9667,transfer_not_received_by_recipient,0.0061,cancel_transfer,0.0026
Someone has taken my money and I don't know who,direct_debit_payment_not_recognised,cash_withdrawal_not_recognised,False,0.2521,cash_withdrawal_not_recognised,0.2521,compromised_card,0.0877,direct_debit_payment_not_recognised,0.087
I was charged on my account that shouldn't be there.,direct_debit_payment_not_recognised,extra_charge_on_statement,False,0.2106,extra_charge_on_statement,0.2106,cash_withdrawal_charge,0.1412,card_payment_fee_charged,0.1233
There's a direct debit I wish to dispute,direct_debit_payment_not_recognised,direct_debit_payment_not_recognised,True,0.9984,direct_debit_payment_not_recognised,0.9984,cash_withdrawal_not_recognised,0.0001,terminate_account,0.0001
Why was my account deducted from a seller when I didn't approve of it?,direct_debit_payment_not_recognised,direct_debit_payment_not_recognised,True,0.6158,direct_debit_payment_not_recognised,0.6158,reverted_card_payment?,0.1358,top_up_reverted,0.0322
What do I do if I forget my passcode?  Because I did.,passcode_forgotten,passcode_forgotten,True,0.9232,passcode_forgotten,0.9232,pin_blocked,0.0124,lost_or_stolen_phone,0.0037
I can't find my password,passcode_forgotten,passcode_forgotten,True,0.9936,passcode_forgotten,0.9936,lost_or_stolen_card,0.0012,get_physical_card,0.0009
How do I retrieve my passcode?,passcode_forgotten,passcode_forgotten,True,0.9566,passcode_forgotten,0.9566,lost_or_stolen_card,0.0035,get_physical_card,0.0025
My passcode doesn't seem to be working,passcode_forgotten,passcode_forgotten,True,0.9583,passcode_forgotten,0.9583,card_not_working,0.0218,top_up_failed,0.0028
I lost my password,passcode_forgotten,passcode_forgotten,True,0.9818,passcode_forgotten,0.9818,lost_or_stolen_card,0.0118,lost_or_stolen_phone,0.0012
My password isn't being accepted and I need to reset it.,passcode_forgotten,passcode_forgotten,True,0.8828,passcode_forgotten,0.8828,unable_to_verify_identity,0.0099,card_not_working,0.0048
Something is wrong with my password.,passcode_forgotten,passcode_forgotten,True,0.7833,passcode_forgotten,0.7833,card_payment_wrong_exchange_rate,0.0363,card_not_working,0.0198
Something is wrong with my passcode,passcode_forgotten,passcode_forgotten,True,0.9524,passcode_forgotten,0.9524,card_payment_wrong_exchange_rate,0.009,declined_cash_withdrawal,0.0039
"How do I reset a forgotten passcode, please?",passcode_forgotten,passcode_forgotten,True,0.975,passcode_forgotten,0.975,request_refund,0.0018,pin_blocked,0.0017
I can't recall my passcode and need to reset it.,passcode_forgotten,passcode_forgotten,True,0.9896,passcode_forgotten,0.9896,card_not_working,0.0006,request_refund,0.0006
Can I be given a new passcode?,passcode_forgotten,passcode_forgotten,True,0.9672,passcode_forgotten,0.9672,card_about_to_expire,0.0017,getting_spare_card,0.0013
I do not know my passcode.,passcode_forgotten,passcode_forgotten,True,0.9965,passcode_forgotten,0.9965,get_physical_card,0.0004,declined_card_payment,0.0002
I don't remember my code to get into the app.,passcode_forgotten,passcode_forgotten,True,0.9609,passcode_forgotten,0.9609,card_payment_not_recognised,0.0047,card_linking,0.0034
I no longer have my passcode.,passcode_forgotten,passcode_forgotten,True,0.9707,passcode_forgotten,0.9707,get_physical_card,0.0018,terminate_account,0.0016
Why won't my passcode work?,passcode_forgotten,passcode_forgotten,True,0.9834,passcode_forgotten,0.9834,card_not_working,0.0053,declined_cash_withdrawal,0.0017
Can I resent my passcode?,passcode_forgotten,passcode_forgotten,True,0.9985,passcode_forgotten,0.9985,receiving_money,0.0001,get_physical_card,0.0001
I need to reset my passcode. How do I do it?,passcode_forgotten,passcode_forgotten,True,0.9841,passcode_forgotten,0.9841,pin_blocked,0.0011,request_refund,0.0011
Show me please how to reset my passcode.,passcode_forgotten,passcode_forgotten,True,0.9831,passcode_forgotten,0.9831,request_refund,0.0008,verify_my_identity,0.0006
Help me reset the passcode.,passcode_forgotten,passcode_forgotten,True,0.9915,passcode_forgotten,0.9915,unable_to_verify_identity,0.0004,request_refund,0.0004
I have forgotten my passcode to access my app,passcode_forgotten,passcode_forgotten,True,0.9949,passcode_forgotten,0.9949,lost_or_stolen_phone,0.0008,get_physical_card,0.0002
What should I do if the passcode doesn't work for me?,passcode_forgotten,passcode_forgotten,True,0.9145,passcode_forgotten,0.9145,card_not_working,0.0205,unable_to_verify_identity,0.004
"I do not remember the code, what should I do?",passcode_forgotten,passcode_forgotten,True,0.57,passcode_forgotten,0.57,card_payment_not_recognised,0.027,cash_withdrawal_not_recognised,0.0261
Where can I reset the passcode?,passcode_forgotten,passcode_forgotten,True,0.9894,passcode_forgotten,0.9894,card_acceptance,0.0013,atm_support,0.0008
I need help resetting my passcode to access my app.,passcode_forgotten,passcode_forgotten,True,0.9927,passcode_forgotten,0.9927,lost_or_stolen_phone,0.0011,unable_to_verify_identity,0.0005
What steps do I take to receive another passcode?,passcode_forgotten,passcode_forgotten,True,0.6635,passcode_forgotten,0.6635,receiving_money,0.0862,getting_spare_card,0.0445
I forgot my password,passcode_forgotten,passcode_forgotten,True,0.9971,passcode_forgotten,0.9971,pin_blocked,0.0003,lost_or_stolen_phone,0.0001
I forgot my code to get into the app.,passcode_forgotten,passcode_forgotten,True,0.9706,passcode_forgotten,0.9706,card_linking,0.0044,lost_or_stolen_phone,0.0018
I have forgotten my password.,passcode_forgotten,passcode_forgotten,True,0.9749,passcode_forgotten,0.9749,card_arrival,0.0009,pin_blocked,0.0009
I forgot the code to access the app.,passcode_forgotten,passcode_forgotten,True,0.9179,passcode_forgotten,0.9179,lost_or_stolen_phone,0.0402,card_linking,0.0049
Is there a way to reset my passcode?,passcode_forgotten,passcode_forgotten,True,0.9925,passcode_forgotten,0.9925,pin_blocked,0.0006,verify_source_of_funds,0.0004
Can you help me reset my password?,passcode_forgotten,passcode_forgotten,True,0.9836,passcode_forgotten,0.9836,lost_or_stolen_card,0.0015,pin_blocked,0.0012
Can I reset my password?  I don't know what it is.,passcode_forgotten,passcode_forgotten,True,0.9816,passcode_forgotten,0.9816,direct_debit_payment_not_recognised,0.0029,card_not_working,0.0018
How do I reset the passcode?,passcode_forgotten,passcode_forgotten,True,0.991,passcode_forgotten,0.991,country_support,0.0004,verify_my_identity,0.0004
What should I do if I forgot my passcode?,passcode_forgotten,passcode_forgotten,True,0.9881,passcode_forgotten,0.9881,pin_blocked,0.0016,lost_or_stolen_phone,0.0011
My passcode doesn't work,passcode_forgotten,passcode_forgotten,True,0.9948,passcode_forgotten,0.9948,card_not_working,0.0011,top_up_failed,0.0005
Tell me how to reset the passcode.,passcode_forgotten,passcode_forgotten,True,0.982,passcode_forgotten,0.982,card_not_working,0.001,card_delivery_estimate,0.0007
I need a new passcode.,passcode_forgotten,passcode_forgotten,True,0.9896,passcode_forgotten,0.9896,getting_spare_card,0.002,edit_personal_details,0.0006
I don't have my access code for the app.,passcode_forgotten,passcode_forgotten,True,0.7467,passcode_forgotten,0.7467,lost_or_stolen_phone,0.1403,card_payment_not_recognised,0.021
Can you tell me what to do to reset my passcode?,passcode_forgotten,passcode_forgotten,True,0.9794,passcode_forgotten,0.9794,card_not_working,0.0013,order_physical_card,0.0008
What is the code I need to get into the app?,passcode_forgotten,passcode_forgotten,True,0.6486,passcode_forgotten,0.6486,card_linking,0.1039,exchange_via_app,0.0279
Can you tell me why you won't let me get my own money out of the money machine? I know I used the right PIN.,declined_cash_withdrawal,declined_cash_withdrawal,True,0.2671,declined_cash_withdrawal,0.2671,get_physical_card,0.1201,atm_support,0.0477
My withdrawal was cancelled.,declined_cash_withdrawal,declined_cash_withdrawal,True,0.684,declined_cash_withdrawal,0.684,cash_withdrawal_not_recognised,0.0718,top_up_reverted,0.0612
This is very frustrating. I can't get my card to work on any ATM I try and I've tried 3 of them so far. What's going on? Can you please fix this issue immediately?,declined_cash_withdrawal,card_not_working,False,0.2327,card_not_working,0.2327,top_up_failed,0.1516,failed_transfer,0.1411
The ATM did not allow me to withdraw,declined_cash_withdrawal,declined_cash_withdrawal,True,0.6862,declined_cash_withdrawal,0.6862,wrong_amount_of_cash_received,0.0774,atm_support,0.0655
Why was my ATM transaction cancelled?,declined_cash_withdrawal,declined_cash_withdrawal,True,0.6775,declined_cash_withdrawal,0.6775,top_up_reverted,0.09,cancel_transfer,0.0611
The ATM keeps declining my card. I tried at a couple different ATMs. Can you tell me if there's a problem with my account?,declined_cash_withdrawal,declined_cash_withdrawal,True,0.7867,declined_cash_withdrawal,0.7867,top_up_failed,0.0559,atm_support,0.0274
I was at the ATM trying to made a withdraw and I was declined.,declined_cash_withdrawal,declined_cash_withdrawal,True,0.9695,declined_cash_withdrawal,0.9695,declined_transfer,0.0093,wrong_exchange_rate_for_cash_withdrawal,0.0072
The ATM didn't let me get any cash,declined_cash_withdrawal,declined_cash_withdrawal,True,0.6641,declined_cash_withdrawal,0.6641,wrong_amount_of_cash_received,0.2714,wrong_exchange_rate_for_cash_withdrawal,0.0213
I want to know why I have been unable to withdrawn funds.,declined_cash_withdrawal,declined_cash_withdrawal,True,0.2547,declined_cash_withdrawal,0.2547,beneficiary_not_allowed,0.1326,cash_withdrawal_charge,0.0728
"I need your help to check my account, please! My card keeps being declined at the ATM, and I've already tried two different ones!",declined_cash_withdrawal,declined_cash_withdrawal,True,0.5761,declined_cash_withdrawal,0.5761,declined_card_payment,0.0859,declined_transfer,0.0433
"Hi, My card withdrawal was declined this morning. It was working fine till yesterday. Please check and inform me.",declined_cash_withdrawal,declined_cash_withdrawal,True,0.6694,declined_cash_withdrawal,0.6694,declined_transfer,0.0668,card_not_working,0.0613
"Hi, I was trying to use my card but it was declining by ATM. I have cross checked with two different ATMs but i was facing the same issue. Could you please check my account.",declined_cash_withdrawal,declined_cash_withdrawal,True,0.8095,declined_cash_withdrawal,0.8095,top_up_failed,0.0285,declined_transfer,0.028
I tried to make a cash withdrawal and it was declined. Why did this happen?,declined_cash_withdrawal,declined_cash_withdrawal,True,0.7757,declined_cash_withdrawal,0.7757,cash_withdrawal_not_recognised,0.0543,pending_cash_withdrawal,0.0535
I can't get money out of the ATM,declined_cash_withdrawal,declined_cash_withdrawal,True,0.9244,declined_cash_withdrawal,0.9244,card_swallowed,0.0256,wrong_amount_of_cash_received,0.0224
The ATM is declining my card. I tried at two different ATMs. Can you tell me if there's anything wrong with my account?,declined_cash_withdrawal,declined_cash_withdrawal,True,0.9081,declined_cash_withdrawal,0.9081,atm_support,0.0174,card_not_working,0.0065
The withdrawal was declined I am unsure as to why this happened?,declined_cash_withdrawal,declined_cash_withdrawal,True,0.7524,declined_cash_withdrawal,0.7524,declined_transfer,0.0475,declined_card_payment,0.0423
I was declined when I tried to get cash.,declined_cash_withdrawal,declined_cash_withdrawal,True,0.9796,declined_cash_withdrawal,0.9796,declined_transfer,0.0088,declined_card_payment,0.0046
Why was I declined at the ATM today when I was trying to make a withdraw?,declined_cash_withdrawal,declined_cash_withdrawal,True,0.97,declined_cash_withdrawal,0.97,declined_transfer,0.0075,cash_withdrawal_charge,0.0053
What are some reasons that would cause ATM machines to decline my card? It has happened to me multiple times!,declined_cash_withdrawal,declined_card_payment,False,0.4061,declined_card_payment,0.4061,declined_cash_withdrawal,0.1513,card_not_working,0.0726
Why did the ATM machine fail to give me a cash withdrawal?,declined_cash_withdrawal,declined_cash_withdrawal,True,0.749,declined_cash_withdrawal,0.749,cash_withdrawal_charge,0.0833,pending_cash_withdrawal,0.0652
My ATM transaction was unsuccessful.,declined_cash_withdrawal,wrong_amount_of_cash_received,False,0.2558,wrong_amount_of_cash_received,0.2558,declined_cash_withdrawal,0.098,failed_transfer,0.0895
I attempted to get cash but was declined.,declined_cash_withdrawal,declined_cash_withdrawal,True,0.9175,declined_cash_withdrawal,0.9175,declined_transfer,0.0501,declined_card_payment,0.0104
I tried to withdraw money but I was declined!,declined_cash_withdrawal,declined_cash_withdrawal,True,0.9948,declined_cash_withdrawal,0.9948,declined_transfer,0.0015,pending_cash_withdrawal,0.0009
How come I can't take money out of the ATM?,declined_cash_withdrawal,declined_cash_withdrawal,True,0.725,declined_cash_withdrawal,0.725,cash_withdrawal_charge,0.0717,wrong_amount_of_cash_received,0.0463
The ATM keeps declining my card. I tried at two different ATMs. Can you tell me if there's an issue with my account?,declined_cash_withdrawal,declined_cash_withdrawal,True,0.8556,declined_cash_withdrawal,0.8556,atm_support,0.0259,top_up_failed,0.021
Why was my cash withdrawal declined?,declined_cash_withdrawal,declined_cash_withdrawal,True,0.9531,declined_cash_withdrawal,0.9531,pending_cash_withdrawal,0.0264,cash_withdrawal_charge,0.0071
Why could I not get cash?,declined_cash_withdrawal,declined_cash_withdrawal,True,0.9292,declined_cash_withdrawal,0.9292,wrong_amount_of_cash_received,0.0139,cash_withdrawal_charge,0.0102
why couldn't I get cash in the ATM?,declined_cash_withdrawal,declined_cash_withdrawal,True,0.9792,declined_cash_withdrawal,0.9792,wrong_amount_of_cash_received,0.0102,cash_withdrawal_charge,0.004
Why can't I get cash?,declined_cash_withdrawal,declined_cash_withdrawal,True,0.9876,declined_cash_withdrawal,0.9876,top_up_by_cash_or_cheque,0.0019,cash_withdrawal_charge,0.0013
Why didn't the ATM give me my money?,declined_cash_withdrawal,declined_cash_withdrawal,True,0.5544,declined_cash_withdrawal,0.5544,wrong_amount_of_cash_received,0.3652,card_swallowed,0.0261
i tried to withdraw money from an atm and i was declined on front of my friends. Why did this happen?,declined_cash_withdrawal,declined_cash_withdrawal,True,0.9546,declined_cash_withdrawal,0.9546,wrong_exchange_rate_for_cash_withdrawal,0.0085,cash_withdrawal_charge,0.0064
The ATM isn't giving out any money.,declined_cash_withdrawal,declined_cash_withdrawal,True,0.6843,declined_cash_withdrawal,0.6843,wrong_amount_of_cash_received,0.1511,card_swallowed,0.0332
Why was I declined getting cash?,declined_cash_withdrawal,declined_cash_withdrawal,True,0.9085,declined_cash_withdrawal,0.9085,declined_transfer,0.0468,declined_card_payment,0.0304
I couldn't get cash at the atm,declined_cash_withdrawal,declined_cash_withdrawal,True,0.9613,declined_cash_withdrawal,0.9613,wrong_amount_of_cash_received,0.0307,wrong_exchange_rate_for_cash_withdrawal,0.0027
"Oh my goodness, my card has been declined twice at ATM! I tried two different ATM, but each one declined my card! Can you tell me what's going on with my account?",declined_cash_withdrawal,declined_cash_withdrawal,True,0.5692,declined_cash_withdrawal,0.5692,declined_card_payment,0.2009,declined_transfer,0.041
Why could I not choose cash at the ATM?,declined_cash_withdrawal,declined_cash_withdrawal,True,0.7805,declined_cash_withdrawal,0.7805,wrong_amount_of_cash_received,0.0991,cash_withdrawal_charge,0.0669
My cash withdrawl was declined why?,declined_cash_withdrawal,declined_cash_withdrawal,True,0.9523,declined_cash_withdrawal,0.9523,declined_transfer,0.0093,pending_cash_withdrawal,0.0086
Is there a reason that the ATM declined my transaction?,declined_cash_withdrawal,declined_cash_withdrawal,True,0.4541,declined_cash_withdrawal,0.4541,declined_transfer,0.1722,pending_cash_withdrawal,0.0841
The cash I tried to draw from the ATM was not approved.,declined_cash_withdrawal,declined_cash_withdrawal,True,0.7759,declined_cash_withdrawal,0.7759,wrong_amount_of_cash_received,0.1434,wrong_exchange_rate_for_cash_withdrawal,0.0279
atm would not give me cash,declined_cash_withdrawal,declined_cash_withdrawal,True,0.8413,declined_cash_withdrawal,0.8413,wrong_amount_of_cash_received,0.0967,wrong_exchange_rate_for_cash_withdrawal,0.0391
"My card payment is still on hold, why is it so?",pending_card_payment,pending_card_payment,True,0.5117,pending_card_payment,0.5117,declined_card_payment,0.1869,reverted_card_payment?,0.0886
Why is my payment pending?,pending_card_payment,pending_card_payment,True,0.9948,pending_card_payment,0.9948,pending_transfer,0.0024,reverted_card_payment?,0.0015
My card payment is still pending.,pending_card_payment,pending_card_payment,True,0.9958,pending_card_payment,0.9958,pending_transfer,0.0015,declined_card_payment,0.0006
How do i finalize a card payment,pending_card_payment,card_payment_not_recognised,False,0.4532,card_payment_not_recognised,0.4532,declined_card_payment,0.1852,reverted_card_payment?,0.1687
Why is my card payment showing as pending?,pending_card_payment,pending_card_payment,True,0.9939,pending_card_payment,0.9939,reverted_card_payment?,0.0027,declined_card_payment,0.0014
Why has my payment not gone through?,pending_card_payment,pending_card_payment,True,0.7643,pending_card_payment,0.7643,declined_card_payment,0.1837,reverted_card_payment?,0.0294
Please help me to know the status of my card payment as its pending since a while.,pending_card_payment,pending_card_payment,True,0.9076,pending_card_payment,0.9076,lost_or_stolen_card,0.0112,declined_card_payment,0.0098
"I recently made a payment, and it is showing up in my account as ""pending"". What does that mean?",pending_card_payment,pending_card_payment,True,0.81,pending_card_payment,0.81,pending_transfer,0.0237,transaction_charged_twice,0.0146
What does it mean by pending payment?,pending_card_payment,pending_card_payment,True,0.9915,pending_card_payment,0.9915,pending_transfer,0.0025,reverted_card_payment?,0.0014
When will my card payment be done pending?,pending_card_payment,pending_card_payment,True,0.9854,pending_card_payment,0.9854,pending_transfer,0.0055,reverted_card_payment?,0.0022
I made this payment days ago so why hasn't it gone through yet?,pending_card_payment,pending_card_payment,True,0.9448,pending_card_payment,0.9448,transfer_not_received_by_recipient,0.0137,declined_card_payment,0.0075
I am seeing pending from the card payment I made.,pending_card_payment,pending_card_payment,True,0.916,pending_card_payment,0.916,reverted_card_payment?,0.0382,card_payment_not_recognised,0.0131
My card payment is showing pending.,pending_card_payment,pending_card_payment,True,0.9933,pending_card_payment,0.9933,reverted_card_payment?,0.0023,declined_card_payment,0.0015
I bought some stuff this morning but the payment shows as pending,pending_card_payment,pending_card_payment,True,0.9551,pending_card_payment,0.9551,pending_transfer,0.0128,reverted_card_payment?,0.0068
I am waiting for a payment to go through.,pending_card_payment,pending_card_payment,True,0.8549,pending_card_payment,0.8549,declined_card_payment,0.0633,reverted_card_payment?,0.008
How long does an item I bought show as pending?,pending_card_payment,pending_card_payment,True,0.5296,pending_card_payment,0.5296,pending_transfer,0.2608,pending_top_up,0.0666
What is a pending payment?,pending_card_payment,pending_card_payment,True,0.9982,pending_card_payment,0.9982,pending_transfer,0.0008,reverted_card_payment?,0.0002
I would like to know why my purchases from this morning are still pending.,pending_card_payment,pending_card_payment,True,0.843,pending_card_payment,0.843,pending_transfer,0.0333,request_refund,0.0165
Why is there a pending transaction on my card?,pending_card_payment,pending_card_payment,True,0.8276,pending_card_payment,0.8276,pending_transfer,0.0554,pending_cash_withdrawal,0.0412
My card payment is pending.,pending_card_payment,pending_card_payment,True,0.9967,pending_card_payment,0.9967,declined_card_payment,0.0015,reverted_card_payment?,0.0009
Why is a payment showing up on my card as pending?,pending_card_payment,pending_card_payment,True,0.9916,pending_card_payment,0.9916,reverted_card_payment?,0.0017,card_payment_fee_charged,0.0012
I made a purchase and it says it's pending. What does that mean?,pending_card_payment,pending_card_payment,True,0.8335,pending_card_payment,0.8335,pending_transfer,0.0317,pending_top_up,0.0269
How long do card transactions take to clear?,pending_card_payment,card_not_working,False,0.2463,card_not_working,0.2463,transfer_not_received_by_recipient,0.0979,compromised_card,0.0677
what does pending mean?,pending_card_payment,pending_card_payment,True,0.7474,pending_card_payment,0.7474,pending_transfer,0.1022,pending_top_up,0.0462
How long will this card payment stay pending?,pending_card_payment,pending_card_payment,True,0.9743,pending_card_payment,0.9743,pending_transfer,0.0137,pending_top_up,0.0029
My payment still hasn't processed!,pending_card_payment,pending_card_payment,True,0.9496,pending_card_payment,0.9496,reverted_card_payment?,0.0076,balance_not_updated_after_cheque_or_cash_deposit,0.0054
"I was double charged, and the second charge is showing as ""pending"". How long will it be before I get my money back once the second charge has been refunded?",pending_card_payment,transaction_charged_twice,False,0.9078,transaction_charged_twice,0.9078,Refund_not_showing_up,0.0108,direct_debit_payment_not_recognised,0.008
"I have waited 15 days, but my payment still hasn't cleared.",pending_card_payment,pending_card_payment,True,0.4124,pending_card_payment,0.4124,reverted_card_payment?,0.0807,wrong_amount_of_cash_received,0.0671
Why would I have a pending payment?,pending_card_payment,pending_card_payment,True,0.973,pending_card_payment,0.973,pending_transfer,0.0129,reverted_card_payment?,0.0033
Explain what the pending payment means?,pending_card_payment,pending_card_payment,True,0.9199,pending_card_payment,0.9199,pending_transfer,0.0256,reverted_card_payment?,0.0076
Why are my payments showing pending?,pending_card_payment,pending_card_payment,True,0.9774,pending_card_payment,0.9774,pending_transfer,0.0045,card_payment_fee_charged,0.0041
"My card is still pending, I've been waiting a while.",pending_card_payment,pending_card_payment,True,0.3238,pending_card_payment,0.3238,pending_top_up,0.2043,pending_transfer,0.1811
How long does it take for a payment to go thru? I made one a few days ago and it has not been cleared yet.,pending_card_payment,pending_card_payment,True,0.7178,pending_card_payment,0.7178,transfer_not_received_by_recipient,0.1491,balance_not_updated_after_bank_transfer,0.0353
I bought some things this morning but the payment shows that it is pending,pending_card_payment,pending_card_payment,True,0.8822,pending_card_payment,0.8822,pending_transfer,0.049,reverted_card_payment?,0.0132
How long does it take to authorise a payment?,pending_card_payment,pending_card_payment,True,0.5554,pending_card_payment,0.5554,card_delivery_estimate,0.1099,transfer_timing,0.063
I had a payment that I made and it's been some amount of time and would like to know when it's suppose to go though.,pending_card_payment,pending_card_payment,True,0.201,pending_card_payment,0.201,reverted_card_payment?,0.0914,declined_card_payment,0.0797
What does a pending transaction mean?,pending_card_payment,pending_card_payment,True,0.826,pending_card_payment,0.826,pending_transfer,0.096,pending_cash_withdrawal,0.0373
I have paid by my card but payment is still its coming as pending. I think there is some issue please check and let me know when the status will complete.,pending_card_payment,pending_card_payment,True,0.8643,pending_card_payment,0.8643,card_payment_fee_charged,0.0187,pending_top_up,0.018
I have a pending payment in my account that I paid a while back ago and it still hasnt gone through. Why would it show pending for so long?,pending_card_payment,pending_card_payment,True,0.9246,pending_card_payment,0.9246,pending_transfer,0.0357,pending_top_up,0.0146
I have a pending payment from stuff I bought this morning.,pending_card_payment,pending_card_payment,True,0.9511,pending_card_payment,0.9511,pending_transfer,0.0138,card_payment_not_recognised,0.0056
My phone was stolen,lost_or_stolen_phone,lost_or_stolen_phone,True,0.9997,lost_or_stolen_phone,0.9997,lost_or_stolen_card,0.0003,compromised_card,0.0
My phone was stolen yesterday.  What should I do?,lost_or_stolen_phone,lost_or_stolen_phone,True,0.9985,lost_or_stolen_phone,0.9985,lost_or_stolen_card,0.0007,compromised_card,0.0001
"If my phone is missing, can I block someone from using the app?",lost_or_stolen_phone,lost_or_stolen_phone,True,0.969,lost_or_stolen_phone,0.969,cash_withdrawal_not_recognised,0.0049,pin_blocked,0.0037
I think my phone is either lost or stolen.,lost_or_stolen_phone,lost_or_stolen_phone,True,0.9731,lost_or_stolen_phone,0.9731,lost_or_stolen_card,0.023,compromised_card,0.0004
"If I was mugged and lost everything, how do I access my account and app?",lost_or_stolen_phone,lost_or_stolen_phone,True,0.9196,lost_or_stolen_phone,0.9196,card_linking,0.0147,terminate_account,0.0061
I can't find my phone.,lost_or_stolen_phone,lost_or_stolen_phone,True,0.9882,lost_or_stolen_phone,0.9882,lost_or_stolen_card,0.0023,get_physical_card,0.0017
I've lost track of my phone or someone stole it.,lost_or_stolen_phone,lost_or_stolen_phone,True,0.8523,lost_or_stolen_phone,0.8523,lost_or_stolen_card,0.1277,cash_withdrawal_not_recognised,0.0035
"I'm not sure where my phone is, I think someone stole it or it's lost.",lost_or_stolen_phone,lost_or_stolen_phone,True,0.9274,lost_or_stolen_phone,0.9274,lost_or_stolen_card,0.0243,cash_withdrawal_not_recognised,0.0085
Can I used my card even if my phone has been stolen?,lost_or_stolen_phone,lost_or_stolen_phone,True,0.9236,lost_or_stolen_phone,0.9236,lost_or_stolen_card,0.0444,compromised_card,0.0183
"My phone was stolen, what do I do?",lost_or_stolen_phone,lost_or_stolen_phone,True,0.997,lost_or_stolen_phone,0.997,lost_or_stolen_card,0.0012,compromised_card,0.0009
"lost my phone, dont want others to use it.",lost_or_stolen_phone,lost_or_stolen_phone,True,0.9763,lost_or_stolen_phone,0.9763,lost_or_stolen_card,0.0035,getting_spare_card,0.0011
I lost my phone and need help securing it.,lost_or_stolen_phone,lost_or_stolen_phone,True,0.9781,lost_or_stolen_phone,0.9781,lost_or_stolen_card,0.0086,cancel_transfer,0.0008
My phone was stolen so I no longer have access to the app.,lost_or_stolen_phone,lost_or_stolen_phone,True,0.9991,lost_or_stolen_phone,0.9991,lost_or_stolen_card,0.0001,card_linking,0.0001
"left phone at hotel, how to access app",lost_or_stolen_phone,lost_or_stolen_phone,True,0.9736,lost_or_stolen_phone,0.9736,card_linking,0.0016,exchange_via_app,0.0014
My phone is not on me.  How can I use the app?,lost_or_stolen_phone,lost_or_stolen_phone,True,0.9948,lost_or_stolen_phone,0.9948,card_linking,0.0016,exchange_via_app,0.0004
my phone is gone,lost_or_stolen_phone,lost_or_stolen_phone,True,0.9984,lost_or_stolen_phone,0.9984,top_up_reverted,0.0001,edit_personal_details,0.0001
My phone is not with me at the moment so I will not be able to access the app.,lost_or_stolen_phone,lost_or_stolen_phone,True,0.9738,lost_or_stolen_phone,0.9738,unable_to_verify_identity,0.0051,declined_cash_withdrawal,0.0019
my phone was taken! can you place cancel my account so no one uses it,lost_or_stolen_phone,lost_or_stolen_phone,True,0.7964,lost_or_stolen_phone,0.7964,terminate_account,0.0441,cancel_transfer,0.0229
I lost my phone and would like to freeze my accounts.,lost_or_stolen_phone,lost_or_stolen_phone,True,0.8217,lost_or_stolen_phone,0.8217,lost_or_stolen_card,0.0814,terminate_account,0.0129
"lost phone, can i still access account?",lost_or_stolen_phone,lost_or_stolen_phone,True,0.9887,lost_or_stolen_phone,0.9887,terminate_account,0.0009,passcode_forgotten,0.0006
The hotel called and said I left my phone in the room.,lost_or_stolen_phone,lost_or_stolen_phone,True,0.8951,lost_or_stolen_phone,0.8951,country_support,0.0091,card_linking,0.004
Someone stole my phone yesterday :( is there anything I need to do?,lost_or_stolen_phone,lost_or_stolen_phone,True,0.9724,lost_or_stolen_phone,0.9724,lost_or_stolen_card,0.0039,cash_withdrawal_not_recognised,0.0025
"lost phone, dont want others to access account",lost_or_stolen_phone,lost_or_stolen_phone,True,0.9565,lost_or_stolen_phone,0.9565,terminate_account,0.0073,getting_spare_card,0.0025
I was mugged and everything taken.  What do I do to protect my account?,lost_or_stolen_phone,lost_or_stolen_phone,True,0.5264,lost_or_stolen_phone,0.5264,terminate_account,0.0338,cash_withdrawal_not_recognised,0.0216
I believe I left my smartphone at the hotel I was staying at.,lost_or_stolen_phone,lost_or_stolen_phone,True,0.347,lost_or_stolen_phone,0.347,wrong_amount_of_cash_received,0.0432,wrong_exchange_rate_for_cash_withdrawal,0.027
"Someone attacked me yesterday and took my things, so I am unable to use the app.  I am in need of some help.",lost_or_stolen_phone,lost_or_stolen_phone,True,0.5794,lost_or_stolen_phone,0.5794,cash_withdrawal_not_recognised,0.0335,unable_to_verify_identity,0.0304
Can I still use the app if I switched phones?,lost_or_stolen_phone,lost_or_stolen_phone,True,0.8244,lost_or_stolen_phone,0.8244,card_linking,0.0247,exchange_via_app,0.0173
I was mugged yesterday and they took everything.  I can't access my app.  What are my next steps?,lost_or_stolen_phone,lost_or_stolen_phone,True,0.9427,lost_or_stolen_phone,0.9427,passcode_forgotten,0.0063,declined_transfer,0.004
I got mugged yesterday and lost access to the app. I need to regain it.,lost_or_stolen_phone,lost_or_stolen_phone,True,0.9349,lost_or_stolen_phone,0.9349,card_linking,0.015,cancel_transfer,0.0055
"If I lost my phone, can someone use my account?",lost_or_stolen_phone,lost_or_stolen_phone,True,0.9956,lost_or_stolen_phone,0.9956,lost_or_stolen_card,0.0006,compromised_card,0.0004
I am not able to use the app since I forgot my phone at the hotel I was staying at.,lost_or_stolen_phone,lost_or_stolen_phone,True,0.9547,lost_or_stolen_phone,0.9547,unable_to_verify_identity,0.0051,card_not_working,0.0029
Someone stole my phone.,lost_or_stolen_phone,lost_or_stolen_phone,True,0.9909,lost_or_stolen_phone,0.9909,lost_or_stolen_card,0.0034,cash_withdrawal_not_recognised,0.002
Someone stole my cards!,lost_or_stolen_phone,lost_or_stolen_card,False,0.5657,lost_or_stolen_card,0.5657,compromised_card,0.0938,lost_or_stolen_phone,0.0924
My phone is lost.  What do I do to prevent someone from using the app?,lost_or_stolen_phone,lost_or_stolen_phone,True,0.9912,lost_or_stolen_phone,0.9912,cash_withdrawal_not_recognised,0.0019,compromised_card,0.001
Is there anything I need to do since my phone was stolen?,lost_or_stolen_phone,lost_or_stolen_phone,True,0.9929,lost_or_stolen_phone,0.9929,lost_or_stolen_card,0.0013,compromised_card,0.0005
I lost my phone!,lost_or_stolen_phone,lost_or_stolen_phone,True,0.9979,lost_or_stolen_phone,0.9979,lost_or_stolen_card,0.0015,edit_personal_details,0.0
I can't find my phone but it has all my credit card information.,lost_or_stolen_phone,lost_or_stolen_phone,True,0.5342,lost_or_stolen_phone,0.5342,topping_up_by_card,0.1685,lost_or_stolen_card,0.032
How do I use the app if I don't have my phone with me?,lost_or_stolen_phone,lost_or_stolen_phone,True,0.9909,lost_or_stolen_phone,0.9909,card_payment_not_recognised,0.0013,card_linking,0.0007
I got mugged yesterday and can't use the app.,lost_or_stolen_phone,lost_or_stolen_phone,True,0.9499,lost_or_stolen_phone,0.9499,passcode_forgotten,0.0031,card_linking,0.003
"My things were stolen yesterday and I can't use any apps or anything, so I am going to need some help.",lost_or_stolen_phone,lost_or_stolen_phone,True,0.8805,lost_or_stolen_phone,0.8805,card_not_working,0.0152,lost_or_stolen_card,0.0066
"Hello- It is urgent I get a refund on this product. The merchant has not been helpful, what can I do now to get this resolved ASAP?",request_refund,request_refund,True,0.7827,request_refund,0.7827,Refund_not_showing_up,0.0872,reverted_card_payment?,0.0112
Can I receive a refund for my item?,request_refund,request_refund,True,0.9623,request_refund,0.9623,Refund_not_showing_up,0.0293,receiving_money,0.0033
Get an item refund,request_refund,request_refund,True,0.9892,request_refund,0.9892,Refund_not_showing_up,0.0105,age_limit,0.0
Would I be able to get a refund for something I bought?,request_refund,request_refund,True,0.9842,request_refund,0.9842,Refund_not_showing_up,0.0049,declined_cash_withdrawal,0.0011
I need to do a refund,request_refund,request_refund,True,0.504,request_refund,0.504,Refund_not_showing_up,0.4936,cancel_transfer,0.0002
I need a refund on an item I have not received.  Am I able to simply cancel the payment?  I don't know how to do this.,request_refund,request_refund,True,0.9398,request_refund,0.9398,Refund_not_showing_up,0.0109,direct_debit_payment_not_recognised,0.0082
I would like a refund for something I bought,request_refund,request_refund,True,0.9924,request_refund,0.9924,Refund_not_showing_up,0.0035,card_payment_wrong_exchange_rate,0.0005
I want to return an item.,request_refund,request_refund,True,0.9722,request_refund,0.9722,card_payment_wrong_exchange_rate,0.0018,terminate_account,0.0014
Can I have a refund?,request_refund,request_refund,True,0.8495,request_refund,0.8495,Refund_not_showing_up,0.1457,fiat_currency_support,0.0004
"I wasn't charged the correct amount for an item I purchased, how can I fix this?",request_refund,card_payment_wrong_exchange_rate,False,0.7697,card_payment_wrong_exchange_rate,0.7697,request_refund,0.0653,wrong_amount_of_cash_received,0.0327
Hi there! I need to cancel an order I recently made and start processing a refund. Can you please help me with this and set up the refund as soon as possible? It's very urgent.,request_refund,request_refund,True,0.862,request_refund,0.862,cancel_transfer,0.0557,Refund_not_showing_up,0.0488
Please stop my purchase.,request_refund,request_refund,True,0.5908,request_refund,0.5908,compromised_card,0.0624,card_payment_wrong_exchange_rate,0.051
I want a refund because my package has been taking too long to arrive. How do I go about doing that?,request_refund,request_refund,True,0.8292,request_refund,0.8292,Refund_not_showing_up,0.0273,transfer_not_received_by_recipient,0.0204
How do I apply for a refund?,request_refund,request_refund,True,0.8244,request_refund,0.8244,Refund_not_showing_up,0.1284,verify_my_identity,0.0034
Can I have an item refunded?,request_refund,request_refund,True,0.9933,request_refund,0.9933,Refund_not_showing_up,0.0023,age_limit,0.0003
"I ordered something ages ago online but it's simply not arriving. I've got enough! Give me back my money, I'm not paying these people.",request_refund,request_refund,True,0.6966,request_refund,0.6966,reverted_card_payment?,0.0365,wrong_amount_of_cash_received,0.0217
What do I need to do to get a refund?,request_refund,request_refund,True,0.9822,request_refund,0.9822,Refund_not_showing_up,0.0078,order_physical_card,0.0025
I need a refund?,request_refund,request_refund,True,0.9242,request_refund,0.9242,Refund_not_showing_up,0.074,card_delivery_estimate,0.0001
"I am unhappy with my purchase, how do I cancel the order?",request_refund,request_refund,True,0.8186,request_refund,0.8186,reverted_card_payment?,0.0206,terminate_account,0.012
I bought something but now I would like a refund. How do I do that?,request_refund,request_refund,True,0.9685,request_refund,0.9685,Refund_not_showing_up,0.0067,reverted_card_payment?,0.0031
How do I get refunded?,request_refund,request_refund,True,0.9119,request_refund,0.9119,Refund_not_showing_up,0.0258,order_physical_card,0.0107
Can you cancel my purchase?,request_refund,request_refund,True,0.971,request_refund,0.971,reverted_card_payment?,0.0091,card_payment_wrong_exchange_rate,0.0032
How do I cancel a previous purchase,request_refund,request_refund,True,0.856,request_refund,0.856,cancel_transfer,0.0342,reverted_card_payment?,0.0112
I would appreciate it if I could get an item refunded,request_refund,request_refund,True,0.9326,request_refund,0.9326,Refund_not_showing_up,0.0061,declined_cash_withdrawal,0.0038
How do I claim a refund?,request_refund,request_refund,True,0.9315,request_refund,0.9315,Refund_not_showing_up,0.0621,verify_my_identity,0.0008
"I don't want the item, I bought it on accident, can I get a refund?",request_refund,request_refund,True,0.9934,request_refund,0.9934,Refund_not_showing_up,0.0013,card_payment_wrong_exchange_rate,0.0005
Hello I changed my mind and really need a refund on one of things I bought recently. Can you please cancel the transaction and get my money back. Please it's urgent.,request_refund,request_refund,True,0.9029,request_refund,0.9029,cancel_transfer,0.0342,Refund_not_showing_up,0.011
I would like a refund on one of your products that has been sold to me,request_refund,request_refund,True,0.91,request_refund,0.91,Refund_not_showing_up,0.0373,transaction_charged_twice,0.0025
I am not Happy with this product can i get a refund?,request_refund,request_refund,True,0.9455,request_refund,0.9455,Refund_not_showing_up,0.0155,terminate_account,0.0022
I want this amount reversed out of my account.,request_refund,terminate_account,False,0.4696,terminate_account,0.4696,wrong_amount_of_cash_received,0.0952,reverted_card_payment?,0.0514
Hello! I recently made a purchase and I'm needing to cancel my order and process a refund as soon as possible.,request_refund,request_refund,True,0.9882,request_refund,0.9882,Refund_not_showing_up,0.0035,cancel_transfer,0.0023
I want to reverse a purchase. Can I cancel it?,request_refund,request_refund,True,0.9168,request_refund,0.9168,cancel_transfer,0.0715,reverted_card_payment?,0.0034
I am chatting about an order from a long while back.  I never got it to this day and am deeply upset by this!  I want all of my money back!  I just can not accept paying for something I never got.,request_refund,request_refund,True,0.379,request_refund,0.379,direct_debit_payment_not_recognised,0.091,reverted_card_payment?,0.0446
I bought this item and was charged the wrong amount can I get a refund?,request_refund,request_refund,True,0.856,request_refund,0.856,card_payment_wrong_exchange_rate,0.1066,wrong_amount_of_cash_received,0.0101
I would like to cancel a payment. I purchased something several days ago and i still have not received it.,request_refund,request_refund,True,0.7566,request_refund,0.7566,reverted_card_payment?,0.1205,pending_card_payment,0.0213
What's the refund process?,request_refund,request_refund,True,0.837,request_refund,0.837,Refund_not_showing_up,0.1195,exchange_rate,0.0031
I want a refund for my purchase,request_refund,request_refund,True,0.9944,request_refund,0.9944,Refund_not_showing_up,0.0051,card_payment_wrong_exchange_rate,0.0002
How can I process a refund for something I purchased?,request_refund,request_refund,True,0.9881,request_refund,0.9881,Refund_not_showing_up,0.005,card_payment_wrong_exchange_rate,0.0006
I want to get an item refunded,request_refund,request_refund,True,0.9976,request_refund,0.9976,Refund_not_showing_up,0.0005,age_limit,0.0001
I need to cancel a purchase I made.,request_refund,request_refund,True,0.9326,request_refund,0.9326,cancel_transfer,0.0552,reverted_card_payment?,0.0026
I tried to make a transfer and it was declined. Why?,declined_transfer,declined_transfer,True,0.9166,declined_transfer,0.9166,failed_transfer,0.0658,declined_cash_withdrawal,0.0071
Good morning. I tried to make a purchase with my credit card last night and again this morning. Both times it was declined. Can you investigate?,declined_transfer,declined_transfer,True,0.2796,declined_transfer,0.2796,declined_card_payment,0.1466,declined_cash_withdrawal,0.0872
I am getting continuous failure for all my transfers. I have cross checked each recipient detail again and again and everything is correct.,declined_transfer,declined_transfer,True,0.5201,declined_transfer,0.5201,transfer_not_received_by_recipient,0.0904,pending_transfer,0.033
why was my transfer declined,declined_transfer,declined_transfer,True,0.9664,declined_transfer,0.9664,failed_transfer,0.0231,declined_card_payment,0.0031
What would make a decline message show up during a transfer?,declined_transfer,declined_transfer,True,0.9802,declined_transfer,0.9802,top_up_by_bank_transfer_charge,0.0031,beneficiary_not_allowed,0.0021
Why do you keep declining my transfers?it was always been working really well so far but when I tried to buy something just now the card got declined . I tried couple of times already  but same thing is happening.,declined_transfer,declined_transfer,True,0.9367,declined_transfer,0.9367,declined_card_payment,0.0133,declined_cash_withdrawal,0.0124
"How can I fix my card, it got declined twice.",declined_transfer,transaction_charged_twice,False,0.3381,transaction_charged_twice,0.3381,declined_card_payment,0.3031,declined_transfer,0.0924
Why did a transfer get declined?,declined_transfer,declined_transfer,True,0.9908,declined_transfer,0.9908,failed_transfer,0.0038,transfer_fee_charged,0.0014
My transfers are being declined. IT has always worked for me but now it's declining my card. I've tried several times.,declined_transfer,declined_transfer,True,0.9203,declined_transfer,0.9203,declined_card_payment,0.0354,top_up_failed,0.0129
Why did my transfer decline,declined_transfer,declined_transfer,True,0.9837,declined_transfer,0.9837,failed_transfer,0.007,beneficiary_not_allowed,0.0026
The card got declined twice when I tried to use it to buy something online yesterday.,declined_transfer,declined_transfer,True,0.7519,declined_transfer,0.7519,declined_cash_withdrawal,0.0363,declined_card_payment,0.0314
"If the transfer details have already but reviewed and confirmed that they are correct, what other reason would cause my transfer to be declined?",declined_transfer,declined_transfer,True,0.705,declined_transfer,0.705,pending_transfer,0.1014,failed_transfer,0.0588
Why did I get a transfer declined?,declined_transfer,declined_transfer,True,0.985,declined_transfer,0.985,failed_transfer,0.0065,transfer_fee_charged,0.0021
Why did my my transfer get declined?,declined_transfer,declined_transfer,True,0.9934,declined_transfer,0.9934,failed_transfer,0.0037,declined_cash_withdrawal,0.0006
How do I contact customer support about a transfer?,declined_transfer,transfer_fee_charged,False,0.2302,transfer_fee_charged,0.2302,declined_transfer,0.1678,cancel_transfer,0.0473
"You keep declining my transfers? It's always been working really well so far, but when I tried to buy something just now the card got declined. I tried couple times already but same thing.",declined_transfer,declined_transfer,True,0.9688,declined_transfer,0.9688,declined_card_payment,0.0059,declined_cash_withdrawal,0.0049
Why was I unable to do a transfer?,declined_transfer,failed_transfer,False,0.8444,failed_transfer,0.8444,beneficiary_not_allowed,0.1024,transfer_fee_charged,0.0169
Trouble transferring transaction contact for help,declined_transfer,cancel_transfer,False,0.2714,cancel_transfer,0.2714,transfer_not_received_by_recipient,0.1513,transfer_fee_charged,0.1462
Why could my transfer have been declined?,declined_transfer,declined_transfer,True,0.9669,declined_transfer,0.9669,failed_transfer,0.0124,declined_card_payment,0.0091
When I try and to buy something using my card it keeps getting declined.,declined_transfer,declined_transfer,True,0.5894,declined_transfer,0.5894,declined_card_payment,0.302,top_up_failed,0.0166
I could not do a transfer because it was declined,declined_transfer,declined_transfer,True,0.9527,declined_transfer,0.9527,declined_cash_withdrawal,0.015,declined_card_payment,0.0096
"When I submit a transfer, it is being declined.  The information I put in has been reviewed.",declined_transfer,declined_transfer,True,0.733,declined_transfer,0.733,transfer_not_received_by_recipient,0.0417,pending_transfer,0.0153
Why was the transfer declined?,declined_transfer,declined_transfer,True,0.9651,declined_transfer,0.9651,failed_transfer,0.0138,declined_cash_withdrawal,0.0078
What is the reason my transfer was declined?,declined_transfer,declined_transfer,True,0.9807,declined_transfer,0.9807,declined_card_payment,0.007,failed_transfer,0.0063
My transfer got declined.,declined_transfer,declined_transfer,True,0.9983,declined_transfer,0.9983,failed_transfer,0.0006,declined_card_payment,0.0002
My transfer was declined,declined_transfer,declined_transfer,True,0.9995,declined_transfer,0.9995,declined_card_payment,0.0002,failed_transfer,0.0001
"I tired to move my money, but my transfer was declined.",declined_transfer,declined_transfer,True,0.9759,declined_transfer,0.9759,declined_cash_withdrawal,0.0039,failed_transfer,0.0027
I would like to know why my transfer was declined.,declined_transfer,declined_transfer,True,0.9963,declined_transfer,0.9963,declined_card_payment,0.0016,declined_cash_withdrawal,0.0005
"I tried to make a transfer, but it was declined. Can you tell me why?",declined_transfer,declined_transfer,True,0.9208,declined_transfer,0.9208,failed_transfer,0.0499,declined_cash_withdrawal,0.0155
For what reason was my transfer declined?,declined_transfer,declined_transfer,True,0.927,declined_transfer,0.927,failed_transfer,0.0369,declined_card_payment,0.0157
My transfer has been declined and I know it should have went through.,declined_transfer,declined_transfer,True,0.9079,declined_transfer,0.9079,declined_card_payment,0.0471,pending_transfer,0.0088
Double check your funds may be declined,declined_transfer,declined_cash_withdrawal,False,0.5418,declined_cash_withdrawal,0.5418,declined_transfer,0.1267,verify_source_of_funds,0.0582
I can't transfer money from my account.,declined_transfer,transfer_into_account,False,0.7057,transfer_into_account,0.7057,failed_transfer,0.1527,transfer_timing,0.0425
"Why would my transfer be declined? I've checked that I've put in all the right details, but it is still declined.",declined_transfer,declined_transfer,True,0.9695,declined_transfer,0.9695,pending_transfer,0.0059,declined_cash_withdrawal,0.0046
I tried to buy something online yesterday but it kept saying declined. Tried again today but same thing happened. What's broken?,declined_transfer,declined_transfer,True,0.9489,declined_transfer,0.9489,card_not_working,0.0094,reverted_card_payment?,0.0055
I tried to buy something online yesterday but it wouldn't stop saying declined. Tried again today but same thing happened. What's Broken?,declined_transfer,declined_transfer,True,0.9345,declined_transfer,0.9345,card_not_working,0.0117,declined_cash_withdrawal,0.0104
My card is being declined online. Could you tell me what might be broken or wrong with the account?,declined_transfer,card_not_working,False,0.3533,card_not_working,0.3533,declined_transfer,0.214,declined_card_payment,0.1048
Are there any restrictions causing my transfer to be declined?,declined_transfer,declined_transfer,True,0.6009,declined_transfer,0.6009,beneficiary_not_allowed,0.0704,failed_transfer,0.0569
"I was attempting to purchase a golf club off eBay yesterday, but my credit card was declined. I tried multiple times, and again this morning. Can you check into my card please?",declined_transfer,declined_card_payment,False,0.2675,declined_card_payment,0.2675,declined_transfer,0.1123,card_not_working,0.094
"I think my transfer was declined, but why?",declined_transfer,declined_transfer,True,0.9848,declined_transfer,0.9848,failed_transfer,0.005,declined_cash_withdrawal,0.003
The refund isn't showing up on my account.,Refund_not_showing_up,Refund_not_showing_up,True,0.9858,Refund_not_showing_up,0.9858,balance_not_updated_after_bank_transfer,0.0044,request_refund,0.003
My refund is missing from my statement.,Refund_not_showing_up,Refund_not_showing_up,True,0.9961,Refund_not_showing_up,0.9961,request_refund,0.0008,cash_withdrawal_not_recognised,0.0006
"I requested a refund, and never received it. What can I do?",Refund_not_showing_up,Refund_not_showing_up,True,0.4865,Refund_not_showing_up,0.4865,request_refund,0.4327,wrong_amount_of_cash_received,0.0114
I was supposed to get a purchase refunded but I don't see the money in my account,Refund_not_showing_up,Refund_not_showing_up,True,0.6703,Refund_not_showing_up,0.6703,request_refund,0.0781,reverted_card_payment?,0.074
There's a refund missing from my statement,Refund_not_showing_up,Refund_not_showing_up,True,0.972,Refund_not_showing_up,0.972,request_refund,0.0051,cash_withdrawal_not_recognised,0.0049
"I need help. I asked for a refund from a merchant a while ago, but I have not gotten my money back. I keep checking my account, but nothing is showing up. What should I do now?",Refund_not_showing_up,Refund_not_showing_up,True,0.9159,Refund_not_showing_up,0.9159,balance_not_updated_after_cheque_or_cash_deposit,0.0142,request_refund,0.0118
I am awaiting my refund,Refund_not_showing_up,Refund_not_showing_up,True,0.9949,Refund_not_showing_up,0.9949,request_refund,0.0033,unable_to_verify_identity,0.0001
How long does it take for a refund?,Refund_not_showing_up,Refund_not_showing_up,True,0.5446,Refund_not_showing_up,0.5446,request_refund,0.2719,card_delivery_estimate,0.0428
"Help! I keep checking my account, but my refund is not showing. I requested that a seller refund my money a while back, but there is no money showing in my account. What can you do for me?",Refund_not_showing_up,Refund_not_showing_up,True,0.9816,Refund_not_showing_up,0.9816,direct_debit_payment_not_recognised,0.0059,balance_not_updated_after_cheque_or_cash_deposit,0.0024
Can you tell me why my refund is not showing in my statement?,Refund_not_showing_up,Refund_not_showing_up,True,0.9962,Refund_not_showing_up,0.9962,extra_charge_on_statement,0.0012,request_refund,0.0007
"I asked for a refund last week but nothing has happened yet, can you help me please?",Refund_not_showing_up,Refund_not_showing_up,True,0.8095,Refund_not_showing_up,0.8095,request_refund,0.0807,balance_not_updated_after_cheque_or_cash_deposit,0.0123
Why is my refund missing from my  statement?,Refund_not_showing_up,Refund_not_showing_up,True,0.9954,Refund_not_showing_up,0.9954,extra_charge_on_statement,0.0017,request_refund,0.0006
Still waiting on a refund.,Refund_not_showing_up,Refund_not_showing_up,True,0.9705,Refund_not_showing_up,0.9705,request_refund,0.016,card_arrival,0.0027
I requested a refund and it is missing.,Refund_not_showing_up,Refund_not_showing_up,True,0.9861,Refund_not_showing_up,0.9861,request_refund,0.0066,lost_or_stolen_card,0.0015
"Hi, As suggested by you, i have asked the seller to initiate the refund, it has been a week and i haven't received my money. Please advise.",Refund_not_showing_up,Refund_not_showing_up,True,0.7163,Refund_not_showing_up,0.7163,request_refund,0.0449,pending_transfer,0.0294
I bought something and returned it and the money from the return isn't in my account.,Refund_not_showing_up,reverted_card_payment?,False,0.4014,reverted_card_payment?,0.4014,request_refund,0.1429,top_up_reverted,0.1189
Do you have any idea on when I will receive my refund? I got my statement and it was not there.,Refund_not_showing_up,Refund_not_showing_up,True,0.8886,Refund_not_showing_up,0.8886,request_refund,0.0353,extra_charge_on_statement,0.0146
Why isn't a recent refund on my statement?,Refund_not_showing_up,Refund_not_showing_up,True,0.9856,Refund_not_showing_up,0.9856,request_refund,0.0063,extra_charge_on_statement,0.0055
Where can I see the refund in my account,Refund_not_showing_up,Refund_not_showing_up,True,0.9808,Refund_not_showing_up,0.9808,request_refund,0.006,verify_source_of_funds,0.0049
"i was supposed to get a refund but my balance hasn't changed, why not?",Refund_not_showing_up,Refund_not_showing_up,True,0.8101,Refund_not_showing_up,0.8101,request_refund,0.0435,balance_not_updated_after_cheque_or_cash_deposit,0.0261
I requested a refund from a merchant days ago but I do not see it in my account.,Refund_not_showing_up,Refund_not_showing_up,True,0.9968,Refund_not_showing_up,0.9968,balance_not_updated_after_cheque_or_cash_deposit,0.0009,request_refund,0.0003
The refund has not appeared in my account,Refund_not_showing_up,Refund_not_showing_up,True,0.9759,Refund_not_showing_up,0.9759,request_refund,0.0089,terminate_account,0.0016
Did my refund go through? It's not on my statement.,Refund_not_showing_up,Refund_not_showing_up,True,0.981,Refund_not_showing_up,0.981,extra_charge_on_statement,0.0047,request_refund,0.0047
My statement doesn't show that a refund has processed,Refund_not_showing_up,Refund_not_showing_up,True,0.8412,Refund_not_showing_up,0.8412,request_refund,0.0965,extra_charge_on_statement,0.0178
I requested a refund from a store but it hasn't arrived.,Refund_not_showing_up,Refund_not_showing_up,True,0.9812,Refund_not_showing_up,0.9812,request_refund,0.0062,transfer_not_received_by_recipient,0.0022
I still haven't seen a refund on my account,Refund_not_showing_up,Refund_not_showing_up,True,0.9718,Refund_not_showing_up,0.9718,request_refund,0.0124,balance_not_updated_after_cheque_or_cash_deposit,0.0024
I am missing a refund.,Refund_not_showing_up,Refund_not_showing_up,True,0.9476,Refund_not_showing_up,0.9476,request_refund,0.0329,lost_or_stolen_card,0.0026
My refund doesn't seem to be showing on my statement.,Refund_not_showing_up,Refund_not_showing_up,True,0.9902,Refund_not_showing_up,0.9902,extra_charge_on_statement,0.0023,request_refund,0.0018
I am not seeing a refund in my statement.,Refund_not_showing_up,Refund_not_showing_up,True,0.9879,Refund_not_showing_up,0.9879,request_refund,0.0044,extra_charge_on_statement,0.002
Why can't I see a recent refund in my statement?,Refund_not_showing_up,Refund_not_showing_up,True,0.9928,Refund_not_showing_up,0.9928,request_refund,0.0021,extra_charge_on_statement,0.002
"I did what you told me earlier and contacted the seller for a refund directly, but nothing is happening! It's been a week and I still haven't got anything. Please just give me back my money",Refund_not_showing_up,Refund_not_showing_up,True,0.7804,Refund_not_showing_up,0.7804,reverted_card_payment?,0.0576,request_refund,0.0296
Where is my refund? I have been checking my account all day.,Refund_not_showing_up,Refund_not_showing_up,True,0.884,Refund_not_showing_up,0.884,balance_not_updated_after_cheque_or_cash_deposit,0.0241,request_refund,0.0218
It's been a week and I have done everything that I was asked to do and still nothing. I have contacted the seller and have not gotten a response. Please understand my frustration and put the money back in my account.,Refund_not_showing_up,Refund_not_showing_up,True,0.4877,Refund_not_showing_up,0.4877,reverted_card_payment?,0.0935,balance_not_updated_after_cheque_or_cash_deposit,0.0882
My refund is missing,Refund_not_showing_up,Refund_not_showing_up,True,0.9959,Refund_not_showing_up,0.9959,request_refund,0.0024,lost_or_stolen_card,0.0007
Why doesn't a return show up im my account from a purchase I made?,Refund_not_showing_up,request_refund,False,0.2902,request_refund,0.2902,Refund_not_showing_up,0.1912,balance_not_updated_after_bank_transfer,0.0957
I keep checking my bank statements but I don't see a refund that I've requested from a seller. Can you ensure that I receive the refund from the seller?,Refund_not_showing_up,Refund_not_showing_up,True,0.9928,Refund_not_showing_up,0.9928,direct_debit_payment_not_recognised,0.0023,request_refund,0.0016
"I am waiting patiently for a week now for the seller to get back to me and there has been no response, could you please help me further with getting my money back.  Thank you.",Refund_not_showing_up,Refund_not_showing_up,True,0.1838,Refund_not_showing_up,0.1838,reverted_card_payment?,0.1421,pending_transfer,0.0671
I would like some help getting a refund back from a seller. It still isn't showing up on my statement and I requested this a long time ago. I'm not sure why it's not returned yet. Can you assist me in getting this money back?,Refund_not_showing_up,Refund_not_showing_up,True,0.9451,Refund_not_showing_up,0.9451,request_refund,0.026,direct_debit_payment_not_recognised,0.0055
How long will it take to get my refund,Refund_not_showing_up,Refund_not_showing_up,True,0.954,Refund_not_showing_up,0.954,card_delivery_estimate,0.0144,request_refund,0.0143
I should have received a refund however it is not showing on my statement,Refund_not_showing_up,Refund_not_showing_up,True,0.9543,Refund_not_showing_up,0.9543,request_refund,0.0161,extra_charge_on_statement,0.0086
My credit card was declined.,declined_card_payment,declined_card_payment,True,0.7615,declined_card_payment,0.7615,declined_transfer,0.0854,top_up_failed,0.0637
The new card that was just sent to me was declined multiple times yesterday when I tried to use it at a restaurant to pay for my dinner.  I am really disappointed  and embarrassed that my card was denied when I tried to use it to pay for my friend's birthday dinner.,declined_card_payment,declined_card_payment,True,0.5789,declined_card_payment,0.5789,card_not_working,0.1188,transaction_charged_twice,0.0263
Why was my card payment declined?,declined_card_payment,declined_card_payment,True,0.9961,declined_card_payment,0.9961,reverted_card_payment?,0.0027,declined_cash_withdrawal,0.0004
I was trying to purchase something at the store today and my card has been declined.  Why has this happened?,declined_card_payment,declined_card_payment,True,0.7588,declined_card_payment,0.7588,reverted_card_payment?,0.0642,declined_transfer,0.0455
"My payment has been declined, I thought this issue was fixed!",declined_card_payment,declined_card_payment,True,0.8197,declined_card_payment,0.8197,reverted_card_payment?,0.1131,declined_transfer,0.0182
My card was declined in a shop,declined_card_payment,declined_card_payment,True,0.9974,declined_card_payment,0.9974,declined_transfer,0.0014,declined_cash_withdrawal,0.0004
Why did it decline my payment?,declined_card_payment,declined_card_payment,True,0.9527,declined_card_payment,0.9527,reverted_card_payment?,0.0252,declined_transfer,0.0128
My card declined,declined_card_payment,declined_card_payment,True,0.9757,declined_card_payment,0.9757,declined_transfer,0.0171,card_not_working,0.0024
Can you look at my account ans see why my card was declined,declined_card_payment,declined_card_payment,True,0.8967,declined_card_payment,0.8967,declined_cash_withdrawal,0.027,declined_transfer,0.018
"I was out today looking forward to pay with my new card, turns out the payment just kept getting declined. This is really sad, what's going on?",declined_card_payment,declined_card_payment,True,0.9594,declined_card_payment,0.9594,declined_transfer,0.0039,reverted_card_payment?,0.0038
Why was a transaction on my card declined?,declined_card_payment,declined_card_payment,True,0.6025,declined_card_payment,0.6025,declined_transfer,0.1531,declined_cash_withdrawal,0.0775
My new card keeps getting declined. I was very excited to use it for the first time today. Why is this doing this?,declined_card_payment,declined_card_payment,True,0.582,declined_card_payment,0.582,declined_cash_withdrawal,0.1344,declined_transfer,0.067
"My latest payment was declined, I was told everything was back to working order. What happened?",declined_card_payment,declined_card_payment,True,0.8738,declined_card_payment,0.8738,reverted_card_payment?,0.0467,declined_transfer,0.0231
I know I have enough funds in my account but my card payment hasn't worked for some reason. What do I do?,declined_card_payment,declined_card_payment,True,0.711,declined_card_payment,0.711,reverted_card_payment?,0.0603,card_payment_not_recognised,0.0341
Why doesn't the card payment work,declined_card_payment,declined_card_payment,True,0.5169,declined_card_payment,0.5169,reverted_card_payment?,0.3244,pending_card_payment,0.0628
I'm really stuck. I don't know why but my card payment has not gone through.,declined_card_payment,declined_card_payment,True,0.6959,declined_card_payment,0.6959,pending_card_payment,0.1618,reverted_card_payment?,0.0503
"I have a card payment that was declined, but why?",declined_card_payment,declined_card_payment,True,0.9279,declined_card_payment,0.9279,reverted_card_payment?,0.0309,declined_transfer,0.0175
Do you know why my card payment did not work?,declined_card_payment,declined_card_payment,True,0.9716,declined_card_payment,0.9716,reverted_card_payment?,0.0106,card_payment_not_recognised,0.0062
Something is wrong with my payment account since it has been declined,declined_card_payment,declined_card_payment,True,0.6371,declined_card_payment,0.6371,reverted_card_payment?,0.1814,declined_transfer,0.0811
Why are you declining my payment? Everything was fine.,declined_card_payment,declined_card_payment,True,0.8425,declined_card_payment,0.8425,declined_transfer,0.0388,reverted_card_payment?,0.0323
I don't know why my payment didn't work.,declined_card_payment,declined_card_payment,True,0.85,declined_card_payment,0.85,card_payment_not_recognised,0.0689,reverted_card_payment?,0.0442
My card payment did not work.,declined_card_payment,declined_card_payment,True,0.9516,declined_card_payment,0.9516,reverted_card_payment?,0.032,card_payment_not_recognised,0.0083
Why is my debit card being declined when I have money?,declined_card_payment,declined_cash_withdrawal,False,0.2569,declined_cash_withdrawal,0.2569,declined_card_payment,0.2107,direct_debit_payment_not_recognised,0.1795
My card was not accepted.,declined_card_payment,declined_card_payment,True,0.8458,declined_card_payment,0.8458,card_acceptance,0.0302,card_not_working,0.0244
I have no idea why my card payment did not work.,declined_card_payment,declined_card_payment,True,0.9352,declined_card_payment,0.9352,reverted_card_payment?,0.023,card_payment_not_recognised,0.0131
"My card payment didn't work, can you help?",declined_card_payment,declined_card_payment,True,0.8257,declined_card_payment,0.8257,reverted_card_payment?,0.0865,card_payment_not_recognised,0.0289
"My card was rejected at the store for some reason, can you look into this for me?",declined_card_payment,declined_card_payment,True,0.8701,declined_card_payment,0.8701,top_up_failed,0.0161,card_not_working,0.0123
Please explain why my card was declined?,declined_card_payment,declined_card_payment,True,0.9424,declined_card_payment,0.9424,declined_transfer,0.0207,declined_cash_withdrawal,0.0158
"Hello, I am facing the issue with my new card as payments are declining again and again. Please help me in this issue.",declined_card_payment,declined_card_payment,True,0.3688,declined_card_payment,0.3688,declined_transfer,0.0775,top_up_failed,0.0422
Do you know why my card payment is declined?,declined_card_payment,declined_card_payment,True,0.9964,declined_card_payment,0.9964,declined_transfer,0.0015,reverted_card_payment?,0.0006
Why was my Payment declined,declined_card_payment,declined_card_payment,True,0.9788,declined_card_payment,0.9788,reverted_card_payment?,0.0109,declined_transfer,0.0059
They declined my card payment.,declined_card_payment,declined_card_payment,True,0.9903,declined_card_payment,0.9903,reverted_card_payment?,0.0061,declined_transfer,0.0014
Why has my card payment been declined?,declined_card_payment,declined_card_payment,True,0.9948,declined_card_payment,0.9948,reverted_card_payment?,0.0038,pending_card_payment,0.0005
"I finally got my new card and was very excited to use it today. However, my payment kept declining. What is happening?",declined_card_payment,declined_card_payment,True,0.7186,declined_card_payment,0.7186,reverted_card_payment?,0.0921,card_arrival,0.0189
My card payment did not complete.,declined_card_payment,declined_card_payment,True,0.5013,declined_card_payment,0.5013,reverted_card_payment?,0.182,card_payment_not_recognised,0.1669
My card didn't work in one of the shops.,declined_card_payment,declined_card_payment,True,0.4376,declined_card_payment,0.4376,top_up_failed,0.0715,card_not_working,0.0641
Card payment declined?,declined_card_payment,declined_card_payment,True,0.9947,declined_card_payment,0.9947,reverted_card_payment?,0.0023,declined_transfer,0.0015
"I tried using my card and it kept getting declined, Why?",declined_card_payment,declined_card_payment,True,0.8373,declined_card_payment,0.8373,declined_transfer,0.0654,declined_cash_withdrawal,0.0612
How do you fix  my card payment?,declined_card_payment,declined_card_payment,True,0.4082,declined_card_payment,0.4082,reverted_card_payment?,0.2733,card_payment_not_recognised,0.0787
Why do you keep declining my payment? I tried several times already with this card and it's just not working,declined_card_payment,declined_card_payment,True,0.9532,declined_card_payment,0.9532,declined_transfer,0.0105,reverted_card_payment?,0.0095
"I did transfer, why is it pending",pending_transfer,pending_transfer,True,0.9267,pending_transfer,0.9267,failed_transfer,0.017,transfer_fee_charged,0.0145
How long for money transfer to show?,pending_transfer,pending_transfer,True,0.94,pending_transfer,0.94,transfer_timing,0.0207,balance_not_updated_after_bank_transfer,0.0205
Why is my transfer not done yet?,pending_transfer,transfer_not_received_by_recipient,False,0.3387,transfer_not_received_by_recipient,0.3387,balance_not_updated_after_bank_transfer,0.2214,beneficiary_not_allowed,0.1518
I have a pending transfer,pending_transfer,pending_transfer,True,0.9993,pending_transfer,0.9993,transfer_fee_charged,0.0002,balance_not_updated_after_bank_transfer,0.0001
I am waiting for a pending money transfer to process.,pending_transfer,pending_transfer,True,0.9949,pending_transfer,0.9949,beneficiary_not_allowed,0.0009,transfer_not_received_by_recipient,0.0006
i transfered however its still pending,pending_transfer,pending_transfer,True,0.8168,pending_transfer,0.8168,pending_cash_withdrawal,0.043,pending_card_payment,0.0426
I have a transfer that's pending and wanted to know how long it is going to take to process?,pending_transfer,pending_transfer,True,0.9506,pending_transfer,0.9506,pending_card_payment,0.0119,balance_not_updated_after_bank_transfer,0.0081
So the transfer finally worked but now it's been pending for quite a long time. How long do you expect me to wait for it? It's quite urgent,pending_transfer,pending_transfer,True,0.9579,pending_transfer,0.9579,transfer_timing,0.0116,pending_top_up,0.0051
I had made a transfer but its still pending.,pending_transfer,pending_transfer,True,0.8631,pending_transfer,0.8631,balance_not_updated_after_bank_transfer,0.0448,pending_card_payment,0.0306
I submitted my transfer but it has been pending for quite a while and I was wondering what takes so long? why hasn't it completed,pending_transfer,pending_transfer,True,0.702,pending_transfer,0.702,transfer_not_received_by_recipient,0.0778,pending_card_payment,0.0556
How can I speed up a transfer?  Mine is pending.,pending_transfer,pending_transfer,True,0.5829,pending_transfer,0.5829,balance_not_updated_after_bank_transfer,0.0375,transfer_into_account,0.0356
How long can an EU transfer take?,pending_transfer,pending_transfer,True,0.9386,pending_transfer,0.9386,transfer_timing,0.0403,balance_not_updated_after_bank_transfer,0.0078
My transfer is still coming up as pending.,pending_transfer,pending_transfer,True,0.9292,pending_transfer,0.9292,pending_card_payment,0.0217,pending_top_up,0.0147
I'm trying to transfer money to another country. It's just pending and not sending. My account details are correct. Please help me.,pending_transfer,pending_transfer,True,0.7356,pending_transfer,0.7356,beneficiary_not_allowed,0.0503,failed_transfer,0.0386
My transfer is still pending and I know the account numbers are correct.  Please help.,pending_transfer,pending_transfer,True,0.8089,pending_transfer,0.8089,cancel_transfer,0.0284,declined_transfer,0.021
"I transferred money yesterday, but it still isn't available?",pending_transfer,balance_not_updated_after_bank_transfer,False,0.4378,balance_not_updated_after_bank_transfer,0.4378,transfer_not_received_by_recipient,0.3806,pending_transfer,0.023
How long does a transfer stay pending?,pending_transfer,pending_transfer,True,0.978,pending_transfer,0.978,transfer_timing,0.006,pending_card_payment,0.0055
How long do transfer pend for?,pending_transfer,pending_transfer,True,0.7119,pending_transfer,0.7119,transfer_timing,0.1042,balance_not_updated_after_bank_transfer,0.0913
Why hasn't my transfer gone through yet?,pending_transfer,failed_transfer,False,0.2719,failed_transfer,0.2719,transfer_not_received_by_recipient,0.2517,balance_not_updated_after_bank_transfer,0.1968
When will the transfer go through?,pending_transfer,pending_transfer,True,0.2677,pending_transfer,0.2677,transfer_timing,0.236,failed_transfer,0.1632
Please explain why the transfers shows up as pending?,pending_transfer,pending_transfer,True,0.7899,pending_transfer,0.7899,pending_cash_withdrawal,0.0541,balance_not_updated_after_bank_transfer,0.0278
"I double checked that I have the correct account details , they're right for sure. Transfer is still pending since forever. What should be done now?",pending_transfer,pending_transfer,True,0.9133,pending_transfer,0.9133,transfer_not_received_by_recipient,0.0111,pending_cash_withdrawal,0.0077
When will my transfer go through?,pending_transfer,failed_transfer,False,0.3553,failed_transfer,0.3553,transfer_not_received_by_recipient,0.1406,transfer_timing,0.1339
What is the cause that the transfer shows as pending?,pending_transfer,pending_transfer,True,0.8775,pending_transfer,0.8775,pending_card_payment,0.044,pending_cash_withdrawal,0.0169
When will the transfer be completed?,pending_transfer,pending_transfer,True,0.4597,pending_transfer,0.4597,transfer_not_received_by_recipient,0.2492,transfer_timing,0.1458
Pending transfer?,pending_transfer,pending_transfer,True,0.982,pending_transfer,0.982,failed_transfer,0.0033,pending_card_payment,0.0032
"I would like to know why my payment is still pending, can you help?",pending_transfer,pending_card_payment,False,0.7154,pending_card_payment,0.7154,pending_transfer,0.1307,declined_card_payment,0.0337
Someone transferred money to me and it doesn't show,pending_transfer,balance_not_updated_after_bank_transfer,False,0.594,balance_not_updated_after_bank_transfer,0.594,transfer_not_received_by_recipient,0.2222,transfer_fee_charged,0.0324
How long does a transfer take to be confirmed?,pending_transfer,pending_transfer,True,0.5385,pending_transfer,0.5385,transfer_timing,0.2507,balance_not_updated_after_bank_transfer,0.0774
I made a transfer 12 hours ago. Why is it still listed as pending?,pending_transfer,pending_transfer,True,0.5654,pending_transfer,0.5654,balance_not_updated_after_bank_transfer,0.1099,pending_card_payment,0.1074
"Why does my transfer say ""pending""?",pending_transfer,pending_transfer,True,0.8323,pending_transfer,0.8323,failed_transfer,0.0439,declined_transfer,0.0217
How long can I expect a transfer to pend for?,pending_transfer,pending_transfer,True,0.4173,pending_transfer,0.4173,transfer_timing,0.3317,card_delivery_estimate,0.0712
For how long will my transfer be pending?,pending_transfer,pending_transfer,True,0.9911,pending_transfer,0.9911,transfer_timing,0.0029,pending_top_up,0.0017
Transferring money in 2018 to another country shouldn't take this long. My transfer has been pending for too long. I verified my account details are correct.,pending_transfer,pending_transfer,True,0.5779,pending_transfer,0.5779,transfer_not_received_by_recipient,0.0902,balance_not_updated_after_bank_transfer,0.0812
Why is a money transfer not showing?,pending_transfer,pending_transfer,True,0.3936,pending_transfer,0.3936,balance_not_updated_after_bank_transfer,0.3688,transfer_not_received_by_recipient,0.0715
The transfer is coming up as pending the payment is due today. Will I be charged a fee?,pending_transfer,pending_card_payment,False,0.3432,pending_card_payment,0.3432,pending_transfer,0.3185,top_up_by_bank_transfer_charge,0.1073
I am still waiting for a money transfer to show,pending_transfer,pending_transfer,True,0.9773,pending_transfer,0.9773,balance_not_updated_after_bank_transfer,0.0167,transfer_not_received_by_recipient,0.0022
My transfer hasn't gone through yet.,pending_transfer,failed_transfer,False,0.3482,failed_transfer,0.3482,pending_transfer,0.1656,transfer_not_received_by_recipient,0.1553
I am confused as to why my transfer could still be pending.,pending_transfer,pending_transfer,True,0.9281,pending_transfer,0.9281,failed_transfer,0.0157,transfer_fee_charged,0.0086
How long does it take for a money transfer to show?,pending_transfer,pending_transfer,True,0.8771,pending_transfer,0.8771,balance_not_updated_after_bank_transfer,0.054,transfer_timing,0.047
Can you remove my account please?,terminate_account,terminate_account,True,0.7417,terminate_account,0.7417,transfer_into_account,0.0234,why_verify_identity,0.015
"i want to close an account but im not sure about setting up a new one in the future, what do you recommend",terminate_account,terminate_account,True,0.334,terminate_account,0.334,age_limit,0.0578,country_support,0.0462
My account needs to be deleted.,terminate_account,terminate_account,True,0.7819,terminate_account,0.7819,age_limit,0.0342,cancel_transfer,0.0196
I would like to delete my account please.,terminate_account,terminate_account,True,0.9949,terminate_account,0.9949,request_refund,0.0004,transfer_into_account,0.0003
What steps do I need to take to close my account?,terminate_account,terminate_account,True,0.9147,terminate_account,0.9147,transfer_into_account,0.0086,verify_my_identity,0.007
I'm tired of all the problems I've had. I want to quit this account!,terminate_account,terminate_account,True,0.1947,terminate_account,0.1947,beneficiary_not_allowed,0.0557,wrong_amount_of_cash_received,0.0324
Please delete my account right now!,terminate_account,terminate_account,True,0.9811,terminate_account,0.9811,card_delivery_estimate,0.0007,cash_withdrawal_not_recognised,0.0007
I want to close my account,terminate_account,terminate_account,True,0.9989,terminate_account,0.9989,why_verify_identity,0.0002,transfer_into_account,0.0001
"unhappy with you, how to delete account",terminate_account,terminate_account,True,0.9045,terminate_account,0.9045,transfer_into_account,0.0053,age_limit,0.0049
I would like to delete my account.,terminate_account,terminate_account,True,0.9979,terminate_account,0.9979,transfer_into_account,0.0002,getting_spare_card,0.0001
I am highly unsatisfied with this company and want to delete my account!,terminate_account,terminate_account,True,0.9909,terminate_account,0.9909,why_verify_identity,0.0006,beneficiary_not_allowed,0.0003
I don't like your company. Delete my account.,terminate_account,terminate_account,True,0.9862,terminate_account,0.9862,why_verify_identity,0.0006,passcode_forgotten,0.0005
I would like to close my account.,terminate_account,terminate_account,True,0.9964,terminate_account,0.9964,getting_spare_card,0.0003,transfer_into_account,0.0002
This company is terrible! Can you delete my account?,terminate_account,terminate_account,True,0.9575,terminate_account,0.9575,why_verify_identity,0.003,age_limit,0.0019
"This company is bad, please delete my account.",terminate_account,terminate_account,True,0.9889,terminate_account,0.9889,cash_withdrawal_not_recognised,0.0009,balance_not_updated_after_cheque_or_cash_deposit,0.0006
"please delete my account, your services are not up to par.",terminate_account,terminate_account,True,0.9719,terminate_account,0.9719,age_limit,0.0023,apple_pay_or_google_pay,0.0019
I need your help in deleting my account.,terminate_account,terminate_account,True,0.6503,terminate_account,0.6503,balance_not_updated_after_cheque_or_cash_deposit,0.0287,cash_withdrawal_not_recognised,0.0255
"The service of this company sucks, I need to terminate my account.",terminate_account,terminate_account,True,0.975,terminate_account,0.975,age_limit,0.0022,why_verify_identity,0.001
Delete this account!,terminate_account,terminate_account,True,0.9829,terminate_account,0.9829,transfer_into_account,0.0009,age_limit,0.0008
How do I get rid of my account ASAP?,terminate_account,terminate_account,True,0.3874,terminate_account,0.3874,transfer_into_account,0.1168,verify_my_identity,0.0302
"This company isn't good, I would like to delete my account.",terminate_account,terminate_account,True,0.9898,terminate_account,0.9898,request_refund,0.0007,getting_spare_card,0.0005
Can you delete my account please?,terminate_account,terminate_account,True,0.987,terminate_account,0.987,transfer_into_account,0.0011,why_verify_identity,0.0008
I am not satisfied with your company and would like to delete my accounts!,terminate_account,terminate_account,True,0.9834,terminate_account,0.9834,unable_to_verify_identity,0.0008,request_refund,0.0008
Please delete my account. I am not happy with the service from your company.,terminate_account,terminate_account,True,0.9918,terminate_account,0.9918,cash_withdrawal_not_recognised,0.0006,balance_not_updated_after_cheque_or_cash_deposit,0.0004
Please terminate my account.,terminate_account,terminate_account,True,0.9781,terminate_account,0.9781,cash_withdrawal_not_recognised,0.0015,balance_not_updated_after_cheque_or_cash_deposit,0.0011
I am sick of this damn company and want to close out my account.,terminate_account,terminate_account,True,0.97,terminate_account,0.97,why_verify_identity,0.0018,cash_withdrawal_not_recognised,0.0015
Please close my account. I am unsatisfied with your service.,terminate_account,terminate_account,True,0.9921,terminate_account,0.9921,age_limit,0.0008,cash_withdrawal_not_recognised,0.0003
Please delete my account.,terminate_account,terminate_account,True,0.9983,terminate_account,0.9983,cash_withdrawal_not_recognised,0.0002,balance_not_updated_after_cheque_or_cash_deposit,0.0001
"Your service is terrible,.  Delete my account,",terminate_account,terminate_account,True,0.9736,terminate_account,0.9736,age_limit,0.0052,country_support,0.0011
I want my account deleted!,terminate_account,terminate_account,True,0.9594,terminate_account,0.9594,why_verify_identity,0.0037,age_limit,0.0033
I am extremely unhappy with this app and want to get rid of my account?,terminate_account,terminate_account,True,0.3792,terminate_account,0.3792,cash_withdrawal_not_recognised,0.0514,exchange_via_app,0.0333
How do I delete my account?,terminate_account,terminate_account,True,0.9963,terminate_account,0.9963,transfer_into_account,0.0009,transfer_timing,0.0002
This company sucks! Can you delete my account?,terminate_account,terminate_account,True,0.9819,terminate_account,0.9819,why_verify_identity,0.0013,age_limit,0.0009
I wish to close my account. I do not like the service you provide.,terminate_account,terminate_account,True,0.9766,terminate_account,0.9766,unable_to_verify_identity,0.0023,country_support,0.0022
Can you help me get rid of my account?,terminate_account,terminate_account,True,0.1908,terminate_account,0.1908,cash_withdrawal_not_recognised,0.0581,top_up_by_cash_or_cheque,0.0561
"I don't find your services useful anymore, how do I delete my account?",terminate_account,terminate_account,True,0.9398,terminate_account,0.9398,age_limit,0.0058,lost_or_stolen_phone,0.005
"Please delete my account, this company is not working for me!",terminate_account,terminate_account,True,0.9277,terminate_account,0.9277,card_not_working,0.0053,declined_card_payment,0.0045
I want to delete my account. I'm unhappy with the service you're providing.,terminate_account,terminate_account,True,0.9756,terminate_account,0.9756,why_verify_identity,0.0017,age_limit,0.0015
Can you tell me how to close my account?,terminate_account,terminate_account,True,0.9602,terminate_account,0.9602,transfer_into_account,0.0082,top_up_by_cash_or_cheque,0.0032
This company sucks! Can you terminate my account?,terminate_account,terminate_account,True,0.9523,terminate_account,0.9523,why_verify_identity,0.0032,age_limit,0.0021
"What do I do if an ATM ""stole"" my card?",card_swallowed,card_swallowed,True,0.5467,card_swallowed,0.5467,lost_or_stolen_card,0.1586,atm_support,0.1001
How do I retrieve my card from the machine?,card_swallowed,card_swallowed,True,0.1381,card_swallowed,0.1381,card_not_working,0.1025,lost_or_stolen_card,0.0922
I was retrieving money and my card wouldn't remove.,card_swallowed,declined_cash_withdrawal,False,0.1441,declined_cash_withdrawal,0.1441,declined_card_payment,0.0966,card_not_working,0.0676
What do I do since the machine swallowed my card. I need one.,card_swallowed,card_swallowed,True,0.7764,card_swallowed,0.7764,card_not_working,0.0336,compromised_card,0.013
HOw do I get my card back after the ATM has pulled it in?,card_swallowed,card_swallowed,True,0.9404,card_swallowed,0.9404,card_linking,0.0088,reverted_card_payment?,0.006
Atm took my card,card_swallowed,card_swallowed,True,0.9543,card_swallowed,0.9543,lost_or_stolen_card,0.0127,atm_support,0.0081
Is there a way I can get my ATM card back from the machine?,card_swallowed,card_swallowed,True,0.7594,card_swallowed,0.7594,atm_support,0.1186,declined_cash_withdrawal,0.0445
I think the atm ate my card.,card_swallowed,card_swallowed,True,0.9168,card_swallowed,0.9168,declined_cash_withdrawal,0.0434,atm_support,0.0053
The ATM didn't give me the card back!,card_swallowed,card_swallowed,True,0.8444,card_swallowed,0.8444,wrong_amount_of_cash_received,0.0952,declined_cash_withdrawal,0.0237
How can I get my card out of the damn ATM?,card_swallowed,card_swallowed,True,0.8182,card_swallowed,0.8182,atm_support,0.0541,card_arrival,0.0144
The atm won't give my card back!,card_swallowed,card_swallowed,True,0.9011,card_swallowed,0.9011,declined_cash_withdrawal,0.0687,wrong_amount_of_cash_received,0.0043
How can I get my card back out?,card_swallowed,card_swallowed,True,0.5747,card_swallowed,0.5747,card_arrival,0.0831,card_linking,0.0451
The ATM machine stole my card.,card_swallowed,card_swallowed,True,0.9722,card_swallowed,0.9722,declined_cash_withdrawal,0.0079,lost_or_stolen_card,0.0058
The ATM at Metro bank on High St. Kensington swallowed my card. How do I get it back?,card_swallowed,card_swallowed,True,0.9118,card_swallowed,0.9118,declined_cash_withdrawal,0.0082,card_linking,0.0049
My ATM got stuck and I'm not sure what to do.,card_swallowed,card_swallowed,True,0.5705,card_swallowed,0.5705,declined_cash_withdrawal,0.0399,wrong_amount_of_cash_received,0.0395
The ATM ate my card.,card_swallowed,card_swallowed,True,0.9745,card_swallowed,0.9745,declined_cash_withdrawal,0.0162,atm_support,0.0019
The ATM won't give me my card back.,card_swallowed,card_swallowed,True,0.8542,card_swallowed,0.8542,declined_cash_withdrawal,0.1164,wrong_amount_of_cash_received,0.0053
My card was confiscated by an ATM. How do I get my card back?,card_swallowed,card_swallowed,True,0.9242,card_swallowed,0.9242,card_arrival,0.0079,card_linking,0.0076
What do I do if the ATM ate my card?,card_swallowed,card_swallowed,True,0.9632,card_swallowed,0.9632,declined_cash_withdrawal,0.0064,atm_support,0.006
ATM still has my card,card_swallowed,card_swallowed,True,0.3506,card_swallowed,0.3506,pending_cash_withdrawal,0.2831,card_arrival,0.1761
What do I do if an ATM ate my card?,card_swallowed,card_swallowed,True,0.835,card_swallowed,0.835,atm_support,0.0746,declined_cash_withdrawal,0.0096
What happens if the ATM doesn't give me back my card?,card_swallowed,card_swallowed,True,0.6164,card_swallowed,0.6164,wrong_amount_of_cash_received,0.071,reverted_card_payment?,0.0644
I can't pull my card out of the ATM. Help me.,card_swallowed,card_swallowed,True,0.7687,card_swallowed,0.7687,declined_cash_withdrawal,0.071,wrong_amount_of_cash_received,0.0288
I have a problem!  The ATM stole my card!,card_swallowed,card_swallowed,True,0.7421,card_swallowed,0.7421,lost_or_stolen_card,0.0804,declined_cash_withdrawal,0.0547
Why would an ATM swallow my card?,card_swallowed,card_swallowed,True,0.6193,card_swallowed,0.6193,declined_cash_withdrawal,0.1732,atm_support,0.0477
My card was taken by the ATM.,card_swallowed,card_swallowed,True,0.7173,card_swallowed,0.7173,declined_cash_withdrawal,0.0789,wrong_amount_of_cash_received,0.0435
Help!  The atm won't give me my card back.,card_swallowed,card_swallowed,True,0.7817,card_swallowed,0.7817,declined_cash_withdrawal,0.1633,wrong_amount_of_cash_received,0.0095
The stupid machine just swallowed my card!! I need a new one ASAP,card_swallowed,card_swallowed,True,0.6097,card_swallowed,0.6097,lost_or_stolen_card,0.034,getting_spare_card,0.0306
How do I retrieve a trapped card from a ATM?,card_swallowed,card_swallowed,True,0.2631,card_swallowed,0.2631,atm_support,0.1318,declined_cash_withdrawal,0.0437
"My card is stuck in the ATM, what can I do?",card_swallowed,card_swallowed,True,0.9542,card_swallowed,0.9542,atm_support,0.0039,lost_or_stolen_card,0.0038
I was getting cash and can't get my card back.,card_swallowed,card_swallowed,True,0.5476,card_swallowed,0.5476,declined_cash_withdrawal,0.0918,card_not_working,0.0461
"If my card is trapped in the ATM, what do I do?",card_swallowed,card_swallowed,True,0.8582,card_swallowed,0.8582,card_not_working,0.0134,card_arrival,0.0108
My card has been swallowed by an ATM,card_swallowed,card_swallowed,True,0.8647,card_swallowed,0.8647,atm_support,0.0172,declined_cash_withdrawal,0.0133
I was taking out funds and was unable to regain my card.,card_swallowed,card_not_working,False,0.1931,card_not_working,0.1931,declined_cash_withdrawal,0.0593,declined_card_payment,0.0383
What should I do with my atm that got stuck?,card_swallowed,card_swallowed,True,0.7825,card_swallowed,0.7825,wrong_amount_of_cash_received,0.0313,declined_cash_withdrawal,0.0225
The ATM at Metro bank on High St. Kensington didn't return my card. What should I do now that the bank is closed?,card_swallowed,card_swallowed,True,0.5595,card_swallowed,0.5595,cash_withdrawal_not_recognised,0.0215,wrong_amount_of_cash_received,0.0213
The ATM won't give back my card,card_swallowed,card_swallowed,True,0.8726,card_swallowed,0.8726,declined_cash_withdrawal,0.1021,wrong_amount_of_cash_received,0.0039
I was at an ATM and it swallowed my card.,card_swallowed,card_swallowed,True,0.824,card_swallowed,0.824,declined_cash_withdrawal,0.0609,atm_support,0.0165
WTF??? I tried to withdraw some money at a Metro bank on High St. Kensington and without any notice it disappeared in the machine. The bank was already closed so I couldn't do anything. How do I get it back?,card_swallowed,declined_cash_withdrawal,False,0.1621,declined_cash_withdrawal,0.1621,pending_cash_withdrawal,0.1178,wrong_exchange_rate_for_cash_withdrawal,0.0754
What happens if my card is stuck in the ATM?,card_swallowed,card_swallowed,True,0.8752,card_swallowed,0.8752,card_arrival,0.0116,atm_support,0.01
I got double charged for a payment so how do I fix that?,transaction_charged_twice,transaction_charged_twice,True,0.9265,transaction_charged_twice,0.9265,card_payment_not_recognised,0.0213,card_payment_fee_charged,0.0123
"I've just come back from an eating holiday in the USA and Canada and have SO many pending and duplicated transactions on my account.  I think there is something wrong, can you look in to it please?",transaction_charged_twice,transaction_charged_twice,True,0.3958,transaction_charged_twice,0.3958,pending_cash_withdrawal,0.0501,cancel_transfer,0.0406
Why am I being charged twice fro a restaurant?,transaction_charged_twice,transaction_charged_twice,True,0.993,transaction_charged_twice,0.993,card_payment_fee_charged,0.0013,cash_withdrawal_charge,0.0011
I would like to know why I was charged twice for my purchase.,transaction_charged_twice,transaction_charged_twice,True,0.8192,transaction_charged_twice,0.8192,card_payment_fee_charged,0.065,request_refund,0.0208
I didn't buy this twice,transaction_charged_twice,transaction_charged_twice,True,0.474,transaction_charged_twice,0.474,card_payment_not_recognised,0.1314,cash_withdrawal_not_recognised,0.0507
Why was I chaged twice for the same thing?,transaction_charged_twice,transaction_charged_twice,True,0.9932,transaction_charged_twice,0.9932,transfer_fee_charged,0.0007,cash_withdrawal_charge,0.0006
Why is there more then one charge on my card I only paid for one not twice how can I fix this?,transaction_charged_twice,transaction_charged_twice,True,0.9616,transaction_charged_twice,0.9616,card_payment_fee_charged,0.0138,getting_spare_card,0.0029
I have a duplicate payment showing up on the app. How do I stop myself being charged for the thing twice?,transaction_charged_twice,transaction_charged_twice,True,0.9967,transaction_charged_twice,0.9967,card_payment_fee_charged,0.0005,card_payment_not_recognised,0.0004
Why would I be charged more than once for the same transaction?,transaction_charged_twice,transaction_charged_twice,True,0.9916,transaction_charged_twice,0.9916,card_payment_fee_charged,0.001,extra_charge_on_statement,0.001
I was wondering how I could have two charges for the same item happen more than once in a 7 day period. Is there anyway I could get this corrected asap.,transaction_charged_twice,transaction_charged_twice,True,0.631,transaction_charged_twice,0.631,extra_charge_on_statement,0.044,wrong_amount_of_cash_received,0.0357
Can you please check if I was charged twice?,transaction_charged_twice,transaction_charged_twice,True,0.9641,transaction_charged_twice,0.9641,card_payment_fee_charged,0.0055,top_up_by_cash_or_cheque,0.0045
I have been charged twice,transaction_charged_twice,transaction_charged_twice,True,0.9976,transaction_charged_twice,0.9976,card_payment_fee_charged,0.0008,extra_charge_on_statement,0.0004
It appears that I am being double charged for some items that I have purchased this past week.  Please review and correct.,transaction_charged_twice,transaction_charged_twice,True,0.7743,transaction_charged_twice,0.7743,card_payment_wrong_exchange_rate,0.0452,extra_charge_on_statement,0.0233
It looks like this week I was double charged for a couple things. Is there any way that you can look into this for me and return the double charged items back to my card?,transaction_charged_twice,transaction_charged_twice,True,0.8018,transaction_charged_twice,0.8018,direct_debit_payment_not_recognised,0.0334,card_payment_fee_charged,0.017
I noticed after looking over my transactions that I have been charged twice from an earlier restaurant visit this week. Is it possible that one of these can be removed so I get the money back for the one that is not accurate?,transaction_charged_twice,transaction_charged_twice,True,0.942,transaction_charged_twice,0.942,direct_debit_payment_not_recognised,0.0072,transfer_fee_charged,0.0044
I think something may have happened that caused a charge to show up twice.,transaction_charged_twice,transaction_charged_twice,True,0.7761,transaction_charged_twice,0.7761,compromised_card,0.0185,top_up_reverted,0.0167
Why is there a transaction that shows multiple times?,transaction_charged_twice,transaction_charged_twice,True,0.8994,transaction_charged_twice,0.8994,transfer_not_received_by_recipient,0.0227,card_not_working,0.0075
I see what looks like duplicate charges on account.,transaction_charged_twice,transaction_charged_twice,True,0.934,transaction_charged_twice,0.934,terminate_account,0.0073,getting_spare_card,0.0051
Why was I charged multiple times for the same thing?,transaction_charged_twice,transaction_charged_twice,True,0.9896,transaction_charged_twice,0.9896,cash_withdrawal_charge,0.0022,transfer_fee_charged,0.0015
I had a duplicate card and got charged twice. How do I resolve this?,transaction_charged_twice,transaction_charged_twice,True,0.9962,transaction_charged_twice,0.9962,card_payment_fee_charged,0.0006,getting_spare_card,0.0004
Hello. I checked my transactions and saw I was double charged on my card for a restaurant visit. I would like to get my money back.,transaction_charged_twice,transaction_charged_twice,True,0.9047,transaction_charged_twice,0.9047,direct_debit_payment_not_recognised,0.0118,card_not_working,0.0093
Why am I being charged twice?,transaction_charged_twice,transaction_charged_twice,True,0.9947,transaction_charged_twice,0.9947,card_payment_fee_charged,0.0019,cash_withdrawal_charge,0.001
Transactions on my card look really weird. I've been charged twice for a couple things this week! Please check this and return the double charged ones.,transaction_charged_twice,transaction_charged_twice,True,0.9878,transaction_charged_twice,0.9878,direct_debit_payment_not_recognised,0.002,card_payment_fee_charged,0.0015
Please check payments on my card. There is a duplicate and I only bought it once.,transaction_charged_twice,transaction_charged_twice,True,0.9324,transaction_charged_twice,0.9324,card_payment_not_recognised,0.0082,card_payment_fee_charged,0.0082
"More than one time this week, I have been charged more than once for the same transaction. Please correct the issue and refund the duplicate charges.",transaction_charged_twice,transaction_charged_twice,True,0.9984,transaction_charged_twice,0.9984,request_refund,0.0002,Refund_not_showing_up,0.0002
A transaction is repeated several times on my account.,transaction_charged_twice,transaction_charged_twice,True,0.9419,transaction_charged_twice,0.9419,transfer_not_received_by_recipient,0.0067,compromised_card,0.0045
I've been charged more than once for the same transaction,transaction_charged_twice,transaction_charged_twice,True,0.9959,transaction_charged_twice,0.9959,transfer_fee_charged,0.0007,transfer_not_received_by_recipient,0.0005
My card has been charged two separate times for a single transaction.,transaction_charged_twice,transaction_charged_twice,True,0.874,transaction_charged_twice,0.874,card_payment_fee_charged,0.0165,transfer_not_received_by_recipient,0.0112
Can you explain why there is a payment showing twice?,transaction_charged_twice,transaction_charged_twice,True,0.9155,transaction_charged_twice,0.9155,direct_debit_payment_not_recognised,0.0126,card_payment_fee_charged,0.0123
Why have I been charged twice for the same transaction?,transaction_charged_twice,transaction_charged_twice,True,0.9994,transaction_charged_twice,0.9994,card_payment_fee_charged,0.0001,transfer_fee_charged,0.0001
I see that I have been charged multiple times for the same transaction.,transaction_charged_twice,transaction_charged_twice,True,0.9948,transaction_charged_twice,0.9948,transfer_not_received_by_recipient,0.0012,card_payment_fee_charged,0.0006
I was double charged,transaction_charged_twice,transaction_charged_twice,True,0.9934,transaction_charged_twice,0.9934,card_payment_fee_charged,0.0011,extra_charge_on_statement,0.0008
I have multiple charges on the same transaction.,transaction_charged_twice,transaction_charged_twice,True,0.9817,transaction_charged_twice,0.9817,transfer_not_received_by_recipient,0.0038,card_payment_not_recognised,0.0014
"Looks like my card payment was duplicated. I went to pay at the store earlier, got declined once,second time it works. App still stays pending for one of the payments. Can you please remove one of them as it's wrong and clearly was declined?",transaction_charged_twice,transaction_charged_twice,True,0.9663,transaction_charged_twice,0.9663,declined_card_payment,0.0144,pending_card_payment,0.0034
I have a transaction that shows several times,transaction_charged_twice,transaction_charged_twice,True,0.8844,transaction_charged_twice,0.8844,transfer_not_received_by_recipient,0.0225,disposable_card_limits,0.0137
I recently got charged twice from a restaurant that I was at this week and I would like for one of those payments to be removed from my account.,transaction_charged_twice,transaction_charged_twice,True,0.9678,transaction_charged_twice,0.9678,reverted_card_payment?,0.005,card_payment_not_recognised,0.0029
There is more than one of the same transaction on my account.,transaction_charged_twice,transaction_charged_twice,True,0.9766,transaction_charged_twice,0.9766,extra_charge_on_statement,0.0033,card_payment_not_recognised,0.0026
I have a duplicate payment showing,transaction_charged_twice,transaction_charged_twice,True,0.9878,transaction_charged_twice,0.9878,pending_card_payment,0.0022,reverted_card_payment?,0.0022
I made a payment that got charged twice instead of once.,transaction_charged_twice,transaction_charged_twice,True,0.9875,transaction_charged_twice,0.9875,card_payment_not_recognised,0.0044,card_payment_fee_charged,0.0014
What are my remedies if I think I was charged twice for the same expense?,transaction_charged_twice,transaction_charged_twice,True,0.9835,transaction_charged_twice,0.9835,transfer_fee_charged,0.0041,card_payment_fee_charged,0.0018
Can I verify the source of my funds?,verify_source_of_funds,verify_source_of_funds,True,0.9981,verify_source_of_funds,0.9981,verify_top_up,0.0005,verify_my_identity,0.0002
I want information about the source of funds.,verify_source_of_funds,verify_source_of_funds,True,0.9622,verify_source_of_funds,0.9622,request_refund,0.0032,edit_personal_details,0.0027
Where are my funds being sourced from?,verify_source_of_funds,verify_source_of_funds,True,0.9986,verify_source_of_funds,0.9986,pending_top_up,0.0001,atm_support,0.0001
I would like to verify the source of my money,verify_source_of_funds,verify_source_of_funds,True,0.9653,verify_source_of_funds,0.9653,verify_top_up,0.0115,why_verify_identity,0.0019
where to funds come from,verify_source_of_funds,verify_source_of_funds,True,0.9928,verify_source_of_funds,0.9928,declined_cash_withdrawal,0.0005,pending_top_up,0.0005
What is the source of my funds.,verify_source_of_funds,verify_source_of_funds,True,0.9972,verify_source_of_funds,0.9972,exchange_rate,0.0002,request_refund,0.0001
I need to verify my source of funds,verify_source_of_funds,verify_source_of_funds,True,0.9966,verify_source_of_funds,0.9966,why_verify_identity,0.0008,verify_top_up,0.0008
I would like to see the source of my money.,verify_source_of_funds,verify_source_of_funds,True,0.9455,verify_source_of_funds,0.9455,topping_up_by_card,0.0061,request_refund,0.0024
Why do you need all this information about my Source of Funds?,verify_source_of_funds,verify_source_of_funds,True,0.8213,verify_source_of_funds,0.8213,why_verify_identity,0.0795,edit_personal_details,0.0049
How can I check the source of funds?,verify_source_of_funds,verify_source_of_funds,True,0.9941,verify_source_of_funds,0.9941,top_up_by_cash_or_cheque,0.0012,verify_my_identity,0.0003
How can I tell where my funds came from?,verify_source_of_funds,verify_source_of_funds,True,0.9963,verify_source_of_funds,0.9963,atm_support,0.0005,supported_cards_and_currencies,0.0002
What is the source of my available funds?,verify_source_of_funds,verify_source_of_funds,True,0.9961,verify_source_of_funds,0.9961,exchange_rate,0.0002,pending_top_up,0.0002
Can I find the origination of my funds?,verify_source_of_funds,verify_source_of_funds,True,0.9455,verify_source_of_funds,0.9455,lost_or_stolen_card,0.0058,pending_top_up,0.0033
My source of funds need verified.,verify_source_of_funds,verify_source_of_funds,True,0.9866,verify_source_of_funds,0.9866,unable_to_verify_identity,0.0025,verify_top_up,0.0013
What information do you need to verify my Source of Funds?,verify_source_of_funds,verify_source_of_funds,True,0.9668,verify_source_of_funds,0.9668,why_verify_identity,0.0145,verify_my_identity,0.0041
I need the source of my funds verified. How do I do this?,verify_source_of_funds,verify_source_of_funds,True,0.9802,verify_source_of_funds,0.9802,verify_my_identity,0.0024,verify_top_up,0.002
I need my funds verified.,verify_source_of_funds,verify_source_of_funds,True,0.8058,verify_source_of_funds,0.8058,unable_to_verify_identity,0.059,verify_top_up,0.0253
Help me check where the funds came from.,verify_source_of_funds,verify_source_of_funds,True,0.9679,verify_source_of_funds,0.9679,top_up_by_cash_or_cheque,0.0044,balance_not_updated_after_cheque_or_cash_deposit,0.0031
I want to know where the funds come from.,verify_source_of_funds,verify_source_of_funds,True,0.9809,verify_source_of_funds,0.9809,supported_cards_and_currencies,0.0017,card_payment_not_recognised,0.0008
What is the source of my money?,verify_source_of_funds,verify_source_of_funds,True,0.9832,verify_source_of_funds,0.9832,top_up_by_bank_transfer_charge,0.0024,transfer_not_received_by_recipient,0.0015
Where can I find the source of my available money?,verify_source_of_funds,verify_source_of_funds,True,0.9976,verify_source_of_funds,0.9976,atm_support,0.0003,get_physical_card,0.0001
How can I lookup where funds came from?,verify_source_of_funds,verify_source_of_funds,True,0.965,verify_source_of_funds,0.965,atm_support,0.003,supported_cards_and_currencies,0.0023
Can I see that history on my funds and where they came from?,verify_source_of_funds,verify_source_of_funds,True,0.9654,verify_source_of_funds,0.9654,card_payment_not_recognised,0.0062,Refund_not_showing_up,0.002
I have to verify the source of my funds,verify_source_of_funds,verify_source_of_funds,True,0.9961,verify_source_of_funds,0.9961,verify_top_up,0.001,why_verify_identity,0.0005
How can I view the source of my available funds?,verify_source_of_funds,verify_source_of_funds,True,0.99,verify_source_of_funds,0.99,country_support,0.0006,exchange_via_app,0.0005
Why does my money come from?,verify_source_of_funds,verify_source_of_funds,True,0.8186,verify_source_of_funds,0.8186,declined_cash_withdrawal,0.0253,top_up_reverted,0.0174
I need to validate the source of my funds.,verify_source_of_funds,verify_source_of_funds,True,0.9753,verify_source_of_funds,0.9753,edit_personal_details,0.0011,request_refund,0.001
Where are my funds coming from? I need to know.,verify_source_of_funds,verify_source_of_funds,True,0.9821,verify_source_of_funds,0.9821,card_payment_not_recognised,0.0036,atm_support,0.0013
Where has my available money come from?,verify_source_of_funds,verify_source_of_funds,True,0.9869,verify_source_of_funds,0.9869,transfer_not_received_by_recipient,0.0011,atm_support,0.0007
Why do you need to know where my money is coming from?,verify_source_of_funds,verify_source_of_funds,True,0.8755,verify_source_of_funds,0.8755,why_verify_identity,0.0285,card_payment_not_recognised,0.0133
How can I see where my money comes from?,verify_source_of_funds,verify_source_of_funds,True,0.9915,verify_source_of_funds,0.9915,atm_support,0.0011,transfer_timing,0.0005
How can I check the source for my funds?,verify_source_of_funds,verify_source_of_funds,True,0.9919,verify_source_of_funds,0.9919,top_up_by_cash_or_cheque,0.0014,pending_top_up,0.0003
Where can I see the source of my money?,verify_source_of_funds,verify_source_of_funds,True,0.998,verify_source_of_funds,0.998,transfer_not_received_by_recipient,0.0002,atm_support,0.0002
"what is source of my funds, need to verify",verify_source_of_funds,verify_source_of_funds,True,0.9894,verify_source_of_funds,0.9894,why_verify_identity,0.0022,verify_top_up,0.0016
Where do my funds come from?,verify_source_of_funds,verify_source_of_funds,True,0.9986,verify_source_of_funds,0.9986,atm_support,0.0001,card_payment_not_recognised,0.0001
How can I check the source of my fund?,verify_source_of_funds,verify_source_of_funds,True,0.9739,verify_source_of_funds,0.9739,top_up_by_cash_or_cheque,0.0045,request_refund,0.0021
How can I see my source of funds?,verify_source_of_funds,verify_source_of_funds,True,0.9983,verify_source_of_funds,0.9983,supported_cards_and_currencies,0.0001,Refund_not_showing_up,0.0001
How do I become aware of where my funds come from?,verify_source_of_funds,verify_source_of_funds,True,0.9836,verify_source_of_funds,0.9836,atm_support,0.0007,card_payment_not_recognised,0.0006
Where does all this money come from though?,verify_source_of_funds,verify_source_of_funds,True,0.6336,verify_source_of_funds,0.6336,balance_not_updated_after_bank_transfer,0.0279,wrong_amount_of_cash_received,0.0221
What do I need to do to verify the source of my funds?,verify_source_of_funds,verify_source_of_funds,True,0.9954,verify_source_of_funds,0.9954,verify_top_up,0.0011,verify_my_identity,0.0009
What is the number of days I have to wait for my Europe transfer?,transfer_timing,transfer_timing,True,0.9059,transfer_timing,0.9059,transfer_not_received_by_recipient,0.0344,pending_transfer,0.0083
What is the wait time for a transfer from the US?,transfer_timing,transfer_timing,True,0.9776,transfer_timing,0.9776,transfer_not_received_by_recipient,0.0064,pending_transfer,0.0033
I need a fast transfer from China?  How fast will it be?,transfer_timing,transfer_timing,True,0.8965,transfer_timing,0.8965,card_about_to_expire,0.0317,failed_transfer,0.0062
how soon will I see the transfer in my account?,transfer_timing,transfer_timing,True,0.9013,transfer_timing,0.9013,balance_not_updated_after_bank_transfer,0.0424,pending_transfer,0.0184
How many days does it take until funds are in my account?,transfer_timing,transfer_timing,True,0.8759,transfer_timing,0.8759,verify_source_of_funds,0.015,card_delivery_estimate,0.009
How long until my transfer goes through?,transfer_timing,pending_transfer,False,0.4382,pending_transfer,0.4382,transfer_timing,0.2411,balance_not_updated_after_bank_transfer,0.0757
Do transfers from Europe take longer?,transfer_timing,transfer_timing,True,0.9251,transfer_timing,0.9251,balance_not_updated_after_bank_transfer,0.0286,transfer_fee_charged,0.0035
What is the fastest that I can make a transfer?,transfer_timing,failed_transfer,False,0.4095,failed_transfer,0.4095,top_up_by_bank_transfer_charge,0.2189,transfer_timing,0.0862
how long dies it take for transfers to reflect on my balance,transfer_timing,balance_not_updated_after_bank_transfer,False,0.9625,balance_not_updated_after_bank_transfer,0.9625,transfer_timing,0.0131,pending_top_up,0.0053
"If I started the Bank transfer from Europe, how long will the process take to complete?",transfer_timing,transfer_timing,True,0.6932,transfer_timing,0.6932,balance_not_updated_after_bank_transfer,0.1008,transfer_not_received_by_recipient,0.0283
How long until the money is in my account?,transfer_timing,transfer_timing,True,0.9406,transfer_timing,0.9406,balance_not_updated_after_cheque_or_cash_deposit,0.0079,pending_cash_withdrawal,0.0053
When will a transfer reach my account?,transfer_timing,transfer_timing,True,0.836,transfer_timing,0.836,balance_not_updated_after_bank_transfer,0.1434,top_up_by_bank_transfer_charge,0.0037
When should I expect to see my transfer hit my account?,transfer_timing,transfer_timing,True,0.458,transfer_timing,0.458,balance_not_updated_after_bank_transfer,0.294,transfer_fee_charged,0.0638
Will my transfer immediately show up in my account?,transfer_timing,transfer_timing,True,0.5222,transfer_timing,0.5222,balance_not_updated_after_bank_transfer,0.263,pending_transfer,0.0822
"If I need to do a quick transfer from China, how long should I expect the transfer to take?",transfer_timing,transfer_timing,True,0.9634,transfer_timing,0.9634,pending_transfer,0.01,balance_not_updated_after_bank_transfer,0.0077
When does the money get transferred to my account,transfer_timing,balance_not_updated_after_bank_transfer,False,0.5821,balance_not_updated_after_bank_transfer,0.5821,transfer_timing,0.2908,transfer_into_account,0.0473
How long do i have to wait for a transfer to reach my account?,transfer_timing,transfer_timing,True,0.8116,transfer_timing,0.8116,balance_not_updated_after_bank_transfer,0.1371,pending_transfer,0.0282
How long does it take for funds to come through the US to my account?,transfer_timing,pending_top_up,False,0.392,pending_top_up,0.392,transfer_timing,0.1935,balance_not_updated_after_bank_transfer,0.0763
How long is my Europe transfer wait?,transfer_timing,transfer_timing,True,0.9908,transfer_timing,0.9908,pending_transfer,0.0037,balance_not_updated_after_bank_transfer,0.0014
How many days does a transfer from the US take?,transfer_timing,transfer_timing,True,0.9959,transfer_timing,0.9959,balance_not_updated_after_bank_transfer,0.0008,pending_transfer,0.0008
How long do I have to wait for a transfer from the US?,transfer_timing,transfer_timing,True,0.9481,transfer_timing,0.9481,pending_transfer,0.0205,balance_not_updated_after_bank_transfer,0.0147
How long is the wait for a US transfer?,transfer_timing,transfer_timing,True,0.9698,transfer_timing,0.9698,pending_transfer,0.0115,transfer_not_received_by_recipient,0.0044
How many days until the money will be in my account?,transfer_timing,transfer_timing,True,0.976,transfer_timing,0.976,balance_not_updated_after_cheque_or_cash_deposit,0.0021,pending_cash_withdrawal,0.0014
How long does it take for a transfer?,transfer_timing,transfer_timing,True,0.5794,transfer_timing,0.5794,balance_not_updated_after_bank_transfer,0.222,transfer_not_received_by_recipient,0.115
What is the time frame for a transfer from the US?,transfer_timing,transfer_timing,True,0.9799,transfer_timing,0.9799,transfer_not_received_by_recipient,0.0042,balance_not_updated_after_bank_transfer,0.0029
when will i receive a US transfer,transfer_timing,transfer_timing,True,0.7618,transfer_timing,0.7618,pending_transfer,0.062,transfer_fee_charged,0.0311
Approximately how long will an urgent transfer from China take?,transfer_timing,transfer_timing,True,0.971,transfer_timing,0.971,pending_transfer,0.0071,balance_not_updated_after_bank_transfer,0.0027
"I initiated a Bank transfer form Europe, how long will this take?",transfer_timing,transfer_timing,True,0.5437,transfer_timing,0.5437,balance_not_updated_after_bank_transfer,0.1396,pending_transfer,0.0843
How long does it take to process transfers from Europe?,transfer_timing,transfer_timing,True,0.9582,transfer_timing,0.9582,balance_not_updated_after_bank_transfer,0.016,pending_transfer,0.0047
How long does a funds transfer take from one back to another?,transfer_timing,pending_transfer,False,0.2852,pending_transfer,0.2852,transfer_timing,0.177,balance_not_updated_after_bank_transfer,0.1649
What would the approximate delivery date be if I transferred something urgently to China?,transfer_timing,transfer_timing,True,0.3285,transfer_timing,0.3285,card_about_to_expire,0.1123,balance_not_updated_after_bank_transfer,0.0403
I have to transfer something to China as fast as I can. How long will it take to arrive in China?,transfer_timing,transfer_timing,True,0.8579,transfer_timing,0.8579,card_about_to_expire,0.0473,card_delivery_estimate,0.0273
How long to I have to wait for a transfer to reach my account?,transfer_timing,transfer_timing,True,0.8508,transfer_timing,0.8508,balance_not_updated_after_bank_transfer,0.0977,pending_transfer,0.0248
How long is it going to take for my funds to show in my account?,transfer_timing,transfer_timing,True,0.1492,transfer_timing,0.1492,pending_top_up,0.1085,verify_source_of_funds,0.0921
"How long does a transfer take from the point it's sent, to the point it arrives in my account?",transfer_timing,transfer_timing,True,0.7596,transfer_timing,0.7596,transfer_not_received_by_recipient,0.0686,balance_not_updated_after_bank_transfer,0.0315
How long will it take for the transfer to reach my account?,transfer_timing,transfer_timing,True,0.884,transfer_timing,0.884,balance_not_updated_after_bank_transfer,0.0802,transfer_not_received_by_recipient,0.0179
If my transfer is from Europe how long will it take?,transfer_timing,transfer_timing,True,0.9853,transfer_timing,0.9853,pending_transfer,0.0079,balance_not_updated_after_bank_transfer,0.0019
There is an important thing from China that I need to transfer. Approximately how long will this take?,transfer_timing,transfer_timing,True,0.6378,transfer_timing,0.6378,pending_transfer,0.059,cancel_transfer,0.0235
How long does a transfer take from china?,transfer_timing,transfer_timing,True,0.9754,transfer_timing,0.9754,pending_transfer,0.0088,balance_not_updated_after_bank_transfer,0.0078
When will money be available in my account?,transfer_timing,transfer_timing,True,0.8726,transfer_timing,0.8726,balance_not_updated_after_bank_transfer,0.0264,verify_source_of_funds,0.0162
I think my card payment has been stopped,reverted_card_payment?,reverted_card_payment?,True,0.9311,reverted_card_payment?,0.9311,declined_card_payment,0.0222,pending_card_payment,0.0187
My card payment was reverted.  Why?,reverted_card_payment?,reverted_card_payment?,True,0.9863,reverted_card_payment?,0.9863,declined_card_payment,0.0111,top_up_reverted,0.0008
the app reverted my payment,reverted_card_payment?,reverted_card_payment?,True,0.993,reverted_card_payment?,0.993,card_payment_not_recognised,0.0024,top_up_reverted,0.0024
My card payment was cancelled.,reverted_card_payment?,reverted_card_payment?,True,0.9923,reverted_card_payment?,0.9923,declined_card_payment,0.006,card_payment_fee_charged,0.0003
Why was my payment cancelled?,reverted_card_payment?,reverted_card_payment?,True,0.9918,reverted_card_payment?,0.9918,top_up_reverted,0.0037,declined_card_payment,0.0009
I made a payment but the app reverted the payment.,reverted_card_payment?,reverted_card_payment?,True,0.9915,reverted_card_payment?,0.9915,card_payment_not_recognised,0.0043,pending_card_payment,0.0022
My payment was reverted by the app,reverted_card_payment?,reverted_card_payment?,True,0.9971,reverted_card_payment?,0.9971,top_up_reverted,0.0011,card_payment_not_recognised,0.0006
"Hello, My money went through for my purchase but now I got contacted from the seller noting that they didn't receive it. Then the money was returned to my account and I'm not sure why this occurred. So if you can resolve this issue please.",reverted_card_payment?,reverted_card_payment?,True,0.569,reverted_card_payment?,0.569,top_up_reverted,0.1704,Refund_not_showing_up,0.0743
Please explain to me the circumstances in which my card payment would be reverted?,reverted_card_payment?,reverted_card_payment?,True,0.79,reverted_card_payment?,0.79,top_up_reverted,0.0358,declined_card_payment,0.0238
Why has my card payment been cancelled?,reverted_card_payment?,reverted_card_payment?,True,0.9906,reverted_card_payment?,0.9906,declined_card_payment,0.0041,pending_card_payment,0.0022
What do I do if it says my card payment has been cancelled?,reverted_card_payment?,reverted_card_payment?,True,0.9616,reverted_card_payment?,0.9616,pending_card_payment,0.0086,declined_card_payment,0.0061
I'm not sure why my account has been refunded a payment for an item I've already received about 2 weeks ago. Can you please tell me what is going on?,reverted_card_payment?,reverted_card_payment?,True,0.839,reverted_card_payment?,0.839,request_refund,0.0692,Refund_not_showing_up,0.0114
My card is being declined for a purchase. I bought items before and the card worked. Do you know what the problem is?,reverted_card_payment?,top_up_failed,False,0.2336,top_up_failed,0.2336,declined_card_payment,0.1829,card_not_working,0.1598
Can you tell my why my card payment has been reverted.,reverted_card_payment?,reverted_card_payment?,True,0.986,reverted_card_payment?,0.986,declined_card_payment,0.0087,top_up_reverted,0.0014
why did the app refuse to make an approved payment,reverted_card_payment?,card_payment_not_recognised,False,0.368,card_payment_not_recognised,0.368,reverted_card_payment?,0.168,declined_card_payment,0.0703
Do you know why my card payment was reverted?,reverted_card_payment?,reverted_card_payment?,True,0.9186,reverted_card_payment?,0.9186,declined_card_payment,0.0719,card_payment_fee_charged,0.0025
My credit card cancelled a payment for a purchase.,reverted_card_payment?,reverted_card_payment?,True,0.8278,reverted_card_payment?,0.8278,request_refund,0.0383,pending_card_payment,0.0257
Why was my payment reversed?,reverted_card_payment?,reverted_card_payment?,True,0.9632,reverted_card_payment?,0.9632,declined_card_payment,0.0079,top_up_reverted,0.0057
I have a payment listed as cancelled.,reverted_card_payment?,reverted_card_payment?,True,0.731,reverted_card_payment?,0.731,cancel_transfer,0.0619,pending_card_payment,0.0446
I think my card payment had been return,reverted_card_payment?,reverted_card_payment?,True,0.7707,reverted_card_payment?,0.7707,declined_card_payment,0.0919,pending_card_payment,0.0351
I was contacted by a seller with a message that they never received my money. I am 100% sure it was taken from my account so I definitely need this sorted out soon.,reverted_card_payment?,reverted_card_payment?,True,0.3829,reverted_card_payment?,0.3829,cash_withdrawal_not_recognised,0.1118,wrong_amount_of_cash_received,0.0738
what happens to the funds if a merchant refuses the payment,reverted_card_payment?,reverted_card_payment?,True,0.7704,reverted_card_payment?,0.7704,Refund_not_showing_up,0.0359,card_payment_not_recognised,0.0279
"I am attempting to make a purchase online, but my card is not working.  I know there are funds available, is this an issue on the banks end?",reverted_card_payment?,card_not_working,False,0.1565,card_not_working,0.1565,reverted_card_payment?,0.0841,top_up_failed,0.061
Why was my card payment cancelled?,reverted_card_payment?,reverted_card_payment?,True,0.9908,reverted_card_payment?,0.9908,declined_card_payment,0.0051,top_up_reverted,0.0009
Why has my card payment been reverted?,reverted_card_payment?,reverted_card_payment?,True,0.9923,reverted_card_payment?,0.9923,declined_card_payment,0.0045,pending_card_payment,0.0013
"There must be an issue, why has my card been cancelled?",reverted_card_payment?,reverted_card_payment?,True,0.5054,reverted_card_payment?,0.5054,top_up_reverted,0.1559,card_arrival,0.0465
I bought something and the money appeared back into my account? Why?,reverted_card_payment?,reverted_card_payment?,True,0.818,reverted_card_payment?,0.818,top_up_reverted,0.0285,request_refund,0.0175
My account shows the card payment cancelled.,reverted_card_payment?,reverted_card_payment?,True,0.9783,reverted_card_payment?,0.9783,card_payment_not_recognised,0.0028,declined_card_payment,0.0028
"I'm not sure why my card payment was cancelled, can you find out why?",reverted_card_payment?,reverted_card_payment?,True,0.7938,reverted_card_payment?,0.7938,declined_card_payment,0.1339,card_payment_fee_charged,0.0104
What is the reason that my card payment was cancelled?,reverted_card_payment?,reverted_card_payment?,True,0.9365,reverted_card_payment?,0.9365,declined_card_payment,0.0378,top_up_reverted,0.0055
"Hi, I would like to file a claim for an inquiry. I am a frequent customer of the company in question and have never had any issue with my purchases, payments, or otherwise. However, the price deducted for an item I purchased a couple of weeks ago has been returned to my checking account. Was there an issue with my payment? The item has already been delivered to me.",reverted_card_payment?,reverted_card_payment?,True,0.8689,reverted_card_payment?,0.8689,request_refund,0.0343,card_payment_not_recognised,0.0085
Why was my card payment reverted?,reverted_card_payment?,reverted_card_payment?,True,0.994,reverted_card_payment?,0.994,declined_card_payment,0.0045,top_up_reverted,0.0004
Why does the app revert a payment?,reverted_card_payment?,reverted_card_payment?,True,0.815,reverted_card_payment?,0.815,card_payment_not_recognised,0.0728,pending_card_payment,0.0244
I did a payment but the app reverted it,reverted_card_payment?,reverted_card_payment?,True,0.9809,reverted_card_payment?,0.9809,top_up_reverted,0.0115,card_payment_not_recognised,0.0038
What happens if a merchant doesn't accept a payment?,reverted_card_payment?,reverted_card_payment?,True,0.7869,reverted_card_payment?,0.7869,card_payment_not_recognised,0.0404,pending_card_payment,0.0197
There was a canceled payment for my card.,reverted_card_payment?,reverted_card_payment?,True,0.4264,reverted_card_payment?,0.4264,card_payment_fee_charged,0.1489,declined_card_payment,0.1179
My transaction to pay for an item was returned to my account.,reverted_card_payment?,reverted_card_payment?,True,0.1802,reverted_card_payment?,0.1802,request_refund,0.1226,transaction_charged_twice,0.1018
Someone stopped my payment,reverted_card_payment?,reverted_card_payment?,True,0.6599,reverted_card_payment?,0.6599,card_payment_not_recognised,0.0834,pending_card_payment,0.0546
"If my card payment is cancelled, what should I do?",reverted_card_payment?,reverted_card_payment?,True,0.8009,reverted_card_payment?,0.8009,pending_card_payment,0.0394,card_payment_not_recognised,0.0211
Why has payment been returned?,reverted_card_payment?,reverted_card_payment?,True,0.9363,reverted_card_payment?,0.9363,pending_card_payment,0.0178,declined_card_payment,0.0106
What kind of cash machines would allow me to change my PIN?,change_pin,change_pin,True,0.9572,change_pin,0.9572,pin_blocked,0.0048,wrong_exchange_rate_for_cash_withdrawal,0.0046
Where do I change my PIN?,change_pin,change_pin,True,0.9957,change_pin,0.9957,get_physical_card,0.0027,pin_blocked,0.001
Is the bank the only place I can change my PIN>,change_pin,change_pin,True,0.9707,change_pin,0.9707,get_physical_card,0.0043,edit_personal_details,0.0024
"If I am overseas, how do I change my pin?",change_pin,change_pin,True,0.9685,change_pin,0.9685,pin_blocked,0.0086,get_physical_card,0.0067
Can i change my PIN at the ATM?,change_pin,change_pin,True,0.9976,change_pin,0.9976,get_physical_card,0.0007,declined_cash_withdrawal,0.0006
How might  I change my PIN?,change_pin,change_pin,True,0.9946,change_pin,0.9946,get_physical_card,0.0033,pin_blocked,0.0011
I would like to change my PIN but I am not currently in the country.,change_pin,change_pin,True,0.8249,change_pin,0.8249,exchange_via_app,0.0414,country_support,0.0273
I would like to change my card PIN.,change_pin,change_pin,True,0.9822,change_pin,0.9822,edit_personal_details,0.006,get_physical_card,0.0031
I want to set a new PIN,change_pin,change_pin,True,0.9501,change_pin,0.9501,get_physical_card,0.0284,pin_blocked,0.0059
"I desperately need to change my PIN, but I'm overseas on vacation right now. How can I do this?",change_pin,change_pin,True,0.9061,change_pin,0.9061,edit_personal_details,0.0121,get_physical_card,0.0064
I need a new Pin how do I go about that?,change_pin,change_pin,True,0.3197,change_pin,0.3197,get_physical_card,0.2109,pin_blocked,0.1632
Is there a location near me that i can change my PIN?,change_pin,change_pin,True,0.9429,change_pin,0.9429,get_physical_card,0.0134,pin_blocked,0.0059
In what ATM can I change my pin?,change_pin,change_pin,True,0.9987,change_pin,0.9987,get_physical_card,0.0004,atm_support,0.0002
I'd like to make a new PIN selection.,change_pin,change_pin,True,0.7766,change_pin,0.7766,pin_blocked,0.0374,get_physical_card,0.0368
How do I set a new pin?,change_pin,change_pin,True,0.7652,change_pin,0.7652,get_physical_card,0.1818,pin_blocked,0.022
How do I update my PIN to a new number?,change_pin,change_pin,True,0.6741,change_pin,0.6741,get_physical_card,0.1196,pin_blocked,0.1075
How can I change my Tholepin ?,change_pin,change_pin,True,0.961,change_pin,0.961,edit_personal_details,0.0274,exchange_via_app,0.0053
My new pin needs to be set.,change_pin,change_pin,True,0.5353,change_pin,0.5353,get_physical_card,0.2628,pin_blocked,0.0547
I want to choose a different PIN.,change_pin,change_pin,True,0.6818,change_pin,0.6818,visa_or_mastercard,0.1475,get_physical_card,0.0234
I would like to change my pin.,change_pin,change_pin,True,0.9955,change_pin,0.9955,edit_personal_details,0.0024,pin_blocked,0.0006
Am I able to change my PIN at any cash machines?,change_pin,change_pin,True,0.987,change_pin,0.987,declined_cash_withdrawal,0.0026,pin_blocked,0.0016
I am travelling for two more weeks but really need to change my PIN asap. What do I do?,change_pin,change_pin,True,0.8467,change_pin,0.8467,pin_blocked,0.0171,edit_personal_details,0.0118
I need to change my PIN. Can I do that at a cash machine?,change_pin,change_pin,True,0.9932,change_pin,0.9932,atm_support,0.0012,edit_personal_details,0.0011
Do cash machines let me change my pin?,change_pin,change_pin,True,0.9842,change_pin,0.9842,pin_blocked,0.003,get_physical_card,0.0026
How do I change my PIN?,change_pin,change_pin,True,0.9977,change_pin,0.9977,get_physical_card,0.0013,pin_blocked,0.0005
I need to change my PIN.,change_pin,change_pin,True,0.9993,change_pin,0.9993,edit_personal_details,0.0005,pin_blocked,0.0001
May I receive a different card pin,change_pin,get_physical_card,False,0.6753,get_physical_card,0.6753,receiving_money,0.0687,change_pin,0.0565
What do I need to do to change my PIN?,change_pin,change_pin,True,0.997,change_pin,0.997,edit_personal_details,0.0009,pin_blocked,0.0007
Help me set up a new PIN?,change_pin,change_pin,True,0.8728,change_pin,0.8728,get_physical_card,0.0558,pin_blocked,0.0215
Which cash machines will allow me to change my PIN?,change_pin,change_pin,True,0.9723,change_pin,0.9723,atm_support,0.003,get_physical_card,0.003
"I am in Austria right now. I need to change my PIN ASAP, so can I still do this from here?",change_pin,change_pin,True,0.8871,change_pin,0.8871,exchange_via_app,0.012,get_physical_card,0.0117
Where can I find instructions to change my PIN?,change_pin,change_pin,True,0.944,change_pin,0.944,get_physical_card,0.0288,edit_personal_details,0.0072
I need to change my pin but I am on the road.,change_pin,change_pin,True,0.9812,change_pin,0.9812,edit_personal_details,0.0049,get_physical_card,0.0037
How do I update the PIN on my account?,change_pin,get_physical_card,False,0.4981,get_physical_card,0.4981,change_pin,0.1317,terminate_account,0.078
I need a new PIN.,change_pin,change_pin,True,0.8156,change_pin,0.8156,pin_blocked,0.0978,get_physical_card,0.0453
Show me how to change my pin?,change_pin,change_pin,True,0.9951,change_pin,0.9951,get_physical_card,0.0023,edit_personal_details,0.0012
Please tell me which cash machines will allow me to change my pin.,change_pin,change_pin,True,0.9616,change_pin,0.9616,atm_support,0.0041,declined_cash_withdrawal,0.0029
What steps do I need to take to change my card PIN?,change_pin,change_pin,True,0.9496,change_pin,0.9496,edit_personal_details,0.0167,get_physical_card,0.0093
How to change the PIN on my card?,change_pin,change_pin,True,0.9525,change_pin,0.9525,get_physical_card,0.0335,pin_blocked,0.0018
How can I change the PIN?  Do I have to go to a real bank?,change_pin,change_pin,True,0.9465,change_pin,0.9465,get_physical_card,0.0175,exchange_via_app,0.0039
I've tried numerous times to submit a transfer of funds. Why isn't it going through?,beneficiary_not_allowed,beneficiary_not_allowed,True,0.3215,beneficiary_not_allowed,0.3215,failed_transfer,0.2238,transfer_not_received_by_recipient,0.1582
I've transferred money before without issue but now I am encountering an error stating that it isn't possible. Why is that?,beneficiary_not_allowed,beneficiary_not_allowed,True,0.7324,beneficiary_not_allowed,0.7324,balance_not_updated_after_bank_transfer,0.0677,transfer_fee_charged,0.0321
I am not able to do a transfer to an account,beneficiary_not_allowed,beneficiary_not_allowed,True,0.9603,beneficiary_not_allowed,0.9603,transfer_into_account,0.0093,balance_not_updated_after_bank_transfer,0.0067
I was unable to make a transfer to another account.,beneficiary_not_allowed,beneficiary_not_allowed,True,0.8387,beneficiary_not_allowed,0.8387,failed_transfer,0.0726,pending_transfer,0.0142
I had a transfer blocked,beneficiary_not_allowed,pin_blocked,False,0.4335,pin_blocked,0.4335,pending_transfer,0.0904,transfer_fee_charged,0.089
Can you please help me with this exchange?  I am trying to get crypto and the app won't let me.,beneficiary_not_allowed,beneficiary_not_allowed,True,0.6902,beneficiary_not_allowed,0.6902,unable_to_verify_identity,0.0349,exchange_via_app,0.0285
How do I do a successful transfer to an account?,beneficiary_not_allowed,beneficiary_not_allowed,True,0.6026,beneficiary_not_allowed,0.6026,transfer_into_account,0.1379,balance_not_updated_after_bank_transfer,0.0471
Why did I get a message saying that my transfer is not possible?  I have done this before no problem.  Please fix.,beneficiary_not_allowed,beneficiary_not_allowed,True,0.921,beneficiary_not_allowed,0.921,declined_transfer,0.0184,failed_transfer,0.0099
"Hey I want to buy some crypto but the app doesn't allow me to! What's the issue, I really want to exchange this",beneficiary_not_allowed,beneficiary_not_allowed,True,0.73,beneficiary_not_allowed,0.73,exchange_via_app,0.0349,top_up_reverted,0.0299
I tried to transfer money but it said it wasn't possible? I've done this before and it worked why isn't it working now?,beneficiary_not_allowed,beneficiary_not_allowed,True,0.4253,beneficiary_not_allowed,0.4253,failed_transfer,0.1731,transfer_not_received_by_recipient,0.0996
Why can't I transfer to a beneficiary?,beneficiary_not_allowed,beneficiary_not_allowed,True,0.9997,beneficiary_not_allowed,0.9997,failed_transfer,0.0001,pending_transfer,0.0
I am having problems transferring to a beneficiary.,beneficiary_not_allowed,beneficiary_not_allowed,True,0.9936,beneficiary_not_allowed,0.9936,unable_to_verify_identity,0.0009,transfer_fee_charged,0.0008
What's the deal with no cryptocurrency on your app?,beneficiary_not_allowed,beneficiary_not_allowed,True,0.2039,beneficiary_not_allowed,0.2039,exchange_via_app,0.1974,fiat_currency_support,0.0461
Why isn't my transfer not going through? I keep getting an error message.,beneficiary_not_allowed,beneficiary_not_allowed,True,0.9643,beneficiary_not_allowed,0.9643,failed_transfer,0.025,declined_transfer,0.0064
What are the rules for transferring to a beneficiary?,beneficiary_not_allowed,beneficiary_not_allowed,True,0.9903,beneficiary_not_allowed,0.9903,transfer_fee_charged,0.0032,top_up_by_bank_transfer_charge,0.0005
Can I transfer money to a beneficiery?,beneficiary_not_allowed,beneficiary_not_allowed,True,0.8851,beneficiary_not_allowed,0.8851,transfer_into_account,0.0358,receiving_money,0.0185
I have tried transferring money numerous times.  All I keep getting is an error message.  Can you tell me what is going on and how this van be fixed?,beneficiary_not_allowed,beneficiary_not_allowed,True,0.8,beneficiary_not_allowed,0.8,failed_transfer,0.0809,declined_transfer,0.022
I have a cryptocurrency exchange that won't go through. Please help me process it.,beneficiary_not_allowed,beneficiary_not_allowed,True,0.4709,beneficiary_not_allowed,0.4709,exchange_charge,0.062,declined_transfer,0.0418
Why wasn't I able to transfer to another account?,beneficiary_not_allowed,beneficiary_not_allowed,True,0.9711,beneficiary_not_allowed,0.9711,transfer_into_account,0.0063,transfer_fee_charged,0.0044
The money would not transfer to a beneficiary.,beneficiary_not_allowed,beneficiary_not_allowed,True,0.9941,beneficiary_not_allowed,0.9941,transfer_not_received_by_recipient,0.0021,pending_transfer,0.0009
How come I'm not allowed to transfer funds right now? I just keep getting an error message.,beneficiary_not_allowed,beneficiary_not_allowed,True,0.9779,beneficiary_not_allowed,0.9779,failed_transfer,0.0063,declined_transfer,0.0053
I couldn't do a transfer to an account,beneficiary_not_allowed,beneficiary_not_allowed,True,0.9346,beneficiary_not_allowed,0.9346,transfer_into_account,0.017,failed_transfer,0.006
A transfer to an account was not allowed,beneficiary_not_allowed,beneficiary_not_allowed,True,0.9921,beneficiary_not_allowed,0.9921,transfer_fee_charged,0.0011,balance_not_updated_after_bank_transfer,0.001
Why did I receive an error message saying that my transfer was not possible?,beneficiary_not_allowed,beneficiary_not_allowed,True,0.9897,beneficiary_not_allowed,0.9897,declined_transfer,0.0046,failed_transfer,0.0012
Explain why I can't do a transfer to a beneficiary.,beneficiary_not_allowed,beneficiary_not_allowed,True,0.9988,beneficiary_not_allowed,0.9988,failed_transfer,0.0003,pending_transfer,0.0002
My transfer to beneficiary didn't go through,beneficiary_not_allowed,beneficiary_not_allowed,True,0.994,beneficiary_not_allowed,0.994,declined_transfer,0.0021,failed_transfer,0.002
Why isn't my transfer going through? I get a message saying it's not possible. I've had no issues in the past.,beneficiary_not_allowed,beneficiary_not_allowed,True,0.8469,beneficiary_not_allowed,0.8469,transfer_not_received_by_recipient,0.03,declined_transfer,0.0276
I couldn't make a transfer to a beneficiary!,beneficiary_not_allowed,beneficiary_not_allowed,True,0.9963,beneficiary_not_allowed,0.9963,failed_transfer,0.0018,declined_transfer,0.0003
"My beneficiary has been denied, is this normal?",beneficiary_not_allowed,beneficiary_not_allowed,True,0.9035,beneficiary_not_allowed,0.9035,top_up_failed,0.012,compromised_card,0.0047
I am trying to exchange crypto and it's not working. Tell me how to fix this.,beneficiary_not_allowed,beneficiary_not_allowed,True,0.5995,beneficiary_not_allowed,0.5995,card_not_working,0.063,exchange_via_app,0.0608
The account transfer I was trying to do failed.,beneficiary_not_allowed,failed_transfer,False,0.6165,failed_transfer,0.6165,beneficiary_not_allowed,0.2956,declined_transfer,0.0245
"My beneficiary is not allowed, please may I have answer as to why this is?",beneficiary_not_allowed,beneficiary_not_allowed,True,0.9723,beneficiary_not_allowed,0.9723,extra_charge_on_statement,0.0016,direct_debit_payment_not_recognised,0.0009
Why couldn't I do a transfer to a beneficiary?,beneficiary_not_allowed,beneficiary_not_allowed,True,0.9992,beneficiary_not_allowed,0.9992,failed_transfer,0.0002,transfer_fee_charged,0.0001
Why would i not be able to do a transfer to a beneficiary?,beneficiary_not_allowed,beneficiary_not_allowed,True,0.999,beneficiary_not_allowed,0.999,failed_transfer,0.0002,pending_transfer,0.0001
I want to transfer money to a beneficiery. Why can't I?,beneficiary_not_allowed,beneficiary_not_allowed,True,0.9698,beneficiary_not_allowed,0.9698,failed_transfer,0.0101,transfer_fee_charged,0.0044
Can you help with a transfer to an account,beneficiary_not_allowed,beneficiary_not_allowed,True,0.3799,beneficiary_not_allowed,0.3799,transfer_into_account,0.2117,cancel_transfer,0.0918
why isnt my account allowing transfers,beneficiary_not_allowed,balance_not_updated_after_bank_transfer,False,0.5276,balance_not_updated_after_bank_transfer,0.5276,beneficiary_not_allowed,0.2687,transfer_into_account,0.0215
"I want to buy cryptocurrency, but your app doesn't let me. Why?",beneficiary_not_allowed,beneficiary_not_allowed,True,0.5294,beneficiary_not_allowed,0.5294,unable_to_verify_identity,0.0846,declined_transfer,0.0353
i tried to make a transfer to a beneficiary and it didn't go through,beneficiary_not_allowed,beneficiary_not_allowed,True,0.9578,beneficiary_not_allowed,0.9578,failed_transfer,0.0335,declined_transfer,0.0045
Why was a transfer to an account not allowed?,beneficiary_not_allowed,beneficiary_not_allowed,True,0.9918,beneficiary_not_allowed,0.9918,transfer_fee_charged,0.0018,failed_transfer,0.001
"When I made a transfer, there was a fee.  Why?",transfer_fee_charged,transfer_fee_charged,True,0.9427,transfer_fee_charged,0.9427,card_payment_fee_charged,0.0101,balance_not_updated_after_bank_transfer,0.0068
I was charged a fee for my transfer.,transfer_fee_charged,transfer_fee_charged,True,0.9935,transfer_fee_charged,0.9935,cash_withdrawal_charge,0.0032,card_payment_fee_charged,0.0024
Is there a reason I was charged a fee to transfer?,transfer_fee_charged,transfer_fee_charged,True,0.9191,transfer_fee_charged,0.9191,top_up_by_bank_transfer_charge,0.0545,cash_withdrawal_charge,0.0093
Why was a charged just for transferring?,transfer_fee_charged,transfer_fee_charged,True,0.9909,transfer_fee_charged,0.9909,beneficiary_not_allowed,0.0018,cash_withdrawal_charge,0.0015
I had to pay in order to do a transfer,transfer_fee_charged,transfer_fee_charged,True,0.163,transfer_fee_charged,0.163,top_up_by_bank_transfer_charge,0.0993,receiving_money,0.0989
What is the transfer fee charge?,transfer_fee_charged,transfer_fee_charged,True,0.9232,transfer_fee_charged,0.9232,top_up_by_bank_transfer_charge,0.0629,transfer_timing,0.0025
Why was I charged extra for transferring money?,transfer_fee_charged,transfer_fee_charged,True,0.9935,transfer_fee_charged,0.9935,cash_withdrawal_charge,0.0024,extra_charge_on_statement,0.0011
im not paying this transfer fee,transfer_fee_charged,transfer_fee_charged,True,0.8108,transfer_fee_charged,0.8108,failed_transfer,0.052,beneficiary_not_allowed,0.0332
I am being charged a transfer fee aren't they free?,transfer_fee_charged,transfer_fee_charged,True,0.9702,transfer_fee_charged,0.9702,cash_withdrawal_charge,0.01,card_payment_fee_charged,0.0089
What is the maximum I can transfer before I incur fees?,transfer_fee_charged,transfer_fee_charged,True,0.1293,transfer_fee_charged,0.1293,top_up_limits,0.0958,top_up_by_bank_transfer_charge,0.0775
I got 2 transfer fees and I thought transfers were free.,transfer_fee_charged,transfer_fee_charged,True,0.9197,transfer_fee_charged,0.9197,failed_transfer,0.0191,balance_not_updated_after_bank_transfer,0.0133
Why am I being charged a fee for transferring money?,transfer_fee_charged,transfer_fee_charged,True,0.9899,transfer_fee_charged,0.9899,cash_withdrawal_charge,0.0053,card_payment_fee_charged,0.0018
Do charge fees for transfers?,transfer_fee_charged,top_up_by_bank_transfer_charge,False,0.5173,top_up_by_bank_transfer_charge,0.5173,transfer_fee_charged,0.4423,card_payment_fee_charged,0.0104
"I recently got a new place while I'm staying abroad and have been using this account to manage payments, but suddenly I am seeing fees increase. Where are these additional fees coming from?",transfer_fee_charged,transfer_fee_charged,True,0.6981,transfer_fee_charged,0.6981,card_payment_fee_charged,0.1524,card_payment_not_recognised,0.0156
"Hi,  Please help me, as i have transferred some amount but receiver did not get the same amount. He received a bit less. Due to this again i need to transfer the difference.   I have transferred money but beneficiary's account is credited with less amount. Now i have transfer the difference of the amount. I think there is some issue, could you please look into this.",transfer_fee_charged,transfer_fee_charged,True,0.8658,transfer_fee_charged,0.8658,beneficiary_not_allowed,0.0249,balance_not_updated_after_bank_transfer,0.0214
"Why did I get charged for something I bought online? Even though it was international, I thought it would be covered.",transfer_fee_charged,transfer_fee_charged,True,0.1466,transfer_fee_charged,0.1466,reverted_card_payment?,0.1451,cash_withdrawal_charge,0.0762
Why were there additional charges when transferring?,transfer_fee_charged,transfer_fee_charged,True,0.9453,transfer_fee_charged,0.9453,card_payment_fee_charged,0.0073,beneficiary_not_allowed,0.0045
I was charged more when I transferred!,transfer_fee_charged,transfer_fee_charged,True,0.7602,transfer_fee_charged,0.7602,card_payment_fee_charged,0.0429,balance_not_updated_after_bank_transfer,0.0355
Is there a transfer fee?,transfer_fee_charged,transfer_fee_charged,True,0.8892,transfer_fee_charged,0.8892,top_up_by_bank_transfer_charge,0.0778,failed_transfer,0.006
I'm not sure why I was charged an extra fee for transferring funds.,transfer_fee_charged,transfer_fee_charged,True,0.9855,transfer_fee_charged,0.9855,card_payment_fee_charged,0.0045,cash_withdrawal_charge,0.0044
"I thought transfers were free, why was I charged a fee?",transfer_fee_charged,transfer_fee_charged,True,0.9826,transfer_fee_charged,0.9826,cash_withdrawal_charge,0.0084,card_payment_fee_charged,0.0064
"My receipt shows an extra charge on my transfer, why is this?",transfer_fee_charged,transfer_fee_charged,True,0.6476,transfer_fee_charged,0.6476,extra_charge_on_statement,0.1419,card_payment_fee_charged,0.0298
"I was charged a fee when making this transfer, and I don't think I should have been!",transfer_fee_charged,transfer_fee_charged,True,0.8423,transfer_fee_charged,0.8423,card_payment_fee_charged,0.0983,extra_charge_on_statement,0.0107
"I sent out money, but was charged extra for transferring. Why?",transfer_fee_charged,transfer_fee_charged,True,0.9577,transfer_fee_charged,0.9577,cash_withdrawal_charge,0.0155,transfer_not_received_by_recipient,0.0042
Why am I seeing a transfer fee?,transfer_fee_charged,transfer_fee_charged,True,0.9567,transfer_fee_charged,0.9567,beneficiary_not_allowed,0.0101,failed_transfer,0.0068
There was an extra charge when I made a transfer.,transfer_fee_charged,transfer_fee_charged,True,0.9395,transfer_fee_charged,0.9395,cash_withdrawal_charge,0.0167,card_payment_fee_charged,0.0087
I need someone to alert me as to what's going on. I had transferred an amount but the receiver is saying that the amount is somewhat less than what I sent over. I now have to make another transfer to make up the difference.,transfer_fee_charged,transfer_fee_charged,True,0.818,transfer_fee_charged,0.818,wrong_amount_of_cash_received,0.0254,transfer_not_received_by_recipient,0.0238
"I was charge a fee for my transfer, why?",transfer_fee_charged,transfer_fee_charged,True,0.9945,transfer_fee_charged,0.9945,top_up_by_bank_transfer_charge,0.0016,cash_withdrawal_charge,0.0015
Why was there a fee for my transfer?,transfer_fee_charged,transfer_fee_charged,True,0.9903,transfer_fee_charged,0.9903,failed_transfer,0.0035,top_up_by_bank_transfer_charge,0.0018
Why was my transfer charged fees?,transfer_fee_charged,transfer_fee_charged,True,0.9547,transfer_fee_charged,0.9547,card_payment_fee_charged,0.0184,failed_transfer,0.0138
Is there supposed to be a fee for the transfer I made?,transfer_fee_charged,transfer_fee_charged,True,0.8647,transfer_fee_charged,0.8647,top_up_by_bank_transfer_charge,0.045,cancel_transfer,0.0115
In the past month I often used this account to manage payments for my new holiday villa. Now all of a sudden your fees have increased exorbitantly! Don't you have a rewards programme for frequent users?,transfer_fee_charged,transfer_fee_charged,True,0.4283,transfer_fee_charged,0.4283,card_payment_fee_charged,0.0858,card_payment_not_recognised,0.0282
Why was I charged a fee for a transfer?,transfer_fee_charged,transfer_fee_charged,True,0.9921,transfer_fee_charged,0.9921,card_payment_fee_charged,0.003,cash_withdrawal_charge,0.0028
What extra charges are there?,transfer_fee_charged,transfer_fee_charged,True,0.2431,transfer_fee_charged,0.2431,extra_charge_on_statement,0.2298,card_payment_fee_charged,0.1412
I know that I am able to make transfers for free.  That was something that I valued.  After I bought something online from abroad I noticed that I got charged a fee?  What is this and can it be removed?,transfer_fee_charged,transfer_fee_charged,True,0.9428,transfer_fee_charged,0.9428,card_payment_fee_charged,0.009,direct_debit_payment_not_recognised,0.0053
I transferred money and was charged and want to know why.,transfer_fee_charged,transfer_fee_charged,True,0.8464,transfer_fee_charged,0.8464,beneficiary_not_allowed,0.0187,balance_not_updated_after_bank_transfer,0.0162
I was charged for something I didn't expect,transfer_fee_charged,transfer_fee_charged,True,0.2714,transfer_fee_charged,0.2714,card_payment_fee_charged,0.1403,direct_debit_payment_not_recognised,0.106
"I purchased some makeup through a site in China, and I was under the impression that when I make transfers there is no fee.  Why am I seeing this fee now?  I am not happy about this at all.",transfer_fee_charged,transfer_fee_charged,True,0.5548,transfer_fee_charged,0.5548,card_payment_fee_charged,0.1449,beneficiary_not_allowed,0.0302
I got charged and extra fee when I transferred money so why was I charged?,transfer_fee_charged,transfer_fee_charged,True,0.8945,transfer_fee_charged,0.8945,cash_withdrawal_charge,0.0505,card_payment_fee_charged,0.0431
Can you explain the transfer fee to me?,transfer_fee_charged,transfer_fee_charged,True,0.8059,transfer_fee_charged,0.8059,pending_transfer,0.04,failed_transfer,0.0282
Will salary be received through this?,receiving_money,receiving_money,True,0.9195,receiving_money,0.9195,pending_top_up,0.0111,wrong_amount_of_cash_received,0.0047
How can I get paid in a different currency?,receiving_money,receiving_money,True,0.9134,receiving_money,0.9134,exchange_via_app,0.0349,fiat_currency_support,0.0115
Can I receive my salary in a currency other than what it is deposited in?,receiving_money,receiving_money,True,0.9825,receiving_money,0.9825,balance_not_updated_after_cheque_or_cash_deposit,0.0051,fiat_currency_support,0.0019
Can I get my salary through this?,receiving_money,receiving_money,True,0.9873,receiving_money,0.9873,pending_top_up,0.0006,request_refund,0.0005
How can someone send me money?,receiving_money,receiving_money,True,0.9502,receiving_money,0.9502,compromised_card,0.0039,verify_source_of_funds,0.0038
Is there a problem with receiving my salary in GBP?,receiving_money,receiving_money,True,0.9542,receiving_money,0.9542,top_up_by_bank_transfer_charge,0.0061,top_up_failed,0.0024
Do I need to choose GBP to get my salary deposited properly?,receiving_money,receiving_money,True,0.9143,receiving_money,0.9143,balance_not_updated_after_cheque_or_cash_deposit,0.0102,visa_or_mastercard,0.0088
"I get paid in GBP. Should I configure this and if so, where?",receiving_money,receiving_money,True,0.4828,receiving_money,0.4828,card_payment_fee_charged,0.0381,country_support,0.0314
Is it possible for me to get money out in a different currency?,receiving_money,receiving_money,True,0.4373,receiving_money,0.4373,exchange_via_app,0.1767,wrong_exchange_rate_for_cash_withdrawal,0.1692
Can I use this to receive my salary?,receiving_money,receiving_money,True,0.9962,receiving_money,0.9962,card_delivery_estimate,0.0003,card_acceptance,0.0002
My salary is received in the form of GBP. Do I need to do anything specific to configure this?,receiving_money,receiving_money,True,0.9196,receiving_money,0.9196,card_delivery_estimate,0.0093,exchange_via_app,0.0032
How do people send me money?,receiving_money,receiving_money,True,0.9812,receiving_money,0.9812,topping_up_by_card,0.0041,request_refund,0.0015
Is GBP a supported currency?,receiving_money,exchange_via_app,False,0.6553,exchange_via_app,0.6553,fiat_currency_support,0.1047,receiving_money,0.0954
Do I need to establish I am paid in GBP before a transfer?,receiving_money,receiving_money,True,0.8611,receiving_money,0.8611,cancel_transfer,0.0306,top_up_by_bank_transfer_charge,0.0104
"Salary in GBP has been received, does it need to be configured elsewhere?",receiving_money,receiving_money,True,0.9217,receiving_money,0.9217,transfer_not_received_by_recipient,0.0064,card_delivery_estimate,0.0041
How do i get my salary in the account?,receiving_money,receiving_money,True,0.9824,receiving_money,0.9824,country_support,0.003,terminate_account,0.0028
What are the ways for others to transfer me money?,receiving_money,top_up_by_bank_transfer_charge,False,0.217,top_up_by_bank_transfer_charge,0.217,receiving_money,0.1661,transfer_fee_charged,0.1361
What different ways are there for someone to send me money?,receiving_money,receiving_money,True,0.7617,receiving_money,0.7617,top_up_by_bank_transfer_charge,0.03,compromised_card,0.0158
What do I need to do to transfer my paycheck to my account?,receiving_money,receiving_money,True,0.4876,receiving_money,0.4876,transfer_into_account,0.1574,beneficiary_not_allowed,0.0422
How can my friend send me money?,receiving_money,receiving_money,True,0.9972,receiving_money,0.9972,transfer_not_received_by_recipient,0.0014,topping_up_by_card,0.0003
Can I directly transfer my salary onto here?,receiving_money,receiving_money,True,0.9767,receiving_money,0.9767,failed_transfer,0.0022,pending_transfer,0.0017
Can this be used to receive my salary?,receiving_money,receiving_money,True,0.9887,receiving_money,0.9887,card_delivery_estimate,0.0009,compromised_card,0.0005
Is it possible to deposit money in GBP?,receiving_money,receiving_money,True,0.2388,receiving_money,0.2388,balance_not_updated_after_cheque_or_cash_deposit,0.2341,exchange_via_app,0.1587
I received my salary in GBP. How do I change this to my currency?,receiving_money,receiving_money,True,0.9847,receiving_money,0.9847,exchange_via_app,0.0121,wrong_exchange_rate_for_cash_withdrawal,0.0005
How can my friend transfer money to me?,receiving_money,receiving_money,True,0.9066,receiving_money,0.9066,transfer_not_received_by_recipient,0.0447,failed_transfer,0.0168
Can my friends send me money?,receiving_money,receiving_money,True,0.969,receiving_money,0.969,topping_up_by_card,0.0196,transfer_not_received_by_recipient,0.0024
How do I deposit my paycheck to this account?,receiving_money,balance_not_updated_after_cheque_or_cash_deposit,False,0.2899,balance_not_updated_after_cheque_or_cash_deposit,0.2899,top_up_by_cash_or_cheque,0.2884,receiving_money,0.1155
Can I use this account to receive my salary?,receiving_money,receiving_money,True,0.989,receiving_money,0.989,terminate_account,0.0016,transfer_into_account,0.0008
Can i deposit my salary to this account?,receiving_money,receiving_money,True,0.8073,receiving_money,0.8073,balance_not_updated_after_cheque_or_cash_deposit,0.0544,top_up_by_cash_or_cheque,0.0319
How do I get my salary through this account?,receiving_money,receiving_money,True,0.9619,receiving_money,0.9619,terminate_account,0.0098,transfer_into_account,0.0025
What if I need my salary in a different currency?,receiving_money,receiving_money,True,0.9908,receiving_money,0.9908,fiat_currency_support,0.0022,exchange_via_app,0.0013
I receive my salary in GBP. Do I need to configure this somehwere?,receiving_money,receiving_money,True,0.9969,receiving_money,0.9969,card_delivery_estimate,0.0002,exchange_via_app,0.0002
Do you know if I can use this for my salary?,receiving_money,receiving_money,True,0.8511,receiving_money,0.8511,country_support,0.013,why_verify_identity,0.0114
How do I get my paycheck through this?,receiving_money,receiving_money,True,0.592,receiving_money,0.592,request_refund,0.0168,pending_card_payment,0.0162
can I transfer my salary if it's in a different currency?,receiving_money,receiving_money,True,0.9974,receiving_money,0.9974,fiat_currency_support,0.0004,exchange_via_app,0.0002
Can I get paid in a different currency?,receiving_money,receiving_money,True,0.9027,receiving_money,0.9027,exchange_via_app,0.0257,fiat_currency_support,0.0188
Is my salary eligible for this?,receiving_money,receiving_money,True,0.8358,receiving_money,0.8358,card_delivery_estimate,0.0054,age_limit,0.0054
My salary is in GBP; how can I note this in the app?,receiving_money,receiving_money,True,0.9804,receiving_money,0.9804,card_linking,0.0062,exchange_via_app,0.0044
Can I get paid in another currency?,receiving_money,receiving_money,True,0.943,receiving_money,0.943,exchange_via_app,0.0277,getting_spare_card,0.0039
Can I get my paycheck through here?,receiving_money,receiving_money,True,0.4882,receiving_money,0.4882,card_delivery_estimate,0.029,top_up_by_cash_or_cheque,0.026
dont understand why transfer failed,failed_transfer,failed_transfer,True,0.9517,failed_transfer,0.9517,beneficiary_not_allowed,0.0112,transfer_fee_charged,0.0058
Please help me make a transfer. I keep receiving an error and I'm trying to make the initial mortgage payment for a flat I'm buying. What is the deal here?,failed_transfer,failed_transfer,True,0.9344,failed_transfer,0.9344,beneficiary_not_allowed,0.0172,declined_transfer,0.0062
My transfer didn't work,failed_transfer,failed_transfer,True,0.9236,failed_transfer,0.9236,declined_transfer,0.0432,beneficiary_not_allowed,0.0053
"Fix your system. I can't make transfers, I've tried like 5 times already.",failed_transfer,failed_transfer,True,0.7726,failed_transfer,0.7726,declined_transfer,0.0251,wrong_amount_of_cash_received,0.0233
Tell me why my transfer failed!,failed_transfer,failed_transfer,True,0.988,failed_transfer,0.988,declined_transfer,0.0027,beneficiary_not_allowed,0.0024
My transfer did not go through.,failed_transfer,failed_transfer,True,0.8247,failed_transfer,0.8247,beneficiary_not_allowed,0.0845,declined_transfer,0.0408
Why was I not able to complete a transfer?,failed_transfer,failed_transfer,True,0.7372,failed_transfer,0.7372,beneficiary_not_allowed,0.0858,declined_transfer,0.0498
Can you help me figure out what's happening? I'm trying to transfer money to a friend but it keeps getting returned. I'm not sure what i'm doing wrong.,failed_transfer,failed_transfer,True,0.7513,failed_transfer,0.7513,transfer_not_received_by_recipient,0.0425,beneficiary_not_allowed,0.0377
Why did my transfer not go through?,failed_transfer,failed_transfer,True,0.8043,failed_transfer,0.8043,beneficiary_not_allowed,0.0988,declined_transfer,0.0426
My transfer didn't go through.,failed_transfer,failed_transfer,True,0.8506,failed_transfer,0.8506,declined_transfer,0.1199,beneficiary_not_allowed,0.0087
I could not get my transfer to happen correctly and was wondering why?,failed_transfer,failed_transfer,True,0.2415,failed_transfer,0.2415,beneficiary_not_allowed,0.1971,transfer_fee_charged,0.1785
how come my transfer didn't work,failed_transfer,failed_transfer,True,0.7865,failed_transfer,0.7865,declined_transfer,0.078,transfer_not_received_by_recipient,0.0465
"I transferred my funds, why did it not go through?",failed_transfer,failed_transfer,True,0.2305,failed_transfer,0.2305,beneficiary_not_allowed,0.1875,balance_not_updated_after_bank_transfer,0.1846
Why has my transfer failed?,failed_transfer,failed_transfer,True,0.9895,failed_transfer,0.9895,beneficiary_not_allowed,0.0029,declined_transfer,0.0013
Why did my transfer fail?,failed_transfer,failed_transfer,True,0.9679,failed_transfer,0.9679,beneficiary_not_allowed,0.0085,declined_transfer,0.0067
Why hasn't my transfer been made?,failed_transfer,balance_not_updated_after_bank_transfer,False,0.4229,balance_not_updated_after_bank_transfer,0.4229,transfer_not_received_by_recipient,0.2092,failed_transfer,0.0953
My transfer will not go through.,failed_transfer,failed_transfer,True,0.3909,failed_transfer,0.3909,beneficiary_not_allowed,0.212,pending_transfer,0.1923
My transfer keeps failing and I just want to transfer the money can you please make it work?,failed_transfer,failed_transfer,True,0.9475,failed_transfer,0.9475,declined_transfer,0.0073,cancel_transfer,0.0066
"The transfer keeps failing , I tried to transfer some money to friends this morning but it keeps getting rejected for some reason, Would you please check the issue ?",failed_transfer,failed_transfer,True,0.9666,failed_transfer,0.9666,declined_transfer,0.0073,top_up_failed,0.0067
Why would a transfer fail?,failed_transfer,failed_transfer,True,0.915,failed_transfer,0.915,beneficiary_not_allowed,0.0191,declined_transfer,0.0148
What are your policies for card transfers?,failed_transfer,top_up_by_bank_transfer_charge,False,0.1488,top_up_by_bank_transfer_charge,0.1488,card_delivery_estimate,0.0806,transfer_fee_charged,0.0667
Is the system down? I've been trying to do a transfer and have failed?,failed_transfer,failed_transfer,True,0.9343,failed_transfer,0.9343,beneficiary_not_allowed,0.0193,declined_transfer,0.0062
I tried to make a transfer but it failed,failed_transfer,failed_transfer,True,0.9966,failed_transfer,0.9966,declined_transfer,0.0012,beneficiary_not_allowed,0.0004
Why couldn't I complete a transfer?,failed_transfer,failed_transfer,True,0.7978,failed_transfer,0.7978,declined_transfer,0.063,beneficiary_not_allowed,0.0312
My transfer appeared not to work.,failed_transfer,failed_transfer,True,0.4714,failed_transfer,0.4714,beneficiary_not_allowed,0.14,declined_transfer,0.0837
What is stopping my money from transferring?,failed_transfer,transfer_into_account,False,0.5435,transfer_into_account,0.5435,transfer_timing,0.094,transfer_fee_charged,0.0618
"Hi, I'm buying a flat and I'm trying to get my mortgage to go though. Every time I check I simply get an error message. Is there any way you can help me get this money transferred over. Thanks!",failed_transfer,failed_transfer,True,0.8639,failed_transfer,0.8639,beneficiary_not_allowed,0.0536,declined_transfer,0.01
My attempted transfer failed.,failed_transfer,failed_transfer,True,0.9705,failed_transfer,0.9705,beneficiary_not_allowed,0.009,declined_transfer,0.0026
"I can not seem to make a successful transfer, can you tell me what I'm doing wrong?",failed_transfer,failed_transfer,True,0.3398,failed_transfer,0.3398,beneficiary_not_allowed,0.0776,declined_transfer,0.048
"Please help me as i am continuously facing the issue in transferring money to my friends, as all my transactions are getting failed.",failed_transfer,failed_transfer,True,0.4047,failed_transfer,0.4047,beneficiary_not_allowed,0.1479,transfer_not_received_by_recipient,0.0526
"I am trying to make a transfer and am unsuccessful, can you please tell me why?",failed_transfer,failed_transfer,True,0.7906,failed_transfer,0.7906,beneficiary_not_allowed,0.1018,declined_transfer,0.0204
My transfer did not seem to work.,failed_transfer,failed_transfer,True,0.6304,failed_transfer,0.6304,balance_not_updated_after_bank_transfer,0.1082,beneficiary_not_allowed,0.0704
"I've now been trying to do a really standard transfer 5 times already. What's going on, is your system broken or something?!",failed_transfer,failed_transfer,True,0.8639,failed_transfer,0.8639,beneficiary_not_allowed,0.0236,card_not_working,0.0176
help me with my transfer,failed_transfer,declined_transfer,False,0.7004,declined_transfer,0.7004,failed_transfer,0.1299,balance_not_updated_after_bank_transfer,0.0383
Says my transfer can't be completed?,failed_transfer,failed_transfer,True,0.4867,failed_transfer,0.4867,transfer_not_received_by_recipient,0.1834,declined_transfer,0.151
can you tell me why my transfer failed?,failed_transfer,failed_transfer,True,0.9886,failed_transfer,0.9886,declined_transfer,0.0025,pending_transfer,0.0023
Why didn't my transfer go through?,failed_transfer,failed_transfer,True,0.9432,failed_transfer,0.9432,declined_transfer,0.0219,beneficiary_not_allowed,0.0098
I've attempted to do a very standard transfer and have tried 5 times at this point. Can you tell me what the issue is? Is the system down?,failed_transfer,failed_transfer,True,0.9534,failed_transfer,0.9534,beneficiary_not_allowed,0.0032,pending_transfer,0.0023
Can you provide a reason as to why my transfer did not work?,failed_transfer,failed_transfer,True,0.8139,failed_transfer,0.8139,beneficiary_not_allowed,0.047,declined_transfer,0.0251
I tried to transfer money and it did not work.,failed_transfer,failed_transfer,True,0.8904,failed_transfer,0.8904,beneficiary_not_allowed,0.034,transfer_not_received_by_recipient,0.0266
Can I do a bank transfer to put additional money in my account because I am out of money?,transfer_into_account,transfer_into_account,True,0.8469,transfer_into_account,0.8469,balance_not_updated_after_bank_transfer,0.0494,top_up_by_bank_transfer_charge,0.0115
"I'm out of money, can I add money with my bank?",transfer_into_account,transfer_into_account,True,0.1824,transfer_into_account,0.1824,supported_cards_and_currencies,0.1033,top_up_by_cash_or_cheque,0.0505
How do I go forth on transferring money into my account?,transfer_into_account,transfer_into_account,True,0.9647,transfer_into_account,0.9647,transfer_fee_charged,0.0043,balance_not_updated_after_bank_transfer,0.0042
"I don't understand how to top up my account, can you please explain the process?",transfer_into_account,transfer_into_account,True,0.523,transfer_into_account,0.523,topping_up_by_card,0.1837,pending_top_up,0.0281
I don't understand the money transfer process.,transfer_into_account,pending_transfer,False,0.2509,pending_transfer,0.2509,transfer_into_account,0.1488,failed_transfer,0.0973
"I need to transfer money into my account, how do I go about doing this?",transfer_into_account,transfer_into_account,True,0.9427,transfer_into_account,0.9427,receiving_money,0.0078,transfer_fee_charged,0.0056
What do I need to do to transfer money into my account?,transfer_into_account,transfer_into_account,True,0.9843,transfer_into_account,0.9843,top_up_by_bank_transfer_charge,0.0033,receiving_money,0.0018
I don't know what to do. Should I transfer funds. My account is out of money.,transfer_into_account,transfer_into_account,True,0.4655,transfer_into_account,0.4655,balance_not_updated_after_bank_transfer,0.0538,transfer_fee_charged,0.0534
Can I add funds to the card directly from my bank account?,transfer_into_account,transfer_into_account,True,0.3162,transfer_into_account,0.3162,supported_cards_and_currencies,0.14,verify_source_of_funds,0.0596
How does tranferring money into my account work?,transfer_into_account,transfer_into_account,True,0.8612,transfer_into_account,0.8612,top_up_by_cash_or_cheque,0.0086,balance_not_updated_after_bank_transfer,0.0078
I NEED TO KNOW HOW TO TRANSFER MONEY INTO MY BANK ACCOUNT. PLEASE HELP,transfer_into_account,transfer_into_account,True,0.983,transfer_into_account,0.983,balance_not_updated_after_bank_transfer,0.0091,cancel_transfer,0.0028
I would like to transfer some money from my other bank account into this one.,transfer_into_account,transfer_into_account,True,0.988,transfer_into_account,0.988,balance_not_updated_after_bank_transfer,0.0055,failed_transfer,0.0019
"When I want to transfer money to my account, how can I do that?",transfer_into_account,transfer_into_account,True,0.9488,transfer_into_account,0.9488,balance_not_updated_after_bank_transfer,0.0136,transfer_timing,0.0083
I need to transfer funds into my account. How can I do this?,transfer_into_account,transfer_into_account,True,0.9271,transfer_into_account,0.9271,cancel_transfer,0.0103,receiving_money,0.0075
What are the steps I follow to transfer money into my account?,transfer_into_account,transfer_into_account,True,0.9465,transfer_into_account,0.9465,receiving_money,0.0067,top_up_by_bank_transfer_charge,0.0065
How can I transfer funds from my bank to my top up account?,transfer_into_account,transfer_into_account,True,0.9885,transfer_into_account,0.9885,balance_not_updated_after_bank_transfer,0.0067,topping_up_by_card,0.0012
I want to top my account by using a bank transfer. How would that work?,transfer_into_account,transfer_into_account,True,0.95,transfer_into_account,0.95,balance_not_updated_after_bank_transfer,0.0106,top_up_by_bank_transfer_charge,0.008
How to I transfer my funds into my account?,transfer_into_account,transfer_into_account,True,0.9325,transfer_into_account,0.9325,balance_not_updated_after_bank_transfer,0.014,verify_source_of_funds,0.0083
How do I top up my card?,transfer_into_account,topping_up_by_card,False,0.9689,topping_up_by_card,0.9689,transfer_into_account,0.0065,top_up_by_card_charge,0.0055
How can I transfer money from an outside bank?,transfer_into_account,transfer_into_account,True,0.8536,transfer_into_account,0.8536,receiving_money,0.0559,failed_transfer,0.0267
How can I fund my top-up account using my bank account?,transfer_into_account,transfer_into_account,True,0.8551,transfer_into_account,0.8551,top_up_by_cash_or_cheque,0.022,top_up_reverted,0.0213
What methods can I use to add money to my account?,transfer_into_account,supported_cards_and_currencies,False,0.454,supported_cards_and_currencies,0.454,transfer_into_account,0.3027,top_up_by_cash_or_cheque,0.1195
"I would like to use the bank transfer feature, but I can't find it. Can you please give me the details?",transfer_into_account,transfer_into_account,True,0.1211,transfer_into_account,0.1211,failed_transfer,0.099,declined_transfer,0.0836
How can I perform a dual money transferring from one account to another?,transfer_into_account,transfer_into_account,True,0.9073,transfer_into_account,0.9073,transfer_fee_charged,0.0179,receiving_money,0.013
CAN YOU EXPLAIN HOW TO TRANSFER MONEY INTO MY  ACCOUNT FOR ME?,transfer_into_account,transfer_into_account,True,0.9863,transfer_into_account,0.9863,transfer_fee_charged,0.0019,failed_transfer,0.0016
"I need to bank account transfer from another account into this one, what is the easiest way that can be done, and what information do i need?",transfer_into_account,transfer_into_account,True,0.8458,transfer_into_account,0.8458,balance_not_updated_after_bank_transfer,0.0153,beneficiary_not_allowed,0.014
How do I transfer money to my account?,transfer_into_account,transfer_into_account,True,0.9887,transfer_into_account,0.9887,transfer_timing,0.0044,balance_not_updated_after_bank_transfer,0.0026
How do I send my account money through transfer?,transfer_into_account,transfer_into_account,True,0.752,transfer_into_account,0.752,receiving_money,0.0704,transfer_timing,0.0412
How do I do an international transfer?,transfer_into_account,balance_not_updated_after_bank_transfer,False,0.248,balance_not_updated_after_bank_transfer,0.248,transfer_into_account,0.1481,transfer_fee_charged,0.1266
Are there ways to transfer money into my account?,transfer_into_account,transfer_into_account,True,0.912,transfer_into_account,0.912,top_up_by_bank_transfer_charge,0.0205,balance_not_updated_after_bank_transfer,0.0187
I want to transfer from accounts in order to Top up. What are the steps necessary.,transfer_into_account,transfer_into_account,True,0.539,transfer_into_account,0.539,topping_up_by_card,0.0642,beneficiary_not_allowed,0.051
How does a transfer work?,transfer_into_account,failed_transfer,False,0.3874,failed_transfer,0.3874,transfer_timing,0.1237,pending_transfer,0.0954
"I would like use the bank transfer, but I don't understand the process, can you please explain, topping up?",transfer_into_account,transfer_into_account,True,0.6822,transfer_into_account,0.6822,failed_transfer,0.0463,balance_not_updated_after_bank_transfer,0.0277
I want to use bank transfer for topping up my account. How is it handled?,transfer_into_account,transfer_into_account,True,0.9482,transfer_into_account,0.9482,top_up_by_bank_transfer_charge,0.0144,balance_not_updated_after_bank_transfer,0.0091
I checked my account today and it said I was out of money. How do I transfer money into my account?,transfer_into_account,transfer_into_account,True,0.8726,transfer_into_account,0.8726,top_up_by_cash_or_cheque,0.0167,transfer_timing,0.0096
How can I transfer money to my account?,transfer_into_account,transfer_into_account,True,0.9859,transfer_into_account,0.9859,transfer_timing,0.0061,balance_not_updated_after_bank_transfer,0.0029
I would like to transfer funds from one account to another.,transfer_into_account,transfer_into_account,True,0.8591,transfer_into_account,0.8591,transfer_fee_charged,0.0298,beneficiary_not_allowed,0.0286
I'm trying to transfer money into my account.,transfer_into_account,transfer_into_account,True,0.8367,transfer_into_account,0.8367,failed_transfer,0.0911,beneficiary_not_allowed,0.0395
I would like to transfer money from my other bank account into this one.,transfer_into_account,transfer_into_account,True,0.9942,transfer_into_account,0.9942,balance_not_updated_after_bank_transfer,0.0022,failed_transfer,0.0012
Can I use a bank transfer to refill my account?,transfer_into_account,transfer_into_account,True,0.6115,transfer_into_account,0.6115,balance_not_updated_after_bank_transfer,0.2704,beneficiary_not_allowed,0.0228
What all is needed to verify the top-up card?,verify_top_up,verify_top_up,True,0.9807,verify_top_up,0.9807,pending_top_up,0.0027,verify_my_identity,0.0024
It wants me to verify the top up. Why?,verify_top_up,verify_top_up,True,0.9384,verify_top_up,0.9384,top_up_failed,0.0101,why_verify_identity,0.0072
Where can I find the top-up verification code?,verify_top_up,verify_top_up,True,0.9988,verify_top_up,0.9988,verify_source_of_funds,0.0002,pending_top_up,0.0001
Why do I have to verify the top-up that I started?,verify_top_up,verify_top_up,True,0.9568,verify_top_up,0.9568,why_verify_identity,0.0094,top_up_reverted,0.0083
Can you give me information about verification code?,verify_top_up,verify_top_up,True,0.5951,verify_top_up,0.5951,why_verify_identity,0.22,unable_to_verify_identity,0.0332
What are the benefits to verifying the top-up?,verify_top_up,verify_top_up,True,0.9211,verify_top_up,0.9211,top_up_limits,0.0177,pending_top_up,0.0075
how come the verification with the top up,verify_top_up,verify_top_up,True,0.9708,verify_top_up,0.9708,verify_my_identity,0.0037,why_verify_identity,0.0033
Can I verify a top up?,verify_top_up,verify_top_up,True,0.9857,verify_top_up,0.9857,top_up_limits,0.0027,top_up_by_cash_or_cheque,0.0022
reason i need to verify top up,verify_top_up,verify_top_up,True,0.9718,verify_top_up,0.9718,why_verify_identity,0.0092,top_up_failed,0.0029
Why do you need code verification for my top up?,verify_top_up,verify_top_up,True,0.9475,verify_top_up,0.9475,why_verify_identity,0.0463,top_up_reverted,0.0008
Where can I find the verification code on a top-up card?,verify_top_up,verify_top_up,True,0.9985,verify_top_up,0.9985,automatic_top_up,0.0001,verify_source_of_funds,0.0001
How do I get my top-up verification code?,verify_top_up,verify_top_up,True,0.9987,verify_top_up,0.9987,verify_my_identity,0.0002,top_up_reverted,0.0002
Is it possible to verify a top up?,verify_top_up,verify_top_up,True,0.897,verify_top_up,0.897,why_verify_identity,0.0156,topping_up_by_card,0.0142
Is it normal to have to verify my top-up or is something wrong?,verify_top_up,verify_top_up,True,0.5152,verify_top_up,0.5152,top_up_reverted,0.0919,top_up_failed,0.0815
Why does the top-up need verification?,verify_top_up,verify_top_up,True,0.9825,verify_top_up,0.9825,why_verify_identity,0.0063,top_up_failed,0.0031
Why does top-up need verifying?,verify_top_up,verify_top_up,True,0.9618,verify_top_up,0.9618,why_verify_identity,0.0108,pending_top_up,0.0077
Is it necessary to verify my top up?,verify_top_up,verify_top_up,True,0.8695,verify_top_up,0.8695,why_verify_identity,0.0206,top_up_failed,0.0178
Why am i to verify the top-ups?,verify_top_up,verify_top_up,True,0.9763,verify_top_up,0.9763,top_up_limits,0.0055,why_verify_identity,0.0035
Where's the verification code for the top-up card?,verify_top_up,verify_top_up,True,0.9996,verify_top_up,0.9996,top_up_by_card_charge,0.0,pending_top_up,0.0
How do I find the verification code for my top-up card?,verify_top_up,verify_top_up,True,0.9994,verify_top_up,0.9994,topping_up_by_card,0.0001,pending_top_up,0.0001
Why is it important to verify a top-up card?,verify_top_up,verify_top_up,True,0.9312,verify_top_up,0.9312,why_verify_identity,0.0192,top_up_failed,0.0104
Why do I have to verify the top-up?,verify_top_up,verify_top_up,True,0.9939,verify_top_up,0.9939,why_verify_identity,0.0024,automatic_top_up,0.0006
What is the verification code on a top-up?,verify_top_up,verify_top_up,True,0.9977,verify_top_up,0.9977,top_up_limits,0.0007,why_verify_identity,0.0003
I can't find the top-up verification code.,verify_top_up,verify_top_up,True,0.9977,verify_top_up,0.9977,pending_top_up,0.0005,top_up_failed,0.0003
How do I go forth verifying my top-up card?,verify_top_up,verify_top_up,True,0.9537,verify_top_up,0.9537,topping_up_by_card,0.008,top_up_failed,0.0068
Where do I find the top-up verification code?,verify_top_up,verify_top_up,True,0.9992,verify_top_up,0.9992,top_up_by_cash_or_cheque,0.0001,pending_top_up,0.0001
How is the top-up card verified?,verify_top_up,verify_top_up,True,0.9965,verify_top_up,0.9965,top_up_failed,0.0006,top_up_limits,0.0006
Is there a verification code for the top-up card?,verify_top_up,verify_top_up,True,0.9996,verify_top_up,0.9996,top_up_by_card_charge,0.0001,top_up_failed,0.0
What is the importance of verifying the top-up?,verify_top_up,verify_top_up,True,0.9126,verify_top_up,0.9126,top_up_limits,0.0228,pending_top_up,0.0113
help me find the top-up card's verification code?,verify_top_up,verify_top_up,True,0.9978,verify_top_up,0.9978,top_up_failed,0.0003,unable_to_verify_identity,0.0002
I don't understand why it says I have to verify the top-up.,verify_top_up,verify_top_up,True,0.7904,verify_top_up,0.7904,why_verify_identity,0.0438,top_up_failed,0.0221
Can I verify a top-up and what card is used?,verify_top_up,verify_top_up,True,0.9552,verify_top_up,0.9552,supported_cards_and_currencies,0.0058,top_up_reverted,0.0048
Where do I go to get the code to verify the top up card?,verify_top_up,verify_top_up,True,0.9936,verify_top_up,0.9936,topping_up_by_card,0.0013,order_physical_card,0.001
The top-up verification code is missing,verify_top_up,verify_top_up,True,0.9974,verify_top_up,0.9974,unable_to_verify_identity,0.0003,top_up_failed,0.0003
How do I verify a top-up?,verify_top_up,verify_top_up,True,0.9924,verify_top_up,0.9924,top_up_limits,0.0022,verify_my_identity,0.0013
I cannot locate the verification code for my top-up card. Please help me.,verify_top_up,verify_top_up,True,0.9844,verify_top_up,0.9844,top_up_failed,0.0022,unable_to_verify_identity,0.0016
How can I find the top-up verification code?,verify_top_up,verify_top_up,True,0.9991,verify_top_up,0.9991,verify_my_identity,0.0002,pending_top_up,0.0001
I need help finding the verification code for my top-up card.,verify_top_up,verify_top_up,True,0.9944,verify_top_up,0.9944,pending_top_up,0.001,top_up_failed,0.0009
Is there a verification code for top-ups?,verify_top_up,verify_top_up,True,0.993,verify_top_up,0.993,top_up_by_card_charge,0.0016,top_up_limits,0.0013
What is the necessity of verifying the top up?,verify_top_up,verify_top_up,True,0.9307,verify_top_up,0.9307,why_verify_identity,0.0101,top_up_limits,0.01
Would it be possible to get another card?,getting_spare_card,getting_spare_card,True,0.9743,getting_spare_card,0.9743,country_support,0.003,order_physical_card,0.003
How many cards can I have for one account?,getting_spare_card,getting_spare_card,True,0.9278,getting_spare_card,0.9278,disposable_card_limits,0.0153,age_limit,0.011
I want to order another crad,getting_spare_card,getting_spare_card,True,0.7849,getting_spare_card,0.7849,request_refund,0.0594,order_physical_card,0.0187
How can I get additional cards?,getting_spare_card,getting_spare_card,True,0.9856,getting_spare_card,0.9856,supported_cards_and_currencies,0.0026,order_physical_card,0.0011
Is there a fee for extra cards?,getting_spare_card,getting_spare_card,True,0.5349,getting_spare_card,0.5349,card_payment_fee_charged,0.3168,cash_withdrawal_charge,0.0521
I need some spare physical cards.,getting_spare_card,getting_spare_card,True,0.9722,getting_spare_card,0.9722,order_physical_card,0.0135,card_delivery_estimate,0.0013
I would like to receive a few more physical cards.,getting_spare_card,getting_spare_card,True,0.9535,getting_spare_card,0.9535,order_physical_card,0.0337,getting_virtual_card,0.0016
Can I have a card after my first one?,getting_spare_card,getting_spare_card,True,0.0956,getting_spare_card,0.0956,lost_or_stolen_card,0.0816,card_about_to_expire,0.0611
How would I go about getting a second card?,getting_spare_card,getting_spare_card,True,0.8307,getting_spare_card,0.8307,order_physical_card,0.05,country_support,0.0072
I'd like to have another card,getting_spare_card,getting_spare_card,True,0.9752,getting_spare_card,0.9752,supported_cards_and_currencies,0.0039,visa_or_mastercard,0.0015
"If I need more cards, are there any fees?",getting_spare_card,getting_spare_card,True,0.9015,getting_spare_card,0.9015,card_payment_fee_charged,0.0115,top_up_by_card_charge,0.0111
Do you offer multiple cards for the same account?,getting_spare_card,transaction_charged_twice,False,0.27,transaction_charged_twice,0.27,getting_spare_card,0.1482,age_limit,0.0803
Can I get a spare card for someone else to use?,getting_spare_card,getting_spare_card,True,0.5932,getting_spare_card,0.5932,compromised_card,0.0908,country_support,0.022
I need to get some more physical cards.,getting_spare_card,getting_spare_card,True,0.9681,getting_spare_card,0.9681,order_physical_card,0.0195,card_delivery_estimate,0.0014
"Would I be able to get another card for my account, so I could give one to my daughter?",getting_spare_card,getting_spare_card,True,0.9714,getting_spare_card,0.9714,age_limit,0.0104,declined_cash_withdrawal,0.0014
What is the procedure for getting another card?,getting_spare_card,getting_spare_card,True,0.6991,getting_spare_card,0.6991,order_physical_card,0.0982,beneficiary_not_allowed,0.0117
Can I have a second card?,getting_spare_card,getting_spare_card,True,0.99,getting_spare_card,0.99,supported_cards_and_currencies,0.0006,card_delivery_estimate,0.0006
"My daughter would like a card as well, how can we make this happen?",getting_spare_card,getting_spare_card,True,0.5007,getting_spare_card,0.5007,age_limit,0.0603,order_physical_card,0.0302
Can I give a second card to my daughter?,getting_spare_card,getting_spare_card,True,0.9808,getting_spare_card,0.9808,age_limit,0.0028,card_delivery_estimate,0.0024
May I have another card?,getting_spare_card,getting_spare_card,True,0.9532,getting_spare_card,0.9532,supported_cards_and_currencies,0.0054,card_arrival,0.0036
Is there a fee for sending out more than one card?,getting_spare_card,getting_spare_card,True,0.8681,getting_spare_card,0.8681,card_payment_fee_charged,0.046,extra_charge_on_statement,0.0115
Can I order extra cards?,getting_spare_card,getting_spare_card,True,0.8922,getting_spare_card,0.8922,order_physical_card,0.0795,card_about_to_expire,0.0058
Where can I get a second card?,getting_spare_card,getting_spare_card,True,0.9114,getting_spare_card,0.9114,order_physical_card,0.0339,card_acceptance,0.0123
I was looking to buy another card today.,getting_spare_card,getting_spare_card,True,0.717,getting_spare_card,0.717,card_not_working,0.0437,declined_card_payment,0.015
I need a few more physical cards.,getting_spare_card,getting_spare_card,True,0.989,getting_spare_card,0.989,order_physical_card,0.005,getting_virtual_card,0.0005
Can i have a second physical card for this account?,getting_spare_card,getting_spare_card,True,0.9598,getting_spare_card,0.9598,order_physical_card,0.0187,card_not_working,0.002
Can I purchase extra non-virtual cards?,getting_spare_card,getting_virtual_card,False,0.4321,getting_virtual_card,0.4321,getting_spare_card,0.1833,get_disposable_virtual_card,0.11
Am I allowed to give my daughter one of my cards to use?,getting_spare_card,getting_spare_card,True,0.9065,getting_spare_card,0.9065,age_limit,0.0136,supported_cards_and_currencies,0.0048
May I have a second card?,getting_spare_card,getting_spare_card,True,0.9613,getting_spare_card,0.9613,card_arrival,0.0026,compromised_card,0.0019
Can i have a card to my daughter?,getting_spare_card,getting_spare_card,True,0.7243,getting_spare_card,0.7243,age_limit,0.1107,card_delivery_estimate,0.0297
Are there restrictions for ordering extra cards?,getting_spare_card,getting_spare_card,True,0.5241,getting_spare_card,0.5241,disposable_card_limits,0.1566,order_physical_card,0.0419
How can I get a second card for my daughter?,getting_spare_card,getting_spare_card,True,0.9903,getting_spare_card,0.9903,age_limit,0.0033,get_disposable_virtual_card,0.0005
Where do I request another card?,getting_spare_card,getting_spare_card,True,0.6955,getting_spare_card,0.6955,order_physical_card,0.1615,card_acceptance,0.022
Am I able to get a second card?,getting_spare_card,getting_spare_card,True,0.9556,getting_spare_card,0.9556,order_physical_card,0.0047,card_not_working,0.0026
"If you send me more cards, are there any charges?",getting_spare_card,getting_spare_card,True,0.8283,getting_spare_card,0.8283,top_up_by_card_charge,0.0188,top_up_by_bank_transfer_charge,0.0172
When trying to get more than one card is there a extra amount that needs to be paid?,getting_spare_card,getting_spare_card,True,0.4877,getting_spare_card,0.4877,card_payment_fee_charged,0.1137,wrong_amount_of_cash_received,0.0453
Is it possible to give a second card for this account to my daughter?,getting_spare_card,getting_spare_card,True,0.9891,getting_spare_card,0.9891,age_limit,0.0028,terminate_account,0.0006
My daughter needs a card. Can I give her one of mine that's linked to my account?,getting_spare_card,getting_spare_card,True,0.8202,getting_spare_card,0.8202,age_limit,0.0452,card_linking,0.0152
"My child needs a card, how can I add them to the account I currently have?",getting_spare_card,supported_cards_and_currencies,False,0.1583,supported_cards_and_currencies,0.1583,age_limit,0.1499,getting_spare_card,0.076
"my daughter needs a card, how do i add her?",getting_spare_card,getting_spare_card,True,0.8182,getting_spare_card,0.8182,age_limit,0.0411,card_linking,0.0193
Can I top up by cheque?,top_up_by_cash_or_cheque,top_up_by_cash_or_cheque,True,0.9953,top_up_by_cash_or_cheque,0.9953,topping_up_by_card,0.0014,top_up_limits,0.0012
How do I top-up using cash?,top_up_by_cash_or_cheque,top_up_by_cash_or_cheque,True,0.8917,top_up_by_cash_or_cheque,0.8917,pending_top_up,0.0162,verify_top_up,0.0153
Can I top up with a cheque?,top_up_by_cash_or_cheque,top_up_by_cash_or_cheque,True,0.998,top_up_by_cash_or_cheque,0.998,top_up_limits,0.0008,top_up_failed,0.0002
Is it possible to top up with cash? If so how do I do it?,top_up_by_cash_or_cheque,top_up_by_cash_or_cheque,True,0.8248,top_up_by_cash_or_cheque,0.8248,topping_up_by_card,0.0412,apple_pay_or_google_pay,0.0142
Can you help me find top up by cash deposit?,top_up_by_cash_or_cheque,top_up_by_cash_or_cheque,True,0.9415,top_up_by_cash_or_cheque,0.9415,balance_not_updated_after_cheque_or_cash_deposit,0.0197,top_up_failed,0.0047
Is there an option to top up a with cheque?,top_up_by_cash_or_cheque,top_up_by_cash_or_cheque,True,0.9835,top_up_by_cash_or_cheque,0.9835,automatic_top_up,0.0044,top_up_failed,0.0017
Need to deposit a cheque into my account,top_up_by_cash_or_cheque,top_up_by_cash_or_cheque,True,0.6422,top_up_by_cash_or_cheque,0.6422,balance_not_updated_after_cheque_or_cash_deposit,0.3537,transfer_into_account,0.0016
I'm looking for the cash deposit top up option but can't find it. Can you help me?,top_up_by_cash_or_cheque,top_up_by_cash_or_cheque,True,0.4245,top_up_by_cash_or_cheque,0.4245,balance_not_updated_after_cheque_or_cash_deposit,0.2318,top_up_failed,0.0721
How do I top up my account with a cash payment?,top_up_by_cash_or_cheque,top_up_by_cash_or_cheque,True,0.8937,top_up_by_cash_or_cheque,0.8937,transfer_into_account,0.0405,topping_up_by_card,0.0137
I'd like to use cash to top up. How do I find that option?,top_up_by_cash_or_cheque,top_up_by_cash_or_cheque,True,0.8631,top_up_by_cash_or_cheque,0.8631,topping_up_by_card,0.0222,automatic_top_up,0.0183
Where do I locate topping up with cash.,top_up_by_cash_or_cheque,top_up_by_cash_or_cheque,True,0.914,top_up_by_cash_or_cheque,0.914,top_up_by_card_charge,0.0094,get_physical_card,0.0056
How do I pay by check?,top_up_by_cash_or_cheque,top_up_by_cash_or_cheque,True,0.6457,top_up_by_cash_or_cheque,0.6457,verify_my_identity,0.0797,receiving_money,0.0234
Can I add to my account balance with a cheque?,top_up_by_cash_or_cheque,top_up_by_cash_or_cheque,True,0.734,top_up_by_cash_or_cheque,0.734,balance_not_updated_after_cheque_or_cash_deposit,0.2416,balance_not_updated_after_bank_transfer,0.0034
What type of deposits do you accept into my account?,top_up_by_cash_or_cheque,top_up_by_cash_or_cheque,True,0.4745,top_up_by_cash_or_cheque,0.4745,supported_cards_and_currencies,0.2449,balance_not_updated_after_cheque_or_cash_deposit,0.0736
Can I top up using a cheque?,top_up_by_cash_or_cheque,top_up_by_cash_or_cheque,True,0.9938,top_up_by_cash_or_cheque,0.9938,top_up_limits,0.0015,topping_up_by_card,0.0009
Can you top-up a card with a cheque?,top_up_by_cash_or_cheque,top_up_by_cash_or_cheque,True,0.9483,top_up_by_cash_or_cheque,0.9483,top_up_failed,0.0159,verify_top_up,0.0072
"I need to top up cash, How do I do it?",top_up_by_cash_or_cheque,top_up_by_cash_or_cheque,True,0.6157,top_up_by_cash_or_cheque,0.6157,topping_up_by_card,0.116,top_up_limits,0.0374
I'm looking for the option to top up by cheque.,top_up_by_cash_or_cheque,top_up_by_cash_or_cheque,True,0.8757,top_up_by_cash_or_cheque,0.8757,automatic_top_up,0.0278,top_up_failed,0.0169
What locations can I top up with cash?,top_up_by_cash_or_cheque,top_up_by_cash_or_cheque,True,0.9063,top_up_by_cash_or_cheque,0.9063,top_up_limits,0.0237,atm_support,0.0196
"I want to top up using cash, where can I do that?",top_up_by_cash_or_cheque,top_up_by_cash_or_cheque,True,0.8684,top_up_by_cash_or_cheque,0.8684,topping_up_by_card,0.0226,top_up_by_card_charge,0.0118
is there a way to do top up with cash deposit,top_up_by_cash_or_cheque,top_up_by_cash_or_cheque,True,0.9624,top_up_by_cash_or_cheque,0.9624,balance_not_updated_after_cheque_or_cash_deposit,0.0172,top_up_failed,0.0024
Where are the options to top up with a cheque on my account?,top_up_by_cash_or_cheque,top_up_by_cash_or_cheque,True,0.989,top_up_by_cash_or_cheque,0.989,balance_not_updated_after_cheque_or_cash_deposit,0.003,topping_up_by_card,0.0008
Can I use cash to top up my account?,top_up_by_cash_or_cheque,top_up_by_cash_or_cheque,True,0.9867,top_up_by_cash_or_cheque,0.9867,topping_up_by_card,0.0069,transfer_into_account,0.0027
How can I top up with cash?,top_up_by_cash_or_cheque,top_up_by_cash_or_cheque,True,0.983,top_up_by_cash_or_cheque,0.983,top_up_limits,0.0089,supported_cards_and_currencies,0.0016
Will you accept a cheque to top up my account?,top_up_by_cash_or_cheque,top_up_by_cash_or_cheque,True,0.9937,top_up_by_cash_or_cheque,0.9937,supported_cards_and_currencies,0.0028,balance_not_updated_after_cheque_or_cash_deposit,0.0013
How can I top up with this cheque I got?,top_up_by_cash_or_cheque,top_up_by_cash_or_cheque,True,0.9787,top_up_by_cash_or_cheque,0.9787,top_up_limits,0.0055,balance_not_updated_after_cheque_or_cash_deposit,0.0031
What methods can I use to top up my account?,top_up_by_cash_or_cheque,top_up_by_cash_or_cheque,True,0.4673,top_up_by_cash_or_cheque,0.4673,transfer_into_account,0.2482,supported_cards_and_currencies,0.1198
Is cash good to top up with?,top_up_by_cash_or_cheque,top_up_by_cash_or_cheque,True,0.7175,top_up_by_cash_or_cheque,0.7175,topping_up_by_card,0.0393,top_up_limits,0.0363
how come i can't find anywhere to load using cash,top_up_by_cash_or_cheque,top_up_by_cash_or_cheque,True,0.2469,top_up_by_cash_or_cheque,0.2469,declined_cash_withdrawal,0.0686,get_physical_card,0.0468
What can I pay with? Does cash work?,top_up_by_cash_or_cheque,apple_pay_or_google_pay,False,0.1218,apple_pay_or_google_pay,0.1218,card_acceptance,0.0926,declined_cash_withdrawal,0.077
How do I deposit cash into my account?,top_up_by_cash_or_cheque,top_up_by_cash_or_cheque,True,0.8547,top_up_by_cash_or_cheque,0.8547,balance_not_updated_after_cheque_or_cash_deposit,0.1036,transfer_into_account,0.0264
Why can't I top up with a cheque?,top_up_by_cash_or_cheque,top_up_by_cash_or_cheque,True,0.9888,top_up_by_cash_or_cheque,0.9888,top_up_failed,0.0026,top_up_limits,0.0015
Can I send a cheque to do my top ups?,top_up_by_cash_or_cheque,top_up_by_cash_or_cheque,True,0.9345,top_up_by_cash_or_cheque,0.9345,balance_not_updated_after_cheque_or_cash_deposit,0.0134,receiving_money,0.0072
Can I top up my account with a cheque?,top_up_by_cash_or_cheque,top_up_by_cash_or_cheque,True,0.9957,top_up_by_cash_or_cheque,0.9957,balance_not_updated_after_cheque_or_cash_deposit,0.0009,topping_up_by_card,0.0008
I want to do a cash top-up,top_up_by_cash_or_cheque,top_up_by_cash_or_cheque,True,0.5896,top_up_by_cash_or_cheque,0.5896,top_up_limits,0.0728,top_up_failed,0.0657
"I have a cheque here, can I use it to top off my account?",top_up_by_cash_or_cheque,top_up_by_cash_or_cheque,True,0.9683,top_up_by_cash_or_cheque,0.9683,balance_not_updated_after_cheque_or_cash_deposit,0.0089,topping_up_by_card,0.0063
I want to top-up using cash,top_up_by_cash_or_cheque,top_up_by_cash_or_cheque,True,0.8083,top_up_by_cash_or_cheque,0.8083,top_up_failed,0.0498,topping_up_by_card,0.0292
How can I top-up my card?,top_up_by_cash_or_cheque,top_up_limits,False,0.4684,top_up_limits,0.4684,topping_up_by_card,0.2567,top_up_failed,0.0987
Can I submit a check or cash payment?,top_up_by_cash_or_cheque,top_up_by_cash_or_cheque,True,0.5234,top_up_by_cash_or_cheque,0.5234,card_payment_not_recognised,0.07,reverted_card_payment?,0.0574
Do you accept checks?,top_up_by_cash_or_cheque,top_up_by_cash_or_cheque,True,0.786,top_up_by_cash_or_cheque,0.786,supported_cards_and_currencies,0.116,verify_my_identity,0.0409
How do I receive my physical card,order_physical_card,order_physical_card,True,0.9465,order_physical_card,0.9465,card_not_working,0.0134,card_delivery_estimate,0.0064
I want a card. What is the procedure?,order_physical_card,order_physical_card,True,0.2391,order_physical_card,0.2391,request_refund,0.0907,getting_spare_card,0.0762
What do you charge for physical cards?,order_physical_card,order_physical_card,True,0.9431,order_physical_card,0.9431,getting_spare_card,0.0418,top_up_by_card_charge,0.0019
Where can I get my card at?,order_physical_card,order_physical_card,True,0.3262,order_physical_card,0.3262,card_arrival,0.1579,card_acceptance,0.1481
price of physical card,order_physical_card,order_physical_card,True,0.7736,order_physical_card,0.7736,card_not_working,0.0499,getting_spare_card,0.0323
"Please, how do I order a card?",order_physical_card,order_physical_card,True,0.9262,order_physical_card,0.9262,request_refund,0.0103,compromised_card,0.0086
Send me a physical card,order_physical_card,order_physical_card,True,0.9384,order_physical_card,0.9384,getting_spare_card,0.0188,card_not_working,0.0106
I want to order a card. Where do you deliver to?,order_physical_card,order_physical_card,True,0.9932,order_physical_card,0.9932,card_delivery_estimate,0.0013,request_refund,0.0008
Can I request a physical card?,order_physical_card,order_physical_card,True,0.9887,order_physical_card,0.9887,card_not_working,0.0017,top_up_by_cash_or_cheque,0.0013
Is there a charge for physical cards,order_physical_card,order_physical_card,True,0.8703,order_physical_card,0.8703,getting_spare_card,0.0959,top_up_by_card_charge,0.0059
Do you charge for physical cards,order_physical_card,order_physical_card,True,0.9716,order_physical_card,0.9716,getting_spare_card,0.0215,top_up_by_card_charge,0.0008
Do you ship cards to where I live?,order_physical_card,order_physical_card,True,0.5813,order_physical_card,0.5813,country_support,0.146,getting_spare_card,0.0443
"For physical cards, do you charge?",order_physical_card,order_physical_card,True,0.8897,order_physical_card,0.8897,getting_spare_card,0.0668,top_up_by_bank_transfer_charge,0.0034
I need to get an actual card so that I can use it for in person transactions. How would I do this?,order_physical_card,order_physical_card,True,0.4393,order_physical_card,0.4393,card_not_working,0.1176,activate_my_card,0.0404
Will I get a real card?,order_physical_card,order_physical_card,True,0.9607,order_physical_card,0.9607,card_delivery_estimate,0.0093,card_arrival,0.0035
Where can you deliver cards?,order_physical_card,order_physical_card,True,0.7468,order_physical_card,0.7468,card_delivery_estimate,0.1091,getting_spare_card,0.0266
Where are cards delivered to?,order_physical_card,order_physical_card,True,0.9793,order_physical_card,0.9793,card_delivery_estimate,0.0094,card_arrival,0.003
Please tell me how to get a physical card.,order_physical_card,order_physical_card,True,0.9714,order_physical_card,0.9714,getting_virtual_card,0.0074,card_not_working,0.0041
What is the charge for a physical card?,order_physical_card,order_physical_card,True,0.9863,order_physical_card,0.9863,card_not_working,0.0023,top_up_by_card_charge,0.0018
Is a non-electronic card available as well,order_physical_card,card_not_working,False,0.091,card_not_working,0.091,order_physical_card,0.0653,country_support,0.0528
How much does it cost in fees to use your card?,order_physical_card,top_up_by_card_charge,False,0.7274,top_up_by_card_charge,0.7274,order_physical_card,0.0714,card_payment_fee_charged,0.0569
How can I get a physical card,order_physical_card,order_physical_card,True,0.99,order_physical_card,0.99,card_not_working,0.0027,getting_spare_card,0.0014
Can I get a physical card through this app?,order_physical_card,order_physical_card,True,0.8472,order_physical_card,0.8472,card_linking,0.0411,card_not_working,0.0284
can I have a non virtual card?,order_physical_card,getting_virtual_card,False,0.9765,getting_virtual_card,0.9765,virtual_card_not_working,0.0117,get_disposable_virtual_card,0.0049
How do I get a physical card?,order_physical_card,order_physical_card,True,0.9977,order_physical_card,0.9977,getting_spare_card,0.0004,getting_virtual_card,0.0004
What are the fees to get a physical card?,order_physical_card,order_physical_card,True,0.9873,order_physical_card,0.9873,card_payment_fee_charged,0.0023,card_about_to_expire,0.0017
Where can my card be delivered?,order_physical_card,card_arrival,False,0.3271,card_arrival,0.3271,card_delivery_estimate,0.3002,order_physical_card,0.2325
What will I be charged for a physical card?,order_physical_card,order_physical_card,True,0.9446,order_physical_card,0.9446,top_up_by_card_charge,0.0091,top_up_by_bank_transfer_charge,0.0073
Where do I order my card?,order_physical_card,order_physical_card,True,0.9769,order_physical_card,0.9769,card_acceptance,0.0062,compromised_card,0.0029
What locations can a card be delivered to?,order_physical_card,order_physical_card,True,0.7517,order_physical_card,0.7517,card_delivery_estimate,0.0713,card_arrival,0.0469
Where can I receive my card?,order_physical_card,order_physical_card,True,0.6717,order_physical_card,0.6717,card_acceptance,0.0947,card_delivery_estimate,0.0501
Where do you deliver cards by mail?,order_physical_card,order_physical_card,True,0.801,order_physical_card,0.801,card_delivery_estimate,0.0921,card_arrival,0.0261
How can I get a real-life card of my own?,order_physical_card,order_physical_card,True,0.8492,order_physical_card,0.8492,atm_support,0.01,card_linking,0.0093
Where will I find my card?,order_physical_card,card_acceptance,False,0.2142,card_acceptance,0.2142,lost_or_stolen_card,0.1649,order_physical_card,0.146
"If I want a physical card, do I have to pay anything?",order_physical_card,order_physical_card,True,0.441,order_physical_card,0.441,getting_spare_card,0.1243,card_not_working,0.0594
Where can cards be delivered?,order_physical_card,order_physical_card,True,0.843,order_physical_card,0.843,card_delivery_estimate,0.0739,card_arrival,0.0288
I need a physical card.,order_physical_card,order_physical_card,True,0.974,order_physical_card,0.974,getting_spare_card,0.0077,card_not_working,0.0065
What are the fees for a physical card?,order_physical_card,order_physical_card,True,0.9777,order_physical_card,0.9777,card_payment_fee_charged,0.0051,top_up_by_card_charge,0.0045
How do I get an actual card?,order_physical_card,order_physical_card,True,0.9887,order_physical_card,0.9887,getting_virtual_card,0.0022,activate_my_card,0.0015
Can I get a real card?,order_physical_card,order_physical_card,True,0.9828,order_physical_card,0.9828,visa_or_mastercard,0.0016,country_support,0.0015
Why is my disposable virtual card being denied?,virtual_card_not_working,virtual_card_not_working,True,0.4692,virtual_card_not_working,0.4692,get_disposable_virtual_card,0.4627,disposable_card_limits,0.0386
My disposable virtual card doesn't seem to work,virtual_card_not_working,virtual_card_not_working,True,0.9123,virtual_card_not_working,0.9123,get_disposable_virtual_card,0.075,disposable_card_limits,0.007
My disposable virtual card is broken.,virtual_card_not_working,virtual_card_not_working,True,0.5047,virtual_card_not_working,0.5047,get_disposable_virtual_card,0.4365,disposable_card_limits,0.0361
My non-physical card will not work,virtual_card_not_working,card_not_working,False,0.8578,card_not_working,0.8578,order_physical_card,0.0619,declined_card_payment,0.0059
Why did the disposable virtual card which I used to pay a gym subscription get denied?,virtual_card_not_working,get_disposable_virtual_card,False,0.5867,get_disposable_virtual_card,0.5867,virtual_card_not_working,0.2333,disposable_card_limits,0.0623
Why is my virtual card is being declined?,virtual_card_not_working,getting_virtual_card,False,0.5326,getting_virtual_card,0.5326,virtual_card_not_working,0.1754,declined_card_payment,0.1329
Are there restrictions for my disposable card since it does not seem to be working?,virtual_card_not_working,disposable_card_limits,False,0.4669,disposable_card_limits,0.4669,virtual_card_not_working,0.2117,card_not_working,0.0745
I cannot get my virtual card to work.,virtual_card_not_working,virtual_card_not_working,True,0.9424,virtual_card_not_working,0.9424,getting_virtual_card,0.0317,card_not_working,0.0089
I was at the store earlier and my virtual card didn't work. What's the solution for this problem?,virtual_card_not_working,virtual_card_not_working,True,0.2401,virtual_card_not_working,0.2401,declined_card_payment,0.1248,top_up_failed,0.0678
My disposable virtual card will not work,virtual_card_not_working,virtual_card_not_working,True,0.8199,virtual_card_not_working,0.8199,get_disposable_virtual_card,0.168,disposable_card_limits,0.0095
I cannot use my disposable virtual card.,virtual_card_not_working,virtual_card_not_working,True,0.6397,virtual_card_not_working,0.6397,get_disposable_virtual_card,0.3247,disposable_card_limits,0.0268
Can I make multiple online transactions with my virtual card?,virtual_card_not_working,virtual_card_not_working,True,0.4468,virtual_card_not_working,0.4468,disposable_card_limits,0.1993,getting_virtual_card,0.111
Why was my virtual card declined when attempting to setup automatic billing?,virtual_card_not_working,automatic_top_up,False,0.2107,automatic_top_up,0.2107,getting_virtual_card,0.1616,declined_card_payment,0.1061
Why doesn't my disposable virtual card work?,virtual_card_not_working,virtual_card_not_working,True,0.8303,virtual_card_not_working,0.8303,get_disposable_virtual_card,0.1603,disposable_card_limits,0.0061
Why can't I use my virtual card for subscription services?,virtual_card_not_working,virtual_card_not_working,True,0.6952,virtual_card_not_working,0.6952,getting_virtual_card,0.0951,card_not_working,0.0738
Why isn't my virtual card working?,virtual_card_not_working,virtual_card_not_working,True,0.9257,virtual_card_not_working,0.9257,getting_virtual_card,0.0568,card_not_working,0.0069
I cannot make transactions with my virtual card.,virtual_card_not_working,virtual_card_not_working,True,0.573,virtual_card_not_working,0.573,getting_virtual_card,0.1735,disposable_card_limits,0.0903
"For some reason, the virtual card won't work for me.",virtual_card_not_working,virtual_card_not_working,True,0.7639,virtual_card_not_working,0.7639,card_not_working,0.0682,getting_virtual_card,0.053
My disposable virtual card has been rejected by the merchant earlier today. What should I do?,virtual_card_not_working,virtual_card_not_working,True,0.6249,virtual_card_not_working,0.6249,get_disposable_virtual_card,0.2051,disposable_card_limits,0.049
How can I fix a problem where my virtual card is rejected?,virtual_card_not_working,getting_virtual_card,False,0.4464,getting_virtual_card,0.4464,virtual_card_not_working,0.3661,get_disposable_virtual_card,0.0184
My virtual card isn't working. What do I do?,virtual_card_not_working,virtual_card_not_working,True,0.9084,virtual_card_not_working,0.9084,getting_virtual_card,0.0386,card_not_working,0.0351
What do I do if my virtual card won't work.,virtual_card_not_working,virtual_card_not_working,True,0.9197,virtual_card_not_working,0.9197,card_not_working,0.0488,getting_virtual_card,0.0191
Is there a trick to get the disposable virtual card to work?,virtual_card_not_working,get_disposable_virtual_card,False,0.5662,get_disposable_virtual_card,0.5662,virtual_card_not_working,0.3995,disposable_card_limits,0.0307
Why can't I get my virtual card to work?,virtual_card_not_working,virtual_card_not_working,True,0.9782,virtual_card_not_working,0.9782,card_not_working,0.0075,getting_virtual_card,0.0069
My card is just not working at this time.,virtual_card_not_working,card_not_working,False,0.5862,card_not_working,0.5862,declined_card_payment,0.2246,virtual_card_not_working,0.0265
My disposable card seems not to be working am I doing something wrong?,virtual_card_not_working,card_not_working,False,0.2758,card_not_working,0.2758,virtual_card_not_working,0.2288,declined_cash_withdrawal,0.0724
My payments from my virtual card keep getting rejected.,virtual_card_not_working,virtual_card_not_working,True,0.605,virtual_card_not_working,0.605,getting_virtual_card,0.1354,declined_card_payment,0.0923
My disposable virtual card is not working when I try to use it at a point of sale transaction. What do I do now?,virtual_card_not_working,virtual_card_not_working,True,0.6008,virtual_card_not_working,0.6008,get_disposable_virtual_card,0.2041,card_not_working,0.1059
My transaction was just declined when I was using my disposable virtual card. What can I do?,virtual_card_not_working,virtual_card_not_working,True,0.3833,virtual_card_not_working,0.3833,get_disposable_virtual_card,0.373,disposable_card_limits,0.1484
My disposable virtual card is not working,virtual_card_not_working,virtual_card_not_working,True,0.9582,virtual_card_not_working,0.9582,get_disposable_virtual_card,0.0366,disposable_card_limits,0.0039
How do I get my disposable virtual card to work?,virtual_card_not_working,virtual_card_not_working,True,0.6611,virtual_card_not_working,0.6611,get_disposable_virtual_card,0.3341,disposable_card_limits,0.0033
How come my disposable virtual card used to pay for a gym subscription got rejected?,virtual_card_not_working,virtual_card_not_working,True,0.8306,virtual_card_not_working,0.8306,get_disposable_virtual_card,0.0894,disposable_card_limits,0.019
Payments from my disposable virtual card don't work,virtual_card_not_working,virtual_card_not_working,True,0.8292,virtual_card_not_working,0.8292,get_disposable_virtual_card,0.1448,disposable_card_limits,0.0171
"My disposable virtual card was rejected by the merchant, please help?",virtual_card_not_working,virtual_card_not_working,True,0.8131,virtual_card_not_working,0.8131,get_disposable_virtual_card,0.1143,disposable_card_limits,0.0261
My virtual card won't work.,virtual_card_not_working,virtual_card_not_working,True,0.9699,virtual_card_not_working,0.9699,getting_virtual_card,0.0186,card_not_working,0.0069
Tell me why my virtual disposable card won't work.,virtual_card_not_working,virtual_card_not_working,True,0.9291,virtual_card_not_working,0.9291,get_disposable_virtual_card,0.0558,disposable_card_limits,0.0074
I need help getting the virtual card to work.,virtual_card_not_working,virtual_card_not_working,True,0.5109,virtual_card_not_working,0.5109,getting_virtual_card,0.3299,card_not_working,0.043
I was trying to use my virtual card at a merchant and it was rejected. How can I fix this?,virtual_card_not_working,virtual_card_not_working,True,0.5438,virtual_card_not_working,0.5438,getting_virtual_card,0.0958,declined_card_payment,0.0726
How do I make my virtual card work?,virtual_card_not_working,virtual_card_not_working,True,0.785,virtual_card_not_working,0.785,getting_virtual_card,0.15,get_disposable_virtual_card,0.046
virtual card is not working for me,virtual_card_not_working,virtual_card_not_working,True,0.8533,virtual_card_not_working,0.8533,getting_virtual_card,0.1025,card_not_working,0.0159
I did not get the right amount of money when I used a different country's currency.,wrong_exchange_rate_for_cash_withdrawal,wrong_exchange_rate_for_cash_withdrawal,True,0.5462,wrong_exchange_rate_for_cash_withdrawal,0.5462,wrong_amount_of_cash_received,0.3193,fiat_currency_support,0.0286
I took out money from a transaction machine and it exchanged the wrong dollar value amount from another currency!,wrong_exchange_rate_for_cash_withdrawal,wrong_exchange_rate_for_cash_withdrawal,True,0.4423,wrong_exchange_rate_for_cash_withdrawal,0.4423,exchange_via_app,0.0754,cancel_transfer,0.0695
I made a withdraw from the ATM this past holiday and it seems like a was charged too much. If I would have   known about these charges I wouldn't have made a withdraw.,wrong_exchange_rate_for_cash_withdrawal,wrong_exchange_rate_for_cash_withdrawal,True,0.9143,wrong_exchange_rate_for_cash_withdrawal,0.9143,cash_withdrawal_charge,0.0177,declined_cash_withdrawal,0.0174
Can you look to make sure the exchange rate is correct,wrong_exchange_rate_for_cash_withdrawal,card_payment_wrong_exchange_rate,False,0.6764,card_payment_wrong_exchange_rate,0.6764,wrong_exchange_rate_for_cash_withdrawal,0.1854,exchange_rate,0.0929
Exchange rate for my cash withdrawal is wrong,wrong_exchange_rate_for_cash_withdrawal,wrong_exchange_rate_for_cash_withdrawal,True,0.9932,wrong_exchange_rate_for_cash_withdrawal,0.9932,card_payment_wrong_exchange_rate,0.0025,pending_cash_withdrawal,0.0015
Hello. I'm on holiday and didn't bring any cash with me. I need to withdrawal my home currency from one of your machines. Do you have any that will do this and is there a charge?,wrong_exchange_rate_for_cash_withdrawal,wrong_exchange_rate_for_cash_withdrawal,True,0.8368,wrong_exchange_rate_for_cash_withdrawal,0.8368,cash_withdrawal_not_recognised,0.0637,cash_withdrawal_charge,0.0128
Why was the exchange rate wrong when I got cash,wrong_exchange_rate_for_cash_withdrawal,wrong_exchange_rate_for_cash_withdrawal,True,0.9709,wrong_exchange_rate_for_cash_withdrawal,0.9709,card_payment_wrong_exchange_rate,0.0253,exchange_rate,0.0018
I attempted to get money using a foreign currency at an ATM but the rate was highly inaccurate!,wrong_exchange_rate_for_cash_withdrawal,wrong_exchange_rate_for_cash_withdrawal,True,0.8899,wrong_exchange_rate_for_cash_withdrawal,0.8899,declined_cash_withdrawal,0.0428,card_payment_wrong_exchange_rate,0.0182
Why is the exchange rate wrong for my international withdrawal?,wrong_exchange_rate_for_cash_withdrawal,wrong_exchange_rate_for_cash_withdrawal,True,0.7207,wrong_exchange_rate_for_cash_withdrawal,0.7207,card_payment_wrong_exchange_rate,0.2501,exchange_rate,0.0082
A wrong exchange rate was applied to a transaction made abroad.,wrong_exchange_rate_for_cash_withdrawal,wrong_exchange_rate_for_cash_withdrawal,True,0.7726,wrong_exchange_rate_for_cash_withdrawal,0.7726,card_payment_wrong_exchange_rate,0.1833,cancel_transfer,0.0266
The exchange rate you gave me for my cash withdrawal is wrong,wrong_exchange_rate_for_cash_withdrawal,wrong_exchange_rate_for_cash_withdrawal,True,0.9694,wrong_exchange_rate_for_cash_withdrawal,0.9694,card_payment_wrong_exchange_rate,0.0113,wrong_amount_of_cash_received,0.0085
Is there a fee for exchanging cash?,wrong_exchange_rate_for_cash_withdrawal,exchange_charge,False,0.7402,exchange_charge,0.7402,cash_withdrawal_charge,0.2058,card_payment_fee_charged,0.0119
Why is the exchange rate so exorbitant? This should have been a much higher amount of cash for that to apply.,wrong_exchange_rate_for_cash_withdrawal,wrong_exchange_rate_for_cash_withdrawal,True,0.9079,wrong_exchange_rate_for_cash_withdrawal,0.9079,card_payment_wrong_exchange_rate,0.0328,wrong_amount_of_cash_received,0.008
Why was the exchange rate different when I withdrew my cash?,wrong_exchange_rate_for_cash_withdrawal,wrong_exchange_rate_for_cash_withdrawal,True,0.9445,wrong_exchange_rate_for_cash_withdrawal,0.9445,card_payment_wrong_exchange_rate,0.0231,cash_withdrawal_charge,0.0103
"When I got cash, my exchange rate was wrong.",wrong_exchange_rate_for_cash_withdrawal,wrong_exchange_rate_for_cash_withdrawal,True,0.9912,wrong_exchange_rate_for_cash_withdrawal,0.9912,card_payment_wrong_exchange_rate,0.0066,exchange_rate,0.0009
Will there be additional costs of I make a withdrawal from a local ATM of British pounds? I need some cash to feel comfortable on the journey home,wrong_exchange_rate_for_cash_withdrawal,wrong_exchange_rate_for_cash_withdrawal,True,0.1275,wrong_exchange_rate_for_cash_withdrawal,0.1275,pending_cash_withdrawal,0.121,cash_withdrawal_charge,0.1172
It seems I was overcharged when I used an ATM while on vacation. If I knew about your fees in advance I sure would have gone somewhere else.,wrong_exchange_rate_for_cash_withdrawal,wrong_exchange_rate_for_cash_withdrawal,True,0.4946,wrong_exchange_rate_for_cash_withdrawal,0.4946,card_payment_fee_charged,0.0777,cash_withdrawal_charge,0.0364
I checked the exchange rate when I withdrew cash. But the actual rate that you applied was different.,wrong_exchange_rate_for_cash_withdrawal,wrong_exchange_rate_for_cash_withdrawal,True,0.9152,wrong_exchange_rate_for_cash_withdrawal,0.9152,card_payment_wrong_exchange_rate,0.0574,exchange_rate,0.0073
"In receiving cash, the wrong exchange rate was used for my transaction.",wrong_exchange_rate_for_cash_withdrawal,wrong_exchange_rate_for_cash_withdrawal,True,0.9489,wrong_exchange_rate_for_cash_withdrawal,0.9489,card_payment_wrong_exchange_rate,0.0266,cancel_transfer,0.0083
Can I make a withdraw if I am out of country from with out any fees at an ATM?,wrong_exchange_rate_for_cash_withdrawal,cash_withdrawal_charge,False,0.2805,cash_withdrawal_charge,0.2805,wrong_exchange_rate_for_cash_withdrawal,0.2509,atm_support,0.2341
I took out a foreign currency and the exchange rate is wrong.,wrong_exchange_rate_for_cash_withdrawal,wrong_exchange_rate_for_cash_withdrawal,True,0.6995,wrong_exchange_rate_for_cash_withdrawal,0.6995,card_payment_wrong_exchange_rate,0.2812,exchange_charge,0.0124
I feel like too much money was taken during my currency exchange.,wrong_exchange_rate_for_cash_withdrawal,exchange_charge,False,0.2808,exchange_charge,0.2808,card_payment_wrong_exchange_rate,0.2004,wrong_exchange_rate_for_cash_withdrawal,0.1637
There was an error in exchange rate for my cash withdrawal,wrong_exchange_rate_for_cash_withdrawal,wrong_exchange_rate_for_cash_withdrawal,True,0.9354,wrong_exchange_rate_for_cash_withdrawal,0.9354,cash_withdrawal_charge,0.0252,card_payment_wrong_exchange_rate,0.0146
"I need the right foreign money, at the right rate, at ATMs, when I go abroad.",wrong_exchange_rate_for_cash_withdrawal,wrong_exchange_rate_for_cash_withdrawal,True,0.794,wrong_exchange_rate_for_cash_withdrawal,0.794,atm_support,0.0299,exchange_rate,0.0175
The conversion rate on the ATM that I used with foreign currency was wrong.,wrong_exchange_rate_for_cash_withdrawal,wrong_exchange_rate_for_cash_withdrawal,True,0.8725,wrong_exchange_rate_for_cash_withdrawal,0.8725,card_payment_wrong_exchange_rate,0.0789,wrong_amount_of_cash_received,0.0055
why is the exchange rate for a Foreign ATM different,wrong_exchange_rate_for_cash_withdrawal,wrong_exchange_rate_for_cash_withdrawal,True,0.8873,wrong_exchange_rate_for_cash_withdrawal,0.8873,card_payment_wrong_exchange_rate,0.0786,exchange_charge,0.0174
My cash withdrawal charged me the wrong exchange rate,wrong_exchange_rate_for_cash_withdrawal,wrong_exchange_rate_for_cash_withdrawal,True,0.9676,wrong_exchange_rate_for_cash_withdrawal,0.9676,card_payment_wrong_exchange_rate,0.015,cash_withdrawal_charge,0.0116
I withdrew some cash out of the ATM over the holiday. It seems that I was charged some outrageous fees. I would not have done that had I been aware of these outrageous charges!,wrong_exchange_rate_for_cash_withdrawal,wrong_exchange_rate_for_cash_withdrawal,True,0.76,wrong_exchange_rate_for_cash_withdrawal,0.76,cash_withdrawal_charge,0.1063,pending_cash_withdrawal,0.0204
The exchange rate for my withdrawal isn't correct and doesn't match the actual exchange rate.,wrong_exchange_rate_for_cash_withdrawal,wrong_exchange_rate_for_cash_withdrawal,True,0.742,wrong_exchange_rate_for_cash_withdrawal,0.742,card_payment_wrong_exchange_rate,0.2146,exchange_rate,0.0317
Can you explain your exchange rate policy? I don't think I received the correct amount of cash in my ATM transaction.,wrong_exchange_rate_for_cash_withdrawal,wrong_exchange_rate_for_cash_withdrawal,True,0.744,wrong_exchange_rate_for_cash_withdrawal,0.744,wrong_amount_of_cash_received,0.1468,exchange_rate,0.0301
My ecchange rate was wrong for a cash transaction.,wrong_exchange_rate_for_cash_withdrawal,wrong_exchange_rate_for_cash_withdrawal,True,0.9578,wrong_exchange_rate_for_cash_withdrawal,0.9578,cancel_transfer,0.0141,card_payment_wrong_exchange_rate,0.0096
I expected a higher exchange rate when I withdrew money. Can you tell me current exchange rates?,wrong_exchange_rate_for_cash_withdrawal,wrong_exchange_rate_for_cash_withdrawal,True,0.5706,wrong_exchange_rate_for_cash_withdrawal,0.5706,exchange_rate,0.3772,card_payment_wrong_exchange_rate,0.017
The see the rate applied to my transaction was wrong at the atm.,wrong_exchange_rate_for_cash_withdrawal,wrong_exchange_rate_for_cash_withdrawal,True,0.5323,wrong_exchange_rate_for_cash_withdrawal,0.5323,wrong_amount_of_cash_received,0.1651,card_payment_wrong_exchange_rate,0.061
The rate of exchange isn't right for my cash withdrawal.,wrong_exchange_rate_for_cash_withdrawal,wrong_exchange_rate_for_cash_withdrawal,True,0.9318,wrong_exchange_rate_for_cash_withdrawal,0.9318,cash_withdrawal_charge,0.017,card_payment_wrong_exchange_rate,0.011
I took out cash abroad and the exchange rate isn't correct.,wrong_exchange_rate_for_cash_withdrawal,wrong_exchange_rate_for_cash_withdrawal,True,0.9637,wrong_exchange_rate_for_cash_withdrawal,0.9637,card_payment_wrong_exchange_rate,0.0219,exchange_rate,0.0084
I used an ATM in a foreign currency but the rate applied is wrong!,wrong_exchange_rate_for_cash_withdrawal,wrong_exchange_rate_for_cash_withdrawal,True,0.6733,wrong_exchange_rate_for_cash_withdrawal,0.6733,card_payment_wrong_exchange_rate,0.2979,exchange_charge,0.0033
how do you determine your exchange rates because one of yours was off when i got cash,wrong_exchange_rate_for_cash_withdrawal,exchange_rate,False,0.6241,exchange_rate,0.6241,wrong_exchange_rate_for_cash_withdrawal,0.2638,cash_withdrawal_charge,0.0093
I used the ATM machine to get money out for Holiday shopping and saw the outrageous charges. Why is that? I would not have used the ATM if I had known!,wrong_exchange_rate_for_cash_withdrawal,wrong_exchange_rate_for_cash_withdrawal,True,0.6571,wrong_exchange_rate_for_cash_withdrawal,0.6571,declined_cash_withdrawal,0.1416,cash_withdrawal_charge,0.0397
The cash withdrawal exchange rate is not correct.,wrong_exchange_rate_for_cash_withdrawal,wrong_exchange_rate_for_cash_withdrawal,True,0.9797,wrong_exchange_rate_for_cash_withdrawal,0.9797,cash_withdrawal_not_recognised,0.0055,card_payment_wrong_exchange_rate,0.0053
"Is there a local ATM that will provide British pounds, I have no money for my homeward journey and do not feel comfortable waiting until  I arrive in Britain. Will a withdrawal involve extra charges?",wrong_exchange_rate_for_cash_withdrawal,pending_cash_withdrawal,False,0.1223,pending_cash_withdrawal,0.1223,cash_withdrawal_charge,0.1051,wrong_exchange_rate_for_cash_withdrawal,0.0859
can i get a description of how to use a disposable virtual card,get_disposable_virtual_card,get_disposable_virtual_card,True,0.9274,get_disposable_virtual_card,0.9274,disposable_card_limits,0.0402,virtual_card_not_working,0.0251
Can I create a disposable virtual card?,get_disposable_virtual_card,get_disposable_virtual_card,True,0.9514,get_disposable_virtual_card,0.9514,disposable_card_limits,0.0328,virtual_card_not_working,0.012
What can you tell me about getting a virtual disposable card?,get_disposable_virtual_card,get_disposable_virtual_card,True,0.886,get_disposable_virtual_card,0.886,disposable_card_limits,0.0417,getting_virtual_card,0.0309
I would like to order a disposable virtual card. How can I do this?,get_disposable_virtual_card,get_disposable_virtual_card,True,0.8869,get_disposable_virtual_card,0.8869,getting_virtual_card,0.0428,virtual_card_not_working,0.0305
how do VR cards work,get_disposable_virtual_card,get_disposable_virtual_card,True,0.2593,get_disposable_virtual_card,0.2593,getting_spare_card,0.2382,card_not_working,0.1116
What is a disposable virtual card?,get_disposable_virtual_card,get_disposable_virtual_card,True,0.9775,get_disposable_virtual_card,0.9775,virtual_card_not_working,0.0106,disposable_card_limits,0.0097
I would like a temporary virtual card,get_disposable_virtual_card,getting_virtual_card,False,0.897,getting_virtual_card,0.897,virtual_card_not_working,0.0439,get_disposable_virtual_card,0.041
How do the disposable cards work?,get_disposable_virtual_card,get_disposable_virtual_card,True,0.985,get_disposable_virtual_card,0.985,disposable_card_limits,0.0138,virtual_card_not_working,0.0005
How do I use a disposable virtual card?,get_disposable_virtual_card,get_disposable_virtual_card,True,0.9911,get_disposable_virtual_card,0.9911,disposable_card_limits,0.0042,virtual_card_not_working,0.0034
Where's the best place to get a disposable virtual card?,get_disposable_virtual_card,get_disposable_virtual_card,True,0.8949,get_disposable_virtual_card,0.8949,disposable_card_limits,0.0406,getting_virtual_card,0.0389
Can you explain the disposable cards to me?,get_disposable_virtual_card,get_disposable_virtual_card,True,0.7186,get_disposable_virtual_card,0.7186,disposable_card_limits,0.2417,card_delivery_estimate,0.0051
"Is there anyway, I can get a disposable virtual card?",get_disposable_virtual_card,get_disposable_virtual_card,True,0.9502,get_disposable_virtual_card,0.9502,disposable_card_limits,0.0344,virtual_card_not_working,0.0097
I just purchased a disposable virtual card. Am I able to use it for online purchases immediately?,get_disposable_virtual_card,get_disposable_virtual_card,True,0.882,get_disposable_virtual_card,0.882,virtual_card_not_working,0.0469,disposable_card_limits,0.0267
how secure is a disposable virtual card,get_disposable_virtual_card,get_disposable_virtual_card,True,0.9713,get_disposable_virtual_card,0.9713,virtual_card_not_working,0.0142,disposable_card_limits,0.0109
What do I do to get a disposable virtual card?,get_disposable_virtual_card,get_disposable_virtual_card,True,0.9843,get_disposable_virtual_card,0.9843,virtual_card_not_working,0.0093,disposable_card_limits,0.0043
I want to get a disposable virtual card.,get_disposable_virtual_card,get_disposable_virtual_card,True,0.9692,get_disposable_virtual_card,0.9692,virtual_card_not_working,0.0161,disposable_card_limits,0.0093
Can you explain disposable cards?,get_disposable_virtual_card,get_disposable_virtual_card,True,0.7416,get_disposable_virtual_card,0.7416,disposable_card_limits,0.2351,getting_spare_card,0.0024
how do i get a virtual card for one time use,get_disposable_virtual_card,get_disposable_virtual_card,True,0.6916,get_disposable_virtual_card,0.6916,getting_virtual_card,0.2649,virtual_card_not_working,0.0164
May I get a disposable virtual card as well?,get_disposable_virtual_card,get_disposable_virtual_card,True,0.9712,get_disposable_virtual_card,0.9712,virtual_card_not_working,0.0139,disposable_card_limits,0.0104
Can i get a single use virtual card,get_disposable_virtual_card,get_disposable_virtual_card,True,0.7479,get_disposable_virtual_card,0.7479,getting_virtual_card,0.134,virtual_card_not_working,0.0602
I would like to create a disposable virtual card. How do I go about doing that?,get_disposable_virtual_card,get_disposable_virtual_card,True,0.9119,get_disposable_virtual_card,0.9119,disposable_card_limits,0.0278,getting_virtual_card,0.0223
"I have a disposable virtual card here, so would you tell me what to do with it?",get_disposable_virtual_card,get_disposable_virtual_card,True,0.8204,get_disposable_virtual_card,0.8204,virtual_card_not_working,0.0917,disposable_card_limits,0.0402
how does a virtual card work,get_disposable_virtual_card,getting_virtual_card,False,0.4571,getting_virtual_card,0.4571,virtual_card_not_working,0.4177,get_disposable_virtual_card,0.0979
What is the process of obtaining a disposable virtual card,get_disposable_virtual_card,get_disposable_virtual_card,True,0.8706,get_disposable_virtual_card,0.8706,virtual_card_not_working,0.0599,disposable_card_limits,0.0387
What does a disposable virtual card do?,get_disposable_virtual_card,get_disposable_virtual_card,True,0.9482,get_disposable_virtual_card,0.9482,virtual_card_not_working,0.0383,disposable_card_limits,0.0104
When can I order a disposable virtual card?,get_disposable_virtual_card,get_disposable_virtual_card,True,0.9644,get_disposable_virtual_card,0.9644,disposable_card_limits,0.0142,getting_virtual_card,0.0102
Is it possible to also get a disposable virtual card?,get_disposable_virtual_card,get_disposable_virtual_card,True,0.9517,get_disposable_virtual_card,0.9517,disposable_card_limits,0.0204,virtual_card_not_working,0.0185
How do I obtain a disposable virtual card?,get_disposable_virtual_card,get_disposable_virtual_card,True,0.9725,get_disposable_virtual_card,0.9725,disposable_card_limits,0.0097,virtual_card_not_working,0.0083
How would you use a disposable card?,get_disposable_virtual_card,get_disposable_virtual_card,True,0.9205,get_disposable_virtual_card,0.9205,disposable_card_limits,0.0573,virtual_card_not_working,0.0026
"I need a disposable virtual card, how do I get one?",get_disposable_virtual_card,get_disposable_virtual_card,True,0.9864,get_disposable_virtual_card,0.9864,disposable_card_limits,0.0056,getting_virtual_card,0.0054
How do disposable cards work?,get_disposable_virtual_card,get_disposable_virtual_card,True,0.9614,get_disposable_virtual_card,0.9614,disposable_card_limits,0.0346,virtual_card_not_working,0.0019
Is there a disposable virtual card I can order?,get_disposable_virtual_card,get_disposable_virtual_card,True,0.9388,get_disposable_virtual_card,0.9388,disposable_card_limits,0.0265,virtual_card_not_working,0.0196
Where can I get a disposable virtual card?,get_disposable_virtual_card,get_disposable_virtual_card,True,0.9842,get_disposable_virtual_card,0.9842,disposable_card_limits,0.011,virtual_card_not_working,0.0031
Will I be able to get a disposable virtual card as well?,get_disposable_virtual_card,get_disposable_virtual_card,True,0.9575,get_disposable_virtual_card,0.9575,disposable_card_limits,0.0195,virtual_card_not_working,0.0159
Hello! I need to order a disposable virtual card. Where can I do that at?,get_disposable_virtual_card,get_disposable_virtual_card,True,0.7903,get_disposable_virtual_card,0.7903,getting_virtual_card,0.0853,disposable_card_limits,0.0673
where do I request a disposable virtual card?,get_disposable_virtual_card,get_disposable_virtual_card,True,0.8832,get_disposable_virtual_card,0.8832,disposable_card_limits,0.0648,virtual_card_not_working,0.0267
Can i get a throw away card,get_disposable_virtual_card,order_physical_card,False,0.1923,order_physical_card,0.1923,card_delivery_estimate,0.087,visa_or_mastercard,0.0644
how many transactions can i make with a disposable card,get_disposable_virtual_card,disposable_card_limits,False,0.9923,disposable_card_limits,0.9923,get_disposable_virtual_card,0.0015,virtual_card_not_working,0.001
What are disposable cards?,get_disposable_virtual_card,get_disposable_virtual_card,True,0.6973,get_disposable_virtual_card,0.6973,disposable_card_limits,0.2977,supported_cards_and_currencies,0.0009
what's the process for getting a disposable virtual card?,get_disposable_virtual_card,get_disposable_virtual_card,True,0.9238,get_disposable_virtual_card,0.9238,virtual_card_not_working,0.0326,disposable_card_limits,0.0236
The app denied my topped up.,top_up_failed,top_up_failed,True,0.8961,top_up_failed,0.8961,top_up_reverted,0.0305,topping_up_by_card,0.0186
"Heyy I tried to top up with my card today but it failed! I just got the couple days before but it has worked last time. What's going on, can you double check please?",top_up_failed,top_up_failed,True,0.9406,top_up_failed,0.9406,transfer_not_received_by_recipient,0.0098,card_not_working,0.0053
I have a top up that didn't go through.  Why?,top_up_failed,top_up_failed,True,0.5196,top_up_failed,0.5196,pending_top_up,0.1761,top_up_reverted,0.1395
"So, I tried topping up my card for the today. Unfortunately, it failed. A couple of days back I used it and it works fine. Can you double check and tell me what's going on?",top_up_failed,top_up_failed,True,0.7503,top_up_failed,0.7503,card_not_working,0.0492,failed_transfer,0.0126
Why did the app deny my top up?,top_up_failed,top_up_failed,True,0.834,top_up_failed,0.834,top_up_reverted,0.1044,topping_up_by_card,0.0079
please tell me why my top-up failed.,top_up_failed,top_up_failed,True,0.9664,top_up_failed,0.9664,top_up_reverted,0.0108,pending_top_up,0.0104
My top-up isn't working.,top_up_failed,top_up_failed,True,0.9008,top_up_failed,0.9008,pending_top_up,0.0592,top_up_reverted,0.02
I attempted to top up but the app denied it.,top_up_failed,top_up_failed,True,0.9712,top_up_failed,0.9712,topping_up_by_card,0.0069,top_up_reverted,0.004
What reason did my top-up fail for?,top_up_failed,top_up_failed,True,0.8207,top_up_failed,0.8207,top_up_reverted,0.0918,pending_top_up,0.0274
Why didn`t my topup go through?,top_up_failed,top_up_reverted,False,0.7024,top_up_reverted,0.7024,top_up_failed,0.155,pending_top_up,0.0289
How can I check to see if my top-up worked?,top_up_failed,top_up_failed,True,0.8036,top_up_failed,0.8036,top_up_by_cash_or_cheque,0.109,pending_top_up,0.0152
My top up didn't work.,top_up_failed,top_up_failed,True,0.9896,top_up_failed,0.9896,top_up_reverted,0.006,pending_top_up,0.0018
My top up failed.,top_up_failed,top_up_failed,True,0.9719,top_up_failed,0.9719,pending_top_up,0.013,top_up_reverted,0.0065
Why would my topup not go through?,top_up_failed,top_up_failed,True,0.5882,top_up_failed,0.5882,top_up_reverted,0.1851,declined_card_payment,0.0446
Why caused my top up to not work?,top_up_failed,top_up_failed,True,0.5737,top_up_failed,0.5737,top_up_reverted,0.2014,pending_top_up,0.0459
Why did my top up not work?,top_up_failed,top_up_reverted,False,0.578,top_up_reverted,0.578,top_up_failed,0.377,pending_top_up,0.012
Why was my top-up unsuccessful?,top_up_failed,top_up_reverted,False,0.8245,top_up_reverted,0.8245,top_up_failed,0.1193,pending_top_up,0.0231
My funding to my card didn't go through.,top_up_failed,declined_card_payment,False,0.6421,declined_card_payment,0.6421,top_up_failed,0.1719,pending_top_up,0.0324
I need to know why my credit card was declined for top up? What is the deal here and why did it not go through?,top_up_failed,top_up_failed,True,0.544,top_up_failed,0.544,declined_card_payment,0.321,top_up_reverted,0.0567
I topped up but the app did not accept it.,top_up_failed,top_up_reverted,False,0.631,top_up_reverted,0.631,top_up_failed,0.1264,pending_top_up,0.0924
The app denied my top-up,top_up_failed,top_up_failed,True,0.9918,top_up_failed,0.9918,top_up_reverted,0.0034,pending_top_up,0.0018
I think my top up did not work,top_up_failed,top_up_failed,True,0.9236,top_up_failed,0.9236,top_up_reverted,0.0275,pending_top_up,0.0217
My top up was denied in the app.,top_up_failed,top_up_failed,True,0.9146,top_up_failed,0.9146,top_up_reverted,0.0594,topping_up_by_card,0.0065
Can you tell me if my pop-up went through?,top_up_failed,pending_top_up,False,0.6742,pending_top_up,0.6742,top_up_failed,0.0567,top_up_reverted,0.054
can you check why I wasn't able to top up?,top_up_failed,top_up_by_cash_or_cheque,False,0.7431,top_up_by_cash_or_cheque,0.7431,top_up_failed,0.0759,topping_up_by_card,0.0358
How did my top-up fail?,top_up_failed,top_up_failed,True,0.9379,top_up_failed,0.9379,top_up_reverted,0.0252,pending_top_up,0.0169
"My top-up failed, WHY?",top_up_failed,top_up_failed,True,0.9649,top_up_failed,0.9649,pending_top_up,0.0131,top_up_reverted,0.0119
I tried to top up. Why was it denied?,top_up_failed,top_up_failed,True,0.908,top_up_failed,0.908,topping_up_by_card,0.0178,declined_cash_withdrawal,0.0156
What's the deal? My card was just denied for top up. Why is it not going through?,top_up_failed,top_up_failed,True,0.8782,top_up_failed,0.8782,pending_top_up,0.0257,declined_card_payment,0.0256
I don't think my top up is working correctly,top_up_failed,top_up_failed,True,0.5427,top_up_failed,0.5427,pending_top_up,0.2534,top_up_reverted,0.0434
The app won't let me top up my account,top_up_failed,top_up_failed,True,0.5001,top_up_failed,0.5001,topping_up_by_card,0.1349,top_up_reverted,0.0624
I'm not sure why my top up request was denied,top_up_failed,top_up_failed,True,0.8634,top_up_failed,0.8634,top_up_reverted,0.0322,pending_top_up,0.0152
Why can't I top up?,top_up_failed,top_up_limits,False,0.4089,top_up_limits,0.4089,top_up_failed,0.252,pending_top_up,0.0964
My top-up has failed.,top_up_failed,top_up_failed,True,0.968,top_up_failed,0.968,pending_top_up,0.0187,top_up_reverted,0.008
Problems with top up,top_up_failed,top_up_failed,True,0.9113,top_up_failed,0.9113,pending_top_up,0.0209,top_up_reverted,0.0121
"I really need money from my card today, but my card is getting declined. Please help!!",top_up_failed,declined_card_payment,False,0.2949,declined_card_payment,0.2949,declined_cash_withdrawal,0.1473,declined_transfer,0.1473
How do I know if my top up was unsuccessful?,top_up_failed,top_up_reverted,False,0.7084,top_up_reverted,0.7084,top_up_failed,0.0829,pending_top_up,0.0396
I'm pretty sure my top up failed. How do I fix this?,top_up_failed,top_up_failed,True,0.6573,top_up_failed,0.6573,pending_top_up,0.0618,top_up_reverted,0.0375
why isnt top up working,top_up_failed,top_up_failed,True,0.7385,top_up_failed,0.7385,top_up_reverted,0.0469,apple_pay_or_google_pay,0.0347
Can you tell me why my top up didn't work?,top_up_failed,top_up_failed,True,0.9639,top_up_failed,0.9639,top_up_reverted,0.0211,declined_card_payment,0.0028
I made a transfer a few hours ago from a UK banking account.  I do not yet see the transfer.  Please check on this for me.,balance_not_updated_after_bank_transfer,balance_not_updated_after_bank_transfer,True,0.9197,balance_not_updated_after_bank_transfer,0.9197,transfer_fee_charged,0.0202,transfer_not_received_by_recipient,0.0148
the balance on my account didnt change when i transferred money,balance_not_updated_after_bank_transfer,balance_not_updated_after_bank_transfer,True,0.9732,balance_not_updated_after_bank_transfer,0.9732,transfer_timing,0.0064,transfer_fee_charged,0.0025
How long will it take for my transferred money to show up?,balance_not_updated_after_bank_transfer,balance_not_updated_after_bank_transfer,True,0.7074,balance_not_updated_after_bank_transfer,0.7074,pending_transfer,0.1385,transfer_not_received_by_recipient,0.0767
Why didn't my balance change after I transferred some money?,balance_not_updated_after_bank_transfer,balance_not_updated_after_bank_transfer,True,0.9795,balance_not_updated_after_bank_transfer,0.9795,transfer_fee_charged,0.005,beneficiary_not_allowed,0.0024
When will my balance update after a transfer?,balance_not_updated_after_bank_transfer,balance_not_updated_after_bank_transfer,True,0.9917,balance_not_updated_after_bank_transfer,0.9917,transfer_timing,0.0019,balance_not_updated_after_cheque_or_cash_deposit,0.0009
How long does it take for an international transfer into my account?,balance_not_updated_after_bank_transfer,balance_not_updated_after_bank_transfer,True,0.7825,balance_not_updated_after_bank_transfer,0.7825,transfer_timing,0.1237,pending_transfer,0.0253
The amount of time that transfers usually take from a UK account is what?I just completed a transfer and it is not showing up at all. I'm wondering at this point if everything is actually okay.,balance_not_updated_after_bank_transfer,balance_not_updated_after_bank_transfer,True,0.9492,balance_not_updated_after_bank_transfer,0.9492,transfer_fee_charged,0.0066,pending_transfer,0.0044
When will my transfer be available in my account.,balance_not_updated_after_bank_transfer,transfer_timing,False,0.8439,transfer_timing,0.8439,balance_not_updated_after_bank_transfer,0.1185,pending_transfer,0.0101
I didn't get the money I transferred,balance_not_updated_after_bank_transfer,transfer_not_received_by_recipient,False,0.3664,transfer_not_received_by_recipient,0.3664,balance_not_updated_after_bank_transfer,0.3087,transfer_fee_charged,0.1101
I just completed a bank transfer and the balance didn't update,balance_not_updated_after_bank_transfer,balance_not_updated_after_bank_transfer,True,0.964,balance_not_updated_after_bank_transfer,0.964,failed_transfer,0.0108,pending_top_up,0.0024
I transferred some money but I think it has gotten lost somewhere.,balance_not_updated_after_bank_transfer,transfer_not_received_by_recipient,False,0.3199,transfer_not_received_by_recipient,0.3199,balance_not_updated_after_bank_transfer,0.2687,transfer_fee_charged,0.084
How long does a UK transfer take?,balance_not_updated_after_bank_transfer,balance_not_updated_after_bank_transfer,True,0.5341,balance_not_updated_after_bank_transfer,0.5341,pending_transfer,0.3179,transfer_timing,0.1171
Hello I made a bank transfer couple hours ago from my UK account but it doesn't show up yet. Can you please check if everything is alright with it?,balance_not_updated_after_bank_transfer,balance_not_updated_after_bank_transfer,True,0.9953,balance_not_updated_after_bank_transfer,0.9953,balance_not_updated_after_cheque_or_cash_deposit,0.0008,transfer_not_received_by_recipient,0.0005
I made a transfer and am still waiting.,balance_not_updated_after_bank_transfer,balance_not_updated_after_bank_transfer,True,0.5083,balance_not_updated_after_bank_transfer,0.5083,pending_transfer,0.3824,cancel_transfer,0.017
I made an out of country transfer and it hasn't went through yet.,balance_not_updated_after_bank_transfer,transfer_not_received_by_recipient,False,0.2693,transfer_not_received_by_recipient,0.2693,pending_transfer,0.2202,balance_not_updated_after_bank_transfer,0.1925
"After the transfer, the balance did not update.",balance_not_updated_after_bank_transfer,balance_not_updated_after_bank_transfer,True,0.9629,balance_not_updated_after_bank_transfer,0.9629,beneficiary_not_allowed,0.004,balance_not_updated_after_cheque_or_cash_deposit,0.003
"Could you please check one of my transfer which i made few hours ago from my UK bank account, as its not showing yet.",balance_not_updated_after_bank_transfer,balance_not_updated_after_bank_transfer,True,0.9796,balance_not_updated_after_bank_transfer,0.9796,balance_not_updated_after_cheque_or_cash_deposit,0.0029,transfer_into_account,0.0026
I had cash transferred but the balance did not change.,balance_not_updated_after_bank_transfer,balance_not_updated_after_bank_transfer,True,0.9515,balance_not_updated_after_bank_transfer,0.9515,wrong_exchange_rate_for_cash_withdrawal,0.0064,balance_not_updated_after_cheque_or_cash_deposit,0.0056
I can't see my latest bank transfer,balance_not_updated_after_bank_transfer,balance_not_updated_after_bank_transfer,True,0.9763,balance_not_updated_after_bank_transfer,0.9763,transfer_into_account,0.007,failed_transfer,0.0045
My bank transfer is still not showing up in my account.,balance_not_updated_after_bank_transfer,balance_not_updated_after_bank_transfer,True,0.9899,balance_not_updated_after_bank_transfer,0.9899,transfer_into_account,0.0064,balance_not_updated_after_cheque_or_cash_deposit,0.0009
I made a transfer and it doesnt' show up in my account.,balance_not_updated_after_bank_transfer,balance_not_updated_after_bank_transfer,True,0.5564,balance_not_updated_after_bank_transfer,0.5564,transfer_timing,0.1789,cancel_transfer,0.0415
I transferred some money but it is yet to arrive.,balance_not_updated_after_bank_transfer,transfer_not_received_by_recipient,False,0.8396,transfer_not_received_by_recipient,0.8396,balance_not_updated_after_bank_transfer,0.1262,transfer_fee_charged,0.0071
Why is my balance the same?  I processed a transfer.,balance_not_updated_after_bank_transfer,balance_not_updated_after_bank_transfer,True,0.7355,balance_not_updated_after_bank_transfer,0.7355,balance_not_updated_after_cheque_or_cash_deposit,0.0364,pending_transfer,0.0309
Why don't I have my transfer?,balance_not_updated_after_bank_transfer,failed_transfer,False,0.5096,failed_transfer,0.5096,transfer_fee_charged,0.166,declined_transfer,0.1387
Why isn't the transfer on my account showing up?,balance_not_updated_after_bank_transfer,balance_not_updated_after_bank_transfer,True,0.9436,balance_not_updated_after_bank_transfer,0.9436,transfer_not_received_by_recipient,0.0144,beneficiary_not_allowed,0.01
The  money I transferred does not show in the balance.,balance_not_updated_after_bank_transfer,balance_not_updated_after_bank_transfer,True,0.9774,balance_not_updated_after_bank_transfer,0.9774,transfer_timing,0.005,transfer_not_received_by_recipient,0.0043
I have completed a transfer but it is not showing up.,balance_not_updated_after_bank_transfer,balance_not_updated_after_bank_transfer,True,0.5721,balance_not_updated_after_bank_transfer,0.5721,transfer_not_received_by_recipient,0.2233,pending_transfer,0.074
I did a transfer to my account but it doesn't show up,balance_not_updated_after_bank_transfer,balance_not_updated_after_bank_transfer,True,0.8953,balance_not_updated_after_bank_transfer,0.8953,transfer_not_received_by_recipient,0.0181,beneficiary_not_allowed,0.0157
How long until my transfer will be available to me,balance_not_updated_after_bank_transfer,pending_transfer,False,0.496,pending_transfer,0.496,transfer_timing,0.3435,balance_not_updated_after_bank_transfer,0.0655
Why doesn't it show that I did a balance transfer?,balance_not_updated_after_bank_transfer,balance_not_updated_after_bank_transfer,True,0.9732,balance_not_updated_after_bank_transfer,0.9732,transfer_fee_charged,0.0045,failed_transfer,0.0035
"I made a bank transfer a couple of hours ago from my UK account.  It hasn't appeared, can you check to make sure it went through?",balance_not_updated_after_bank_transfer,balance_not_updated_after_bank_transfer,True,0.9794,balance_not_updated_after_bank_transfer,0.9794,transfer_not_received_by_recipient,0.0032,failed_transfer,0.0027
My transfer is pending.,balance_not_updated_after_bank_transfer,pending_transfer,False,0.9941,pending_transfer,0.9941,balance_not_updated_after_bank_transfer,0.0022,failed_transfer,0.0016
"Hey, I try to make a bank transfer from my UK account a few hours ago, but it haven't show up yet. Please check my account to make sure everything alright with it?",balance_not_updated_after_bank_transfer,balance_not_updated_after_bank_transfer,True,0.9817,balance_not_updated_after_bank_transfer,0.9817,balance_not_updated_after_cheque_or_cash_deposit,0.0022,transfer_into_account,0.0022
Where is my transfer from [country]?,balance_not_updated_after_bank_transfer,balance_not_updated_after_bank_transfer,True,0.4824,balance_not_updated_after_bank_transfer,0.4824,transfer_timing,0.3495,failed_transfer,0.0559
I made a bank transfer and my account balance did not show it.,balance_not_updated_after_bank_transfer,balance_not_updated_after_bank_transfer,True,0.9905,balance_not_updated_after_bank_transfer,0.9905,transfer_into_account,0.0033,balance_not_updated_after_cheque_or_cash_deposit,0.002
Where is my money? I transfered it and it isn't in my account.,balance_not_updated_after_bank_transfer,transfer_not_received_by_recipient,False,0.5794,transfer_not_received_by_recipient,0.5794,balance_not_updated_after_bank_transfer,0.157,transfer_timing,0.1063
I need to know the time frame that is typical for a transfer from a UK account. I just made a transfer and it doesn't appear. I want to make sure everything is okay.,balance_not_updated_after_bank_transfer,balance_not_updated_after_bank_transfer,True,0.915,balance_not_updated_after_bank_transfer,0.915,cancel_transfer,0.016,transfer_timing,0.0133
Why doesn't my balance reflect my transfer,balance_not_updated_after_bank_transfer,balance_not_updated_after_bank_transfer,True,0.9818,balance_not_updated_after_bank_transfer,0.9818,failed_transfer,0.0043,declined_transfer,0.002
My account balance has not gone up even though I just transferred money into it,balance_not_updated_after_bank_transfer,balance_not_updated_after_bank_transfer,True,0.9385,balance_not_updated_after_bank_transfer,0.9385,transfer_into_account,0.0147,pending_top_up,0.0116
When will I see my new balance after making my bank transfer?,balance_not_updated_after_bank_transfer,balance_not_updated_after_bank_transfer,True,0.9956,balance_not_updated_after_bank_transfer,0.9956,pending_transfer,0.0006,transfer_into_account,0.0004
Think someone has took money out with my card. What shall I do?,cash_withdrawal_not_recognised,compromised_card,False,0.3774,compromised_card,0.3774,cash_withdrawal_not_recognised,0.2992,lost_or_stolen_card,0.1201
There is a withdrawal that isn't mind in the app.,cash_withdrawal_not_recognised,cash_withdrawal_not_recognised,True,0.953,cash_withdrawal_not_recognised,0.953,pending_cash_withdrawal,0.0199,cash_withdrawal_charge,0.004
I just lost my wallet and I see that they are already withdrawing money from my account. How can I stop this?,cash_withdrawal_not_recognised,cash_withdrawal_not_recognised,True,0.8791,cash_withdrawal_not_recognised,0.8791,cash_withdrawal_charge,0.0156,topping_up_by_card,0.0105
"I didn't get cash from an ATM, but the app says I did",cash_withdrawal_not_recognised,cash_withdrawal_not_recognised,True,0.8485,cash_withdrawal_not_recognised,0.8485,wrong_amount_of_cash_received,0.0753,wrong_exchange_rate_for_cash_withdrawal,0.0221
My app shows some cash I didn't get.,cash_withdrawal_not_recognised,cash_withdrawal_not_recognised,True,0.9307,cash_withdrawal_not_recognised,0.9307,wrong_amount_of_cash_received,0.0318,card_payment_not_recognised,0.009
Why is there a random withdrawal in my app?,cash_withdrawal_not_recognised,cash_withdrawal_not_recognised,True,0.9632,cash_withdrawal_not_recognised,0.9632,pending_cash_withdrawal,0.0076,cash_withdrawal_charge,0.0075
There is a suspicious cash withdraw on the account.,cash_withdrawal_not_recognised,cash_withdrawal_not_recognised,True,0.747,cash_withdrawal_not_recognised,0.747,pending_cash_withdrawal,0.0645,cash_withdrawal_charge,0.0466
"I didn't get cash from an ATM, but according to the app a transaction was made when i didn't make it.",cash_withdrawal_not_recognised,cash_withdrawal_not_recognised,True,0.7945,cash_withdrawal_not_recognised,0.7945,wrong_exchange_rate_for_cash_withdrawal,0.0398,wrong_amount_of_cash_received,0.0301
The app said I withdrew cash at an ATM and I didn't,cash_withdrawal_not_recognised,cash_withdrawal_not_recognised,True,0.341,cash_withdrawal_not_recognised,0.341,wrong_amount_of_cash_received,0.2122,wrong_exchange_rate_for_cash_withdrawal,0.1946
My app says that I received cash from an ATM and I didn't.,cash_withdrawal_not_recognised,cash_withdrawal_not_recognised,True,0.8744,cash_withdrawal_not_recognised,0.8744,wrong_amount_of_cash_received,0.0759,wrong_exchange_rate_for_cash_withdrawal,0.017
"How do I freeze my bank card, as there has been a strange withdrawal?",cash_withdrawal_not_recognised,cash_withdrawal_not_recognised,True,0.7921,cash_withdrawal_not_recognised,0.7921,cash_withdrawal_charge,0.0496,compromised_card,0.0181
I see a cash withdrawal that I did not perform.,cash_withdrawal_not_recognised,cash_withdrawal_not_recognised,True,0.8924,cash_withdrawal_not_recognised,0.8924,pending_cash_withdrawal,0.0796,wrong_amount_of_cash_received,0.0081
I checked the app and saw an extra cash withdrawal that I didn't authorize,cash_withdrawal_not_recognised,cash_withdrawal_not_recognised,True,0.9776,cash_withdrawal_not_recognised,0.9776,cash_withdrawal_charge,0.0044,wrong_exchange_rate_for_cash_withdrawal,0.0044
I have a strange cash withdrawal in my statement,cash_withdrawal_not_recognised,cash_withdrawal_not_recognised,True,0.9252,cash_withdrawal_not_recognised,0.9252,pending_cash_withdrawal,0.0327,cash_withdrawal_charge,0.0126
There's a cash withdraw on my statement that I didn't make.,cash_withdrawal_not_recognised,cash_withdrawal_not_recognised,True,0.8195,cash_withdrawal_not_recognised,0.8195,card_payment_not_recognised,0.1547,direct_debit_payment_not_recognised,0.0109
i think someone is using my card to withdraw money. Someone stole my wallet. What can I do? it is urgent.,cash_withdrawal_not_recognised,cash_withdrawal_not_recognised,True,0.9199,cash_withdrawal_not_recognised,0.9199,compromised_card,0.0441,lost_or_stolen_card,0.0105
I am seeing in the App a some cash withdrawal that its not mine,cash_withdrawal_not_recognised,cash_withdrawal_not_recognised,True,0.9739,cash_withdrawal_not_recognised,0.9739,pending_cash_withdrawal,0.0129,declined_cash_withdrawal,0.0028
My account has a weird withdrawal.,cash_withdrawal_not_recognised,cash_withdrawal_not_recognised,True,0.5397,cash_withdrawal_not_recognised,0.5397,pending_cash_withdrawal,0.1505,cash_withdrawal_charge,0.0579
I'm unsure of a withdrawl in my statement.,cash_withdrawal_not_recognised,cash_withdrawal_not_recognised,True,0.3892,cash_withdrawal_not_recognised,0.3892,extra_charge_on_statement,0.0936,Refund_not_showing_up,0.0615
"It looks like someone else withdrew cash from my account, can you help?",cash_withdrawal_not_recognised,cash_withdrawal_not_recognised,True,0.8686,cash_withdrawal_not_recognised,0.8686,compromised_card,0.0194,pending_cash_withdrawal,0.0153
I think I see a withdraw I did not make.,cash_withdrawal_not_recognised,cash_withdrawal_not_recognised,True,0.8155,cash_withdrawal_not_recognised,0.8155,wrong_exchange_rate_for_cash_withdrawal,0.0546,card_payment_not_recognised,0.0326
Some cash is showing up in my app that I did not get.,cash_withdrawal_not_recognised,cash_withdrawal_not_recognised,True,0.9729,cash_withdrawal_not_recognised,0.9729,wrong_amount_of_cash_received,0.0134,card_payment_not_recognised,0.0024
There is an unauthorized cash withdrawal from my account for 500£.  I definitely didn't make this withdrawal.  I need your help.,cash_withdrawal_not_recognised,cash_withdrawal_not_recognised,True,0.9863,cash_withdrawal_not_recognised,0.9863,wrong_amount_of_cash_received,0.0055,cash_withdrawal_charge,0.0018
The app is showing an ATM withdrawl that I didn't make.,cash_withdrawal_not_recognised,cash_withdrawal_not_recognised,True,0.8212,cash_withdrawal_not_recognised,0.8212,wrong_amount_of_cash_received,0.0444,card_payment_not_recognised,0.0393
There is a odd withdrawal on my account.,cash_withdrawal_not_recognised,cash_withdrawal_not_recognised,True,0.9849,cash_withdrawal_not_recognised,0.9849,pending_cash_withdrawal,0.0088,cash_withdrawal_charge,0.0028
I need to cancel my card that got stolen a little while ago. Someone has already taken some money out and I don't want them to take anymore. Can you please do that?,cash_withdrawal_not_recognised,cash_withdrawal_not_recognised,True,0.286,cash_withdrawal_not_recognised,0.286,request_refund,0.1114,lost_or_stolen_card,0.0908
How do I cancel my card? There are charges on my account that I didn't make.,cash_withdrawal_not_recognised,card_payment_not_recognised,False,0.7897,card_payment_not_recognised,0.7897,direct_debit_payment_not_recognised,0.0698,cash_withdrawal_not_recognised,0.0568
"There is an error, the app says I made an ATM withdrawal and I didn't.",cash_withdrawal_not_recognised,cash_withdrawal_not_recognised,True,0.897,cash_withdrawal_not_recognised,0.897,pending_cash_withdrawal,0.0349,cash_withdrawal_charge,0.0212
"Can anyone help me, I lost my wallet and they've started withdrawing from my account.",cash_withdrawal_not_recognised,cash_withdrawal_not_recognised,True,0.7627,cash_withdrawal_not_recognised,0.7627,lost_or_stolen_card,0.0461,topping_up_by_card,0.0245
What do I do if I notice a strange withdrawl in my statement?,cash_withdrawal_not_recognised,cash_withdrawal_not_recognised,True,0.546,cash_withdrawal_not_recognised,0.546,card_payment_not_recognised,0.0979,extra_charge_on_statement,0.0776
I don't recognise a cash withdrawal,cash_withdrawal_not_recognised,cash_withdrawal_not_recognised,True,0.8231,cash_withdrawal_not_recognised,0.8231,pending_cash_withdrawal,0.0674,declined_cash_withdrawal,0.0337
Help!  My wallet was stolen and someone is taking money out.  I need this money!  What can I do?,cash_withdrawal_not_recognised,cash_withdrawal_not_recognised,True,0.8507,cash_withdrawal_not_recognised,0.8507,lost_or_stolen_card,0.0614,compromised_card,0.014
There is a cash withdrawal transaction that I am unsure of.,cash_withdrawal_not_recognised,cash_withdrawal_not_recognised,True,0.5256,cash_withdrawal_not_recognised,0.5256,pending_cash_withdrawal,0.2868,cash_withdrawal_charge,0.0718
I didn't take out money from an ATM but my app statement shows that I did. How can I fix this?,cash_withdrawal_not_recognised,cash_withdrawal_not_recognised,True,0.8897,cash_withdrawal_not_recognised,0.8897,wrong_amount_of_cash_received,0.0192,direct_debit_payment_not_recognised,0.0188
"Someone has stolen my card. Even though I have my card with me, someone just made a 500£ cash withdrawal. Please help as soon as possible.",cash_withdrawal_not_recognised,cash_withdrawal_not_recognised,True,0.961,cash_withdrawal_not_recognised,0.961,lost_or_stolen_card,0.0084,compromised_card,0.0075
Cash I didn't get shows in my app.,cash_withdrawal_not_recognised,cash_withdrawal_not_recognised,True,0.9481,cash_withdrawal_not_recognised,0.9481,wrong_amount_of_cash_received,0.0133,card_payment_not_recognised,0.0076
There is a problem with my card. Somebody has removed money from my account in a town I haven't been to. Can you please freeze my account immediately?,cash_withdrawal_not_recognised,cash_withdrawal_not_recognised,True,0.6913,cash_withdrawal_not_recognised,0.6913,compromised_card,0.0606,terminate_account,0.0274
There is an ATM withdrawl in the app I don't recognize.,cash_withdrawal_not_recognised,cash_withdrawal_not_recognised,True,0.7181,cash_withdrawal_not_recognised,0.7181,card_payment_not_recognised,0.1336,declined_cash_withdrawal,0.0352
A cash withdrawal is showing up that I didn't do.,cash_withdrawal_not_recognised,cash_withdrawal_not_recognised,True,0.9593,cash_withdrawal_not_recognised,0.9593,pending_cash_withdrawal,0.0288,wrong_amount_of_cash_received,0.0062
The app made a mistake and said I made a cash withdrawal.,cash_withdrawal_not_recognised,cash_withdrawal_not_recognised,True,0.8358,cash_withdrawal_not_recognised,0.8358,wrong_exchange_rate_for_cash_withdrawal,0.0462,pending_cash_withdrawal,0.0304
Is there an exchange fee?,exchange_charge,exchange_charge,True,0.9932,exchange_charge,0.9932,exchange_rate,0.0016,card_payment_fee_charged,0.0014
whats your exchange rate,exchange_charge,exchange_rate,False,0.9265,exchange_rate,0.9265,wrong_exchange_rate_for_cash_withdrawal,0.0377,card_payment_wrong_exchange_rate,0.0336
What are your currency exchange fees?,exchange_charge,exchange_charge,True,0.8888,exchange_charge,0.8888,exchange_via_app,0.0447,fiat_currency_support,0.028
Where do I find the exchange rate?,exchange_charge,exchange_rate,False,0.9058,exchange_rate,0.9058,card_payment_wrong_exchange_rate,0.05,wrong_exchange_rate_for_cash_withdrawal,0.0297
What is the base amount for cross-currency exchanges?,exchange_charge,exchange_charge,True,0.7037,exchange_charge,0.7037,exchange_rate,0.0665,fiat_currency_support,0.0518
"My work sends me all over the world, can I get a discount for all the money I have to exchange?",exchange_charge,exchange_charge,True,0.5002,exchange_charge,0.5002,country_support,0.0818,wrong_exchange_rate_for_cash_withdrawal,0.0522
How much more do I have to pay to exchange currencies?,exchange_charge,exchange_charge,True,0.9738,exchange_charge,0.9738,exchange_via_app,0.0159,fiat_currency_support,0.005
Is there a fee for exchanging currencies?,exchange_charge,exchange_charge,True,0.9884,exchange_charge,0.9884,exchange_via_app,0.005,fiat_currency_support,0.0015
How much does it cost to exchange currencies?,exchange_charge,exchange_charge,True,0.958,exchange_charge,0.958,exchange_via_app,0.0279,fiat_currency_support,0.0035
whats the exchange charge,exchange_charge,exchange_charge,True,0.4412,exchange_charge,0.4412,wrong_exchange_rate_for_cash_withdrawal,0.1822,card_payment_wrong_exchange_rate,0.1439
Is there any discount for someone that exchanges currencies frequently?,exchange_charge,exchange_charge,True,0.9925,exchange_charge,0.9925,fiat_currency_support,0.0022,exchange_via_app,0.0004
Is there a fee to exchange foreign money?,exchange_charge,exchange_charge,True,0.9584,exchange_charge,0.9584,top_up_by_bank_transfer_charge,0.0074,exchange_rate,0.0062
Do I have to pay for exchanging currencies?,exchange_charge,exchange_charge,True,0.9775,exchange_charge,0.9775,exchange_via_app,0.0144,fiat_currency_support,0.0037
Does it cost extra to exchange currencies?,exchange_charge,exchange_charge,True,0.8915,exchange_charge,0.8915,exchange_via_app,0.0839,fiat_currency_support,0.0089
Is there a fee for exchanging foreign currencies?,exchange_charge,exchange_charge,True,0.9967,exchange_charge,0.9967,fiat_currency_support,0.0006,exchange_via_app,0.0005
Will I be charged a fee for exchanging foreign currencies?,exchange_charge,exchange_charge,True,0.9932,exchange_charge,0.9932,card_payment_fee_charged,0.0012,cash_withdrawal_charge,0.001
"How much is a cross currency exchange, and can I check to see if I have any discounts available?",exchange_charge,exchange_charge,True,0.9137,exchange_charge,0.9137,exchange_via_app,0.0152,fiat_currency_support,0.0085
Do you offer a discount on multiple currency exchanges?,exchange_charge,exchange_charge,True,0.8626,exchange_charge,0.8626,fiat_currency_support,0.0955,exchange_rate,0.0098
How much do I have to pay for the exchange fee?,exchange_charge,exchange_charge,True,0.9966,exchange_charge,0.9966,card_payment_fee_charged,0.0012,exchange_rate,0.0004
"If I want to exchange currency, will there be extras?",exchange_charge,exchange_charge,True,0.7524,exchange_charge,0.7524,exchange_via_app,0.1174,fiat_currency_support,0.0271
If I need to exchange currency is there an extra fee?,exchange_charge,exchange_charge,True,0.9617,exchange_charge,0.9617,exchange_via_app,0.0219,wrong_exchange_rate_for_cash_withdrawal,0.0027
I was wondering if there were any discounts offered for frequent currency exchanges?,exchange_charge,exchange_charge,True,0.9893,exchange_charge,0.9893,fiat_currency_support,0.0013,transfer_fee_charged,0.001
Would I be charged for exchanging currencies?,exchange_charge,exchange_charge,True,0.9504,exchange_charge,0.9504,exchange_via_app,0.0283,fiat_currency_support,0.0062
What is the exchange fee?,exchange_charge,exchange_charge,True,0.9864,exchange_charge,0.9864,exchange_rate,0.0088,card_payment_wrong_exchange_rate,0.001
Does it cost to exchange currencies with this card?,exchange_charge,exchange_via_app,False,0.6489,exchange_via_app,0.6489,exchange_charge,0.2746,fiat_currency_support,0.0269
how much you charge for exhcange,exchange_charge,exchange_charge,True,0.4726,exchange_charge,0.4726,top_up_by_bank_transfer_charge,0.223,top_up_by_card_charge,0.1242
Are there any extra hidden fees for exchanging currencies?,exchange_charge,exchange_charge,True,0.9637,exchange_charge,0.9637,card_payment_fee_charged,0.0066,exchange_via_app,0.0062
"When I travel, what will it cost to switch for my currency?",exchange_charge,exchange_via_app,False,0.1849,exchange_via_app,0.1849,exchange_charge,0.1833,top_up_by_bank_transfer_charge,0.0673
How much will I pay to exchange foreign currency?,exchange_charge,exchange_charge,True,0.9867,exchange_charge,0.9867,exchange_rate,0.0036,wrong_exchange_rate_for_cash_withdrawal,0.0036
Does it cost money for currency exchange services?,exchange_charge,exchange_charge,True,0.8016,exchange_charge,0.8016,exchange_via_app,0.1073,fiat_currency_support,0.0287
Are there extra charges for exchanging currency?,exchange_charge,exchange_charge,True,0.956,exchange_charge,0.956,exchange_via_app,0.012,wrong_exchange_rate_for_cash_withdrawal,0.0053
"I will need to exchange currencies frequently, will I be able to get a discount?",exchange_charge,exchange_charge,True,0.9437,exchange_charge,0.9437,exchange_via_app,0.0356,fiat_currency_support,0.0043
Is there a charge for a foreign currency exchange?,exchange_charge,exchange_charge,True,0.9789,exchange_charge,0.9789,wrong_exchange_rate_for_cash_withdrawal,0.0082,card_payment_wrong_exchange_rate,0.0077
Is there a discount for frequently exchanging currencies?,exchange_charge,exchange_charge,True,0.9979,exchange_charge,0.9979,exchange_via_app,0.0005,fiat_currency_support,0.0002
What is the cost for an exchange fee?,exchange_charge,exchange_charge,True,0.9951,exchange_charge,0.9951,top_up_by_bank_transfer_charge,0.0013,exchange_rate,0.0006
Will it cost more money if my currency needs to be exchanged?,exchange_charge,exchange_charge,True,0.6253,exchange_charge,0.6253,exchange_via_app,0.1624,fiat_currency_support,0.0459
"I would like to exchange currencies, but is there an extra charge to do so?",exchange_charge,exchange_charge,True,0.6994,exchange_charge,0.6994,exchange_via_app,0.2056,extra_charge_on_statement,0.0148
Does it cost anything for exchanges?,exchange_charge,exchange_charge,True,0.7373,exchange_charge,0.7373,top_up_by_bank_transfer_charge,0.07,exchange_rate,0.0441
Can I exchange money from abroad without additional costs?,exchange_charge,wrong_exchange_rate_for_cash_withdrawal,False,0.3447,wrong_exchange_rate_for_cash_withdrawal,0.3447,exchange_charge,0.1266,transfer_fee_charged,0.072
does it cost to exchange currencies?,exchange_charge,exchange_charge,True,0.8117,exchange_charge,0.8117,exchange_via_app,0.1648,fiat_currency_support,0.0114
Is there a fee for using a European bank card to top up?,top_up_by_card_charge,top_up_by_card_charge,True,0.9927,top_up_by_card_charge,0.9927,card_payment_fee_charged,0.0017,top_up_by_bank_transfer_charge,0.0012
Are there any fees for adding money with an international card?,top_up_by_card_charge,top_up_by_card_charge,True,0.9951,top_up_by_card_charge,0.9951,card_payment_fee_charged,0.0006,exchange_charge,0.0005
i was charged when i used a us issued card. why and what cards are free to use to add money,top_up_by_card_charge,card_payment_fee_charged,False,0.3075,card_payment_fee_charged,0.3075,supported_cards_and_currencies,0.279,top_up_by_card_charge,0.2191
Any hidden fees associated with the international card if money is added?,top_up_by_card_charge,top_up_by_card_charge,True,0.3672,top_up_by_card_charge,0.3672,card_payment_fee_charged,0.1078,top_up_by_bank_transfer_charge,0.0681
Will I get charged for topping off my card?,top_up_by_card_charge,top_up_by_card_charge,True,0.8354,top_up_by_card_charge,0.8354,top_up_by_bank_transfer_charge,0.0352,card_payment_fee_charged,0.0251
Are there charges for topping up US cards?,top_up_by_card_charge,top_up_by_card_charge,True,0.993,top_up_by_card_charge,0.993,top_up_by_bank_transfer_charge,0.0025,getting_spare_card,0.0005
Are there fees for top ups?,top_up_by_card_charge,top_up_by_card_charge,True,0.981,top_up_by_card_charge,0.981,top_up_by_bank_transfer_charge,0.0031,card_payment_fee_charged,0.0027
What are the charges for US cards with top up.,top_up_by_card_charge,top_up_by_card_charge,True,0.8802,top_up_by_card_charge,0.8802,supported_cards_and_currencies,0.0473,top_up_by_bank_transfer_charge,0.0091
Is there an additional charge for topping up using a European card?,top_up_by_card_charge,top_up_by_card_charge,True,0.9825,top_up_by_card_charge,0.9825,getting_spare_card,0.0033,card_payment_fee_charged,0.0032
In exchange for top ups will you take fees?,top_up_by_card_charge,top_up_by_card_charge,True,0.4545,top_up_by_card_charge,0.4545,exchange_charge,0.3177,exchange_rate,0.0434
I just topped off my card will I be charged for it?,top_up_by_card_charge,top_up_by_card_charge,True,0.4926,top_up_by_card_charge,0.4926,top_up_by_bank_transfer_charge,0.0918,pending_top_up,0.0594
How much does it cost to top up by card?,top_up_by_card_charge,top_up_by_card_charge,True,0.9292,top_up_by_card_charge,0.9292,top_up_by_bank_transfer_charge,0.0291,topping_up_by_card,0.0152
Are there any fees if I use a European bank card for a top up?,top_up_by_card_charge,top_up_by_card_charge,True,0.9953,top_up_by_card_charge,0.9953,country_support,0.0004,top_up_failed,0.0004
What are the top-up fees?,top_up_by_card_charge,top_up_by_card_charge,True,0.2876,top_up_by_card_charge,0.2876,top_up_failed,0.1232,top_up_limits,0.1112
How much is the charge to top up my card?,top_up_by_card_charge,top_up_by_card_charge,True,0.9032,top_up_by_card_charge,0.9032,top_up_by_bank_transfer_charge,0.0306,top_up_limits,0.0248
How much can I expect to pay to top up a US card?,top_up_by_card_charge,top_up_by_card_charge,True,0.4823,top_up_by_card_charge,0.4823,top_up_limits,0.1313,card_delivery_estimate,0.0843
What fee is included if I top up by card?,top_up_by_card_charge,top_up_by_card_charge,True,0.3537,top_up_by_card_charge,0.3537,topping_up_by_card,0.223,card_payment_fee_charged,0.0441
"If I use a European bank card for top up, Do I get charged?",top_up_by_card_charge,top_up_by_card_charge,True,0.9772,top_up_by_card_charge,0.9772,top_up_by_bank_transfer_charge,0.0022,country_support,0.0019
Will there be any extra fees for European bank card for top up?,top_up_by_card_charge,top_up_by_card_charge,True,0.9927,top_up_by_card_charge,0.9927,card_payment_fee_charged,0.0007,top_up_by_bank_transfer_charge,0.0006
Will I be charged if I use European bank card for top up?,top_up_by_card_charge,top_up_by_card_charge,True,0.9928,top_up_by_card_charge,0.9928,top_up_by_bank_transfer_charge,0.002,supported_cards_and_currencies,0.0007
I want to use a European bank card for a top up. Must I pay?,top_up_by_card_charge,top_up_by_card_charge,True,0.8709,top_up_by_card_charge,0.8709,supported_cards_and_currencies,0.0369,apple_pay_or_google_pay,0.0174
Will I be charged for topping up by card?,top_up_by_card_charge,top_up_by_card_charge,True,0.9522,top_up_by_card_charge,0.9522,top_up_by_bank_transfer_charge,0.0293,topping_up_by_card,0.0081
Is there a fee for topping up,top_up_by_card_charge,top_up_by_card_charge,True,0.8757,top_up_by_card_charge,0.8757,top_up_by_bank_transfer_charge,0.0817,cash_withdrawal_charge,0.0104
What do you charge for top ups?,top_up_by_card_charge,top_up_by_card_charge,True,0.8869,top_up_by_card_charge,0.8869,top_up_by_bank_transfer_charge,0.0385,supported_cards_and_currencies,0.0262
Will it cost anything to top up a US card?,top_up_by_card_charge,top_up_by_card_charge,True,0.9673,top_up_by_card_charge,0.9673,top_up_by_bank_transfer_charge,0.0066,pending_top_up,0.0046
Does topping up my card have a fee?,top_up_by_card_charge,top_up_by_card_charge,True,0.6322,top_up_by_card_charge,0.6322,topping_up_by_card,0.115,card_payment_fee_charged,0.0996
Are there fees for adding money using an international card,top_up_by_card_charge,top_up_by_card_charge,True,0.9951,top_up_by_card_charge,0.9951,card_payment_fee_charged,0.0008,transfer_fee_charged,0.0005
"When using a US card, what is the cost for a top up/off?",top_up_by_card_charge,top_up_by_card_charge,True,0.7591,top_up_by_card_charge,0.7591,top_up_by_bank_transfer_charge,0.0431,supported_cards_and_currencies,0.0312
"I need to use a European card for a top up, what will the charge be?",top_up_by_card_charge,top_up_by_card_charge,True,0.9443,top_up_by_card_charge,0.9443,supported_cards_and_currencies,0.0055,pending_top_up,0.0052
Is it okay to use a bank card to top up,top_up_by_card_charge,top_up_by_card_charge,True,0.369,top_up_by_card_charge,0.369,transfer_into_account,0.1612,topping_up_by_card,0.0878
Any fee for topping up?,top_up_by_card_charge,top_up_by_card_charge,True,0.8706,top_up_by_card_charge,0.8706,top_up_by_bank_transfer_charge,0.0331,top_up_failed,0.0197
Are there any fees for top ups?,top_up_by_card_charge,top_up_by_card_charge,True,0.9795,top_up_by_card_charge,0.9795,top_up_limits,0.0037,top_up_by_bank_transfer_charge,0.0037
What are the fees of using an international card to add money?,top_up_by_card_charge,top_up_by_card_charge,True,0.9737,top_up_by_card_charge,0.9737,supported_cards_and_currencies,0.0075,card_payment_fee_charged,0.0026
Is there a charge or discount if I use a European bank in a top up?,top_up_by_card_charge,top_up_by_card_charge,True,0.9181,top_up_by_card_charge,0.9181,top_up_by_bank_transfer_charge,0.0135,exchange_charge,0.0109
Is their a fee for top ups?,top_up_by_card_charge,top_up_by_card_charge,True,0.8711,top_up_by_card_charge,0.8711,top_up_limits,0.0161,cash_withdrawal_charge,0.0129
Can I top up using an international card,top_up_by_card_charge,top_up_by_card_charge,True,0.9662,top_up_by_card_charge,0.9662,topping_up_by_card,0.0051,top_up_limits,0.0044
What will happen if I want to add money using an international card? Will I run into any fees?,top_up_by_card_charge,top_up_by_card_charge,True,0.9309,top_up_by_card_charge,0.9309,supported_cards_and_currencies,0.0129,exchange_charge,0.0034
Are there any extra fees for adding money into the international card?,top_up_by_card_charge,top_up_by_card_charge,True,0.9791,top_up_by_card_charge,0.9791,transfer_fee_charged,0.0034,exchange_charge,0.0027
What are the fees for top ups?,top_up_by_card_charge,top_up_by_card_charge,True,0.9572,top_up_by_card_charge,0.9572,supported_cards_and_currencies,0.0097,top_up_limits,0.0073
What are the top up charges for US cards?,top_up_by_card_charge,top_up_by_card_charge,True,0.9814,top_up_by_card_charge,0.9814,supported_cards_and_currencies,0.006,top_up_by_bank_transfer_charge,0.0017
Could you please activate my card,activate_my_card,activate_my_card,True,0.9779,activate_my_card,0.9779,card_linking,0.006,lost_or_stolen_card,0.0046
I need to activate my card can you do that now?,activate_my_card,activate_my_card,True,0.9888,activate_my_card,0.9888,card_linking,0.004,lost_or_stolen_card,0.0017
What do I need to do to activate my new card?,activate_my_card,activate_my_card,True,0.9997,activate_my_card,0.9997,card_linking,0.0002,card_arrival,0.0001
Tell me how to go about activating my new card?,activate_my_card,activate_my_card,True,0.9971,activate_my_card,0.9971,card_linking,0.0009,card_arrival,0.0005
How can I activate my card so I can start using it?,activate_my_card,activate_my_card,True,0.9835,activate_my_card,0.9835,card_linking,0.0072,compromised_card,0.0007
How long will it take to activate my new card?,activate_my_card,activate_my_card,True,0.9931,activate_my_card,0.9931,card_arrival,0.0039,card_linking,0.0009
What's the right way to activate my card?,activate_my_card,activate_my_card,True,0.9817,activate_my_card,0.9817,card_linking,0.0031,lost_or_stolen_card,0.0027
"I received my new card, how is it activated?",activate_my_card,activate_my_card,True,0.9581,activate_my_card,0.9581,card_linking,0.02,card_arrival,0.0175
Is there a way my new card can be renewed?,activate_my_card,card_arrival,False,0.4988,card_arrival,0.4988,activate_my_card,0.2706,card_linking,0.0317
How do I activate a card I received?,activate_my_card,activate_my_card,True,0.8802,activate_my_card,0.8802,card_linking,0.096,order_physical_card,0.0061
Why can't I activate my card?,activate_my_card,activate_my_card,True,0.9959,activate_my_card,0.9959,card_not_working,0.001,card_linking,0.0008
What is the process of card activation?,activate_my_card,activate_my_card,True,0.9618,activate_my_card,0.9618,card_linking,0.0023,pending_card_payment,0.0021
WHAT CAN I DO AFTER THE CARD MISSING,activate_my_card,lost_or_stolen_card,False,0.3661,lost_or_stolen_card,0.3661,card_swallowed,0.0517,card_arrival,0.0373
I got my new card where do I go to activate it?,activate_my_card,activate_my_card,True,0.9734,activate_my_card,0.9734,card_linking,0.0247,card_arrival,0.0011
Would like to use my card and need to activate it first.  Can you help me do this?,activate_my_card,activate_my_card,True,0.924,activate_my_card,0.924,card_linking,0.0226,lost_or_stolen_card,0.0064
I need help activating my new card.,activate_my_card,activate_my_card,True,0.9989,activate_my_card,0.9989,card_linking,0.0003,card_arrival,0.0002
how to activate card?,activate_my_card,activate_my_card,True,0.9978,activate_my_card,0.9978,card_linking,0.0017,order_physical_card,0.0001
"Please, activate my card",activate_my_card,activate_my_card,True,0.9938,activate_my_card,0.9938,card_linking,0.0018,lost_or_stolen_card,0.0006
I tried activating my bill of fare and it didn't workplace,activate_my_card,activate_my_card,True,0.8614,activate_my_card,0.8614,failed_transfer,0.0161,top_up_failed,0.0122
"I just got my card and want to use it, how do I activate my card?",activate_my_card,activate_my_card,True,0.9921,activate_my_card,0.9921,card_linking,0.0061,card_not_working,0.0002
I have a new card and I want to activate it,activate_my_card,activate_my_card,True,0.9875,activate_my_card,0.9875,card_linking,0.0076,getting_spare_card,0.0011
Assist me please with card activation.,activate_my_card,activate_my_card,True,0.9754,activate_my_card,0.9754,lost_or_stolen_card,0.0035,card_linking,0.0012
I need help with activating my card,activate_my_card,activate_my_card,True,0.9962,activate_my_card,0.9962,card_not_working,0.0006,lost_or_stolen_card,0.0005
How can I start using my card?,activate_my_card,activate_my_card,True,0.1456,activate_my_card,0.1456,card_payment_fee_charged,0.1211,compromised_card,0.0903
Activating my card,activate_my_card,activate_my_card,True,0.9996,activate_my_card,0.9996,card_linking,0.0001,card_not_working,0.0001
When will my card be activated?,activate_my_card,activate_my_card,True,0.9424,activate_my_card,0.9424,card_delivery_estimate,0.0163,card_arrival,0.0075
How can I activate my card>,activate_my_card,activate_my_card,True,0.9994,activate_my_card,0.9994,card_linking,0.0004,lost_or_stolen_card,0.0
What are the steps in order to activate my new card?,activate_my_card,activate_my_card,True,0.9951,activate_my_card,0.9951,card_about_to_expire,0.0013,card_linking,0.0007
How do I go about activating my new card?,activate_my_card,activate_my_card,True,0.9977,activate_my_card,0.9977,card_linking,0.0011,card_arrival,0.0003
What is the activation process on my new card?,activate_my_card,activate_my_card,True,0.9972,activate_my_card,0.9972,card_arrival,0.0012,card_linking,0.0003
I would like to get help from someone with activating my card.,activate_my_card,activate_my_card,True,0.9535,activate_my_card,0.9535,compromised_card,0.0054,card_linking,0.0043
What is the process for activating my card?,activate_my_card,activate_my_card,True,0.9915,activate_my_card,0.9915,card_arrival,0.0007,card_not_working,0.0005
How do I use my new card?,activate_my_card,activate_my_card,True,0.8162,activate_my_card,0.8162,card_arrival,0.0446,card_linking,0.0388
I got my new card but I am not sure if it need s activated and how?,activate_my_card,activate_my_card,True,0.9424,activate_my_card,0.9424,card_linking,0.019,card_arrival,0.0104
What are the steps to activating a new card?,activate_my_card,activate_my_card,True,0.9885,activate_my_card,0.9885,card_about_to_expire,0.0021,card_linking,0.0013
"I would like to activate my card to use now, can you help me?",activate_my_card,activate_my_card,True,0.9621,activate_my_card,0.9621,card_linking,0.0128,card_not_working,0.0044
How do I activate a new card?,activate_my_card,activate_my_card,True,0.9953,activate_my_card,0.9953,card_linking,0.0039,order_physical_card,0.0002
I just got this card & I don't know how to activate it.,activate_my_card,activate_my_card,True,0.9838,activate_my_card,0.9838,card_linking,0.0059,card_payment_not_recognised,0.0025
I got my new card. How do I activate it?,activate_my_card,activate_my_card,True,0.9944,activate_my_card,0.9944,card_linking,0.0051,card_arrival,0.0002
What do I need to do to activate my card?,activate_my_card,activate_my_card,True,0.9991,activate_my_card,0.9991,card_linking,0.0003,order_physical_card,0.0001
I see some fees for cash withdraw.,cash_withdrawal_charge,cash_withdrawal_charge,True,0.7839,cash_withdrawal_charge,0.7839,cash_withdrawal_not_recognised,0.0998,pending_cash_withdrawal,0.0359
How come I was charged extra when I withdrew cash?,cash_withdrawal_charge,cash_withdrawal_charge,True,0.9784,cash_withdrawal_charge,0.9784,card_payment_fee_charged,0.0068,wrong_exchange_rate_for_cash_withdrawal,0.0058
Why am I being charged when I withdraw cash?,cash_withdrawal_charge,cash_withdrawal_charge,True,0.9512,cash_withdrawal_charge,0.9512,declined_cash_withdrawal,0.0227,wrong_exchange_rate_for_cash_withdrawal,0.0093
What is this charge on my account for a cash withdrawl?,cash_withdrawal_charge,cash_withdrawal_charge,True,0.7824,cash_withdrawal_charge,0.7824,cash_withdrawal_not_recognised,0.1049,direct_debit_payment_not_recognised,0.0355
Why are fees charged on cash withdrawals? I went to withdraw some money earlier today after shopping. There's a fee that wasn't there before.,cash_withdrawal_charge,cash_withdrawal_charge,True,0.969,cash_withdrawal_charge,0.969,pending_cash_withdrawal,0.0077,card_payment_fee_charged,0.0075
"How come you charge for cash withdrawals? I withdrew cash after buying groceries today, and there seems to be a new fee",cash_withdrawal_charge,cash_withdrawal_charge,True,0.9802,cash_withdrawal_charge,0.9802,pending_cash_withdrawal,0.0082,wrong_exchange_rate_for_cash_withdrawal,0.0017
It looks like I was charged a withdrawal fee for going to my ATM. Why is that because I haven't been charged previously for doing so?,cash_withdrawal_charge,cash_withdrawal_charge,True,0.8162,cash_withdrawal_charge,0.8162,transfer_fee_charged,0.0564,card_payment_fee_charged,0.0345
"Do ATM cash withdrawals carry a charge now? They've been free in the past, but all of a sudden I have to pay to make ATM withdrawals?",cash_withdrawal_charge,cash_withdrawal_charge,True,0.9185,cash_withdrawal_charge,0.9185,declined_cash_withdrawal,0.0201,pending_cash_withdrawal,0.0186
Why is there an extra charge for money that was withdrawn?,cash_withdrawal_charge,cash_withdrawal_charge,True,0.88,cash_withdrawal_charge,0.88,extra_charge_on_statement,0.0344,transfer_fee_charged,0.0291
Why was I charged a fee for withdrawing cash?,cash_withdrawal_charge,cash_withdrawal_charge,True,0.9992,cash_withdrawal_charge,0.9992,card_payment_fee_charged,0.0005,transfer_fee_charged,0.0002
Why did I get a fee?,cash_withdrawal_charge,card_payment_fee_charged,False,0.6214,card_payment_fee_charged,0.6214,transfer_fee_charged,0.1617,cash_withdrawal_charge,0.1306
Why did my cash get charged a fee that should not be there.,cash_withdrawal_charge,cash_withdrawal_charge,True,0.5526,cash_withdrawal_charge,0.5526,card_payment_fee_charged,0.3206,transfer_fee_charged,0.0859
Why did I have to pay a fee when I got cash?,cash_withdrawal_charge,cash_withdrawal_charge,True,0.7315,cash_withdrawal_charge,0.7315,card_payment_fee_charged,0.2297,wrong_exchange_rate_for_cash_withdrawal,0.0097
"Hi, I am calling about a recent transaction that has happened on my account.  I recently went to the ATM, and tried to make a withdrawal on my account.  I just happened to check my transaction slip and noticed a fee for my withdrawal.  How can I resolve this, I didn't know fees were charged for this type of action.",cash_withdrawal_charge,cash_withdrawal_charge,True,0.5712,cash_withdrawal_charge,0.5712,pending_cash_withdrawal,0.0795,transfer_fee_charged,0.0738
A fee was charged for my recent withdrawal.,cash_withdrawal_charge,cash_withdrawal_charge,True,0.9844,cash_withdrawal_charge,0.9844,card_payment_fee_charged,0.0088,transfer_fee_charged,0.0038
I got a fee for an ATM withdrawal.,cash_withdrawal_charge,cash_withdrawal_charge,True,0.9951,cash_withdrawal_charge,0.9951,declined_cash_withdrawal,0.0016,pending_cash_withdrawal,0.001
What is the reason for this fee I got after a simple cash withdrawal?,cash_withdrawal_charge,cash_withdrawal_charge,True,0.9063,cash_withdrawal_charge,0.9063,cash_withdrawal_not_recognised,0.0214,pending_cash_withdrawal,0.0186
Did you start charging for cash withdrawals? I thought it was free so far but noticed suddendly there is a fee. How much do I need to pay?,cash_withdrawal_charge,cash_withdrawal_charge,True,0.9625,cash_withdrawal_charge,0.9625,transfer_fee_charged,0.0098,card_payment_fee_charged,0.0066
Is there a fee for withdrawing cash?,cash_withdrawal_charge,cash_withdrawal_charge,True,0.9972,cash_withdrawal_charge,0.9972,declined_cash_withdrawal,0.0009,cash_withdrawal_not_recognised,0.0003
"I've notice I was charged for withdrawing cash, can you explain why?",cash_withdrawal_charge,cash_withdrawal_charge,True,0.9741,cash_withdrawal_charge,0.9741,declined_cash_withdrawal,0.0037,card_payment_fee_charged,0.0031
Why was my account charged for using an ATM?,cash_withdrawal_charge,cash_withdrawal_charge,True,0.9655,cash_withdrawal_charge,0.9655,card_payment_fee_charged,0.0078,extra_charge_on_statement,0.0054
Why is there a charge on my account for taking out cash?,cash_withdrawal_charge,cash_withdrawal_charge,True,0.7981,cash_withdrawal_charge,0.7981,extra_charge_on_statement,0.04,cash_withdrawal_not_recognised,0.0234
An ATM fee was attached to my recent withdrawal.,cash_withdrawal_charge,cash_withdrawal_charge,True,0.8767,cash_withdrawal_charge,0.8767,declined_cash_withdrawal,0.0509,wrong_exchange_rate_for_cash_withdrawal,0.022
I thought cash withdrawals didn't have a fee,cash_withdrawal_charge,cash_withdrawal_charge,True,0.8535,cash_withdrawal_charge,0.8535,cash_withdrawal_not_recognised,0.0622,wrong_exchange_rate_for_cash_withdrawal,0.0403
Why did I get charged a fee when I tried to obtain cash?,cash_withdrawal_charge,cash_withdrawal_charge,True,0.8112,cash_withdrawal_charge,0.8112,card_payment_fee_charged,0.1365,transfer_fee_charged,0.0187
"While I was checking out in the grocery store, I realized I needed cash so I requested some.  However, I noticed there was a fee for this transaction.  Why did I get charged a fee?",cash_withdrawal_charge,cash_withdrawal_charge,True,0.4784,cash_withdrawal_charge,0.4784,card_payment_fee_charged,0.1949,transfer_fee_charged,0.1664
Using an ATM caused me to incur an additional fee. Why?,cash_withdrawal_charge,cash_withdrawal_charge,True,0.5222,cash_withdrawal_charge,0.5222,card_payment_fee_charged,0.0921,declined_cash_withdrawal,0.087
I was charged extra for a withdrawal,cash_withdrawal_charge,cash_withdrawal_charge,True,0.9755,cash_withdrawal_charge,0.9755,card_payment_fee_charged,0.0088,wrong_exchange_rate_for_cash_withdrawal,0.0041
Is there a limit on how much I can withdraw from my account without being charged?,cash_withdrawal_charge,cash_withdrawal_charge,True,0.4742,cash_withdrawal_charge,0.4742,top_up_limits,0.1418,cash_withdrawal_not_recognised,0.0756
"I thought cash withdrawals were free? Why have I been charged a fee? Also, how much is this fee?",cash_withdrawal_charge,cash_withdrawal_charge,True,0.9472,cash_withdrawal_charge,0.9472,card_payment_fee_charged,0.032,transfer_fee_charged,0.0143
"More fees, this time for withdrawing my own cash. Why are you robbing me?",cash_withdrawal_charge,cash_withdrawal_charge,True,0.8983,cash_withdrawal_charge,0.8983,declined_cash_withdrawal,0.0197,wrong_exchange_rate_for_cash_withdrawal,0.0086
I have never been charged a fee for cash withdrawal before. When did that change?,cash_withdrawal_charge,cash_withdrawal_charge,True,0.9555,cash_withdrawal_charge,0.9555,wrong_exchange_rate_for_cash_withdrawal,0.0172,card_payment_fee_charged,0.0133
I was charged for a cash withdrawal.,cash_withdrawal_charge,cash_withdrawal_charge,True,0.9927,cash_withdrawal_charge,0.9927,wrong_exchange_rate_for_cash_withdrawal,0.002,pending_cash_withdrawal,0.0019
Why did you charge me for a cash withdrawal?,cash_withdrawal_charge,cash_withdrawal_charge,True,0.9766,cash_withdrawal_charge,0.9766,cash_withdrawal_not_recognised,0.0065,wrong_exchange_rate_for_cash_withdrawal,0.006
I took cash and got charged a fee,cash_withdrawal_charge,cash_withdrawal_charge,True,0.9401,cash_withdrawal_charge,0.9401,card_payment_fee_charged,0.0482,transfer_fee_charged,0.0053
Was charged an ATM fee despite it being a small withdrawal on the 1st day of the month. I thought I was allowed 200 per month?,cash_withdrawal_charge,cash_withdrawal_charge,True,0.5703,cash_withdrawal_charge,0.5703,wrong_amount_of_cash_received,0.1417,extra_charge_on_statement,0.1138
I had a wrong fee charged at this ATM.,cash_withdrawal_charge,cash_withdrawal_charge,True,0.5554,cash_withdrawal_charge,0.5554,card_payment_fee_charged,0.1151,transfer_fee_charged,0.0785
"When I got cash, I'm pretty sure there was a glitch that overcharged me.",cash_withdrawal_charge,wrong_exchange_rate_for_cash_withdrawal,False,0.3169,wrong_exchange_rate_for_cash_withdrawal,0.3169,cash_withdrawal_charge,0.186,transaction_charged_twice,0.0544
"My account got charged for taking out cash, why did this happen?",cash_withdrawal_charge,cash_withdrawal_charge,True,0.8386,cash_withdrawal_charge,0.8386,cash_withdrawal_not_recognised,0.0186,balance_not_updated_after_cheque_or_cash_deposit,0.0162
Why is there a fee for withdrawing?,cash_withdrawal_charge,cash_withdrawal_charge,True,0.9912,cash_withdrawal_charge,0.9912,card_payment_fee_charged,0.0032,transfer_fee_charged,0.0012
Am I able to order a new card and have it sent to me in China?,card_about_to_expire,card_about_to_expire,True,0.9779,card_about_to_expire,0.9779,card_arrival,0.0078,order_physical_card,0.0015
Will you be able to send the new card to China?,card_about_to_expire,card_about_to_expire,True,0.8994,card_about_to_expire,0.8994,card_arrival,0.0173,card_linking,0.0077
When my card expires what happens to my account?,card_about_to_expire,card_about_to_expire,True,0.9618,card_about_to_expire,0.9618,reverted_card_payment?,0.0039,terminate_account,0.0025
What do I do when my card expires?,card_about_to_expire,card_about_to_expire,True,0.9962,card_about_to_expire,0.9962,card_not_working,0.0006,card_delivery_estimate,0.0003
The expiration date on my card is coming up,card_about_to_expire,card_about_to_expire,True,0.9561,card_about_to_expire,0.9561,card_arrival,0.0074,card_delivery_estimate,0.0029
"My card's expiring, what happens now?",card_about_to_expire,card_about_to_expire,True,0.7991,card_about_to_expire,0.7991,card_not_working,0.0138,card_arrival,0.0132
My card is about to expire. What do I need to do?,card_about_to_expire,card_about_to_expire,True,0.9847,card_about_to_expire,0.9847,lost_or_stolen_card,0.0014,order_physical_card,0.0011
how long and how much does it cost for new card,card_about_to_expire,card_about_to_expire,True,0.2506,card_about_to_expire,0.2506,order_physical_card,0.1139,top_up_by_card_charge,0.1068
What do I do if my card is expiring soon?,card_about_to_expire,card_about_to_expire,True,0.9483,card_about_to_expire,0.9483,card_not_working,0.0131,lost_or_stolen_card,0.0053
How much does it cost to get a new card?  Mine is almost expired.  How fast does it come?,card_about_to_expire,card_about_to_expire,True,0.8557,card_about_to_expire,0.8557,card_delivery_estimate,0.0215,order_physical_card,0.0213
"Since my card is about to expire, what do I do to get a new one?",card_about_to_expire,card_about_to_expire,True,0.9906,card_about_to_expire,0.9906,order_physical_card,0.0012,card_arrival,0.0011
My card is about to expire and I need to know how much it costs and how long it takes to get a new one.,card_about_to_expire,card_about_to_expire,True,0.973,card_about_to_expire,0.973,card_delivery_estimate,0.004,card_arrival,0.0017
When my card expires do you send a new card?,card_about_to_expire,card_about_to_expire,True,0.9936,card_about_to_expire,0.9936,card_arrival,0.0026,lost_or_stolen_card,0.0005
What is the next step if my card is about to expire.,card_about_to_expire,card_about_to_expire,True,0.9767,card_about_to_expire,0.9767,lost_or_stolen_card,0.0038,card_arrival,0.0033
"Once my card expires, what should I do?",card_about_to_expire,card_about_to_expire,True,0.9635,card_about_to_expire,0.9635,lost_or_stolen_card,0.0035,card_swallowed,0.0033
"I need a new card, my current card is nearly expired.",card_about_to_expire,card_about_to_expire,True,0.8994,card_about_to_expire,0.8994,card_arrival,0.0172,getting_spare_card,0.0166
"It appears my card expires next month, can I order a new one?",card_about_to_expire,card_about_to_expire,True,0.9951,card_about_to_expire,0.9951,order_physical_card,0.0006,lost_or_stolen_card,0.0003
My card is about to expire. How much does it cost to order a new one and how fast will I get it?,card_about_to_expire,card_about_to_expire,True,0.9949,card_about_to_expire,0.9949,order_physical_card,0.0016,card_delivery_estimate,0.0006
What do I do when my card is about to expire?,card_about_to_expire,card_about_to_expire,True,0.9954,card_about_to_expire,0.9954,card_not_working,0.0006,card_arrival,0.0004
"I will need to get a new card soon, how do I order?",card_about_to_expire,order_physical_card,False,0.3439,order_physical_card,0.3439,card_about_to_expire,0.3069,card_delivery_estimate,0.1542
going to need a new card what are the fees and time it takes,card_about_to_expire,card_about_to_expire,True,0.5716,card_about_to_expire,0.5716,card_payment_fee_charged,0.0475,card_delivery_estimate,0.0346
Will I need to order a new card since mine expires next month?,card_about_to_expire,card_about_to_expire,True,0.9873,card_about_to_expire,0.9873,order_physical_card,0.0023,getting_spare_card,0.0011
"When my card expires, will I get a new one mailed to me?",card_about_to_expire,card_about_to_expire,True,0.9697,card_about_to_expire,0.9697,card_delivery_estimate,0.0179,card_arrival,0.0033
Do you have to order a new card before your current card expires?,card_about_to_expire,card_about_to_expire,True,0.9801,card_about_to_expire,0.9801,order_physical_card,0.0093,card_arrival,0.001
"Since my card is about to expire, I need a new one.",card_about_to_expire,card_about_to_expire,True,0.9894,card_about_to_expire,0.9894,getting_spare_card,0.0016,card_arrival,0.0011
My card is very close to expiring. When can I order a new one and how do I do so?,card_about_to_expire,card_about_to_expire,True,0.9845,card_about_to_expire,0.9845,order_physical_card,0.002,lost_or_stolen_card,0.0012
"I need to order a  new card, mine is about to expire and I need to know how much it will cost and how long until I receive it.",card_about_to_expire,card_about_to_expire,True,0.9663,card_about_to_expire,0.9663,order_physical_card,0.0061,card_delivery_estimate,0.0055
How do I order a new card before It expires?,card_about_to_expire,card_about_to_expire,True,0.9975,card_about_to_expire,0.9975,order_physical_card,0.0008,compromised_card,0.0002
Can I receive a new card while I am in China?,card_about_to_expire,card_about_to_expire,True,0.9001,card_about_to_expire,0.9001,card_arrival,0.0125,receiving_money,0.01
"Next month my card will expire, do I need to order a new one?",card_about_to_expire,card_about_to_expire,True,0.9875,card_about_to_expire,0.9875,order_physical_card,0.0027,getting_spare_card,0.0011
The expiration date of my card is approaching .,card_about_to_expire,card_about_to_expire,True,0.9587,card_about_to_expire,0.9587,card_arrival,0.0042,card_not_working,0.0039
"How can I get a new card ASAP to replace an old, soon to expire one?",card_about_to_expire,card_about_to_expire,True,0.9892,card_about_to_expire,0.9892,card_delivery_estimate,0.0019,order_physical_card,0.0008
I need a new card since my old one is about to expire.,card_about_to_expire,card_about_to_expire,True,0.9852,card_about_to_expire,0.9852,getting_spare_card,0.0021,card_arrival,0.0015
My card is about to expire.,card_about_to_expire,card_about_to_expire,True,0.9974,card_about_to_expire,0.9974,card_arrival,0.0003,card_not_working,0.0003
"My card is expiring shortly.  How much will it cost for a replacement, and how soon can I get it?",card_about_to_expire,card_about_to_expire,True,0.9603,card_about_to_expire,0.9603,card_delivery_estimate,0.008,top_up_by_card_charge,0.0025
What would the price be for an expired card replacement and how long will it take me to get it?,card_about_to_expire,card_about_to_expire,True,0.9088,card_about_to_expire,0.9088,card_arrival,0.0223,card_delivery_estimate,0.0084
"in china, need new card",card_about_to_expire,card_about_to_expire,True,0.9483,card_about_to_expire,0.9483,getting_spare_card,0.0148,card_arrival,0.0047
"If my card is about to expire, do I need to order a new one?",card_about_to_expire,card_about_to_expire,True,0.9972,card_about_to_expire,0.9972,order_physical_card,0.0006,getting_spare_card,0.0002
My card is about to expire. How do I get a new one?,card_about_to_expire,card_about_to_expire,True,0.9975,card_about_to_expire,0.9975,order_physical_card,0.0005,card_swallowed,0.0002
I need to know the cost and when I will receive a new card to replace an old one.,card_about_to_expire,card_about_to_expire,True,0.628,card_about_to_expire,0.628,card_delivery_estimate,0.061,order_physical_card,0.0581
Is the top up feature available on the Apple Watch?,apple_pay_or_google_pay,apple_pay_or_google_pay,True,0.8265,apple_pay_or_google_pay,0.8265,top_up_failed,0.0214,pending_top_up,0.019
Can I use the system Google Pay for top-ups?,apple_pay_or_google_pay,apple_pay_or_google_pay,True,0.918,apple_pay_or_google_pay,0.918,supported_cards_and_currencies,0.0249,top_up_limits,0.0093
My top-up for Google Pay isn't working,apple_pay_or_google_pay,apple_pay_or_google_pay,True,0.9542,apple_pay_or_google_pay,0.9542,top_up_failed,0.034,pending_top_up,0.0052
Can I add money with Apple Pay?,apple_pay_or_google_pay,apple_pay_or_google_pay,True,0.9884,apple_pay_or_google_pay,0.9884,supported_cards_and_currencies,0.003,top_up_by_cash_or_cheque,0.0013
Can I use my Apple Watch to to top up?,apple_pay_or_google_pay,apple_pay_or_google_pay,True,0.9961,apple_pay_or_google_pay,0.9961,top_up_by_cash_or_cheque,0.0009,topping_up_by_card,0.0006
Does Apple Pay give the option to top up?,apple_pay_or_google_pay,apple_pay_or_google_pay,True,0.9509,apple_pay_or_google_pay,0.9509,automatic_top_up,0.0192,top_up_failed,0.0033
Top up on my Google Pay isn't working.,apple_pay_or_google_pay,apple_pay_or_google_pay,True,0.9941,apple_pay_or_google_pay,0.9941,top_up_failed,0.0026,card_not_working,0.0004
Is it possible to top up with Apple Pay?,apple_pay_or_google_pay,apple_pay_or_google_pay,True,0.9959,apple_pay_or_google_pay,0.9959,topping_up_by_card,0.001,top_up_by_cash_or_cheque,0.0009
do i have to setup apple pay to use it,apple_pay_or_google_pay,apple_pay_or_google_pay,True,0.9444,apple_pay_or_google_pay,0.9444,automatic_top_up,0.0051,why_verify_identity,0.0027
Can I use Apple Pay to top up?,apple_pay_or_google_pay,apple_pay_or_google_pay,True,0.9978,apple_pay_or_google_pay,0.9978,top_up_by_cash_or_cheque,0.0009,supported_cards_and_currencies,0.0003
How can I top up my Google Pay?,apple_pay_or_google_pay,apple_pay_or_google_pay,True,0.9986,apple_pay_or_google_pay,0.9986,top_up_limits,0.0003,top_up_by_cash_or_cheque,0.0002
Does Google Play have an app to Top up?,apple_pay_or_google_pay,apple_pay_or_google_pay,True,0.9696,apple_pay_or_google_pay,0.9696,top_up_failed,0.004,topping_up_by_card,0.0032
"I received my American Express card, but I am having problems making it work with Apple pay.  Can you help me with this problem?",apple_pay_or_google_pay,apple_pay_or_google_pay,True,0.8028,apple_pay_or_google_pay,0.8028,top_up_failed,0.038,supported_cards_and_currencies,0.0258
is apple pay eligible for top up,apple_pay_or_google_pay,apple_pay_or_google_pay,True,0.9666,apple_pay_or_google_pay,0.9666,pending_top_up,0.0045,top_up_failed,0.0037
Why can't I use my American Express with Apple Pay to top up my account?,apple_pay_or_google_pay,apple_pay_or_google_pay,True,0.9462,apple_pay_or_google_pay,0.9462,supported_cards_and_currencies,0.0476,topping_up_by_card,0.0013
how do i add money with my apple watch,apple_pay_or_google_pay,apple_pay_or_google_pay,True,0.9666,apple_pay_or_google_pay,0.9666,topping_up_by_card,0.0042,supported_cards_and_currencies,0.0027
"If I want to top up, can I use Apple Pay?",apple_pay_or_google_pay,apple_pay_or_google_pay,True,0.9866,apple_pay_or_google_pay,0.9866,supported_cards_and_currencies,0.0035,top_up_by_cash_or_cheque,0.003
can i top up with apple pay,apple_pay_or_google_pay,apple_pay_or_google_pay,True,0.9992,apple_pay_or_google_pay,0.9992,top_up_by_cash_or_cheque,0.0003,top_up_limits,0.0002
"My American express is experiencing a problem with apple play with top up, can you fix it?",apple_pay_or_google_pay,apple_pay_or_google_pay,True,0.7907,apple_pay_or_google_pay,0.7907,supported_cards_and_currencies,0.0854,top_up_failed,0.0472
My top up is not working in Apple Pay.,apple_pay_or_google_pay,apple_pay_or_google_pay,True,0.9786,apple_pay_or_google_pay,0.9786,top_up_failed,0.0142,pending_top_up,0.0019
Is Apple Pay a possible top up option?,apple_pay_or_google_pay,apple_pay_or_google_pay,True,0.9702,apple_pay_or_google_pay,0.9702,automatic_top_up,0.0077,top_up_by_cash_or_cheque,0.0028
I don't know how to top up my Google pay.,apple_pay_or_google_pay,apple_pay_or_google_pay,True,0.9852,apple_pay_or_google_pay,0.9852,topping_up_by_card,0.005,top_up_by_cash_or_cheque,0.0013
Can I top up from my Apple Watch?,apple_pay_or_google_pay,apple_pay_or_google_pay,True,0.9941,apple_pay_or_google_pay,0.9941,top_up_limits,0.0012,supported_cards_and_currencies,0.0007
Can I use my American Express stored in Apple Pay to top up?,apple_pay_or_google_pay,apple_pay_or_google_pay,True,0.9762,apple_pay_or_google_pay,0.9762,supported_cards_and_currencies,0.0222,top_up_by_cash_or_cheque,0.0002
is apple pay costly?,apple_pay_or_google_pay,apple_pay_or_google_pay,True,0.9913,apple_pay_or_google_pay,0.9913,exchange_charge,0.0006,top_up_by_bank_transfer_charge,0.0004
How can I top up with Google Pay?,apple_pay_or_google_pay,apple_pay_or_google_pay,True,0.9984,apple_pay_or_google_pay,0.9984,top_up_by_cash_or_cheque,0.0006,top_up_limits,0.0003
I can't top up my account using my American Express with Apple Pay.,apple_pay_or_google_pay,apple_pay_or_google_pay,True,0.9373,apple_pay_or_google_pay,0.9373,supported_cards_and_currencies,0.0536,topping_up_by_card,0.0015
"I got my American Express in Apple Pay, why is top up not working?",apple_pay_or_google_pay,apple_pay_or_google_pay,True,0.9938,apple_pay_or_google_pay,0.9938,supported_cards_and_currencies,0.0023,top_up_failed,0.0005
I got my American Express in Apple Bay but top up is not working,apple_pay_or_google_pay,apple_pay_or_google_pay,True,0.9712,apple_pay_or_google_pay,0.9712,supported_cards_and_currencies,0.0084,top_up_failed,0.0075
How do I top up? Can I use my apple watch?,apple_pay_or_google_pay,apple_pay_or_google_pay,True,0.9925,apple_pay_or_google_pay,0.9925,transfer_into_account,0.0016,top_up_by_cash_or_cheque,0.0015
Is it possible to use Apple Pay to put money in my account?,apple_pay_or_google_pay,apple_pay_or_google_pay,True,0.6986,apple_pay_or_google_pay,0.6986,balance_not_updated_after_cheque_or_cash_deposit,0.0385,topping_up_by_card,0.0207
"My American Express is in my Apple Pay and the top up is failing, why?",apple_pay_or_google_pay,apple_pay_or_google_pay,True,0.9642,apple_pay_or_google_pay,0.9642,supported_cards_and_currencies,0.0163,top_up_failed,0.0037
How can I top-ff my account using my Apple Watch?,apple_pay_or_google_pay,apple_pay_or_google_pay,True,0.9404,apple_pay_or_google_pay,0.9404,top_up_by_cash_or_cheque,0.0099,terminate_account,0.0071
can google pay be used to make a top-up,apple_pay_or_google_pay,apple_pay_or_google_pay,True,0.9778,apple_pay_or_google_pay,0.9778,pending_top_up,0.0026,top_up_by_cash_or_cheque,0.0026
How do I get the Top Up feature on my apple watch working?,apple_pay_or_google_pay,apple_pay_or_google_pay,True,0.9738,apple_pay_or_google_pay,0.9738,top_up_failed,0.0054,automatic_top_up,0.0016
How do I troubleshoot Google pay top up?,apple_pay_or_google_pay,apple_pay_or_google_pay,True,0.9902,apple_pay_or_google_pay,0.9902,top_up_by_cash_or_cheque,0.0009,topping_up_by_card,0.0008
How do I top up with Apple Pay?,apple_pay_or_google_pay,apple_pay_or_google_pay,True,0.9988,apple_pay_or_google_pay,0.9988,top_up_by_cash_or_cheque,0.0004,topping_up_by_card,0.0002
Why isn't my top up working using my saved American Express in ApplePay?,apple_pay_or_google_pay,apple_pay_or_google_pay,True,0.8431,apple_pay_or_google_pay,0.8431,supported_cards_and_currencies,0.0572,top_up_failed,0.0338
How do I use the top up app with my apple watch?,apple_pay_or_google_pay,apple_pay_or_google_pay,True,0.987,apple_pay_or_google_pay,0.987,topping_up_by_card,0.0037,top_up_failed,0.0011
"Google pay and top up, I want it, can I get it?",apple_pay_or_google_pay,apple_pay_or_google_pay,True,0.9678,apple_pay_or_google_pay,0.9678,request_refund,0.0036,topping_up_by_card,0.0025
What can I use to verify my identify?,verify_my_identity,why_verify_identity,False,0.5285,why_verify_identity,0.5285,verify_my_identity,0.278,unable_to_verify_identity,0.1131
What do you need to verify my identity?,verify_my_identity,verify_my_identity,True,0.6284,verify_my_identity,0.6284,why_verify_identity,0.3551,unable_to_verify_identity,0.0152
"I need to verify my identity, but how do I do that?",verify_my_identity,verify_my_identity,True,0.8586,verify_my_identity,0.8586,why_verify_identity,0.112,unable_to_verify_identity,0.0204
How can I verify my indentity?,verify_my_identity,verify_my_identity,True,0.9128,verify_my_identity,0.9128,why_verify_identity,0.0471,verify_top_up,0.0156
What is needed to prove my identity?,verify_my_identity,verify_my_identity,True,0.6711,verify_my_identity,0.6711,unable_to_verify_identity,0.2639,why_verify_identity,0.0425
What do you need for my identity check?,verify_my_identity,why_verify_identity,False,0.5114,why_verify_identity,0.5114,verify_my_identity,0.4714,unable_to_verify_identity,0.008
How do you verify an identity?,verify_my_identity,verify_my_identity,True,0.915,verify_my_identity,0.915,why_verify_identity,0.077,unable_to_verify_identity,0.0048
Is there a specific type you need for identity verification?,verify_my_identity,verify_my_identity,True,0.6089,verify_my_identity,0.6089,why_verify_identity,0.2985,unable_to_verify_identity,0.0625
I got a message that I need to verify my identity; what do I do?,verify_my_identity,verify_my_identity,True,0.7768,verify_my_identity,0.7768,why_verify_identity,0.1113,unable_to_verify_identity,0.0737
Are there any documents needed for the identity check?,verify_my_identity,verify_my_identity,True,0.9623,verify_my_identity,0.9623,why_verify_identity,0.0199,top_up_by_cash_or_cheque,0.0011
What are the steps I need to take to verify my identity?,verify_my_identity,verify_my_identity,True,0.9343,verify_my_identity,0.9343,why_verify_identity,0.0375,unable_to_verify_identity,0.0213
What do I need to verify my identity,verify_my_identity,verify_my_identity,True,0.7841,verify_my_identity,0.7841,why_verify_identity,0.1765,unable_to_verify_identity,0.0374
I need to verify my identity,verify_my_identity,why_verify_identity,False,0.812,why_verify_identity,0.812,verify_my_identity,0.1251,unable_to_verify_identity,0.0613
I need some help with identity verification.,verify_my_identity,unable_to_verify_identity,False,0.4287,unable_to_verify_identity,0.4287,why_verify_identity,0.3377,verify_my_identity,0.2073
What's the process for ID verification?,verify_my_identity,verify_my_identity,True,0.6146,verify_my_identity,0.6146,verify_top_up,0.1669,unable_to_verify_identity,0.119
I would like to know how I can verify my Identity.,verify_my_identity,verify_my_identity,True,0.9129,verify_my_identity,0.9129,unable_to_verify_identity,0.0428,why_verify_identity,0.0271
What kind of documents do I need for the identity check?,verify_my_identity,verify_my_identity,True,0.9938,verify_my_identity,0.9938,why_verify_identity,0.0025,top_up_by_cash_or_cheque,0.0003
Let me know the steps for the identity checks,verify_my_identity,verify_my_identity,True,0.9684,verify_my_identity,0.9684,why_verify_identity,0.007,unable_to_verify_identity,0.0037
What should I do to verify my identity?,verify_my_identity,verify_my_identity,True,0.6589,verify_my_identity,0.6589,why_verify_identity,0.1965,unable_to_verify_identity,0.135
What are the steps to verify my identity?,verify_my_identity,verify_my_identity,True,0.9693,verify_my_identity,0.9693,why_verify_identity,0.0204,unable_to_verify_identity,0.0074
How does my identity get verified?,verify_my_identity,unable_to_verify_identity,False,0.6847,unable_to_verify_identity,0.6847,why_verify_identity,0.1792,verify_my_identity,0.113
What things do I need to verify my identity?,verify_my_identity,verify_my_identity,True,0.8278,verify_my_identity,0.8278,why_verify_identity,0.1407,unable_to_verify_identity,0.0265
What steps do I take to verify my identity?,verify_my_identity,verify_my_identity,True,0.9409,verify_my_identity,0.9409,unable_to_verify_identity,0.0354,why_verify_identity,0.0193
Can I verify my identity online?,verify_my_identity,verify_my_identity,True,0.7198,verify_my_identity,0.7198,why_verify_identity,0.1606,unable_to_verify_identity,0.106
do the details of my profile have to match my documents,verify_my_identity,edit_personal_details,False,0.3709,edit_personal_details,0.3709,verify_my_identity,0.0758,why_verify_identity,0.035
Where do I verify my identity?,verify_my_identity,verify_my_identity,True,0.897,verify_my_identity,0.897,why_verify_identity,0.0712,unable_to_verify_identity,0.0258
"When getting my ID checked, what are the steps involved?",verify_my_identity,verify_my_identity,True,0.3915,verify_my_identity,0.3915,declined_transfer,0.0228,top_up_by_cash_or_cheque,0.0223
do I need anything for the identity check?,verify_my_identity,verify_my_identity,True,0.7121,verify_my_identity,0.7121,why_verify_identity,0.2518,unable_to_verify_identity,0.0046
which kind of documentation do I need for identity check?,verify_my_identity,verify_my_identity,True,0.9551,verify_my_identity,0.9551,why_verify_identity,0.0194,unable_to_verify_identity,0.0025
How do I go forth on verifying my identity?,verify_my_identity,verify_my_identity,True,0.7942,verify_my_identity,0.7942,why_verify_identity,0.1466,unable_to_verify_identity,0.0364
What can I do to verify my identity?,verify_my_identity,verify_my_identity,True,0.8365,verify_my_identity,0.8365,why_verify_identity,0.1324,unable_to_verify_identity,0.0269
What do you need so I can verify my identity?,verify_my_identity,verify_my_identity,True,0.8468,verify_my_identity,0.8468,why_verify_identity,0.1438,unable_to_verify_identity,0.0077
What do I need to show who I am?,verify_my_identity,verify_my_identity,True,0.8931,verify_my_identity,0.8931,verify_source_of_funds,0.0089,why_verify_identity,0.0086
Do I need any kind of documentation for the identity check?,verify_my_identity,verify_my_identity,True,0.9667,verify_my_identity,0.9667,why_verify_identity,0.0173,unable_to_verify_identity,0.0012
What will I need for identity verification?,verify_my_identity,verify_my_identity,True,0.924,verify_my_identity,0.924,unable_to_verify_identity,0.0375,why_verify_identity,0.0343
Is there any way to verify who I am?,verify_my_identity,why_verify_identity,False,0.5023,why_verify_identity,0.5023,verify_top_up,0.1189,verify_source_of_funds,0.1016
Is there any documentation needed for the identity check?,verify_my_identity,verify_my_identity,True,0.9018,verify_my_identity,0.9018,why_verify_identity,0.0602,unable_to_verify_identity,0.002
What all am I required to show for the identity check?,verify_my_identity,verify_my_identity,True,0.8073,verify_my_identity,0.8073,why_verify_identity,0.1708,top_up_by_cash_or_cheque,0.0022
What do I do for the identity check?,verify_my_identity,verify_my_identity,True,0.9457,verify_my_identity,0.9457,why_verify_identity,0.0454,top_up_by_cash_or_cheque,0.0019
What do I need to do to verify my identity?,verify_my_identity,verify_my_identity,True,0.8972,verify_my_identity,0.8972,why_verify_identity,0.0746,unable_to_verify_identity,0.0248
I live in the US but want to get a card,country_support,country_support,True,0.9886,country_support,0.9886,order_physical_card,0.002,card_delivery_estimate,0.0014
Are your cards available in Europe?,country_support,country_support,True,0.9278,country_support,0.9278,order_physical_card,0.014,transfer_timing,0.0129
Can I use your app if I am from the EU?,country_support,country_support,True,0.6145,country_support,0.6145,lost_or_stolen_phone,0.0527,supported_cards_and_currencies,0.0436
What countries are supported?,country_support,country_support,True,0.9912,country_support,0.9912,supported_cards_and_currencies,0.0027,fiat_currency_support,0.0013
i live in the US can i still get a card?,country_support,country_support,True,0.9925,country_support,0.9925,order_physical_card,0.0027,card_delivery_estimate,0.001
Can I get a card outside the UK?,country_support,country_support,True,0.9861,country_support,0.9861,order_physical_card,0.0032,card_swallowed,0.0007
"I'm not in the UK, can I still get a card?",country_support,country_support,True,0.9481,country_support,0.9481,order_physical_card,0.0116,card_arrival,0.0057
"I'm not in the UK, is it possible for me to still get a card?",country_support,country_support,True,0.8388,country_support,0.8388,card_arrival,0.0351,order_physical_card,0.0221
Now that I live in the US how can I get a card?,country_support,country_support,True,0.9796,country_support,0.9796,card_delivery_estimate,0.0044,order_physical_card,0.0044
Can I get one of your cards in the EU,country_support,country_support,True,0.9624,country_support,0.9624,order_physical_card,0.012,getting_spare_card,0.0054
Can I get a card despite the fact I'm not in the UK?,country_support,country_support,True,0.8689,country_support,0.8689,order_physical_card,0.0114,card_delivery_estimate,0.0056
Where do I need to live to get support?,country_support,country_support,True,0.6443,country_support,0.6443,order_physical_card,0.1267,verify_source_of_funds,0.013
Do you support the EU?,country_support,country_support,True,0.9217,country_support,0.9217,fiat_currency_support,0.0447,supported_cards_and_currencies,0.011
how do i get a card if i am in the usa,country_support,country_support,True,0.7265,country_support,0.7265,order_physical_card,0.0533,card_linking,0.045
"Please help me get a new card, I reside in the United States.",country_support,country_support,True,0.7805,country_support,0.7805,card_swallowed,0.0172,card_about_to_expire,0.0144
Is it possible to get a card if I'm not in the UK?,country_support,country_support,True,0.9825,country_support,0.9825,getting_spare_card,0.0019,order_physical_card,0.0015
Is my country supported,country_support,country_support,True,0.4978,country_support,0.4978,fiat_currency_support,0.1418,supported_cards_and_currencies,0.0337
From what countries can I use this product?,country_support,country_support,True,0.8844,country_support,0.8844,request_refund,0.0105,atm_support,0.0101
Where can I find your locations?,country_support,atm_support,False,0.3339,atm_support,0.3339,country_support,0.1611,verify_source_of_funds,0.0703
Can I get a card even if I live outside the UK?,country_support,country_support,True,0.9912,country_support,0.9912,order_physical_card,0.0011,card_delivery_estimate,0.0006
"I am from the EU, can I sign up?",country_support,country_support,True,0.3632,country_support,0.3632,supported_cards_and_currencies,0.0532,receiving_money,0.0268
"I would like to receive and use the card in Europe, is that possible?",country_support,country_support,True,0.5174,country_support,0.5174,getting_spare_card,0.0596,order_physical_card,0.0497
What countries do you support?,country_support,country_support,True,0.9945,country_support,0.9945,fiat_currency_support,0.0016,supported_cards_and_currencies,0.0016
What countries are you currently in?,country_support,country_support,True,0.9756,country_support,0.9756,fiat_currency_support,0.0062,exchange_rate,0.0017
What locations are you in?,country_support,country_support,True,0.5828,country_support,0.5828,atm_support,0.0697,lost_or_stolen_card,0.0263
Can you tell me what countries you operate in?,country_support,country_support,True,0.9798,country_support,0.9798,exchange_rate,0.0022,fiat_currency_support,0.0014
"I need a card, but I'm in the US at the moment.",country_support,country_support,True,0.5224,country_support,0.5224,card_linking,0.0338,declined_cash_withdrawal,0.0324
What countries will my card be supported in?,country_support,country_support,True,0.9688,country_support,0.9688,supported_cards_and_currencies,0.0053,card_arrival,0.003
Do you have a list of countries you operate in?,country_support,country_support,True,0.9799,country_support,0.9799,fiat_currency_support,0.0021,age_limit,0.0015
In what countries do you do business?,country_support,country_support,True,0.9825,country_support,0.9825,exchange_rate,0.0027,card_acceptance,0.0009
I don't live in the UK.  Can I still get a card?,country_support,country_support,True,0.9772,country_support,0.9772,order_physical_card,0.008,card_arrival,0.0026
Where do you support?,country_support,country_support,True,0.5726,country_support,0.5726,fiat_currency_support,0.1487,supported_cards_and_currencies,0.0894
Am I able to get a card in EU?,country_support,country_support,True,0.8641,country_support,0.8641,order_physical_card,0.0259,visa_or_mastercard,0.0073
What countries do you currently do business in?,country_support,country_support,True,0.9421,country_support,0.9421,fiat_currency_support,0.0067,exchange_rate,0.0043
"I'm not in the UK, can I get a card?",country_support,country_support,True,0.9753,country_support,0.9753,order_physical_card,0.0074,card_linking,0.0011
"If i'm not in the UK, can I still get a card?",country_support,country_support,True,0.9522,country_support,0.9522,order_physical_card,0.0071,card_arrival,0.0063
How many countries do you support?,country_support,country_support,True,0.978,country_support,0.978,fiat_currency_support,0.0077,supported_cards_and_currencies,0.0024
What countries do you do business in?,country_support,country_support,True,0.9815,country_support,0.9815,exchange_rate,0.0024,card_acceptance,0.0009
What are the countries you operate in.,country_support,country_support,True,0.9835,country_support,0.9835,exchange_rate,0.0025,fiat_currency_support,0.0009
Can the card be mailed and used in Europe?,country_support,country_support,True,0.7744,country_support,0.7744,transfer_timing,0.0275,fiat_currency_support,0.0222
